1.8404369354248047
1.0572036504745483
0.38946330547332764
0.40842434763908386
0.48063069581985474
0.40889543294906616
0.42859286069869995
0.5209295749664307
0.19391173124313354
0.39911043643951416
0.2910521626472473
0.3090870976448059
0.2847979962825775
0.20846331119537354
0.27413249015808105
0.18642887473106384
0.4311455488204956
0.1908263862133026
0.16408832371234894
0.08205409348011017
0.37131839990615845
0.12945199012756348
0.0948461964726448
1.7053418159484863
0.44661274552345276
0.3276606500148773
0.06567228585481644
0.36443832516670227
0.20039433240890503
0.11812840402126312
0.1479903608560562
0.38270097970962524
0.21416452527046204
0.17151294648647308
0.8967671394348145
0.25375112891197205
0.24708309769630432
0.17063340544700623
0.16050845384597778
2.328361988067627
0.22009198367595673
0.2539713382720947
0.2657596468925476
0.1573304533958435
0.0321943461894989
0.05963597446680069
3.0706613063812256
0.2984112501144409
0.6198471784591675
0.32212111353874207
0.07917526364326477
0.06820129603147507
0.1291719377040863
3.6414990425109863
0.4785642623901367
0.41712307929992676
0.29789748787879944
0.14335906505584717
0.06482952833175659
0.031659044325351715
0.11690520495176315
1.287168264389038
0.1902068853378296
0.3066202700138092
0.10353662073612213
1.395858645439148
0.7617226839065552
0.4632340967655182
0.3157561719417572
0.03036416321992874
0.8133483529090881
0.2515731155872345
0.18266932666301727
0.38144150376319885
0.3653014302253723
0.5146299600601196
0.3264343738555908
0.20475858449935913
0.21555405855178833
0.3101560175418854
0.34957537055015564
0.12987948954105377
0.2937247157096863
0.3503265380859375
0.2812274396419525
0.5020159482955933
0.8701072931289673
4.825462818145752
0.14635655283927917
0.7005611658096313
1.0242582559585571
0.5475180745124817
0.39412036538124084
0.2927370071411133
0.9622547626495361
0.30566009879112244
0.6013016104698181
1.2652133703231812
2.501595973968506
0.10182903707027435
0.6557654142379761
0.2592676281929016
0.3905014395713806
1.1489431858062744
1.459331750869751
0.2438051700592041
1.2404615879058838
0.5520919561386108
0.7703036069869995
0.5776638388633728
0.7277766466140747
0.22517776489257812
0.307945191860199
0.4358195662498474
0.33729371428489685
0.3994613289833069
0.2543972134590149
0.25236111879348755
0.3125859498977661
0.5460576415061951
0.2940395474433899
0.3967786431312561
0.2553395926952362
0.4962497353553772
1.5059056282043457
3.027179002761841
0.33407315611839294
1.0287178754806519
1.1029088497161865
0.12766259908676147
0.47458359599113464
0.29573094844818115
0.24902011454105377
0.7325558662414551
0.8069242238998413
1.5383756160736084
0.7495062351226807
0.29872047901153564
0.30143865942955017
0.4722430408000946
0.49295762181282043
0.4407629370689392
0.4260939359664917
0.5397146940231323
0.8840109705924988
1.094667911529541
1.28571617603302
0.2377726435661316
1.0104544162750244
2.897515296936035
0.8907150030136108
0.2935975193977356
0.34232673048973083
0.5616493225097656
0.44829192757606506
0.47506770491600037
0.5008418560028076
0.7778675556182861
1.0073785781860352
0.7827739119529724
0.2803933620452881
0.562972366809845
1.6551833152770996
3.07307767868042
0.2911284267902374
1.2152769565582275
0.8851836919784546
0.20824271440505981
0.41605067253112793
0.30776354670524597
0.5468738079071045
0.6076631546020508
0.7340289354324341
0.6241681575775146
0.46070367097854614
0.3272239565849304
0.41709664463996887
0.5573792457580566
1.1072747707366943
2.159770965576172
0.5642430186271667
0.4186927080154419
0.5074509382247925
0.4241247773170471
0.4412561058998108
0.6979715824127197
1.3468022346496582
1.6947942972183228
0.25919389724731445
1.5265145301818848
2.024021863937378
0.3276217579841614
0.7013856172561646
1.3562427759170532
0.7544973492622375
0.48736393451690674
0.46672022342681885
0.5919085741043091
0.6725969910621643
0.8442686796188354
1.3410261869430542
0.556098461151123
0.32925036549568176
0.399652361869812
0.4903470277786255
1.014162540435791
1.8919743299484253
1.918118953704834
0.5788791179656982
1.7883049249649048
0.8385617733001709
0.1510988473892212
1.1476775407791138
1.3464339971542358
0.12797337770462036
0.947858452796936
0.48509681224823
0.7311564087867737
1.455163598060608
2.7266340255737305
0.6345987319946289
0.8893545269966125
0.8562812209129333
0.5575125813484192
0.916881799697876
0.8853758573532104
0.5644819736480713
0.47635602951049805
0.5517529845237732
0.9052219390869141
0.7644136548042297
0.5179927945137024
0.23520433902740479
0.23690980672836304
0.424333781003952
0.542914628982544
0.5449514389038086
0.7022323608398438
0.8471984267234802
0.8723071813583374
0.9462276697158813
0.9963513612747192
1.1727066040039062
0.7072263956069946
0.8934900164604187
1.0517646074295044
1.1653213500976562
1.7069990634918213
0.5778285264968872
0.5595569014549255
0.5215769410133362
0.5951490998268127
0.8998896479606628
1.5287305116653442
1.151211142539978
0.7750599980354309
0.6158120632171631
0.4726788103580475
0.6002269983291626
0.7618498802185059
0.9853633046150208
1.0840792655944824
0.9418857097625732
0.6191309690475464
0.4054669737815857
0.5147987604141235
0.5631163120269775
0.709683358669281
0.9503602981567383
1.5343035459518433
1.0439895391464233
0.41285240650177
0.9726410508155823
0.7029210925102234
0.5053877830505371
0.7391406297683716
0.8664770722389221
0.8905951976776123
0.37771525979042053
0.5584231019020081
0.8564864993095398
0.49178677797317505
0.4288979172706604
0.5340983867645264
0.7552235126495361
0.8423972129821777
1.0811086893081665
1.1939054727554321
1.2389404773712158
0.48798424005508423
0.4143151044845581
0.7844321727752686
1.5022339820861816
2.5573229789733887
0.7223031520843506
0.41108766198158264
0.5611910820007324
0.7220368981361389
1.2242789268493652
1.4848521947860718
1.0629780292510986
0.3668806552886963
0.7349755167961121
0.4947411119937897
0.4053012728691101
0.38733288645744324
0.5794639587402344
0.925410270690918
0.8361639380455017
0.9522840976715088
0.7547489404678345
0.5142531394958496
0.43727216124534607
0.7740627527236938
0.996282696723938
1.5845746994018555
0.6616365909576416
0.26166200637817383
0.26914310455322266
0.3925519585609436
0.8404134511947632
0.80079185962677
0.9964942336082458
0.9619252681732178
0.4827393591403961
0.43387481570243835
0.5099502801895142
0.4073910713195801
0.35626110434532166
0.6394989490509033
0.7325832843780518
0.8204551339149475
0.6867682337760925
0.5487130284309387
0.592381477355957
0.5953101515769958
0.9572751522064209
1.3547661304473877
1.319767951965332
0.7097848057746887
0.5496244430541992
0.48478782176971436
0.8625369071960449
1.1043131351470947
0.7858651876449585
0.3091506361961365
0.6353341341018677
0.45580846071243286
0.3882932960987091
0.5253728032112122
0.5638354420661926
0.6182655096054077
0.42536991834640503
0.4221515655517578
0.37324756383895874
0.5328558087348938
0.8372528553009033
1.0514013767242432
0.7605615854263306
0.3500383496284485
0.8184135556221008
0.7618294954299927
1.4515210390090942
2.358002185821533
0.25794950127601624
1.0771108865737915
1.210640788078308
0.5547494888305664
0.36350053548812866
0.3418118953704834
0.5525559782981873
0.6514637470245361
0.9067080616950989
0.5175430774688721
0.31518375873565674
0.9785780906677246
1.1107327938079834
1.1244595050811768
0.642954409122467
0.2075730860233307
0.6917740106582642
0.3719444274902344
0.5957208871841431
0.6462621688842773
0.7285562753677368
0.6575541496276855
0.574059009552002
0.557042121887207
0.5504904389381409
0.4837805926799774
0.47362226247787476
0.3704933524131775
0.4217976927757263
0.536519467830658
0.3613419234752655
0.38344404101371765
0.4964655637741089
0.4968339204788208
0.6374260783195496
0.5284315347671509
0.27163106203079224
0.35028940439224243
0.2789778411388397
0.34967875480651855
0.4654354751110077
0.3834603428840637
0.3283858597278595
0.39498788118362427
0.49357354640960693
0.8188443779945374
0.7051702737808228
0.4869336485862732
0.5664529800415039
0.6817582845687866
0.6495766639709473
0.25066256523132324
0.3739258050918579
0.8075659871101379
0.7158308625221252
1.7060575485229492
2.1939823627471924
1.91267728805542
0.68548583984375
1.4242671728134155
1.7827221155166626
1.7760405540466309
0.6895371079444885
0.6128724217414856
0.7573605179786682
0.5974778532981873
0.34271299839019775
0.4738040566444397
0.784957230091095
0.6931273341178894
0.8260610103607178
1.0136092901229858
0.8086302876472473
0.6482837200164795
0.2859393358230591
0.47088977694511414
0.42643702030181885
0.6512222290039062
0.5299556255340576
0.6453182697296143
0.7267206907272339
0.6659829616546631
0.5267682075500488
0.46318668127059937
0.3958297073841095
0.42802172899246216
0.4612448811531067
0.48948490619659424
0.5384297370910645
0.35800421237945557
0.4092777371406555
0.5880919098854065
0.4280754327774048
0.430828720331192
0.47477221488952637
0.4692387878894806
0.4101092219352722
0.3944671154022217
0.5811862349510193
1.1791094541549683
0.984288215637207
0.5415536761283875
0.26103976368904114
0.6858400106430054
0.6328211426734924
0.7242150902748108
0.6341521143913269
0.6949074268341064
0.9142571091651917
0.9322677254676819
0.6462504863739014
0.2953738868236542
0.8299082517623901
1.4636858701705933
0.8620122075080872
0.7970528602600098
1.3053542375564575
0.8204188942909241
1.1985394954681396
1.4442747831344604
0.4927244186401367
0.7250528335571289
0.9134676456451416
0.5546330809593201
0.4232560098171234
0.398820698261261
0.5587892532348633
0.6124968528747559
0.40621140599250793
0.5815936326980591
0.5628710985183716
0.3049889802932739
0.4030408561229706
0.41009366512298584
0.34957343339920044
0.4293079078197479
0.3641049265861511
0.8811448812484741
1.4812594652175903
1.0389204025268555
0.2321835607290268
0.7040488719940186
0.2758449912071228
0.495098352432251
0.4867258369922638
0.3385552763938904
0.6271861791610718
0.6242668628692627
0.38278189301490784
0.4852193593978882
0.610898494720459
0.5407542586326599
0.5874297618865967
0.721248984336853
0.6014357209205627
0.34973788261413574
0.38336023688316345
0.5507391691207886
0.661129355430603
0.6904217004776001
0.5739996433258057
0.3756065368652344
0.2693835198879242
0.38917121291160583
0.3288840651512146
0.4060855507850647
0.5358818769454956
0.6617944836616516
0.9243501424789429
1.4291083812713623
0.546747088432312
0.26823699474334717
0.36217445135116577
0.6644709706306458
0.8172481060028076
1.3464058637619019
0.8558436036109924
0.7417905330657959
1.9695557355880737
3.4301717281341553
0.6111706495285034
1.2086375951766968
1.4996364116668701
0.9997696280479431
0.8478772044181824
0.33077046275138855
0.3596019446849823
0.6275568008422852
0.7276203632354736
0.7362678647041321
0.9060035347938538
0.8501973748207092
0.5328855514526367
0.4187210500240326
0.5330538749694824
0.551468014717102
0.628359317779541
0.9003636837005615
1.0277844667434692
0.6010594964027405
0.2668396830558777
0.3885746896266937
0.5392188429832458
0.5827977061271667
0.6791235208511353
0.6455802321434021
0.6106122136116028
0.7390350699424744
0.7382639050483704
0.5930230617523193
0.48697948455810547
0.4741932153701782
0.543388843536377
0.6968994736671448
0.8434709310531616
0.8178647756576538
0.3128666877746582
0.4260151982307434
0.26669400930404663
0.44843554496765137
0.6647225618362427
0.6666455864906311
0.47028595209121704
0.4242684841156006
0.40333834290504456
0.398230642080307
0.7277843356132507
0.6927130222320557
1.154189109802246
1.4204643964767456
0.5229356288909912
1.166494607925415
1.167826771736145
0.18857093155384064
0.32351207733154297
0.41026318073272705
0.3767198920249939
0.291692852973938
0.40825289487838745
0.4797458052635193
0.5264923572540283
0.42806166410446167
0.5237500667572021
0.5861084461212158
0.5232675671577454
0.3977433443069458
0.3908275365829468
0.5887371301651001
0.48668646812438965
0.6275638341903687
0.5601720809936523
0.6170819401741028
0.7280242443084717
1.172011375427246
0.6304717659950256
0.2959795594215393
0.3540034294128418
0.5265592336654663
0.43679898977279663
0.5472915768623352
0.7935224771499634
0.9487650990486145
0.5434851050376892
0.3397024869918823
0.62953120470047
0.6548944711685181
0.6815052032470703
0.45332100987434387
0.527126133441925
0.40282195806503296
0.297659307718277
0.29703187942504883
0.48296284675598145
0.4014432728290558
0.5778701305389404
0.4594040513038635
0.7187676429748535
0.84035325050354
1.0446702241897583
0.43875885009765625
0.30547797679901123
0.47201311588287354
0.8094321489334106
1.1173077821731567
1.003219723701477
1.1285769939422607
0.5577210187911987
0.43055516481399536
0.4047105014324188
0.6033517122268677
0.8153018951416016
1.6900029182434082
1.0560237169265747
0.37477782368659973
0.7383110523223877
1.6445459127426147
1.0453906059265137
0.3086286187171936
0.537177562713623
0.44264596700668335
0.48627597093582153
0.4631965160369873
0.39635297656059265
0.4077304005622864
0.3556487560272217
0.48611679673194885
0.5448706746101379
0.5876691341400146
0.7870916724205017
1.2005709409713745
1.1015218496322632
1.6149917840957642
1.5484050512313843
1.2167047262191772
0.2514605224132538
0.9010266661643982
1.1016370058059692
0.47751384973526
0.6896008253097534
0.5177661180496216
0.7219541072845459
0.6061141490936279
0.6530958414077759
0.6885587573051453
0.4100983738899231
0.46478015184402466
0.4464187026023865
0.3971046805381775
0.5482475161552429
0.5052481889724731
0.4501006305217743
0.45933622121810913
0.31729739904403687
0.23701786994934082
0.2546842694282532
0.27152585983276367
0.28282594680786133
0.31655916571617126
0.41420185565948486
0.3001151382923126
0.2856239974498749
0.34466761350631714
0.33975574374198914
0.2814773619174957
0.4233751595020294
0.38371390104293823
0.6794307231903076
0.3431243896484375
0.27034372091293335
0.1710999459028244
0.25253987312316895
0.24084128439426422
0.39689692854881287
0.41671404242515564
0.5509746074676514
0.5073814392089844
0.6128665208816528
0.5700575113296509
0.9871983528137207
1.158095121383667
0.39977937936782837
0.26888588070869446
0.5398659110069275
0.48507559299468994
0.37948694825172424
0.6609742641448975
0.5253822207450867
0.45844805240631104
0.5404368042945862
0.37175899744033813
0.5302660465240479
0.5587175488471985
0.6113988757133484
0.6288609504699707
0.8361220359802246
0.9239322543144226
0.5818794369697571
0.5867958068847656
0.5265339016914368
0.5651305317878723
0.4648284614086151
0.5169904232025146
0.6135255694389343
0.6871253252029419
0.6591302156448364
0.5002478361129761
0.3314759135246277
0.3456626534461975
0.24809493124485016
0.34022215008735657
0.5326902866363525
0.5332456827163696
0.5430790185928345
0.6535131931304932
1.1722571849822998
3.286510467529297
0.5870063900947571
0.36234837770462036
0.5118204355239868
0.7319915890693665
2.4410243034362793
3.5618598461151123
2.3955752849578857
0.4916362762451172
0.5333672761917114
0.39861541986465454
0.3024744987487793
0.437583863735199
0.547303318977356
1.0220674276351929
1.0148024559020996
0.7649953365325928
0.33634692430496216
0.27102571725845337
0.26473861932754517
0.3433194160461426
0.3814876675605774
0.5216552019119263
0.5752942562103271
0.531033992767334
0.48608875274658203
0.3267030119895935
0.3325635492801666
0.5058189630508423
0.7302943468093872
1.2227654457092285
1.0434956550598145
0.1622452437877655
0.5487107038497925
0.30479955673217773
0.26146993041038513
0.511368989944458
0.7168707251548767
0.43693649768829346
0.3859446346759796
0.436033695936203
0.36966854333877563
0.3489012122154236
0.253850519657135
0.3114648163318634
0.40180182456970215
0.3883828818798065
0.4322134852409363
0.3917378783226013
0.35501980781555176
0.41566431522369385
0.6308978796005249
1.0305695533752441
1.494868516921997
0.5206449031829834
0.26699742674827576
0.29111266136169434
0.29285335540771484
0.3522312045097351
0.6291109323501587
1.268905520439148
2.323559522628784
3.2269809246063232
0.42825984954833984
0.6987404823303223
1.0525057315826416
1.0314828157424927
0.9443482160568237
0.7575575113296509
0.5726450085639954
0.7103996276855469
0.58775794506073
0.585713803768158
0.5836278200149536
0.4351722002029419
0.3518716096878052
0.41281062364578247
0.3444105088710785
0.25257545709609985
0.26619139313697815
0.5036659836769104
0.5659662485122681
0.4089474678039551
0.31253573298454285
0.4650512635707855
0.4591275453567505
0.5996731519699097
0.8272075653076172
0.6272068023681641
0.20876970887184143
0.5789754986763
0.3352101147174835
0.47690922021865845
0.770184338092804
0.38833680748939514
0.4138363301753998
0.6173723340034485
0.6425561308860779
1.0368491411209106
0.5163429975509644
0.72491455078125
0.34600478410720825
0.45546767115592957
0.35602670907974243
0.45793163776397705
0.4831526279449463
0.3373444378376007
0.3152960240840912
0.37358102202415466
0.41459521651268005
0.4432281255722046
0.5594996213912964
0.8339496850967407
0.477509081363678
0.19266240298748016
0.24872583150863647
0.3466564118862152
0.38848066329956055
0.5991255044937134
1.0065773725509644
1.7114518880844116
1.0235373973846436
1.0442880392074585
0.5330125689506531
0.42247095704078674
0.7671102285385132
1.0601961612701416
1.4980376958847046
1.523592233657837
0.27889353036880493
0.9156503677368164
1.3601611852645874
0.6795881986618042
0.692875862121582
0.28267702460289
0.37792912125587463
0.35550904273986816
0.5778188705444336
1.0342198610305786
1.8504446744918823
2.486048698425293
0.5647354125976562
1.1213476657867432
0.9129207730293274
0.21721220016479492
0.6325014233589172
0.5712401866912842
0.675460159778595
1.0153169631958008
1.1104621887207031
0.38907888531684875
0.6453120112419128
0.3498513698577881
0.6347530484199524
1.3056762218475342
0.8865711092948914
0.4110015332698822
0.3515852987766266
0.43379491567611694
0.37974345684051514
0.5038692355155945
0.5594797134399414
0.5026642084121704
0.5456646680831909
0.7544787526130676
0.6765627861022949
0.6772769093513489
0.43462899327278137
0.31401920318603516
0.5577710270881653
0.18536318838596344
0.3401550352573395
0.5524618625640869
0.35953283309936523
0.5164394378662109
0.3543938398361206
0.42286962270736694
0.3321194648742676
0.4750032424926758
0.5585785508155823
0.34589502215385437
0.36781901121139526
0.4478292167186737
0.47024598717689514
0.375774621963501
0.46118995547294617
0.4903821647167206
0.5731097459793091
0.3566271662712097
0.31336018443107605
0.3470175564289093
0.42198705673217773
0.36534547805786133
0.4461446702480316
0.23226122558116913
0.3471291661262512
0.46226513385772705
0.31955260038375854
0.2625714838504791
0.3084883987903595
0.37169885635375977
0.4024631977081299
0.39036059379577637
0.31252148747444153
0.20887751877307892
0.2398642897605896
0.2678252160549164
0.2674041986465454
0.38509950041770935
0.3660986125469208
0.8847340941429138
1.5201362371444702
1.3418173789978027
0.3828040361404419
0.4875209331512451
0.4153679311275482
0.9478148221969604
1.225197434425354
1.3410468101501465
0.7891055345535278
0.2857052981853485
0.6549863219261169
0.5725951790809631
1.0227378606796265
0.6116604804992676
0.4234600067138672
0.5216482877731323
0.413766086101532
0.6415418386459351
0.915513813495636
1.057845950126648
0.5619481205940247
0.1965438574552536
0.47154951095581055
0.7422851920127869
0.41561251878738403
0.6052260398864746
0.98711097240448
1.3580657243728638
0.33868086338043213
0.39408186078071594
0.2583153247833252
0.4871917963027954
0.7144014239311218
0.2724502682685852
0.38337263464927673
0.5553070306777954
0.3916134834289551
0.5619396567344666
0.8274042010307312
0.8116743564605713
0.3838157653808594
0.2393909990787506
0.351974219083786
0.46100786328315735
0.3777810037136078
0.7133005261421204
1.2637953758239746
1.1516627073287964
0.24927666783332825
0.5479198694229126
0.48180481791496277
0.4481544494628906
0.5479346513748169
0.5617196559906006
0.4139007329940796
0.45365971326828003
0.2940851151943207
0.4473520815372467
0.4942823052406311
0.4184003472328186
0.2677837908267975
0.23292176425457
0.8586411476135254
1.1687145233154297
0.2691112756729126
0.39255091547966003
0.27235835790634155
0.46683889627456665
0.27986830472946167
0.3490016758441925
0.48582834005355835
0.3128858804702759
0.3391442894935608
0.6358150839805603
0.6839951276779175
0.9192569851875305
1.7348638772964478
0.9423151612281799
0.4893159866333008
0.5480921268463135
1.0045053958892822
1.4157745838165283
1.3870514631271362
0.9131292700767517
0.39658087491989136
0.7125588059425354
0.6005186438560486
0.6605250835418701
0.5841415524482727
0.5595577359199524
0.33443155884742737
0.47728413343429565
0.5888352990150452
0.6153683066368103
0.5012189149856567
0.4023367762565613
0.3281720280647278
0.3973384499549866
0.3876316547393799
0.4890923500061035
0.3899497389793396
0.41158363223075867
0.5799139738082886
0.3521991968154907
0.3282008171081543
0.4259266257286072
0.46870243549346924
0.4957234263420105
0.6174368858337402
0.4368220567703247
0.5050079822540283
0.2939208149909973
0.3689337968826294
0.35843712091445923
0.34411630034446716
0.3598824441432953
0.49319180846214294
0.9581791162490845
1.726881980895996
1.6211987733840942
1.254035472869873
0.19613634049892426
0.6884437799453735
0.32686880230903625
0.5289196968078613
0.9751496315002441
1.2738081216812134
0.7254103422164917
0.6876788139343262
0.7645469307899475
0.7327268123626709
0.6214953064918518
0.5607577562332153
0.4411698877811432
0.5241761803627014
0.44786369800567627
0.3736909031867981
0.3767992854118347
0.4838561415672302
0.7396178245544434
1.1806098222732544
1.3072699308395386
0.6894659399986267
0.40652549266815186
1.0166062116622925
1.3832416534423828
1.3157548904418945
0.7075102925300598
0.5957264304161072
0.3406807780265808
0.6066137552261353
0.8243019580841064
1.0049396753311157
1.1847773790359497
1.1176676750183105
0.41489335894584656
0.30401819944381714
0.2937268018722534
0.5858553647994995
0.7651056051254272
0.5295714139938354
0.3277077078819275
0.2943435311317444
0.3634260594844818
0.43415775895118713
0.740114688873291
0.7243694067001343
0.5614362359046936
0.49733978509902954
0.3894992768764496
0.3060778081417084
0.4383545219898224
0.5991255044937134
1.1333458423614502
0.7430078983306885
0.28938716650009155
0.7126171588897705
1.3305634260177612
0.8649422526359558
1.0560309886932373
2.260551929473877
0.786167323589325
0.28546807169914246
0.5376496315002441
0.345394492149353
0.6905227899551392
0.9509022831916809
0.3329325020313263
0.3436693549156189
0.6619755625724792
0.7755672335624695
0.8689809441566467
0.509467601776123
0.47283467650413513
0.5151720643043518
0.5923537611961365
0.6250842213630676
0.6947315335273743
0.7441656589508057
0.5802778005599976
0.6903970241546631
0.697465181350708
0.5102585554122925
0.8901094794273376
0.5042440295219421
0.5764179229736328
0.695391058921814
1.0001590251922607
0.8750836253166199
0.24359945952892303
0.2805247902870178
0.35012876987457275
0.27228212356567383
0.31901153922080994
0.31665554642677307
0.4838138818740845
0.564917802810669
0.3236634135246277
0.609218955039978
0.7637962102890015
1.4756983518600464
1.5825295448303223
0.8877163529396057
0.39179208874702454
0.4063524603843689
0.4439409375190735
0.4805618226528168
0.40416592359542847
0.5353744626045227
0.29530686140060425
0.49101078510284424
0.48368605971336365
0.6173892021179199
0.801011860370636
1.3417060375213623
1.693543553352356
1.1824113130569458
0.5458699464797974
0.3862186670303345
0.46418458223342896
0.5696974992752075
1.0888391733169556
0.9131903648376465
0.41131502389907837
0.49976927042007446
0.6062334775924683
1.2384575605392456
1.3509317636489868
0.5214614272117615
0.3248938322067261
0.4399851858615875
0.3801456093788147
0.5750701427459717
0.7609579563140869
1.0050606727600098
0.8434146642684937
0.4764380156993866
0.3939068913459778
0.5638177394866943
0.7398378252983093
0.7663547992706299
0.6200695037841797
0.32329243421554565
0.5504729747772217
0.6948994398117065
0.5487593412399292
0.36230599880218506
0.4446101784706116
0.49053633213043213
0.5473660826683044
0.7909824848175049
0.7161064147949219
0.5713479518890381
0.3317103385925293
0.585834264755249
0.8142743706703186
0.6394385099411011
0.5716572403907776
0.5044408440589905
0.7472536563873291
0.9213780164718628
0.8184571266174316
0.6067517995834351
0.39918726682662964
0.2754049301147461
0.47833389043807983
0.5701368451118469
0.5428285598754883
0.3500521779060364
0.6825007200241089
1.3545429706573486
1.6976234912872314
0.9549391269683838
1.154435157775879
0.9543677568435669
0.8226398229598999
0.8445306420326233
0.5756440162658691
0.4373614490032196
0.42744696140289307
0.728280782699585
0.5557254552841187
0.6026650667190552
0.5136489868164062
0.7901521921157837
0.8801475763320923
1.0009058713912964
0.36888888478279114
0.8825100660324097
0.86632239818573
0.6110450029373169
0.5448105335235596
0.5409018993377686
0.4509655833244324
0.40492281317710876
0.7111364603042603
0.6875371932983398
0.7138532400131226
0.7184536457061768
0.7108015418052673
0.32173407077789307
0.17729905247688293
0.2381300926208496
0.3625444769859314
0.3015783429145813
0.4105844497680664
1.105452060699463
2.149815797805786
2.328049421310425
0.37406906485557556
0.6856001615524292
0.49593374133110046
0.5331248641014099
0.5098453760147095
0.4358983635902405
0.8125835657119751
0.890645444393158
1.1065404415130615
0.4770062565803528
0.2739121615886688
0.5392265915870667
0.5568650960922241
0.6945282816886902
0.5776853561401367
0.4770100712776184
0.6754015684127808
0.8553885221481323
1.0363177061080933
1.4471144676208496
1.389951467514038
1.925288200378418
2.122791290283203
0.6824992895126343
0.38932517170906067
0.4346000552177429
0.6980541348457336
0.7448206543922424
0.8575009107589722
0.6262705326080322
0.6829164028167725
0.7977299690246582
0.41315457224845886
0.5398207306861877
0.6124584674835205
0.5391948819160461
0.5063129663467407
0.5249104499816895
0.5509164333343506
0.4028322696685791
0.5888192057609558
0.7338075637817383
0.8316813111305237
0.8565887212753296
0.45128127932548523
0.3886597752571106
0.4429650902748108
0.4127174913883209
1.0101807117462158
1.0199882984161377
0.6038177609443665
0.38130685687065125
0.5610003471374512
0.4669588506221771
0.37615516781806946
0.42455026507377625
0.49896830320358276
0.40048980712890625
0.6014680862426758
0.52266526222229
0.48630020022392273
0.5532633662223816
0.7352713346481323
0.4985155463218689
0.3853336572647095
0.8473223447799683
1.0777548551559448
0.698775053024292
0.291172057390213
0.3963237404823303
0.4821142256259918
0.543820858001709
0.5424497723579407
0.5891407132148743
0.5064362287521362
0.33441492915153503
0.48840874433517456
0.34461748600006104
0.4634576439857483
0.5196307897567749
0.5111585855484009
0.3070718050003052
0.5251853466033936
0.5378403663635254
0.6120772361755371
0.575563907623291
0.5217932462692261
0.6197683215141296
0.44459033012390137
0.4815179109573364
0.4769907593727112
0.9260908961296082
0.9878608584403992
0.8405265808105469
0.634221076965332
0.5374422073364258
0.4892079830169678
0.6623897552490234
0.8041975498199463
0.5535944700241089
0.7557828426361084
1.1589335203170776
1.6047520637512207
1.3168693780899048
1.3604493141174316
1.2175118923187256
0.8163480162620544
0.5566806793212891
0.5448043346405029
0.7318931818008423
0.8180558681488037
0.7801318168640137
0.8083325624465942
0.6897698044776917
0.4702799320220947
0.4166002869606018
0.4599665403366089
0.7174156904220581
1.0241210460662842
1.229500412940979
1.0716739892959595
0.7936486601829529
0.6379969120025635
0.4964172840118408
0.46168795228004456
0.41054773330688477
0.6335803270339966
0.8124116063117981
0.5270323753356934
0.4739806056022644
0.5095184445381165
0.4801073968410492
0.6052613258361816
0.4449794888496399
0.4315639138221741
0.601722776889801
0.5399932861328125
0.5383159518241882
0.5359779596328735
0.43153977394104004
0.42840349674224854
0.5288296937942505
0.615587055683136
0.5866547226905823
0.4030948281288147
0.5217031240463257
0.6956503391265869
0.7451840043067932
0.5248058438301086
0.4064071476459503
0.377551794052124
0.4190908372402191
0.5707182884216309
0.696423351764679
0.6006901860237122
0.5215129852294922
0.5573223829269409
0.4312134385108948
0.4984086751937866
0.7221519947052002
0.6285600662231445
0.5412306189537048
0.4080348312854767
0.5187352299690247
0.4951111972332001
0.4625345766544342
0.4541059732437134
0.4879598021507263
0.44484758377075195
0.7201385498046875
1.0149515867233276
1.2702720165252686
0.9091575741767883
0.4319609999656677
0.3540547788143158
0.4156590700149536
0.39617958664894104
0.46320539712905884
0.5610100626945496
0.6901789307594299
0.9012384414672852
0.6694536805152893
0.8366835117340088
1.018839716911316
0.6017974019050598
0.35385146737098694
0.5617231130599976
0.6485031247138977
0.5548725724220276
0.598568320274353
0.5652816295623779
0.5850695967674255
0.4764983057975769
0.5181365609169006
0.5102398991584778
0.591663658618927
0.8649582862854004
0.7206470370292664
0.6622605323791504
0.646906316280365
0.5920905470848083
0.321006178855896
0.6340267658233643
0.6596176028251648
0.8309658169746399
0.8115060329437256
2.207709550857544
2.034662961959839
0.43761998414993286
1.1294876337051392
0.6205775141716003
0.2697243392467499
0.683195948600769
0.49268263578414917
0.530487596988678
0.49229735136032104
0.47671470046043396
0.5433547496795654
0.947912335395813
1.4401600360870361
1.0239946842193604
0.49504369497299194
0.52272629737854
0.4447897672653198
0.4901042878627777
0.40230464935302734
0.40451404452323914
0.545698344707489
0.4145933985710144
0.5104531645774841
0.49175792932510376
0.6096254587173462
0.5565270781517029
0.3401104807853699
0.5109021663665771
0.5417922735214233
0.46554142236709595
0.5840859413146973
0.3598259687423706
0.4490302503108978
0.48466530442237854
0.6892164349555969
0.6919676661491394
0.5268038511276245
0.4387889504432678
0.36335593461990356
0.4566130042076111
0.4574028253555298
0.39679408073425293
0.4617865979671478
0.6443456411361694
0.6253212690353394
0.3826483190059662
0.36626750230789185
0.4425422251224518
0.3742518424987793
0.5622938871383667
0.47535958886146545
0.480058491230011
0.49744635820388794
0.5119526982307434
0.7329138517379761
0.584733784198761
0.2592746615409851
0.37284055352211
0.41079384088516235
0.3924143314361572
0.38314276933670044
0.5213906168937683
0.5158399343490601
0.4918001890182495
0.502822756767273
0.5079413056373596
0.5409915447235107
0.3371278643608093
0.270830363035202
0.30533769726753235
0.27628451585769653
0.3886374235153198
0.5636036992073059
0.45729994773864746
0.4695568084716797
0.3746833801269531
0.40218234062194824
0.35885342955589294
0.42707130312919617
0.4811887741088867
0.47542130947113037
0.47090837359428406
0.6863038539886475
1.0456275939941406
3.3998706340789795
2.327667713165283
0.6038621068000793
0.27108222246170044
0.5172531604766846
0.6978306174278259
1.2608332633972168
1.5677311420440674
2.0630784034729004
1.4399614334106445
0.22267192602157593
0.8048095703125
0.6907340288162231
0.6270200610160828
0.4863106608390808
0.4759555459022522
0.5092843770980835
0.5104442834854126
0.5160099267959595
0.46426281332969666
0.6490287184715271
0.5243875980377197
0.5861251354217529
0.4189297556877136
0.4281352758407593
0.46164512634277344
0.37421298027038574
0.3794878125190735
0.4126855731010437
0.41005969047546387
0.42634493112564087
0.46821141242980957
0.38118404150009155
0.4265245199203491
0.4197145104408264
0.4167684316635132
0.3985942006111145
0.4128565192222595
0.35442763566970825
0.4914191663265228
0.4907662570476532
0.40311264991760254
0.5063952803611755
0.47800523042678833
0.5314145088195801
0.4171965420246124
0.5197306275367737
0.7468536496162415
0.6535219550132751
0.4751925468444824
0.2431238442659378
0.2951701283454895
0.3580297529697418
0.3811800479888916
0.4010885953903198
0.7853440046310425
0.32171547412872314
0.35348567366600037
0.48134279251098633
0.5593109130859375
0.4254727065563202
0.4308064579963684
0.37149232625961304
0.4297686815261841
0.4468986988067627
0.47963473200798035
0.47140640020370483
0.4012790322303772
0.6079360246658325
0.8220506906509399
0.9832703471183777
0.8822296261787415
0.9386501908302307
1.8000495433807373
2.3355579376220703
1.5368205308914185
1.0703531503677368
0.6252076625823975
0.6334633231163025
0.5633875131607056
0.41050833463668823
0.5045881867408752
0.5500132441520691
0.3778330981731415
0.4340086579322815
0.41086775064468384
0.323336660861969
0.42178216576576233
0.3895217478275299
0.4497212767601013
0.5362212061882019
0.7189019322395325
0.6115021109580994
0.4460715353488922
0.5241251587867737
0.36055442690849304
0.31828421354293823
0.37301376461982727
0.43138769268989563
0.5478789806365967
0.41094884276390076
0.66124427318573
0.6068812608718872
0.7057434320449829
1.053528904914856
1.2166744470596313
1.038535237312317
0.5626049637794495
0.37257805466651917
0.926092267036438
1.021172285079956
1.1443147659301758
1.005502462387085
1.023533582687378
0.7714678049087524
0.40728896856307983
0.49553707242012024
0.6612197160720825
1.1220605373382568
1.6975232362747192
1.208167552947998
0.62906813621521
0.8028803467750549
0.9335172772407532
0.802410900592804
0.8017891645431519
0.7879887223243713
0.5403375029563904
0.5262572765350342
0.57600337266922
0.4565120041370392
0.45782944560050964
0.60227370262146
0.5442692041397095
0.49044692516326904
0.6310181021690369
0.4748183786869049
0.36150628328323364
0.3750363886356354
0.4342229664325714
0.43929609656333923
0.43708544969558716
0.4906919598579407
0.4657473862171173
0.4258234202861786
0.42323189973831177
0.36060547828674316
0.3496037423610687
0.3928983807563782
0.3379601836204529
0.3787567913532257
0.36802175641059875
0.47247591614723206
0.3840448558330536
0.3902273178100586
0.33795595169067383
0.3308178782463074
0.4166852533817291
0.44633758068084717
0.29877030849456787
0.3307979702949524
0.5190540552139282
0.41788870096206665
0.40690794587135315
0.39062806963920593
0.3918624520301819
0.35680103302001953
0.458440363407135
0.3155286908149719
0.43588733673095703
0.6671994924545288
0.6307737231254578
1.0040582418441772
0.7818728685379028
0.7884511351585388
0.3770540952682495
0.5665171146392822
1.3543204069137573
0.9118281006813049
0.9344605803489685
0.9775744676589966
1.8002910614013672
2.1667606830596924
0.5150272846221924
0.63343745470047
0.9419211149215698
0.6804359555244446
0.5259401798248291
0.9142664670944214
1.262518048286438
2.0577993392944336
2.385683059692383
0.938759982585907
0.44183748960494995
1.1103614568710327
0.6550912857055664
0.8618558049201965
0.9684690237045288
1.3886477947235107
1.4710153341293335
0.6951974034309387
0.34601956605911255
0.2929948568344116
0.3992367386817932
0.44774627685546875
0.5476666688919067
0.5329370498657227
0.5853676795959473
0.5498301386833191
0.49853065609931946
0.7160583734512329
0.6172288656234741
0.5216560363769531
0.36837267875671387
0.438548743724823
0.5167557001113892
0.5956038236618042
0.5794546604156494
0.6869795918464661
0.5689882040023804
0.5076299905776978
0.6827080845832825
0.5380120277404785
0.45676982402801514
0.3648836016654968
0.4893752932548523
0.47547847032546997
0.515069842338562
0.5376125574111938
0.5933785438537598
0.5950851440429688
0.40650373697280884
0.3796396255493164
0.4344484806060791
0.6091639399528503
0.6548150777816772
0.6008787155151367
0.5751924514770508
0.571450412273407
1.1135445833206177
1.6230865716934204
1.9656493663787842
2.521515130996704
0.32875943183898926
0.4500998854637146
0.41967880725860596
0.5787214636802673
0.6151404976844788
0.5432845950126648
0.48598572611808777
0.5450703501701355
0.4010772109031677
0.4494604170322418
0.5406296849250793
0.4706416428089142
0.5159997344017029
0.41221883893013
0.3708593249320984
0.49755460023880005
0.6346741318702698
0.6496167778968811
0.4382254481315613
0.4240577816963196
0.3900051712989807
0.36386460065841675
0.4396331012248993
0.44795724749565125
0.38671523332595825
0.49667149782180786
0.4460179805755615
0.4569733738899231
0.46552735567092896
0.40075910091400146
0.5373983383178711
0.36040908098220825
0.4856865704059601
0.5065322518348694
0.6421604752540588
0.6094803810119629
0.3314616084098816
0.5342803001403809
0.39315882325172424
0.4388621151447296
0.5393508076667786
0.5584419965744019
0.5299119353294373
0.505278468132019
0.6159412264823914
0.4684888422489166
0.41152632236480713
0.3532947599887848
0.35048118233680725
0.5763088464736938
0.715232253074646
0.45469069480895996
1.381432056427002
2.5864267349243164
1.7255491018295288
1.2335257530212402
0.7169482111930847
0.6898159980773926
0.6740350127220154
0.7378263473510742
0.9185083508491516
1.2039296627044678
1.114842414855957
1.026222825050354
0.6544718742370605
0.6551203727722168
0.789473295211792
0.6735955476760864
0.9263206124305725
0.6667994260787964
1.009437084197998
0.4998459815979004
0.8026783466339111
0.8249092698097229
0.5365909337997437
0.44629451632499695
0.4733646810054779
0.49770182371139526
0.5304853916168213
0.48229342699050903
0.34976252913475037
0.49999114871025085
0.41539764404296875
0.4763423502445221
0.8162438273429871
1.1200010776519775
1.016486406326294
0.5856920480728149
0.4223346710205078
0.3328635096549988
0.5319825410842896
0.5018939971923828
0.46030208468437195
0.5027295351028442
0.4035382866859436
0.49940139055252075
0.5269516110420227
0.5860487818717957
0.7850362062454224
0.584705650806427
0.428012490272522
0.5090140104293823
0.6407245397567749
0.640286386013031
0.6652672290802002
0.5692046880722046
0.46416375041007996
0.3905546963214874
0.315202534198761
0.4153892397880554
0.4824412763118744
0.47521328926086426
0.44615501165390015
0.3621752858161926
0.3781021237373352
0.33732712268829346
0.33271053433418274
0.4279737174510956
0.43327146768569946
0.4162532687187195
0.3002689778804779
0.2804079055786133
0.2807379364967346
0.3873579204082489
0.47401657700538635
0.6284674406051636
0.5572673678398132
0.4705356955528259
0.5319939255714417
0.7823525071144104
0.9569351673126221
1.038394808769226
1.1791136264801025
0.9025848507881165
0.6134704351425171
0.4359663128852844
0.4569714665412903
0.7997969388961792
0.612799882888794
0.7107487916946411
0.7384934425354004
0.7259619235992432
0.7818524837493896
0.5985752940177917
0.5630950927734375
0.4789310395717621
0.3785380721092224
0.322011798620224
0.3408321738243103
0.4960385859012604
0.4620620310306549
0.3475482761859894
0.3409219980239868
0.30887043476104736
0.4803329110145569
0.3952008783817291
0.400106817483902
0.6244921088218689
0.5235887765884399
0.4874473810195923
0.3570950925350189
0.3226606845855713
0.40159305930137634
0.5083987712860107
0.4801117777824402
0.5966784358024597
0.7851390838623047
0.9987227320671082
1.8414573669433594
2.067289113998413
1.6653157472610474
1.452496886253357
1.2435500621795654
0.9576836824417114
0.8354480862617493
0.7506614923477173
0.8720173835754395
1.8333332538604736
1.9905877113342285
0.9478449821472168
1.3299614191055298
1.9910386800765991
1.2253438234329224
0.693905770778656
0.7405709028244019
0.7996177673339844
0.9585520625114441
1.1298612356185913
1.3765006065368652
2.0044522285461426
1.316989541053772
0.24974177777767181
0.730694055557251
0.36174631118774414
0.2960313558578491
0.5036054849624634
0.436823308467865
0.5453598499298096
0.5786542892456055
0.6087750196456909
0.6225748062133789
0.6879802942276001
0.6384482383728027
0.5443124771118164
0.6884157061576843
0.48171544075012207
0.5000417232513428
0.691187858581543
0.8670295476913452
1.0953114032745361
0.8546724915504456
0.41824525594711304
0.6923999786376953
0.6232673525810242
0.6617196798324585
0.6799737215042114
0.582172155380249
0.6430907845497131
0.5433577299118042
0.45162707567214966
0.3890693187713623
0.3519149720668793
0.45739585161209106
0.43544331192970276
0.6699709892272949
0.4661039113998413
0.5418383479118347
0.38319510221481323
0.36312001943588257
0.5011996030807495
0.46142178773880005
0.4902174472808838
0.453989177942276
0.7393910884857178
0.5028143525123596
0.5301903486251831
0.538520872592926
0.4525385797023773
0.4615153968334198
0.4431377351284027
0.5752808451652527
0.5542691946029663
0.32026755809783936
0.31979334354400635
0.3761873245239258
0.29775166511535645
0.37289905548095703
0.4343489408493042
0.37214839458465576
0.4190945625305176
0.41237545013427734
0.42436307668685913
0.3649422526359558
0.43105536699295044
0.4960198700428009
0.442789763212204
0.5186126232147217
0.5361557006835938
0.5432307124137878
0.4952494204044342
0.5453999638557434
0.760763943195343
0.9738044738769531
1.4947402477264404
2.0659279823303223
1.8654338121414185
1.3929572105407715
0.7005531191825867
0.39256495237350464
0.38284024596214294
0.5170576572418213
0.6589838266372681
0.5291228294372559
0.47077974677085876
0.6463216543197632
0.47571420669555664
0.751846194267273
0.9910299777984619
1.1845086812973022
1.2452046871185303
0.6563532948493958
1.1039080619812012
1.4707868099212646
0.729429304599762
0.4339851140975952
0.33348384499549866
0.6657111048698425
0.7027958035469055
1.0107418298721313
1.2431787252426147
0.6668843626976013
0.3902348279953003
0.5520937442779541
0.37311679124832153
0.5632732510566711
0.6506532430648804
0.597252607345581
0.4182429015636444
0.5304095149040222
0.415942907333374
0.409850537776947
0.3268449604511261
0.40454795956611633
0.31575706601142883
0.3462510406970978
0.4398336410522461
0.4322112798690796
0.37625157833099365
0.41162508726119995
0.35819709300994873
0.41937071084976196
0.4582737684249878
0.5130782127380371
0.45665180683135986
0.38253122568130493
0.4686635732650757
0.506836473941803
0.36923348903656006
0.41247835755348206
0.5340930819511414
0.4244388937950134
0.4266873300075531
0.3530450165271759
0.34094658493995667
0.5169024467468262
0.6829851865768433
0.9396272897720337
0.759105920791626
0.5874764919281006
0.3298816382884979
0.3943216800689697
0.47829747200012207
0.6111512780189514
0.7012321949005127
0.5461251139640808
0.5921515226364136
0.3854140341281891
0.4701308608055115
0.653481125831604
0.5349997282028198
0.5283191204071045
0.42005181312561035
0.48302900791168213
0.5878897905349731
0.510924220085144
0.45113658905029297
0.5613829493522644
0.3891228139400482
0.376417875289917
0.3686048686504364
0.3780725300312042
0.4021930694580078
0.36757758259773254
0.4481966495513916
0.4362345337867737
0.6612550616264343
1.229490876197815
1.5020822286605835
1.3472673892974854
0.9796106219291687
0.38461336493492126
0.4683307707309723
0.5940117835998535
0.8947141766548157
1.0344771146774292
0.8427042365074158
0.4295521378517151
0.5865832567214966
0.9015316963195801
1.0851818323135376
1.5960229635238647
0.7596386671066284
1.7260475158691406
2.86739182472229
0.5288034081459045
0.6975677609443665
1.0253269672393799
1.8704142570495605
3.456171989440918
0.8362529873847961
0.4720134735107422
0.4754675626754761
0.6373119354248047
0.4591209888458252
0.6058810949325562
0.578508734703064
0.7030500173568726
0.5912072062492371
0.6076928377151489
0.732062578201294
0.5786583423614502
0.6852749586105347
0.6882660984992981
0.7360997200012207
0.43389275670051575
0.4550047516822815
0.7661210894584656
0.9927396178245544
0.7640395760536194
0.6454437971115112
0.7094402313232422
0.46125900745391846
0.507659912109375
0.5342315435409546
0.7908346652984619
0.8179399967193604
0.68500155210495
0.6323981285095215
0.5780308246612549
0.4055904746055603
0.6100813150405884
0.37272679805755615
0.4149521589279175
0.7388499975204468
0.5587916374206543
0.6087174415588379
0.7273189425468445
0.7311498522758484
0.8428477048873901
0.5451600551605225
0.30190160870552063
0.41025757789611816
0.5489051342010498
0.6013440489768982
0.5070276856422424
0.39876872301101685
0.4541601538658142
0.4912984371185303
0.6335706114768982
0.636303186416626
0.459634393453598
0.4570498764514923
0.4622703492641449
0.4295564889907837
0.36766353249549866
0.41617393493652344
0.41207802295684814
0.5210350155830383
0.6050658226013184
0.5162084102630615
0.4546539783477783
0.5114660263061523
0.5346097946166992
0.37648892402648926
0.3644846975803375
0.3170389235019684
0.34716808795928955
0.40364909172058105
0.5495342016220093
0.5678039789199829
0.5536655783653259
0.41613274812698364
0.36217349767684937
0.4152117669582367
0.45586657524108887
0.4102228283882141
0.5010333061218262
0.47655951976776123
0.4666016697883606
0.4927483797073364
0.5260646343231201
0.4582063853740692
0.37487006187438965
0.3482922613620758
0.27744364738464355
0.48465025424957275
0.4586308002471924
0.5161566734313965
0.4201221466064453
0.40413856506347656
0.40366509556770325
0.4440840482711792
0.392326682806015
0.4358249008655548
0.6143192052841187
0.9521976709365845
2.1757752895355225
2.1237809658050537
1.8681598901748657
1.8872435092926025
1.865761399269104
1.5610648393630981
1.259512186050415
0.6118073463439941
0.6857407093048096
0.9041866064071655
0.9227917790412903
1.2807618379592896
1.0398801565170288
1.2597401142120361
0.9923207759857178
0.8832443952560425
0.5425208210945129
0.8424204587936401
0.6833862066268921
0.9862610101699829
1.1254260540008545
1.3443607091903687
1.3616341352462769
1.1119226217269897
0.7668609023094177
0.48136669397354126
0.6210897564888
0.5457066893577576
0.9671444892883301
0.8787766695022583
0.793872058391571
0.5925357937812805
0.38947921991348267
0.4625750780105591
0.46668437123298645
0.5872133374214172
0.639662504196167
0.5735122561454773
0.6054503917694092
0.7752317190170288
0.6496211886405945
0.6262208223342896
0.6217595338821411
0.6011090278625488
0.518731951713562
0.38865649700164795
0.3865072429180145
0.49096113443374634
0.43483322858810425
0.4643658995628357
0.46714019775390625
0.3619665503501892
0.5214955806732178
0.5335484743118286
0.43319469690322876
0.5584507584571838
0.47785502672195435
0.5550045967102051
0.5274049043655396
0.5220469832420349
0.48160576820373535
0.4795951843261719
0.39278891682624817
0.4908263683319092
0.44224920868873596
0.34326037764549255
0.5170680284500122
0.37404531240463257
0.403400719165802
0.5583161115646362
0.4887259602546692
0.510471522808075
0.35594961047172546
0.5486114025115967
0.46058422327041626
0.5857961177825928
0.6632853746414185
0.9726883769035339
1.2185715436935425
0.7714359164237976
0.479929655790329
0.5868334174156189
0.7343363761901855
0.6099289059638977
0.6226077675819397
0.8187636137008667
0.5693545937538147
0.48593348264694214
0.4681968092918396
0.5017446875572205
0.63410484790802
0.5886192321777344
0.7056602239608765
0.5583413243293762
0.5286782383918762
0.48619434237480164
0.3720511794090271
0.44588372111320496
0.5547170639038086
0.4689033627510071
0.8326126933097839
1.092652678489685
0.5308966040611267
0.30715498328208923
0.5812679529190063
0.42574286460876465
0.44411253929138184
0.43918824195861816
0.5031525492668152
0.4522360563278198
0.47288137674331665
0.4406052231788635
0.6997370719909668
0.7365096211433411
0.8401283025741577
0.9151487350463867
0.9255462288856506
1.3392711877822876
1.6583315134048462
0.7385777235031128
0.46719127893447876
0.6420977711677551
0.65196692943573
0.3928261399269104
0.46361690759658813
0.5225200653076172
0.4579431712627411
0.3738764822483063
0.554024338722229
0.779376745223999
0.9701310396194458
1.4855769872665405
1.2890921831130981
0.5612328052520752
0.2975054383277893
0.5196639895439148
0.7221724987030029
0.8159779906272888
0.7364620566368103
0.5430256128311157
0.39704519510269165
0.41086822748184204
0.4784253239631653
0.5644320845603943
0.5552173256874084
0.7384380102157593
0.6726728081703186
0.5976972579956055
0.5390810966491699
0.46753808856010437
0.6419464349746704
0.6567697525024414
0.7023665904998779
0.6630308628082275
0.6167641878128052
0.4512363076210022
0.4471345841884613
0.3593095541000366
0.4327702522277832
0.4338683784008026
0.5098142623901367
0.596174955368042
0.5724633932113647
0.5581445097923279
0.6011713743209839
0.6346352100372314
0.6687979698181152
0.9506020545959473
0.894077718257904
1.025784969329834
0.8810251951217651
0.5755139589309692
0.4725474715232849
0.4993281960487366
0.7633126974105835
0.8840681910514832
0.665986180305481
0.760367751121521
1.4899840354919434
1.9847524166107178
1.6782134771347046
1.027714729309082
0.5348604321479797
0.630765438079834
0.7952467203140259
1.5684700012207031
1.8288447856903076
1.2124994993209839
0.8177051544189453
0.5421221256256104
0.6115455627441406
0.8607534170150757
0.7226043939590454
0.6306770443916321
0.489358514547348
0.563103199005127
0.3948308825492859
0.752298891544342
0.7183361053466797
1.0751394033432007
1.5101826190948486
1.4401919841766357
0.4142807722091675
0.4198082983493805
0.36028486490249634
0.38794052600860596
0.5342182517051697
0.537093997001648
0.5512344241142273
0.7353598475456238
0.538941502571106
0.5852844715118408
0.5362873077392578
0.6073676943778992
0.5605973601341248
0.37649649381637573
0.5128161907196045
0.4814985394477844
0.4962908625602722
0.7678424119949341
0.9546424746513367
0.9645459651947021
1.1672301292419434
0.736824095249176
0.685650110244751
0.5552185773849487
0.4232948124408722
0.5604143142700195
0.6152991652488708
0.5054502487182617
0.535225510597229
0.5420393943786621
0.4851454496383667
0.5707416534423828
0.5984888076782227
0.5956217050552368
0.4353199601173401
0.3169167637825012
0.47216683626174927
0.605897843837738
0.5285989046096802
0.5506622791290283
0.4068005681037903
0.45132139325141907
0.690345287322998
0.7037590742111206
0.4751136302947998
0.31658321619033813
0.34070494771003723
0.3450382947921753
0.5059348344802856
0.6479830741882324
0.7234535217285156
0.7752711772918701
0.9205912351608276
0.7523780465126038
0.7093111872673035
0.6584338545799255
0.7806366086006165
0.6464220285415649
0.41883552074432373
0.3914481997489929
0.4569050967693329
0.45765137672424316
0.4156159460544586
0.5604526996612549
0.5296074748039246
0.6498703956604004
0.6446624398231506
0.9168530702590942
1.5844285488128662
1.0869932174682617
2.403272867202759
3.336616277694702
0.7113765478134155
0.5770368576049805
0.6212650537490845
0.9106713533401489
1.021577000617981
1.2965902090072632
0.9945428371429443
0.8276360034942627
0.44315794110298157
0.34534209966659546
0.5064914226531982
0.47062841057777405
0.5629545450210571
0.5805004239082336
0.7686042189598083
1.116381287574768
0.9853430390357971
0.5366257429122925
0.4955969452857971
0.542206883430481
0.7665033340454102
0.8772029876708984
0.584932804107666
0.6854444742202759
0.36347323656082153
0.33632785081863403
0.6630417704582214
0.6917176842689514
0.8345652222633362
0.85862135887146
0.713162899017334
0.48208242654800415
0.5361952185630798
0.49850431084632874
0.5980672836303711
0.4584418833255768
0.5690779685974121
0.44494372606277466
0.5986689329147339
0.5477367639541626
0.8289660811424255
0.7719243764877319
0.6314864158630371
0.5430857539176941
0.5390011072158813
0.5108674168586731
0.6156598925590515
0.5937334895133972
0.7122370004653931
0.7766839861869812
0.46713826060295105
0.46047115325927734
0.630173921585083
0.5351566076278687
0.6109602451324463
0.5732975602149963
0.8608534336090088
1.0886118412017822
1.3839335441589355
1.4862301349639893
1.1428818702697754
0.70395827293396
0.535678505897522
0.4937731623649597
0.5199836492538452
0.5691487789154053
0.761323869228363
1.162093997001648
1.8627821207046509
1.1372584104537964
0.4860641658306122
0.3250519633293152
0.44175979495048523
0.5557446479797363
1.0485390424728394
1.619966983795166
2.053955554962158
1.2032055854797363
0.6000450849533081
0.5861001014709473
0.5631915926933289
0.40492701530456543
0.7320409417152405
0.6204921007156372
0.5466512441635132
0.5405927896499634
0.5238907337188721
0.7156156301498413
0.6699716448783875
0.6555901765823364
0.5933866500854492
0.5033596158027649
0.49555477499961853
0.551770806312561
0.5973819494247437
0.7608299255371094
0.9068244695663452
0.8654683232307434
0.7048033475875854
1.0974928140640259
1.7957686185836792
0.8981326222419739
0.46630793809890747
0.596359133720398
0.7639443278312683
0.818594753742218
0.9523615837097168
0.7035460472106934
0.6863253116607666
0.6972818374633789
0.778484046459198
0.5715669393539429
0.46171844005584717
0.4797641634941101
0.46204906702041626
0.4423523247241974
0.566786527633667
0.664061427116394
0.5584957599639893
0.6008470058441162
0.7594601511955261
0.6664197444915771
0.4186623990535736
0.5024146437644958
0.5495915412902832
0.5283644199371338
0.36943966150283813
0.441942036151886
0.43431591987609863
0.5847609639167786
0.5963491201400757
0.43069881200790405
0.5242108106613159
0.42757701873779297
0.5598437190055847
0.6230332851409912
0.688997745513916
0.6496820449829102
0.6899593472480774
0.6082172989845276
0.6788925528526306
0.4047194719314575
0.553794801235199
0.48615413904190063
0.4017975628376007
0.41936975717544556
0.44605880975723267
0.4864200949668884
0.4360082149505615
0.5433775186538696
0.5487706065177917
0.5964049100875854
0.33610963821411133
0.4203599691390991
0.44824039936065674
0.4545394778251648
0.3598206043243408
0.4269882142543793
0.5016161203384399
0.38676655292510986
0.38498520851135254
0.5312373638153076
0.6791377663612366
0.7342429757118225
1.1822266578674316
1.3254016637802124
1.3683671951293945
2.2575619220733643
1.711867094039917
1.9377124309539795
2.51602840423584
1.032104253768921
0.8199601769447327
0.8224307894706726
0.7963412404060364
0.8243811726570129
1.0034925937652588
1.521464228630066
1.2686724662780762
0.47794732451438904
0.5993931293487549
0.5866526365280151
0.6462208032608032
0.7719018459320068
0.7795290946960449
0.7736201882362366
0.5857025980949402
0.522541880607605
0.539773166179657
0.6014212965965271
0.5934372544288635
0.6755544543266296
0.678824782371521
0.8249593377113342
0.6294533014297485
0.6782782077789307
0.5895998477935791
0.623133659362793
0.5188215970993042
0.5249090194702148
0.5238170623779297
0.44407427310943604
0.5266522765159607
0.413348913192749
0.6023823022842407
0.6735845804214478
0.5133742690086365
0.5302978754043579
0.49805742502212524
0.6240535378456116
0.5388553142547607
0.6770443320274353
0.8523039817810059
1.1355558633804321
1.2022615671157837
0.6247236728668213
0.4773995578289032
0.5022006034851074
0.5293548107147217
0.4120824933052063
0.46467316150665283
0.479870468378067
0.5325769186019897
0.39817020297050476
0.37819427251815796
0.45838701725006104
0.43912509083747864
0.4528505206108093
0.46622538566589355
0.3604278266429901
0.5813128352165222
0.5914672613143921
0.577995240688324
0.5028393268585205
0.4313593804836273
0.45657485723495483
0.6129753589630127
0.5923299789428711
0.6721624732017517
0.8159499168395996
1.461082935333252
1.789294719696045
0.7052819728851318
0.5761816501617432
0.8566650152206421
0.7926833629608154
1.0694901943206787
0.9627344608306885
1.4641505479812622
2.261521816253662
1.6452913284301758
1.0660187005996704
1.2433279752731323
1.1586354970932007
0.896493673324585
0.5390393733978271
0.7352203130722046
0.876220703125
0.5078305006027222
0.7139671444892883
0.8716533184051514
0.7776358127593994
0.6688203811645508
0.5335588455200195
0.5275799036026001
0.5119057893753052
0.5092900991439819
0.4055832326412201
0.3670007884502411
0.5927996039390564
0.7580223083496094
0.877983033657074
0.8250024318695068
0.9028353691101074
0.9883809685707092
1.1426132917404175
1.062625765800476
1.1668801307678223
0.6781030297279358
0.47772109508514404
0.5842885971069336
0.6308945417404175
0.6126213073730469
0.5275841355323792
0.6965541839599609
0.5449506640434265
0.6880608797073364
0.7415639758110046
0.9689569473266602
0.8367019891738892
0.552178680896759
0.3815207779407501
0.4575495719909668
0.418889582157135
0.5805408954620361
0.6548746824264526
0.6097901463508606
0.8806847333908081
0.6792975068092346
0.8512586355209351
0.7167822122573853
0.5115422010421753
0.4575269818305969
0.511651873588562
0.5990069508552551
0.46258866786956787
0.4352812170982361
0.5068686008453369
0.4688532054424286
0.4199420213699341
0.5593461394309998
0.49580609798431396
0.4703490734100342
0.48875632882118225
0.4573749005794525
0.716046154499054
0.834908127784729
0.7686865329742432
0.5302691459655762
0.5544246435165405
0.6937203407287598
0.7449334263801575
1.0992467403411865
1.2304575443267822
1.398742914199829
1.3139352798461914
1.4483238458633423
0.9732182621955872
0.728972315788269
0.6291356086730957
0.9826475977897644
1.3234705924987793
1.0663684606552124
0.561893105506897
0.5358327627182007
0.7190555334091187
0.912127673625946
0.7476339936256409
0.6543677449226379
0.5945442914962769
0.6549387574195862
0.5781843662261963
0.6417018175125122
0.7789993286132812
0.6511027216911316
0.5540838241577148
0.494130939245224
0.5409287214279175
0.6080212593078613
0.46740230917930603
0.5346469879150391
0.5607396960258484
0.5575022101402283
0.6612975597381592
0.5335817337036133
0.48751553893089294
0.4345385432243347
0.5420565605163574
0.6996076107025146
0.8236561417579651
0.8290072679519653
0.7726230025291443
0.6847102642059326
0.6307701468467712
0.5404065847396851
0.4972159266471863
0.7298697233200073
0.7398872375488281
0.9927966594696045
1.253919005393982
1.7953718900680542
0.8482775092124939
0.6371374130249023
0.5756665468215942
0.5881239175796509
0.7553252577781677
1.163290023803711
1.1632434129714966
0.8428829312324524
0.6053718328475952
0.6178063154220581
0.4864942133426666
0.6101372241973877
0.5883881449699402
0.5405167937278748
0.44151970744132996
0.49686571955680847
0.48241084814071655
0.5746271014213562
0.5238021612167358
0.6965398192405701
0.806416928768158
1.2504591941833496
1.226264238357544
1.3409773111343384
1.7207653522491455
1.4822086095809937
1.8747693300247192
1.7797576189041138
1.4732004404067993
1.0362753868103027
0.7735347747802734
0.5083739757537842
0.6990575194358826
1.0014970302581787
0.5976637601852417
0.7371375560760498
0.6693235039710999
0.8986880779266357
1.308058738708496
0.8908015489578247
0.6066752076148987
0.4865800440311432
0.5862768292427063
0.5843679904937744
0.6914176344871521
0.8926102519035339
0.7539213299751282
0.9776670336723328
0.6231628060340881
0.44850659370422363
0.5038177967071533
0.6685616970062256
0.618454098701477
0.5552666187286377
0.5503302216529846
0.7529879808425903
0.662804126739502
0.6910892128944397
0.7652851343154907
0.9077059030532837
0.7361584305763245
0.41792166233062744
0.5973141193389893
0.9197872877120972
1.2352460622787476
1.3200973272323608
0.8164353966712952
0.9349863529205322
0.5327345728874207
0.4494765102863312
0.5161821842193604
0.5833791494369507
0.7874165773391724
0.8415936827659607
0.732754111289978
0.4834314286708832
0.5206451416015625
0.5561664700508118
0.5720263123512268
0.4324972629547119
0.4442525804042816
0.5890145897865295
0.6756030321121216
0.7755358219146729
0.8176307082176208
0.9230977296829224
0.5415163040161133
0.5257435441017151
0.4283214211463928
0.6100509762763977
0.5741523504257202
0.67319655418396
0.6039125919342041
0.6695835590362549
0.5155647993087769
0.6650186777114868
0.4577246606349945
0.5501194000244141
0.47324031591415405
0.7169167995452881
0.7493659257888794
0.9796720147132874
0.8996267318725586
0.7009384632110596
0.5087002515792847
0.4086785912513733
0.3395751118659973
0.41222232580184937
0.438561350107193
0.6504828929901123
0.8901768922805786
0.6802294850349426
0.6863133907318115
0.500461995601654
0.3834943175315857
0.4756353795528412
0.44921615719795227
0.7233177423477173
1.0355122089385986
0.7182011008262634
1.4247838258743286
2.4865405559539795
2.148043632507324
3.140148639678955
1.8534682989120483
0.9704463481903076
0.9848501682281494
1.6235002279281616
1.6375813484191895
1.006164312362671
0.5944569110870361
0.6576406359672546
0.8375359177589417
0.8699429035186768
0.49926161766052246
0.5462577939033508
0.6784406900405884
0.8918143510818481
0.9590974450111389
0.6181764602661133
0.5570869445800781
0.6902884244918823
0.7000563740730286
0.5264679789543152
0.5834174156188965
0.706484317779541
0.5221033096313477
0.6217253804206848
0.5561608076095581
0.6388997435569763
0.5428632497787476
0.49850600957870483
0.5054754018783569
0.5506994724273682
0.5436539649963379
0.4755266606807709
0.51169753074646
0.5110998153686523
0.6181695461273193
0.5703104734420776
0.5685884952545166
0.6699709296226501
0.5966066122055054
0.5809696912765503
0.635948657989502
0.5558454990386963
0.6233711242675781
0.5791429281234741
0.5689882040023804
0.7659790515899658
0.4290710985660553
0.5454069972038269
0.5267236232757568
0.55929034948349
0.545471727848053
0.5493203401565552
0.5834882259368896
0.6111574172973633
1.0014280080795288
1.2616750001907349
1.316910743713379
0.9855586886405945
0.8121750950813293
0.799957811832428
0.44416362047195435
0.6371634006500244
1.0214749574661255
1.0467545986175537
0.5435937643051147
0.7880299091339111
1.6642407178878784
1.0334348678588867
0.6209812760353088
0.750738799571991
0.8562183380126953
0.9963480234146118
1.1757272481918335
0.7899541258811951
0.5202763676643372
0.421837717294693
0.5438873767852783
0.5956588983535767
0.6803992986679077
0.731408417224884
0.8772144317626953
0.9666801691055298
0.6070884466171265
0.34678223729133606
0.4790177643299103
0.5266311764717102
0.5096132159233093
0.5351779460906982
0.4672655761241913
0.5908065438270569
0.587340235710144
0.5975119471549988
0.7236196398735046
0.4470730721950531
0.5488148927688599
0.4145161509513855
0.5087775588035583
0.5963704586029053
0.5756426453590393
0.86858069896698
0.6984997391700745
0.531489372253418
0.37386760115623474
0.5863065123558044
0.47874870896339417
0.5077061653137207
0.4818236827850342
0.6880731582641602
0.5803425312042236
1.1225506067276
1.5311546325683594
1.4670941829681396
1.011020302772522
1.1930689811706543
1.0854361057281494
1.0059127807617188
0.5759153366088867
1.053807020187378
1.4462579488754272
2.2440123558044434
1.5281596183776855
0.6963624954223633
0.769842267036438
0.9018484354019165
1.4923006296157837
1.5913875102996826
1.0714040994644165
0.6946215629577637
0.7814026474952698
0.931568443775177
0.7999551296234131
0.8120455741882324
0.6990578174591064
0.6509338021278381
0.61089688539505
0.5471160411834717
0.5041553974151611
0.6267271041870117
0.590740442276001
0.7770465612411499
0.657489001750946
0.46015793085098267
0.5258935689926147
0.5779988169670105
0.5888046622276306
0.6407555341720581
0.4969107210636139
0.5763049125671387
0.5607768297195435
0.9761797785758972
0.9558095932006836
0.652644157409668
0.6578934192657471
0.7914386987686157
1.2332631349563599
0.8064845204353333
0.4044795632362366
0.5753881335258484
0.7844539284706116
0.9910444617271423
0.9759765863418579
1.0773658752441406
0.9352073669433594
0.4525911808013916
0.5273592472076416
0.5299208760261536
0.747150182723999
0.7410563230514526
0.7405197024345398
0.7360716462135315
0.7272031307220459
0.5584314465522766
0.6033000946044922
0.5527390241622925
0.6516684293746948
0.44702619314193726
0.37894192337989807
0.3604092001914978
0.5089767575263977
0.4973522126674652
0.8914121985435486
1.1701602935791016
1.5640946626663208
0.9796555638313293
0.7771117091178894
0.7072389721870422
0.5132208466529846
0.8556005954742432
0.8068453073501587
1.2834988832473755
1.2163348197937012
0.6746847033500671
0.6749241948127747
0.5909857749938965
0.5995893478393555
0.6435146927833557
0.48070216178894043
0.42526522278785706
0.5447827577590942
0.5246554613113403
0.4809589385986328
0.5835093259811401
0.7036730647087097
0.9443063139915466
0.8646879196166992
1.0041080713272095
0.8780266046524048
1.240931749343872
1.5179351568222046
1.0526118278503418
0.5941373109817505
0.5687123537063599
0.7491514682769775
0.7548861503601074
0.7203090786933899
0.7390672564506531
0.6771289706230164
0.7590590715408325
1.1444686651229858
1.2272013425827026
1.0322651863098145
1.258354663848877
1.31592857837677
1.4566783905029297
0.9544405937194824
0.9908549785614014
0.7378696799278259
0.7048993110656738
0.6368283033370972
0.6528880596160889
0.7484002113342285
0.5959691405296326
0.6427722573280334
0.5644804835319519
0.4514455497264862
0.6057498455047607
0.7004901766777039
0.5351366996765137
0.5267418622970581
0.7221309542655945
0.7607747316360474
0.9495936632156372
0.854192852973938
0.5624087452888489
0.5613577365875244
0.6658910512924194
0.674378514289856
0.601938009262085
0.6858747005462646
0.5956798791885376
0.5778836011886597
0.6838440895080566
0.6683151721954346
0.6676198840141296
0.5960370302200317
0.7975702285766602
0.4771181046962738
0.5655921697616577
0.7383237481117249
0.8864935636520386
0.9017710089683533
0.5792106986045837
0.6249140501022339
0.5094997882843018
0.5338431596755981
0.5264620780944824
0.4602769613265991
0.5308152437210083
0.4487420916557312
0.5060999393463135
0.5591485500335693
0.550291895866394
0.6834408044815063
0.5866159200668335
0.6269104480743408
0.6182576417922974
0.4910378158092499
0.408932089805603
0.3950386643409729
0.48437559604644775
0.6125597357749939
0.7519840002059937
0.5108691453933716
0.6616499423980713
0.6968703269958496
0.5811446905136108
0.4361855387687683
0.5156666040420532
0.5128251314163208
0.46726280450820923
0.5003135204315186
0.551025927066803
0.5657944083213806
0.5097877979278564
0.5929220914840698
0.546805739402771
0.5263447761535645
0.558478832244873
0.6217001080513
0.4511256217956543
0.47751909494400024
0.5517626404762268
0.6055949926376343
0.465905100107193
0.4945954382419586
0.37902316451072693
0.531909704208374
0.6644821763038635
0.9644067287445068
1.8214049339294434
1.6384825706481934
2.322824239730835
2.4587488174438477
1.809148907661438
1.9852025508880615
1.525222659111023
1.0997716188430786
0.8410663604736328
0.8768087029457092
1.1357454061508179
0.8756437301635742
0.7189910411834717
0.8481307625770569
0.9138315916061401
1.278307557106018
1.1471867561340332
0.9591269493103027
1.4830137491226196
1.7445158958435059
0.9208570718765259
0.6208121180534363
0.7572260499000549
0.8311015963554382
0.7912697196006775
0.7491914629936218
0.6333954334259033
0.8527907133102417
1.2440426349639893
1.3655269145965576
1.324292540550232
1.1244184970855713
1.1886216402053833
0.7409950494766235
0.7770013809204102
0.5747090578079224
0.592809796333313
0.7040733098983765
0.8206163644790649
0.940448522567749
1.0329173803329468
0.6763631105422974
0.647309422492981
0.6002195477485657
0.4885008931159973
0.563450813293457
0.7800197005271912
0.7545316815376282
0.7326952219009399
0.6505594253540039
0.5714317560195923
0.7442241311073303
0.5514076948165894
0.5957827568054199
0.512126088142395
0.5830870866775513
0.6381117105484009
0.6190810203552246
0.6661337614059448
0.6452640295028687
0.654252290725708
0.6307095289230347
0.8519691824913025
0.9307069182395935
0.7608212232589722
0.6246085166931152
0.7223964929580688
0.9074409604072571
0.9088852405548096
0.5252103209495544
0.4280269145965576
0.4744855761528015
0.596381425857544
0.5273953676223755
0.48334288597106934
0.5066204071044922
0.5925312042236328
0.632233202457428
0.5593913197517395
0.5614602565765381
0.5717767477035522
0.49872106313705444
0.5757502317428589
0.5511361360549927
0.726643979549408
0.8777514696121216
0.9909806251525879
0.9176266193389893
0.5636758804321289
0.5153301358222961
0.5788910388946533
0.7982884645462036
0.8820273876190186
0.9172704815864563
1.0038762092590332
0.899377167224884
0.788333535194397
0.6698001623153687
0.5736433863639832
0.6223233938217163
0.6338515281677246
0.5952348113059998
0.6383846998214722
0.4740772843360901
0.6190536022186279
0.6318968534469604
0.6267843246459961
0.595899760723114
0.7219645977020264
0.7029197216033936
0.599321722984314
0.5148440003395081
0.6226499080657959
0.6676794290542603
0.6225335001945496
0.6503008604049683
0.5392965078353882
0.5066488981246948
0.49749088287353516
0.4634336233139038
0.536720871925354
0.6308575868606567
0.7714348435401917
0.884586751461029
0.9339447617530823
1.1459465026855469
1.5224361419677734
1.8522855043411255
1.4954478740692139
2.506145715713501
2.4991374015808105
0.7176215648651123
0.975049614906311
1.2780585289001465
1.8143380880355835
1.8443408012390137
1.4196994304656982
1.0028433799743652
0.7325888872146606
0.7414856553077698
0.5939326286315918
0.6352088451385498
0.7021230459213257
0.6513122320175171
0.8393685817718506
0.784905195236206
1.1412845849990845
0.6959165334701538
1.0907399654388428
0.6966428756713867
0.5621002912521362
0.5611516833305359
0.529592752456665
0.5458835363388062
0.5793209671974182
0.743310809135437
0.6096459627151489
0.828180193901062
0.7457247972488403
0.5548356771469116
0.48433470726013184
0.47190627455711365
0.5557428002357483
0.5874625444412231
0.6289841532707214
0.9523325562477112
0.7986708879470825
0.7810068130493164
0.45450347661972046
0.601817786693573
0.5875774025917053
0.5986151099205017
0.9314291477203369
1.2110357284545898
1.1546956300735474
0.7091183066368103
0.7002106308937073
0.695148766040802
0.9791715145111084
1.110174536705017
1.0329221487045288
1.604143500328064
2.1731231212615967
0.8996811509132385
0.46838119626045227
0.7581527233123779
0.8795843124389648
0.7602308988571167
0.749958872795105
0.6461793780326843
0.6563671827316284
0.7900625467300415
0.7108575105667114
0.6473662853240967
0.5240152478218079
0.47142454981803894
0.6349658370018005
0.5441361665725708
0.5947448015213013
0.5268250107765198
0.5914338827133179
0.5977871417999268
0.5910936594009399
0.5305582284927368
0.4869350790977478
0.5916243195533752
0.6204559206962585
0.5839786529541016
0.4973527193069458
0.5455756783485413
0.6345449686050415
0.7593584060668945
1.0931706428527832
0.9103333950042725
0.46513447165489197
0.6096019744873047
0.7657710909843445
0.9530664682388306
1.3333075046539307
1.2094600200653076
1.4660090208053589
1.7324343919754028
1.0391286611557007
0.9232281446456909
0.90702885389328
0.6108629703521729
0.7722237706184387
0.9572861790657043
1.1536188125610352
0.9043548107147217
0.5353642702102661
0.5488840341567993
0.5613541007041931
0.7087113857269287
0.9364888668060303
1.0479497909545898
1.237153172492981
1.0858218669891357
0.6912209987640381
0.5148836374282837
0.44846224784851074
0.6694851517677307
0.5610946416854858
0.677179217338562
0.5152007937431335
0.6562131643295288
0.6307556629180908
0.6059755086898804
0.6008584499359131
0.6241081953048706
0.4318057894706726
0.40032124519348145
0.5372292399406433
0.739357054233551
0.5700350403785706
0.7368327379226685
1.1469166278839111
1.2678190469741821
1.424996018409729
1.127015471458435
0.7543893456459045
0.5683423280715942
0.5811494588851929
0.6487585306167603
0.5410977602005005
0.6727086305618286
0.7647287845611572
0.8185093402862549
0.8780546188354492
0.5917274355888367
0.5932605266571045
0.7440154552459717
0.6695969104766846
0.7857151031494141
0.7778258323669434
0.6644093990325928
0.4948424994945526
0.5629739761352539
0.5454152226448059
0.6490218639373779
0.5146955847740173
0.5707348585128784
0.49305516481399536
0.4718855619430542
0.5521894097328186
0.5066254138946533
0.5842111110687256
0.5131950378417969
0.5531519055366516
0.48907598853111267
0.6091322898864746
0.4590858817100525
0.7573574781417847
0.7352118492126465
0.7814954519271851
0.7635111808776855
1.1455518007278442
0.9841897487640381
0.7625707983970642
0.6184715628623962
0.3948010802268982
0.5455288887023926
0.6425707340240479
0.8746992349624634
0.6756424307823181
0.5869362354278564
0.6559215784072876
0.5487388372421265
0.5431898832321167
0.5039430856704712
0.5599343180656433
0.604080855846405
0.6368551254272461
0.5442610383033752
0.8208098411560059
0.9916425347328186
1.3598973751068115
1.4410114288330078
1.6601241827011108
1.3287897109985352
1.060447335243225
0.7580164670944214
0.7050983905792236
0.8062125444412231
0.6360162496566772
1.0163826942443848
0.7603877782821655
0.6752292513847351
0.7315435409545898
0.9464156031608582
0.8856214880943298
1.0848729610443115
1.3313969373703003
1.4088741540908813
0.9929062128067017
0.6425886750221252
0.6034386157989502
0.836083173751831
0.7813267707824707
0.7286055684089661
0.6549655199050903
0.6902656555175781
0.4990624785423279
0.5731995105743408
0.6949559450149536
0.5342994928359985
0.44782131910324097
0.7327290177345276
0.6522685885429382
0.8585562705993652
1.3555530309677124
1.6639271974563599
0.5999630689620972
0.6875746250152588
0.7848728895187378
1.0452698469161987
0.665341854095459
0.5696699619293213
0.686137318611145
0.627854585647583
0.6689010858535767
0.9287457466125488
0.8281712532043457
1.2181652784347534
1.2018017768859863
0.9481456279754639
0.8171310424804688
0.6083436012268066
0.5237206220626831
0.6630209684371948
0.8008846044540405
0.6853506565093994
0.5524382591247559
0.7837498188018799
0.7690229415893555
0.9289846420288086
0.5948418974876404
0.5530341267585754
0.6452980637550354
0.6522766351699829
0.6346591711044312
0.5500439405441284
0.5707954168319702
0.7000505328178406
0.9886715412139893
1.084875226020813
1.3262649774551392
1.1931931972503662
1.4456489086151123
1.8434791564941406
1.4332466125488281
0.7848606109619141
0.5896952748298645
0.5482187271118164
0.6872366070747375
0.5362165570259094
0.6932084560394287
0.5552576184272766
0.7760582566261292
0.8505641222000122
0.8572510480880737
0.6477502584457397
0.5467752814292908
0.6727876663208008
0.580825686454773
0.5906078219413757
0.5124469995498657
0.6450406908988953
0.7158366441726685
1.159053921699524
0.9533190727233887
0.4279158413410187
0.5165596008300781
0.663121223449707
0.6040021777153015
0.5650289058685303
0.6103540658950806
0.6922281980514526
0.6923923492431641
0.7141901254653931
0.6785570979118347
0.7695561647415161
0.8150665163993835
0.772794246673584
0.6992231011390686
0.5049831867218018
0.5050814151763916
0.4907459616661072
0.47154903411865234
0.5487942099571228
0.5122489333152771
0.5030477046966553
0.6106473207473755
0.5257848501205444
0.7993592023849487
0.6941006183624268
0.8282235860824585
0.6808989644050598
0.47418412566185
0.5589427947998047
0.46680793166160583
0.5612313747406006
0.620002806186676
0.6110780835151672
0.6147865653038025
0.4073547124862671
0.6368213891983032
0.7363450527191162
0.887784481048584
0.9101361632347107
0.8172556161880493
0.9408929944038391
1.1022493839263916
1.0041851997375488
0.7998621463775635
0.6333926320075989
0.5725462436676025
0.7586271166801453
0.7485826015472412
0.45946964621543884
0.5043865442276001
0.7070170044898987
0.48617205023765564
0.5474712252616882
0.6282618045806885
0.6447879076004028
0.701938271522522
0.8962151408195496
0.9213293194770813
0.5291491150856018
0.5328776240348816
0.5783094167709351
0.6357220411300659
0.6200710535049438
0.5808980464935303
0.65177983045578
0.8227031826972961
0.7929518222808838
0.5669467449188232
0.6941021680831909
0.6309725642204285
0.6293447017669678
0.5598655343055725
0.5731110572814941
0.6222794055938721
0.5739833116531372
0.4380098879337311
0.4721536934375763
0.6111637353897095
0.5284891128540039
0.6376243829727173
0.508177638053894
0.6652984619140625
0.9622389078140259
1.3622710704803467
2.2224907875061035
2.691213846206665
1.4647566080093384
1.424496054649353
2.0592892169952393
1.3152446746826172
1.0026273727416992
0.9265243411064148
0.8907434940338135
0.6984212398529053
0.7808027267456055
0.6070715188980103
0.6804934144020081
0.8097111582756042
0.7813636064529419
0.7110489010810852
0.6682863235473633
0.9645072817802429
1.2426899671554565
1.3669090270996094
1.4916366338729858
1.9832707643508911
1.3678463697433472
0.9535868167877197
0.6969504356384277
0.7790723443031311
0.597000241279602
0.6575610637664795
0.6793563365936279
0.7509766817092896
0.7446973323822021
1.0579919815063477
1.102309226989746
0.97745680809021
0.9488944411277771
0.7994741797447205
0.627305805683136
0.6766576766967773
0.5740954875946045
0.6732594966888428
0.5543868541717529
0.656243085861206
0.5137792825698853
0.6894793510437012
0.661705493927002
0.7178008556365967
0.6748766899108887
0.6394131183624268
0.49088340997695923
0.5796209573745728
0.5693764686584473
0.6866694688796997
0.5863821506500244
0.4855985939502716
0.5879473090171814
0.6627480983734131
0.7633324861526489
0.8074812889099121
0.5924494862556458
0.6927639245986938
0.6144132614135742
0.7254502773284912
0.7598645091056824
0.823447048664093
0.5510145425796509
0.4634365439414978
0.64237380027771
0.9486345648765564
0.8646603226661682
0.8210394382476807
0.7187442779541016
0.5236350297927856
0.5609346628189087
0.6814172267913818
0.6299316883087158
0.5561789274215698
0.5788606405258179
0.6205527782440186
0.5694230794906616
0.5827930569648743
0.7189284563064575
0.6879466772079468
0.47091981768608093
0.6780000329017639
0.8370743989944458
0.6163948774337769
0.575973391532898
0.506588339805603
0.5562513470649719
0.44112858176231384
0.4633203148841858
0.38042381405830383
0.519650936126709
0.6241101026535034
0.8496391177177429
1.068342685699463
1.1406104564666748
1.3238005638122559
1.5688179731369019
1.3494231700897217
1.209771990776062
1.216658353805542
0.9249670505523682
0.6823000907897949
0.6021260023117065
0.7420073747634888
0.6645105481147766
0.694057822227478
0.9568910598754883
0.941300630569458
0.9398297071456909
1.4022127389907837
1.711687445640564
0.9997875690460205
0.6321643590927124
0.6677992343902588
0.7974449992179871
0.6789677143096924
0.6622894406318665
0.7936025857925415
0.7713865041732788
0.594287633895874
0.6007569432258606
0.6630632877349854
0.5889322757720947
0.5562707185745239
0.663841962814331
0.6175296306610107
0.556348443031311
0.593832790851593
0.46334701776504517
0.5793747901916504
0.5739445686340332
0.48232513666152954
0.5040839910507202
0.8629419207572937
1.1017677783966064
1.063614010810852
1.3178614377975464
1.9311238527297974
2.900634527206421
2.238434314727783
1.1146790981292725
0.8477450609207153
1.0725836753845215
1.4419066905975342
1.4378260374069214
1.1528140306472778
0.8288447260856628
0.9265654683113098
1.0528972148895264
1.2550472021102905
0.8684045076370239
0.62603759765625
0.6749144792556763
0.9461861252784729
0.6934781670570374
0.682299792766571
0.6705940961837769
0.8093159198760986
0.748053789138794
0.5774681568145752
0.5693274140357971
0.552135705947876
0.658854067325592
0.7135992646217346
0.6810089349746704
0.5159569978713989
0.6999515295028687
0.6223165392875671
0.5138798952102661
0.5960222482681274
0.5976406931877136
0.6426084041595459
0.6525514721870422
0.6291724443435669
0.668992280960083
0.5636844635009766
0.4609934985637665
0.623075008392334
0.5273020267486572
0.6539346575737
0.7629168033599854
0.6637872457504272
0.4970751404762268
0.5099745988845825
0.4353039562702179
0.4767140746116638
0.6104043126106262
0.6045904755592346
0.5232133865356445
0.5547962784767151
0.47536295652389526
0.6769624948501587
0.7088279724121094
0.667096734046936
0.5680103302001953
0.669593095779419
0.6476329565048218
0.6683194041252136
0.5182605981826782
0.5675129890441895
0.5894235372543335
0.6162486672401428
0.6429318785667419
0.7031828165054321
0.6829802989959717
0.5397299528121948
0.5336527228355408
0.502381443977356
0.5870791673660278
0.772272527217865
1.0541671514511108
1.23646080493927
1.5430126190185547
1.3158550262451172
1.2116026878356934
0.7577500343322754
0.7447552680969238
0.8535199761390686
0.7729816436767578
0.8033932447433472
1.0033323764801025
0.5447037816047668
0.6803550720214844
0.5941640734672546
0.8220937252044678
0.8937890529632568
0.6846279501914978
0.5922202467918396
0.452547550201416
0.6402455568313599
0.7167090177536011
0.6508402824401855
0.6336118578910828
0.5385467410087585
0.5246577262878418
0.6265312433242798
0.5778185129165649
0.6891342997550964
0.9896356463432312
1.0300458669662476
1.1198132038116455
0.9471251368522644
1.4900978803634644
1.5211492776870728
0.7655330300331116
0.7388375997543335
0.6259423494338989
0.8221701979637146
1.4251354932785034
1.4388774633407593
1.1277296543121338
0.7849886417388916
0.5812360048294067
0.696540117263794
0.5535532832145691
0.928235650062561
1.14332914352417
1.1854804754257202
1.1682813167572021
1.063170313835144
1.0618404150009155
1.133072018623352
0.6689413785934448
0.689152181148529
0.5353768467903137
0.6335476040840149
0.5019245147705078
0.586688220500946
0.62291419506073
0.7452411651611328
1.0343492031097412
0.904254138469696
0.5561503171920776
0.4948645532131195
0.6090570688247681
0.5923455953598022
0.5373538732528687
0.7710487842559814
0.8039144277572632
0.7795407176017761
1.0034435987472534
0.6480903029441833
0.5524871349334717
0.6813909411430359
0.4982060492038727
0.5784949660301208
0.5134297609329224
0.6062005162239075
0.49855273962020874
0.6608743071556091
0.8541156649589539
0.7908252477645874
0.844473123550415
0.7276328802108765
0.6702820062637329
0.6741849780082703
0.6734230518341064
0.653133749961853
0.6699135303497314
0.7289228439331055
0.8536704182624817
0.4934538006782532
0.4330812394618988
0.454276442527771
0.6980894207954407
0.7169288992881775
0.8099130988121033
0.7391339540481567
0.6330909132957458
0.5458064675331116
0.668850839138031
0.7816184759140015
0.8801888823509216
0.8581434488296509
0.6521768569946289
0.6192281246185303
0.5510062575340271
0.5116345882415771
0.5616552233695984
0.5223297476768494
0.663068413734436
0.4836411774158478
0.5342928171157837
0.5332562923431396
0.5629409551620483
0.4156194031238556
0.5983768701553345
0.5577602386474609
0.5434375405311584
0.6554328203201294
0.5417048931121826
0.6759092807769775
0.5873193740844727
0.7171971797943115
0.5713039636611938
0.5770606994628906
0.5870574116706848
0.6070984601974487
0.5204554796218872
0.6064218282699585
0.673632800579071
0.6771348118782043
0.5309244394302368
0.6914397478103638
0.5210102796554565
0.4604904353618622
0.5247551798820496
0.4695552587509155
0.7392175197601318
0.6854338645935059
0.5040110349655151
0.5811527967453003
0.6295533180236816
0.42799633741378784
0.598459005355835
0.5947381258010864
0.6912791132926941
1.3204972743988037
2.411018133163452
2.589817523956299
2.4767942428588867
1.7354283332824707
1.4324750900268555
2.533491849899292
2.352898120880127
1.6896644830703735
1.6488221883773804
1.6730653047561646
1.3551783561706543
1.3764883279800415
1.03156578540802
0.97981858253479
1.0174145698547363
1.1832829713821411
0.7586201429367065
0.7324740886688232
0.7836766242980957
0.9447022080421448
0.7806898951530457
0.8162577152252197
0.9210457801818848
0.9276692867279053
1.3787345886230469
1.2135998010635376
1.398804783821106
1.3381595611572266
1.0225831270217896
0.8285374641418457
0.8959631323814392
0.5786463022232056
0.5582007169723511
0.9336494207382202
0.8029096126556396
1.2570655345916748
1.514559268951416
1.1412172317504883
0.8924100995063782
0.7310881018638611
0.7425142526626587
0.7425799369812012
0.7663155794143677
0.7337766289710999
0.7518952488899231
0.6957448124885559
0.729121208190918
0.8106114864349365
0.5838563442230225
0.5817174911499023
0.7182806730270386
0.7336416244506836
0.8454732298851013
0.8917167782783508
0.7245072722434998
0.7005083560943604
0.49418967962265015
0.6413483023643494
0.5198266506195068
0.5598591566085815
0.5832403302192688
0.6595158576965332
0.6332606077194214
0.6376470923423767
0.511262834072113
0.5545183420181274
0.6016494035720825
0.5269507169723511
0.6084704399108887
0.7204688191413879
0.8094976544380188
0.7475801110267639
0.6884987354278564
0.6769775152206421
0.636286735534668
0.5636916756629944
0.5255191326141357
0.6920838356018066
0.5835552215576172
0.6864968538284302
0.63542640209198
0.5692406892776489
0.6267721056938171
0.6544286608695984
0.5996664762496948
0.6761878728866577
0.522273063659668
0.4263816773891449
0.4481087327003479
0.5741137266159058
0.5758190155029297
0.5305253267288208
0.6289774775505066
0.5499016642570496
0.5635659098625183
0.5977640151977539
0.5654758214950562
0.6784572601318359
0.9430536031723022
1.1970289945602417
1.0029250383377075
1.3060342073440552
1.028746485710144
0.9433696866035461
1.1306438446044922
1.053002119064331
0.7898080348968506
0.7319162487983704
0.49424904584884644
0.5524601340293884
0.6636391282081604
0.5351252555847168
0.5290209054946899
0.613784670829773
0.4657873511314392
0.5293482542037964
0.7533332109451294
1.2093459367752075
0.9860679507255554
0.7021198868751526
0.6606523394584656
0.5617384910583496
0.6615405678749084
0.6145644783973694
0.49796974658966064
0.48333385586738586
0.6443682312965393
0.490217387676239
0.628421425819397
0.5027254819869995
0.5273712277412415
0.6534110307693481
0.7942136526107788
0.7512460947036743
0.9395909905433655
1.1173940896987915
1.583764672279358
1.490440845489502
0.6441052556037903
0.5427124500274658
0.7914164066314697
1.8800734281539917
2.1868040561676025
1.2565406560897827
2.2106165885925293
2.315035104751587
0.8007382750511169
0.7345234751701355
1.1123260259628296
1.3570011854171753
1.2400321960449219
1.4314894676208496
1.3475888967514038
1.270491361618042
0.7797576189041138
0.7277408838272095
0.9248231649398804
0.9034905433654785
0.8929631114006042
0.7671095132827759
0.6428712606430054
0.6517195105552673
0.6387498378753662
0.6617102026939392
0.6054754257202148
0.8455973863601685
0.7496569156646729
0.5578945279121399
0.587546706199646
0.622560977935791
0.7554138898849487
0.9229626655578613
0.8950705528259277
0.6042649745941162
0.7181370258331299
0.7044808268547058
0.6779010891914368
0.5193372368812561
0.6548192501068115
0.6454954743385315
0.7006676197052002
0.5639697909355164
0.6034162044525146
0.5046026706695557
0.49461424350738525
0.612656831741333
0.6432345509529114
0.6143949031829834
0.6743274927139282
0.6464332938194275
0.6085678935050964
0.5052323937416077
0.5793666839599609
0.7040254473686218
0.6379485130310059
0.5252383947372437
0.7042890787124634
0.5686322450637817
0.5481482744216919
0.5285741090774536
0.4477270841598511
0.5849605798721313
0.42397838830947876
0.658136248588562
0.7413271069526672
0.6106745600700378
0.6368386745452881
0.9786258339881897
1.0401275157928467
1.1816802024841309
1.2200851440429688
1.2152906656265259
0.8419176936149597
0.6653211712837219
0.6257261037826538
0.6023281216621399
0.5068559646606445
0.473793089389801
0.6885356903076172
0.5741261839866638
0.5085521936416626
0.5708991289138794
0.48554670810699463
0.7098779678344727
0.5451036691665649
0.5156235098838806
0.7246243357658386
1.0129929780960083
1.279738187789917
2.4443976879119873
2.0898516178131104
1.7002254724502563
2.4421911239624023
2.272538185119629
1.3928922414779663
0.9479793310165405
0.9500823020935059
1.1994556188583374
1.1891896724700928
1.34222412109375
1.0160776376724243
0.6565035581588745
0.7650114893913269
1.0167553424835205
0.9921624660491943
0.7561876773834229
0.6872228384017944
0.8330919146537781
0.6228451728820801
0.658443808555603
0.7282981276512146
0.7820805311203003
0.9931672811508179
1.4143354892730713
1.344784140586853
2.478499412536621
2.665714979171753
0.9367067813873291
0.9069392085075378
1.6201270818710327
1.7196344137191772
1.845425009727478
1.0828787088394165
1.6251417398452759
1.8515349626541138
1.4135973453521729
1.1885939836502075
0.6936690807342529
0.7681597471237183
0.7092415690422058
0.6352742910385132
0.844091534614563
0.8348389863967896
1.0086309909820557
0.7778261303901672
0.7773244976997375
0.6623855233192444
0.6415321230888367
0.7757027745246887
0.6268834471702576
0.5711250305175781
0.5323915481567383
0.48403823375701904
0.6475720405578613
0.7472845315933228
0.7706459760665894
0.752269446849823
0.7504238486289978
0.9701168537139893
0.9533843994140625
0.6370676755905151
0.6131348013877869
0.7062326073646545
0.6408655047416687
0.7552884221076965
0.789675235748291
1.0139490365982056
0.718176007270813
0.7506598830223083
0.6214494705200195
0.7581813335418701
0.653863787651062
0.6860734224319458
0.7136249542236328
0.7938305735588074
0.9265459775924683
0.8408475518226624
0.6161596775054932
0.5921674966812134
0.7724883556365967
0.6009529829025269
0.7090171575546265
0.5732934474945068
0.6639098525047302
0.7644303441047668
0.7225431203842163
0.6487303972244263
0.4684583246707916
0.7016345858573914
0.6815357208251953
0.4288513660430908
0.6180287003517151
0.6747055053710938
0.8110393285751343
0.782523512840271
0.7259942889213562
0.5620378255844116
0.5656876564025879
0.6513970494270325
0.612659752368927
0.6396560668945312
0.5372695922851562
0.5785921812057495
0.7270753979682922
0.6826858520507812
0.6142489314079285
0.7070971131324768
0.5747840404510498
0.6227658987045288
0.5066190958023071
0.6357823610305786
0.6904334425926208
0.7767742872238159
0.5899714827537537
0.6164865493774414
0.5817700624465942
0.4869474172592163
0.5848428010940552
0.5734207034111023
0.6238816976547241
0.6047993898391724
0.5701271891593933
0.7043208479881287
0.7215923070907593
0.6070331335067749
0.6328051090240479
0.5785694122314453
0.6498347520828247
0.6022257804870605
0.7673249244689941
0.5974966287612915
0.629691481590271
1.446690559387207
1.6291183233261108
0.9573012590408325
1.0772968530654907
1.3030575513839722
1.1351720094680786
0.944665253162384
0.9580167531967163
0.5999256372451782
0.5967500805854797
0.5691368579864502
0.714997410774231
0.8180248737335205
1.0284640789031982
1.079572081565857
0.8385258913040161
1.1518816947937012
1.0128872394561768
1.0594558715820312
0.9860800504684448
1.4487301111221313
0.8495151400566101
0.7200124859809875
0.8108556270599365
0.836616039276123
0.734502911567688
0.9404407739639282
0.7827231287956238
0.6245989203453064
0.6345474123954773
0.5987992882728577
0.7715436816215515
0.6936085820198059
0.657652735710144
0.6681371927261353
0.5154365301132202
0.6327424049377441
0.6391029357910156
0.5625618696212769
0.6146737337112427
0.7552257180213928
0.6657618284225464
0.7910959720611572
0.7641081213951111
0.733162522315979
0.6810718774795532
0.8273766040802002
0.7741358280181885
0.87102872133255
0.9544633626937866
0.9389867782592773
1.08364737033844
1.0636793375015259
0.7285830974578857
0.7529113292694092
0.5326743125915527
0.6602047681808472
0.6308578848838806
0.5184476375579834
0.6274131536483765
0.5140506625175476
0.5981734395027161
0.7332481741905212
0.7188982963562012
0.648388147354126
0.4975137710571289
0.49434274435043335
0.5954212546348572
0.6018993854522705
0.5895954966545105
0.6207847595214844
0.6928731203079224
0.7558255195617676
0.5011537075042725
0.5166735649108887
0.6542940139770508
0.6367703676223755
0.7054029107093811
0.6200945377349854
0.6550983190536499
0.5585712194442749
0.44168877601623535
0.5830157399177551
0.5276248455047607
0.5789156556129456
0.5798851251602173
0.5728234052658081
0.5618364214897156
0.563576340675354
0.73302161693573
0.8180587291717529
0.5139167904853821
0.6654443740844727
0.7087529897689819
0.8899377584457397
1.1884845495224
1.3630396127700806
2.3267157077789307
1.8609440326690674
2.241194009780884
2.912858009338379
1.6081721782684326
1.7167104482650757
1.8927682638168335
1.1196072101593018
1.2388349771499634
1.3546581268310547
1.0372281074523926
0.7869027853012085
0.9931914806365967
0.8644435405731201
0.7169021368026733
0.9874318838119507
1.1024225950241089
1.0251209735870361
0.780305027961731
1.050074577331543
0.8025650978088379
0.9175186157226562
0.6595860123634338
0.7045421600341797
0.5449790358543396
0.6237109899520874
0.8482033610343933
0.7449098229408264
0.7543187737464905
0.6945035457611084
0.7476664781570435
0.6412257552146912
0.5971341133117676
0.7166876792907715
0.9339019656181335
0.6791045665740967
0.6157286167144775
0.563129186630249
0.5641111731529236
0.47762423753738403
0.6511654853820801
0.6307639479637146
0.7776640057563782
0.5456745624542236
0.7313448190689087
0.759711503982544
0.6271219253540039
0.6040624380111694
0.5144603848457336
0.506222128868103
0.6042706966400146
0.561057448387146
0.46605613827705383
0.7000146508216858
0.65986168384552
0.865573525428772
0.9380763173103333
0.6382420659065247
0.6388271450996399
0.4427643120288849
0.5378302931785583
0.5943458080291748
0.6664140224456787
1.164136290550232
1.097602128982544
0.5707131028175354
0.6075924634933472
0.6771305799484253
0.909194827079773
1.639717698097229
1.241006851196289
1.3209587335586548
1.3929375410079956
0.8296815156936646
0.7018913626670837
0.5226311087608337
0.6403498649597168
0.8765824437141418
0.7172425389289856
0.7942667007446289
0.9725289344787598
0.7509968280792236
0.942928671836853
0.8152957558631897
0.7360382080078125
0.6175327301025391
0.6249729990959167
0.5789167284965515
0.601380467414856
0.4424474239349365
0.5392706394195557
0.6649600863456726
0.5856025218963623
0.7305299043655396
0.5432316064834595
0.6496049761772156
0.5907981991767883
0.7826856970787048
1.0857207775115967
1.3385919332504272
1.0874667167663574
0.7104778289794922
0.6605200171470642
0.582758903503418
0.6339300274848938
0.6620880365371704
0.6261144876480103
0.6161093711853027
0.6433454751968384
0.6576532125473022
0.7896410226821899
0.7776517868041992
0.6357720494270325
0.5733535885810852
0.5464150905609131
0.9048123359680176
1.0258711576461792
1.6189121007919312
1.2283891439437866
1.7637736797332764
2.6527202129364014
1.4330940246582031
1.6903713941574097
1.8854968547821045
1.5811375379562378
1.075607419013977
0.794914960861206
0.8101257085800171
0.8901951313018799
0.7672274708747864
0.7516632676124573
0.6069056987762451
0.8522273898124695
1.0677160024642944
0.9678202271461487
0.8390687108039856
0.6744518876075745
0.5036270022392273
0.6569398641586304
0.9271501302719116
0.8815686702728271
0.5454171299934387
0.6779612302780151
0.7806470394134521
0.7388607263565063
0.7629635334014893
0.5989757776260376
0.6203949451446533
0.5754355192184448
0.586240291595459
0.5537803173065186
0.6150753498077393
0.84437495470047
1.305375099182129
1.4454045295715332
1.2371983528137207
0.9991493225097656
0.8884660601615906
0.7840525507926941
0.6610382199287415
0.5883691310882568
0.8039697408676147
0.9161876440048218
1.003975749015808
1.1851938962936401
1.0096484422683716
1.0443233251571655
1.255175232887268
1.1438769102096558
1.1872869729995728
1.0785198211669922
0.8925042152404785
0.6279613971710205
0.6516543626785278
0.7055777311325073
0.663539707660675
0.6935059428215027
0.8078315854072571
0.5683992505073547
0.547188401222229
0.6172926425933838
0.6440041065216064
0.6083223223686218
0.7034136652946472
0.5181498527526855
0.7007821202278137
0.6033453941345215
0.7974971532821655
0.5768486857414246
0.5844414234161377
0.6103712320327759
0.673845648765564
0.5821166634559631
0.5963566899299622
0.6641515493392944
0.5669659376144409
0.5075973868370056
0.6976903080940247
0.703835129737854
0.7649181485176086
0.8108097314834595
0.717347264289856
0.7374356985092163
0.5532501339912415
0.44805532693862915
0.6559607982635498
0.8838846683502197
1.0592455863952637
1.250325322151184
0.9515859484672546
0.525951623916626
0.6956000924110413
0.6582709550857544
0.6633014678955078
0.9696635007858276
0.7938628792762756
0.876869261264801
0.6874128580093384
0.5772853493690491
0.6150426864624023
0.5390302538871765
0.5132138729095459
0.5365084409713745
0.7440316081047058
0.7177667021751404
0.8192857503890991
0.7370543479919434
0.5980551838874817
0.5227789878845215
0.6323468089103699
0.6258511543273926
0.5328277349472046
0.5145645141601562
0.437273234128952
0.5649212598800659
0.4495871663093567
0.465498685836792
0.49623531103134155
0.5846987962722778
0.6796905994415283
0.6512173414230347
0.5794950723648071
0.4890775978565216
0.5435333251953125
0.648929238319397
0.5617383122444153
0.49020564556121826
0.5490838289260864
0.6607479453086853
0.5987350940704346
0.5500743985176086
0.4792433977127075
0.6400734782218933
0.9296606779098511
1.2812756299972534
1.5043870210647583
1.0227036476135254
1.9675530195236206
2.4491255283355713
1.505103588104248
1.045500636100769
1.2170255184173584
0.9944428205490112
0.9115209579467773
0.7983236312866211
0.5799116492271423
0.8409329056739807
0.7039740085601807
0.8002325296401978
0.9199199080467224
0.9605649709701538
0.7403342127799988
0.824335515499115
0.8311752676963806
0.8062506914138794
0.7695236206054688
0.6093845367431641
0.6599566340446472
0.5925089120864868
0.5937563180923462
0.5842094421386719
0.679845929145813
0.6471239328384399
0.6567747592926025
0.8453316688537598
0.8433793783187866
0.5391537547111511
0.6584407091140747
0.6542693376541138
0.6294877529144287
0.8606714010238647
0.833467960357666
0.9807548522949219
1.2991116046905518
1.1908143758773804
0.7981136441230774
0.6582127809524536
0.717372477054596
0.44688141345977783
0.610236406326294
0.8383738994598389
0.958980917930603
0.9714906215667725
1.2132744789123535
1.1914820671081543
0.953091561794281
0.7622848749160767
0.28396719694137573
0.5744374394416809
1.035887360572815
1.138116478919983
1.07755446434021
0.689124345779419
0.9684345126152039
0.9779331684112549
0.7943035364151001
0.6601177453994751
0.6600574254989624
0.7441647052764893
0.6193586587905884
0.7463768720626831
0.753690242767334
0.72853684425354
1.0966401100158691
1.240557312965393
1.7051998376846313
1.986829400062561
1.1121810674667358
0.768473207950592
0.8414613008499146
0.7468098402023315
0.8144457340240479
0.8177838325500488
0.8502860069274902
0.7309666872024536
0.7655239105224609
0.7125116586685181
0.7604221105575562
0.6584079265594482
0.6712175011634827
0.7915646433830261
0.7732407450675964
0.592972993850708
0.5823781490325928
0.6180580258369446
0.592474102973938
0.5864529013633728
0.4472466707229614
1.1050587892532349
1.5891252756118774
1.313259243965149
0.7590563297271729
0.8188865184783936
1.3590589761734009
1.1752656698226929
0.6124100685119629
0.6317036151885986
0.651229977607727
0.7112433910369873
0.8373781442642212
0.9570215344429016
0.9307937622070312
0.893642783164978
0.7369332909584045
0.5678269863128662
0.6254057884216309
0.7290558815002441
0.553379476070404
0.5573984384536743
0.8413703441619873
0.8522464632987976
0.8157145977020264
0.6706368327140808
0.7249199748039246
0.7975894808769226
0.5572044253349304
0.6463963985443115
0.6147729754447937
0.8230568766593933
0.721864640712738
0.793632984161377
0.6869035959243774
0.9311686754226685
1.0550304651260376
1.1373142004013062
0.8282794952392578
0.5973389148712158
0.6354275941848755
0.7713301181793213
0.9975113868713379
0.9404030442237854
0.9167801737785339
0.715495228767395
0.6083110570907593
0.5758982300758362
0.8047157526016235
1.1257946491241455
0.8282342553138733
0.6448265314102173
0.6037595272064209
0.6862485408782959
0.6207293272018433
0.7068794965744019
0.7088934779167175
0.8614194393157959
0.7381811141967773
0.7457544803619385
0.4806714951992035
0.44337257742881775
0.40803107619285583
0.504557728767395
0.643996000289917
0.7426691055297852
0.797860860824585
0.7088586091995239
0.5744443535804749
0.688606321811676
0.5115131735801697
0.6630237698554993
0.724381148815155
0.6328032612800598
0.6070195436477661
0.5395854711532593
0.5219951868057251
0.46112215518951416
0.503830075263977
0.5450069904327393
0.7018614411354065
0.5942051410675049
0.6761919260025024
0.8067905902862549
0.6904754638671875
0.8571698069572449
0.957120954990387
0.8781219124794006
0.9980216026306152
0.887874960899353
1.1569929122924805
1.53007173538208
1.2247666120529175
1.0310338735580444
1.5136641263961792
2.0214107036590576
2.399744987487793
2.593759298324585
1.3953149318695068
1.1711336374282837
1.1275265216827393
0.9259387850761414
1.108154296875
0.930964469909668
0.6858914494514465
1.194337248802185
1.1473699808120728
0.8163671493530273
0.7463222742080688
0.45026111602783203
0.8483511209487915
1.1201879978179932
1.2468681335449219
1.3860723972320557
1.0816807746887207
0.8189488649368286
0.6764912605285645
0.7215425968170166
0.5716533660888672
0.7578086853027344
0.6813629865646362
0.6062768697738647
0.5575859546661377
0.6339526176452637
0.5159344673156738
1.0321235656738281
1.1487863063812256
0.8832491636276245
0.5823569893836975
0.5600183606147766
0.5667569637298584
0.8722605109214783
1.2847604751586914
1.060842752456665
0.9257106781005859
0.7459749579429626
0.8580291271209717
0.5743048787117004
0.6301860809326172
1.046000361442566
1.4280301332473755
1.2505651712417603
1.0575588941574097
0.6980983018875122
0.5571311712265015
0.791895866394043
1.0000250339508057
0.8121547698974609
0.8080976009368896
0.6347349882125854
0.7592825293540955
0.6920431852340698
0.6810003519058228
0.5377587080001831
0.7490390539169312
0.7199854850769043
0.6089977622032166
0.5661174058914185
0.5591671466827393
0.6623432636260986
0.6272337436676025
0.5384058952331543
0.5410985946655273
0.6488869786262512
0.6148486137390137
0.7274762392044067
0.6224969029426575
0.5912643671035767
0.5506978034973145
0.5689480304718018
0.544530987739563
0.5732583999633789
0.6236079931259155
0.6591182351112366
0.6541650891304016
0.8360813856124878
0.787266731262207
0.799514889717102
0.6584391593933105
0.5992363691329956
0.7483590841293335
0.8407133221626282
0.9679414629936218
1.0562947988510132
0.8798951506614685
0.6189143657684326
0.5003308653831482
0.6697863936424255
0.4838865101337433
0.5311015248298645
0.5015788078308105
0.3723028600215912
0.6804857850074768
1.1342494487762451
1.2063219547271729
0.9879192113876343
0.9520547389984131
0.8630836009979248
0.53819739818573
0.786440372467041
0.9507086277008057
1.3645341396331787
0.9952266216278076
0.9362629652023315
0.7339650392532349
0.5082594156265259
0.5261110067367554
0.7178688645362854
0.649998664855957
0.5752076506614685
0.49244821071624756
0.718375563621521
0.618498682975769
0.6007815599441528
0.583299994468689
0.6755218505859375
0.7419317960739136
0.6988967061042786
1.0641310214996338
1.205493450164795
0.8127470016479492
1.015230417251587
1.4718631505966187
1.281065821647644
1.017197608947754
1.0939593315124512
0.6829690933227539
0.7773066759109497
0.809790849685669
0.5792171955108643
0.6335858702659607
0.6962728500366211
0.5882338881492615
0.628857433795929
0.5082899332046509
0.4654068946838379
0.623653769493103
0.6509914398193359
0.5907601118087769
0.6745517253875732
0.5703870058059692
0.4665874242782593
0.6301223635673523
0.6033007502555847
0.5233207941055298
0.5489512085914612
0.5996845960617065
0.49439388513565063
0.6795181035995483
0.6003901958465576
0.7133578658103943
0.6957826614379883
0.6812676191329956
0.5526101589202881
0.42744752764701843
0.6747511625289917
0.6462423205375671
0.5287079215049744
0.575688362121582
0.5931078791618347
0.5112873315811157
0.6697933077812195
0.6753103137016296
0.5613131523132324
0.4558844566345215
0.47667643427848816
0.6264504194259644
0.9570707082748413
1.1079223155975342
1.4499831199645996
2.176304578781128
1.8115828037261963
1.1406505107879639
2.4718291759490967
2.6718499660491943
1.5088520050048828
1.5763906240463257
1.3601340055465698
1.2990303039550781
0.9896464347839355
0.639055073261261
0.9618504047393799
0.7559048533439636
0.9623575210571289
1.3381133079528809
1.3394042253494263
1.1006243228912354
1.3336725234985352
1.1941847801208496
1.073174238204956
1.091712236404419
0.7317179441452026
0.674492359161377
0.679335355758667
0.8089569807052612
0.7001237869262695
0.7268906831741333
0.9708908200263977
0.7330127954483032
0.6733336448669434
0.8737935423851013
1.0032228231430054
0.9550009369850159
0.6911332011222839
0.5632541179656982
0.5740817785263062
0.615540623664856
0.5314877033233643
0.4369388520717621
0.4745141565799713
0.7175099849700928
0.7889076471328735
0.7199190855026245
1.0131019353866577
1.0630806684494019
0.8587871193885803
0.547489583492279
0.39932605624198914
0.5010536909103394
0.6687355041503906
0.8969136476516724
1.2962017059326172
1.6201666593551636
2.0722687244415283
1.8755953311920166
1.835057258605957
1.6705973148345947
1.6685407161712646
1.3459086418151855
1.553493618965149
1.2865976095199585
0.7951687574386597
0.8483289480209351
0.7962245345115662
1.236393928527832
1.0806950330734253
1.0411872863769531
0.756683886051178
0.9138211011886597
0.8645846843719482
0.885767936706543
0.7376114726066589
0.6574783325195312
0.7520315051078796
0.5382290482521057
0.7902554869651794
0.6411054730415344
0.6980617642402649
0.6802188754081726
0.7163485288619995
0.6583256721496582
0.7839939594268799
0.9230092763900757
0.7288682460784912
0.5948704481124878
0.762491762638092
0.6451702117919922
0.5538733601570129
0.5001364350318909
0.6330665349960327
0.6730223894119263
0.7810266017913818
0.6848472356796265
0.5544599294662476
0.8503409028053284
0.9810247421264648
0.7228127717971802
0.6947388648986816
0.5863939523696899
0.6754746437072754
0.8081569671630859
0.7376852035522461
0.44890034198760986
0.578977644443512
0.6777324080467224
0.6900721788406372
0.5987201929092407
0.6585087776184082
0.7573690414428711
0.7525457739830017
0.6664725542068481
0.6794468760490417
0.5946704149246216
0.6999101638793945
0.458910197019577
0.5685715675354004
0.5124119520187378
0.6054700613021851
0.4712011516094208
0.8170167803764343
0.9022027254104614
0.7561910152435303
0.6207709312438965
0.5564827919006348
0.6733576059341431
0.6652657389640808
0.6215928792953491
0.625664234161377
0.6598221063613892
0.5876097083091736
0.5248042345046997
0.5107280015945435
0.5168569087982178
0.6659867763519287
0.6933457851409912
0.7634409666061401
1.1750773191452026
1.415878415107727
1.0401508808135986
0.6091911196708679
0.5413020849227905
0.6720959544181824
0.5458863973617554
0.5393823981285095
0.5048959255218506
0.674486517906189
0.5040397644042969
0.5214098691940308
0.5417978167533875
0.4729008078575134
0.6814823150634766
0.7045608758926392
0.5479588508605957
0.6492875218391418
0.806479811668396
0.7444191575050354
0.6400924324989319
0.5281203985214233
0.5849652886390686
1.1468204259872437
1.59439218044281
1.825386643409729
1.6251450777053833
2.2269725799560547
2.3622498512268066
0.8747324347496033
0.8151528239250183
0.8388481736183167
1.0520191192626953
0.9107147455215454
0.7866227626800537
0.9067265391349792
1.243560791015625
0.9769648313522339
0.5684731006622314
0.4865701198577881
0.5295766592025757
0.6965481042861938
0.5984125137329102
0.7150884866714478
0.7668759226799011
0.7879360914230347
0.8206565976142883
1.1514639854431152
1.0512406826019287
1.0180416107177734
0.6703165173530579
0.7068421244621277
0.723699152469635
0.5973086953163147
0.7250334024429321
0.7101060152053833
0.7903562784194946
0.553837776184082
0.6100655794143677
0.9735816717147827
0.6824404001235962
0.610573947429657
0.5361407995223999
0.600872278213501
0.5769737958908081
0.6410437822341919
0.5500978231430054
0.7096019983291626
0.9739041328430176
1.0469332933425903
1.561366081237793
1.3485567569732666
1.1908937692642212
1.079243540763855
0.8999195098876953
0.7625964283943176
0.7865455746650696
0.7306901216506958
0.8244917392730713
0.6286600828170776
0.8435802459716797
0.7382855415344238
0.5931481719017029
0.7892171144485474
0.5947076082229614
0.4614127278327942
0.5754722356796265
0.6212178468704224
0.657789409160614
0.5914006233215332
0.9179241061210632
1.0710070133209229
0.6047782301902771
0.6582860946655273
0.6905068755149841
1.2411277294158936
1.067577838897705
0.6721038818359375
0.6036994457244873
0.6486252546310425
0.6912946105003357
0.7753136157989502
0.7397234439849854
0.7473317384719849
0.6355733275413513
0.7076898813247681
0.6913726925849915
0.685927152633667
0.5892002582550049
0.5902493000030518
0.6968516111373901
0.7551460862159729
0.5999011993408203
0.6338989734649658
0.5445013642311096
0.5686667561531067
0.6929271221160889
0.6038756966590881
0.7061743140220642
0.7565351724624634
0.5244093537330627
0.6049689054489136
0.6050502061843872
0.5500744581222534
0.6031059622764587
0.8572631478309631
0.6736344695091248
0.5990248918533325
0.6514613628387451
0.7351105213165283
0.8728645443916321
0.8081931471824646
0.7794289588928223
0.5580840110778809
0.46156930923461914
0.7575380802154541
1.0975903272628784
1.5106513500213623
1.4010214805603027
1.2594544887542725
1.3954006433486938
1.5275542736053467
1.6262381076812744
1.1839207410812378
0.7608320713043213
0.7830266952514648
0.9674864411354065
0.7286608815193176
0.9877713918685913
1.152369499206543
1.0064622163772583
0.9090225696563721
0.7699227333068848
0.8052341938018799
0.781525731086731
0.6448556184768677
0.6151805520057678
0.568436861038208
0.5565611124038696
0.6147518157958984
0.5737199783325195
0.6088141202926636
0.624509871006012
0.5727559328079224
0.5241696238517761
0.6344881057739258
0.5803570747375488
0.6448153257369995
0.6171033382415771
0.5893245339393616
0.553727924823761
0.6031714677810669
0.6721426248550415
0.6796315312385559
0.9146153926849365
0.9945573806762695
0.6426030397415161
0.6493449807167053
0.6691245436668396
0.5874085426330566
0.7484087944030762
0.6972029805183411
0.7934215068817139
1.0550847053527832
0.929581344127655
0.7251031994819641
0.7405324578285217
0.9957840442657471
1.1511845588684082
1.0423784255981445
0.8087669610977173
0.7122071385383606
0.8128916621208191
0.8087054491043091
0.5569919347763062
0.6669410467147827
0.5655386447906494
0.5292020440101624
0.6403384208679199
0.4828471541404724
0.7004725337028503
0.6309984922409058
0.6643390655517578
0.6188523173332214
0.5378775000572205
0.7271326184272766
0.5397069454193115
0.6008802056312561
0.650016725063324
0.9753243923187256
1.3148430585861206
1.5085951089859009
1.5273277759552002
1.4681696891784668
1.5617417097091675
2.250758647918701
1.8033629655838013
1.0404038429260254
0.8093314170837402
0.6882686614990234
0.9351074695587158
0.6616142988204956
0.7339802980422974
0.5217704176902771
0.7636394500732422
0.7710923552513123
0.6807436347007751
0.6967157125473022
0.6080197095870972
0.6323639154434204
0.7611221075057983
0.6979132294654846
0.5450631380081177
0.702305793762207
0.8546565175056458
0.8020059466362
0.8517779111862183
0.6643542051315308
0.6390379667282104
0.5022459626197815
0.5141555070877075
0.5456593036651611
0.6530293226242065
0.6571760177612305
0.5846618413925171
0.7501960396766663
1.0267271995544434
1.0393420457839966
0.7716399431228638
0.5721447467803955
0.613297700881958
0.6025755405426025
0.5363605618476868
0.6089022159576416
0.4780590534210205
0.6522393226623535
0.7001256942749023
0.5961113572120667
0.7304195761680603
0.7770793437957764
1.4454237222671509
1.9278579950332642
1.9559189081192017
3.754953622817993
2.7373855113983154
1.34056556224823
1.1353031396865845
1.1672500371932983
0.882946252822876
0.7564644813537598
0.8693584203720093
1.0465621948242188
0.9277409315109253
0.6453124284744263
0.6052230596542358
0.5965074300765991
0.7783731818199158
1.3142062425613403
1.8377864360809326
1.2805994749069214
0.7657883167266846
0.7894346714019775
0.735848069190979
0.6897321343421936
0.6917259097099304
0.9581395387649536
0.9545426368713379
0.7618435621261597
0.6219652891159058
0.7709812521934509
1.0592164993286133
0.9288730621337891
0.957849383354187
0.6426693201065063
0.6456556916236877
0.5941789150238037
0.8288512229919434
0.8201184272766113
0.8669551014900208
0.8220597505569458
0.6952418684959412
0.49747174978256226
0.5759183764457703
0.6014010310173035
0.6716167330741882
0.687463641166687
0.5803518891334534
0.5266547203063965
0.6998723745346069
0.7949402332305908
0.7021417617797852
0.9527944326400757
1.2162429094314575
0.8411923050880432
0.6729143857955933
0.8177782297134399
0.8197580575942993
0.5442911982536316
0.6105755567550659
0.7153523564338684
0.6477001905441284
0.6900774240493774
0.5319929122924805
0.36386239528656006
1.2082329988479614
0.9984987378120422
1.2388046979904175
0.8194295763969421
0.8061287999153137
0.8036760091781616
0.7398502230644226
0.6970658898353577
0.7888923287391663
0.715691089630127
0.676907479763031
0.6514116525650024
0.6865091323852539
0.7025565505027771
0.7650176286697388
0.7153939008712769
0.5727945566177368
0.5973485708236694
0.5850769281387329
0.5320860147476196
0.6480851173400879
1.2128335237503052
1.2846397161483765
0.7030126452445984
0.715296745300293
0.8389190435409546
0.8799742460250854
0.7946750521659851
0.816903829574585
0.8040751218795776
0.8462859392166138
0.7832947969436646
0.5710164308547974
0.5480347871780396
0.728628396987915
0.7747470736503601
0.7831015586853027
0.7883497476577759
0.602348804473877
0.47497349977493286
0.7532616257667542
0.6834503412246704
0.6112445592880249
0.47206389904022217
0.6491856575012207
0.5554118752479553
0.6251682639122009
0.8522939682006836
0.6968515515327454
0.5373132228851318
0.5951831936836243
0.6466327905654907
0.5869125127792358
0.7098913788795471
0.5809371471405029
0.5940121412277222
0.7054210901260376
0.5664101839065552
0.5604034662246704
0.6280850172042847
0.5396297574043274
0.5743423104286194
0.5027244091033936
0.48622918128967285
0.5415832996368408
0.5266658067703247
0.5364611148834229
0.5196028351783752
0.525650680065155
0.45905768871307373
0.5108765959739685
0.5369006991386414
0.5835303664207458
0.5650617480278015
0.700985312461853
0.8708789348602295
0.9975622296333313
0.9049474000930786
0.8478488326072693
0.854642391204834
0.4663209915161133
0.5223340392112732
0.7681291103363037
0.742261528968811
0.9547309875488281
1.321812391281128
2.176327705383301
1.511885404586792
1.5816590785980225
1.4330302476882935
1.0996407270431519
0.7882934212684631
0.8762449026107788
1.3242520093917847
1.6099522113800049
1.2686794996261597
0.9370945692062378
1.0538052320480347
0.8610670566558838
0.7462260723114014
0.5778548121452332
0.7057931423187256
0.7447763681411743
0.9057116508483887
1.352031946182251
1.615964412689209
0.9585691094398499
1.2148070335388184
1.3713743686676025
1.1613441705703735
0.7701345682144165
0.6707438230514526
0.6132427453994751
0.6232552528381348
0.7478724122047424
0.78009033203125
0.7946010231971741
1.2402304410934448
0.9198184013366699
1.1179757118225098
0.9081939458847046
0.722154974937439
0.7769358158111572
0.7364609837532043
0.6349097490310669
0.8345006704330444
0.9137631058692932
0.8162648677825928
0.7678378224372864
0.7349026799201965
0.6784927248954773
0.7162380218505859
0.6084095239639282
0.6009198427200317
0.5082777738571167
0.8173087239265442
0.9230415225028992
1.000643014907837
0.7666077613830566
0.5574643611907959
0.4958033859729767
0.6477321982383728
0.6575437784194946
0.6048563718795776
0.5654847025871277
0.5783575773239136
0.9514710307121277
0.6523661613464355
0.6167036294937134
0.5499893426895142
0.631148099899292
0.6967166662216187
0.6261432766914368
0.7167049646377563
0.880072295665741
0.8433786034584045
0.626071035861969
0.4520702362060547
0.6964132189750671
0.564571738243103
0.4667842984199524
0.7166459560394287
0.7594039440155029
0.8708985447883606
0.7300997376441956
0.44957032799720764
0.45233461260795593
0.5190156698226929
0.5810051560401917
0.5852406620979309
0.7056741118431091
0.9230906963348389
0.6573878526687622
0.9737265706062317
1.4708198308944702
1.9665428400039673
2.362771511077881
3.313188076019287
3.137930154800415
1.6606411933898926
1.2581298351287842
1.010277271270752
0.8778514266014099
0.9422809481620789
1.3069260120391846
1.350930094718933
1.2966794967651367
1.175687551498413
0.9459092020988464
1.015545129776001
0.8162353038787842
0.7979592680931091
0.8947070837020874
0.9677691459655762
0.7566176056861877
0.6917504668235779
0.5216846466064453
0.8993122577667236
0.6956288814544678
0.621116042137146
0.7349545955657959
0.8352611064910889
0.6662778258323669
0.6429300308227539
0.6647121906280518
0.6821421384811401
0.6101434230804443
0.6209995746612549
0.6378828287124634
0.6128289699554443
0.6250702142715454
0.6094473004341125
0.7764586806297302
0.9189640283584595
0.8753872513771057
0.9339083433151245
0.7593730688095093
0.7031211853027344
0.5436099171638489
0.6056172847747803
0.7155730128288269
0.766216516494751
0.6814700961112976
0.46863365173339844
0.4182843565940857
0.6730948686599731
0.6968875527381897
1.0648589134216309
1.5990188121795654
1.2434723377227783
1.9620614051818848
1.9916198253631592
1.1608113050460815
0.7763309478759766
0.889716625213623
0.9238939881324768
1.205113172531128
1.1656782627105713
1.097822904586792
0.7227832078933716
0.7629728317260742
0.6828886866569519
0.7435386180877686
0.6292889714241028
0.658705472946167
0.5457315444946289
0.6737102270126343
0.8131352663040161
0.6564604043960571
0.6400136351585388
0.7028346061706543
0.8783944845199585
1.053386926651001
0.7452939748764038
0.8625037670135498
0.7222732305526733
0.662137508392334
0.6135916113853455
0.6286168098449707
0.6081278324127197
0.6456796526908875
0.7099945545196533
0.47922658920288086
0.5877088308334351
0.4619114398956299
0.5600387454032898
0.47758808732032776
0.5976618528366089
0.6720818281173706
0.6570715308189392
0.5426366329193115
0.6999784111976624
0.6565624475479126
0.7197005152702332
0.6319043040275574
0.5802382826805115
0.4286392033100128
0.6735217571258545
0.9379404783248901
1.1969352960586548
1.0100589990615845
0.9280217885971069
0.8808861374855042
0.6605883240699768
0.5397688150405884
0.6572420597076416
0.5808597803115845
0.6541227102279663
0.6134316921234131
0.5392372608184814
0.6812484264373779
0.6409682035446167
0.6885849237442017
0.5817930698394775
0.49768030643463135
0.6618411540985107
0.7919954061508179
0.7929289937019348
0.7257289886474609
0.5429357290267944
0.5960003733634949
0.6157089471817017
0.5601283311843872
0.7110550403594971
0.6955785155296326
0.49501878023147583
0.49117720127105713
0.7806679606437683
0.7803683280944824
0.649330735206604
0.6943514943122864
0.5839844942092896
0.7850897312164307
0.6005516648292542
0.5369842648506165
0.7011526823043823
0.7109411954879761
0.7231982946395874
0.6729193925857544
0.8023743629455566
0.8247874975204468
0.7521152496337891
0.531366229057312
0.6563278436660767
0.5047919750213623
0.5459909439086914
0.6205072402954102
0.752311646938324
0.7693252563476562
0.9231158494949341
0.7699120044708252
0.5355607271194458
0.6580452919006348
0.5196781158447266
0.6670162081718445
0.7041208744049072
0.5359261631965637
0.562026858329773
0.5426095724105835
0.516488790512085
0.8437724113464355
0.6415610909461975
0.55572909116745
0.5640100240707397
0.551929771900177
0.6219755411148071
0.67729252576828
0.7026046514511108
0.5462437868118286
0.49682486057281494
0.5690875053405762
0.5455208420753479
0.5368045568466187
0.6506527662277222
0.5201597213745117
0.7635350823402405
0.7653536200523376
0.8732098340988159
1.2416696548461914
1.3971461057662964
2.606828212738037
4.350872993469238
2.381138563156128
2.8907225131988525
2.347587823867798
1.2453373670578003
0.9212154150009155
0.90372234582901
0.752659797668457
0.9120821952819824
1.0148394107818604
0.8715813755989075
0.7808618545532227
0.4221504330635071
0.6982259750366211
0.5923497676849365
0.9778820276260376
0.7339306473731995
0.8772733211517334
0.5807362794876099
0.794236421585083
0.8827986717224121
0.5389488935470581
0.5232056975364685
0.7914870977401733
0.7175832986831665
0.6876925230026245
0.7533612251281738
0.7612980604171753
0.69225013256073
0.5349315404891968
0.5507439970970154
0.6347364187240601
0.5726866126060486
0.5527459979057312
0.6958836913108826
0.7086828947067261
0.7574263215065002
0.792194128036499
0.7680007219314575
0.6743557453155518
0.5958518981933594
0.6118572950363159
0.6415427923202515
0.721470057964325
0.6945752501487732
0.6693555116653442
0.731824517250061
0.8176443576812744
0.6336867213249207
0.7733464241027832
0.8538870811462402
1.0437737703323364
0.9466330409049988
0.96546471118927
1.0080838203430176
0.822664201259613
0.5850236415863037
0.6499244570732117
0.5870953798294067
0.5720123052597046
0.6321529150009155
0.57987380027771
0.6908115744590759
0.6280850172042847
0.4373131990432739
0.5112290382385254
0.5859780311584473
0.5333768129348755
0.611453652381897
0.5059096813201904
0.7132148742675781
0.7081032991409302
0.6202957630157471
0.8785642981529236
1.0282191038131714
0.8469520807266235
0.8306275606155396
0.6957371234893799
0.5208005905151367
0.6081528067588806
0.685836911201477
0.5237336754798889
0.7997045516967773
1.1555801630020142
1.2429349422454834
0.890863835811615
0.6263788938522339
1.314727544784546
1.995506763458252
1.7547684907913208
2.0431344509124756
1.3291561603546143
1.162400484085083
1.427382469177246
1.9653213024139404
2.151251792907715
1.5050959587097168
0.8412624597549438
0.7443599700927734
0.9834058284759521
0.7674788236618042
0.63186115026474
0.646510899066925
0.4307083785533905
0.8118256330490112
1.0155130624771118
1.058544397354126
0.8820770978927612
0.5870347619056702
0.7072475552558899
0.7675963640213013
0.7227734923362732
0.8826671838760376
0.6054601073265076
0.5966830253601074
0.8128793239593506
0.5466969609260559
0.6024839878082275
0.5308693051338196
0.5475937128067017
0.5473352074623108
0.7420381307601929
0.6550189256668091
0.8071276545524597
1.0675249099731445
1.6764514446258545
1.9366518259048462
1.6337422132492065
2.3990871906280518
2.1154942512512207
1.4124655723571777
1.11105477809906
1.082257628440857
0.8746310472488403
0.9032487869262695
0.8528843522071838
0.7532438039779663
0.8553647994995117
0.7407870888710022
1.0026891231536865
1.0042222738265991
0.48087039589881897
0.7240645885467529
0.8935228586196899
0.8564293384552002
0.6940798163414001
0.6463547945022583
0.7519403696060181
0.8958761096000671
0.7266386151313782
0.6222424507141113
0.538138747215271
0.6120598912239075
0.6578840017318726
0.7658087015151978
0.8060691952705383
0.6479342579841614
0.6340836882591248
0.5237053632736206
0.565407931804657
0.5855482816696167
0.563937783241272
0.6542100310325623
0.5997692346572876
0.6931780576705933
0.6008948087692261
0.6093403697013855
0.5662063360214233
0.46264493465423584
0.6457970142364502
0.5456494092941284
0.7959274053573608
0.7102840542793274
0.5461997389793396
0.43996065855026245
0.4994505047798157
0.5032825469970703
0.5584409832954407
0.7174866199493408
0.959380567073822
0.9403074979782104
0.8371023535728455
0.7692129611968994
0.7311064600944519
0.737553596496582
0.7455891966819763
0.702241063117981
0.6511869430541992
0.6886435151100159
0.6521051526069641
0.6201078295707703
0.5125668048858643
0.5036928653717041
0.5231562852859497
0.5957221984863281
0.6877447962760925
0.7925189137458801
0.8055456876754761
0.5542131662368774
0.5572054386138916
0.6096490025520325
0.7053824663162231
1.0863674879074097
1.0239222049713135
0.757319986820221
0.8033990263938904
0.7887741327285767
0.619171142578125
0.7013431787490845
0.7398145198822021
0.7170369625091553
0.5411640405654907
0.6564977169036865
0.8458050489425659
0.8210146427154541
0.6094095706939697
0.5235720872879028
0.5402417182922363
0.4641180634498596
0.45961594581604004
0.4641369879245758
0.5439298748970032
0.5257643461227417
0.45777496695518494
0.4069857597351074
0.49395766854286194
0.7005842924118042
0.7315453290939331
0.48790615797042847
0.40845876932144165
0.6606453657150269
0.6341284513473511
0.6384025812149048
0.6869388818740845
0.5426462888717651
0.695307731628418
0.6880797743797302
0.7209519743919373
0.9507953524589539
1.1910039186477661
1.5427013635635376
1.7606028318405151
1.829345464706421
1.6688514947891235
1.112099289894104
0.7248598337173462
0.7167086601257324
0.6312280893325806
0.5410302877426147
0.8310542106628418
0.7207337617874146
0.8129806518554688
0.7384013533592224
0.6897459626197815
0.802395224571228
0.46679818630218506
0.5825804471969604
0.5187042951583862
0.5403815507888794
0.41167905926704407
0.5239229798316956
0.6530609130859375
0.5221375823020935
0.6063991785049438
0.5945361852645874
0.9502836465835571
1.1333082914352417
0.946750283241272
0.5928750038146973
0.4901922345161438
0.7944915294647217
1.1036033630371094
0.8205071091651917
0.8495302200317383
0.7656445503234863
0.7391043305397034
0.6648836731910706
0.6780648827552795
0.6650675535202026
0.6937028765678406
0.7760048508644104
0.6466607451438904
0.6307199597358704
0.9089710116386414
1.011218786239624
1.4412031173706055
1.1837856769561768
1.0255502462387085
1.1353226900100708
1.0700510740280151
0.6865493655204773
0.9271764755249023
0.5097017884254456
0.716907799243927
0.9119779467582703
0.6261885166168213
0.9298979043960571
0.842485785484314
1.2250585556030273
1.7566614151000977
0.9451951384544373
0.752534806728363
0.8839477300643921
0.7660139799118042
0.6063104867935181
0.5420951247215271
0.5586928129196167
0.7480887770652771
0.5596532225608826
0.8341599702835083
1.1017744541168213
1.0153013467788696
0.7786244750022888
0.6785481572151184
0.7197688817977905
0.7351564168930054
0.7824633121490479
0.5619308948516846
0.5493571758270264
0.5533081889152527
0.6981610059738159
0.6690236926078796
0.44080817699432373
0.6978994011878967
1.0820951461791992
0.897116482257843
0.7380779981613159
0.6232047080993652
0.9583413004875183
1.067358374595642
0.844975471496582
0.8221533298492432
0.7875522971153259
0.665492057800293
0.6284432411193848
0.6958780288696289
0.8599919676780701
0.560604453086853
0.4899592995643616
0.8273304104804993
0.7382115721702576
0.6194123029708862
0.574964702129364
0.6699139475822449
0.5541863441467285
0.6108087301254272
0.5645180940628052
0.6524264812469482
0.6917557716369629
0.6307834386825562
0.5704646706581116
0.46436572074890137
0.6217444539070129
0.6939095854759216
0.6788316965103149
0.6799558401107788
0.6873177886009216
0.5415858030319214
0.5139287114143372
0.6090074777603149
0.5556979179382324
0.6127305030822754
0.615612268447876
1.0894792079925537
1.2211835384368896
1.070969581604004
0.67745041847229
0.4515230059623718
0.5073059797286987
0.6300579309463501
0.728815495967865
0.6154483556747437
0.6770683526992798
0.7188585996627808
0.6248407363891602
0.6075863242149353
0.4387737810611725
0.580733060836792
0.4667530059814453
0.5830502510070801
0.4770249128341675
0.5488012433052063
0.49390965700149536
0.6492033004760742
0.46427488327026367
0.5248019099235535
0.685644268989563
0.6473991870880127
0.6864479184150696
0.786400556564331
0.8635410070419312
0.7958696484565735
1.0058443546295166
1.1790051460266113
1.15819251537323
0.7178307771682739
0.9734699130058289
0.8065627217292786
0.6506412625312805
0.643450915813446
0.656086266040802
0.5763818025588989
0.7175952196121216
0.571952223777771
0.8257958889007568
0.9253131151199341
1.02251398563385
1.0380886793136597
1.125548005104065
1.3680692911148071
1.1167516708374023
0.9913829565048218
0.8892092108726501
0.6946037411689758
0.59769606590271
0.6249150633811951
0.8340305685997009
0.8404826521873474
0.8738893270492554
0.6291399002075195
0.576585590839386
0.4813280403614044
0.6615549921989441
0.6837757229804993
0.7175232172012329
0.7085567712783813
0.719619870185852
0.7038151025772095
0.7069419622421265
1.0418034791946411
1.131428837776184
1.4182977676391602
1.3431661128997803
0.7959809899330139
0.6695407629013062
0.719692587852478
1.2640936374664307
1.0639930963516235
0.8898775577545166
1.0068707466125488
0.8208615779876709
0.6857774257659912
0.5393075942993164
0.658439040184021
0.8515814542770386
0.9969215989112854
0.7576925158500671
0.6675374507904053
0.610039472579956
0.5077351331710815
0.6096363067626953
0.6029016375541687
0.593025803565979
0.6189013123512268
0.48311668634414673
0.5558530688285828
0.4983031749725342
0.5419747829437256
0.6764212846755981
0.5917781591415405
0.5699830055236816
0.745391845703125
0.9588956832885742
0.9909889101982117
0.7534166574478149
0.6716686487197876
0.6975898146629333
0.7019079923629761
0.6523070335388184
0.7144157290458679
0.6478890180587769
0.5208497643470764
0.525777280330658
0.4467927813529968
0.8293943405151367
0.6445808410644531
0.46437203884124756
0.4438362717628479
0.5345989465713501
0.5158349871635437
0.7593335509300232
0.9545331597328186
0.8280851244926453
0.6545251607894897
0.6092593669891357
0.5071706771850586
0.5851404666900635
0.6901201009750366
0.4657796025276184
0.5228867530822754
0.6195498108863831
0.5633556246757507
0.8332076668739319
1.1963292360305786
1.5755999088287354
1.322890043258667
1.5885621309280396
1.6425992250442505
1.0203427076339722
1.0504120588302612
1.7050390243530273
1.1773780584335327
1.1480529308319092
1.7401984930038452
1.7107983827590942
1.651379942893982
1.046091914176941
0.9618785381317139
1.288257360458374
1.299501657485962
1.0197972059249878
0.7613834738731384
1.0270142555236816
1.1640279293060303
0.6888760328292847
0.5384552478790283
0.6757218837738037
0.6114183664321899
0.7016299962997437
0.677516758441925
0.6801685690879822
0.505046010017395
0.6772570610046387
0.7953274250030518
0.6568301320075989
0.6334562301635742
0.5762319564819336
0.709036648273468
0.5230864882469177
0.62496018409729
0.5773242115974426
0.6508017778396606
0.591960072517395
0.6101717352867126
0.6581106185913086
0.5979466438293457
0.46926775574684143
0.5065910816192627
0.6380947828292847
0.6796579957008362
0.7677934765815735
0.820340096950531
0.6730693578720093
0.557653546333313
0.5098426938056946
0.8828305006027222
0.8059208989143372
0.8067278861999512
0.6670793294906616
0.8831266760826111
1.062872052192688
0.8755115866661072
0.6961331367492676
0.6799015998840332
0.6281208992004395
0.6378698945045471
0.6628983020782471
0.663768470287323
0.7628938555717468
0.8859158754348755
0.9579341411590576
0.6180666089057922
0.5266227126121521
0.735335111618042
0.9169858694076538
1.3356437683105469
1.0071289539337158
0.6021620035171509
0.9573737382888794
1.093301773071289
1.4587599039077759
1.890280842781067
2.8575856685638428
2.2817389965057373
1.4790266752243042
1.6506550312042236
2.181687355041504
1.5529680252075195
0.9106203317642212
0.7618553638458252
0.8280856013298035
1.1733200550079346
0.9876307249069214
0.718600869178772
0.6906188726425171
0.6982018947601318
0.7737995386123657
0.6043403148651123
0.6589115858078003
0.6850917339324951
0.7210592031478882
0.6444123387336731
0.6000494956970215
0.5580046772956848
0.5690014362335205
0.5729464292526245
0.599306583404541
0.6872674226760864
0.6082747578620911
0.6503232717514038
0.4758620858192444
0.4910587668418884
0.4755837321281433
0.8584311604499817
1.0743579864501953
0.7640957236289978
0.575374960899353
0.5926873087882996
0.8308285474777222
0.5761687755584717
0.6014889478683472
0.5618584156036377
0.5220135450363159
0.7762913703918457
0.5563054084777832
0.5600239038467407
0.44088560342788696
0.6231173872947693
0.5646023750305176
0.6611030697822571
0.7582288980484009
0.6646279096603394
0.5191620588302612
0.5695154666900635
0.7235733270645142
0.8120129108428955
0.6734707951545715
0.4873964190483093
0.500120222568512
0.5287021994590759
0.7411659955978394
0.8102594017982483
1.0196192264556885
1.00979483127594
0.7927318215370178
0.6854052543640137
0.6772444248199463
0.6264784336090088
0.6862726211547852
0.6000344157218933
0.7606614828109741
0.6737120747566223
0.841123640537262
0.8089385032653809
0.7162190675735474
0.583296537399292
0.5709214806556702
0.6968266367912292
0.6953654885292053
0.7644168734550476
0.649676501750946
0.7101163864135742
1.0460399389266968
1.1678844690322876
1.4676681756973267
1.3539186716079712
1.040838599205017
0.7813808917999268
0.43205350637435913
0.5874775648117065
0.747886061668396
0.6658406853675842
0.649490475654602
0.7367156744003296
0.880550742149353
0.8951297998428345
0.7548828125
0.5422303676605225
0.44753652811050415
0.65923011302948
1.0038697719573975
1.2420189380645752
1.2639551162719727
1.0918477773666382
0.925380289554596
0.5411430597305298
0.7442864179611206
0.9098504781723022
0.8217865228652954
0.8673346638679504
0.48271095752716064
0.666484534740448
0.7792780995368958
0.7142171859741211
0.9199670553207397
0.8836678862571716
0.8199334144592285
0.7372806072235107
0.6411967873573303
0.5387097597122192
0.5754790306091309
0.8888112306594849
0.7878038883209229
0.7657945156097412
0.6692780256271362
0.7387800812721252
0.7463935017585754
0.6407265663146973
0.6056292653083801
0.5575659275054932
0.5244338512420654
0.5273934602737427
0.5702610611915588
0.47202247381210327
0.5535813570022583
0.6745412945747375
0.6280250549316406
0.4934149384498596
0.5240339636802673
0.5845884084701538
0.6469128727912903
0.576882541179657
0.5643765926361084
0.5725820064544678
0.5281994342803955
0.4766680598258972
0.8697127103805542
0.986361026763916
1.268556833267212
1.4794061183929443
1.098030924797058
0.8974088430404663
0.9682702422142029
0.8104112148284912
0.6920585632324219
0.6812562942504883
0.7730875611305237
0.8524913787841797
0.8496792316436768
0.6839786171913147
0.7209032773971558
0.7513002157211304
0.5691347122192383
0.5800164937973022
0.5063869953155518
0.5193043351173401
0.4693748950958252
0.48260366916656494
0.6203415393829346
0.6945662498474121
0.7566702365875244
0.8088284730911255
0.9443231225013733
1.1839014291763306
1.0044546127319336
1.0582611560821533
1.1675045490264893
0.8495094180107117
1.0865519046783447
0.8345755338668823
0.8636834621429443
0.5045554637908936
0.6138778924942017
0.6419675350189209
0.6911038160324097
0.6601868271827698
0.6749679446220398
0.8056170344352722
0.5330080986022949
0.6398638486862183
0.5472482442855835
0.5729540586471558
0.5015777349472046
0.43225961923599243
0.5867772698402405
0.9100470542907715
0.9565024971961975
0.8639609813690186
0.5121983289718628
0.42726531624794006
0.5264803171157837
0.6990107893943787
0.8491176962852478
0.8738281726837158
0.9223306775093079
0.9677575826644897
0.8266040086746216
0.5779962539672852
0.4728098511695862
0.6053954362869263
0.5540978908538818
0.6836287975311279
0.6973037719726562
0.5561429262161255
0.43967798352241516
0.6725139617919922
0.5893462896347046
1.0218688249588013
0.6960016489028931
0.6871177554130554
0.669614315032959
0.7236542701721191
0.6549136638641357
0.6492483019828796
0.6767265796661377
0.6033380031585693
0.6444966793060303
0.5314710140228271
0.6083014607429504
0.6263676881790161
0.7907143831253052
0.7995591759681702
0.7117756605148315
0.7912800312042236
0.6223771572113037
0.5501624345779419
0.7049745321273804
0.7108144760131836
0.5500128865242004
0.6233901977539062
0.5954002141952515
0.6147336959838867
0.5073633193969727
0.48830646276474
0.6575851440429688
0.5429673194885254
0.659124493598938
0.57399982213974
0.5840799808502197
0.47874003648757935
0.7018030881881714
0.6306278705596924
0.6373680830001831
0.6680806875228882
0.544364333152771
0.5688221454620361
0.5897908806800842
0.47128891944885254
0.5123629570007324
0.7173188328742981
0.4859651029109955
0.5495684742927551
0.7077677249908447
0.9295684099197388
1.1245357990264893
1.1080551147460938
1.4335554838180542
1.623106837272644
1.613031029701233
1.6177213191986084
2.5719449520111084
2.879605531692505
3.3482577800750732
3.1333372592926025
2.0064687728881836
1.8505849838256836
2.296626091003418
1.8054792881011963
1.1434890031814575
1.1190139055252075
0.8794159889221191
0.8471136093139648
1.1974204778671265
1.0177733898162842
0.704147219657898
0.8980597257614136
0.9185073971748352
0.6986587047576904
0.7661903500556946
0.7157642245292664
0.8922916650772095
0.7851162552833557
0.77919602394104
0.8839190006256104
0.4736376404762268
0.6493321061134338
0.6460515260696411
0.6131280660629272
0.6113638877868652
0.602975606918335
0.7828875780105591
0.6701357364654541
0.6606285572052002
0.8415428996086121
0.8065615892410278
0.4819906949996948
0.6255444884300232
0.6089422702789307
0.7983341217041016
0.7988153696060181
0.8865528702735901
0.724089503288269
0.685857355594635
0.709597110748291
0.7587755918502808
0.7032502889633179
0.6479260921478271
0.5706822276115417
0.4345078468322754
0.6526409387588501
0.8039315938949585
0.8621872663497925
0.9384601712226868
0.5605207085609436
0.5810728073120117
0.5465812683105469
0.5529706478118896
0.5784270167350769
0.563163161277771
0.6233827471733093
0.6530501246452332
0.6161737442016602
0.7630395889282227
0.7176048755645752
0.6480008959770203
0.44486120343208313
0.4610874056816101
0.565481960773468
0.8626701831817627
0.7228597402572632
0.8099231123924255
0.5834267139434814
0.5357613563537598
0.631927490234375
0.6146256923675537
0.6505588293075562
0.683354914188385
0.5405235290527344
0.5310239791870117
0.4716375470161438
0.6238654255867004
0.6119855046272278
0.5520607233047485
0.6904555559158325
0.8494330048561096
1.2017414569854736
1.2175971269607544
1.0462276935577393
0.8347863554954529
0.5658320188522339
0.5251564979553223
0.5758694410324097
0.559978723526001
0.5615832209587097
0.6634700298309326
0.6149949431419373
0.6085736751556396
0.6617988348007202
0.6651536226272583
0.49895569682121277
0.43639498949050903
0.7105692028999329
0.7563169002532959
0.9513144493103027
0.8474953770637512
0.590315580368042
0.4899899661540985
0.5454341173171997
0.4220024347305298
0.4796368181705475
0.6973496079444885
0.7166318893432617
0.8515715003013611
1.0800187587738037
1.233238697052002
2.3479316234588623
2.8863158226013184
1.3056237697601318
1.8798584938049316
2.375431776046753
1.7250758409500122
1.5275051593780518
1.239286184310913
0.9137912392616272
0.8614668250083923
0.6760706901550293
0.6815115213394165
0.6271674036979675
0.7031924724578857
1.1183576583862305
0.8101856708526611
0.678382396697998
0.7042957544326782
0.6524075269699097
0.7023405432701111
0.7759459614753723
0.48858773708343506
0.5856136679649353
0.8612328767776489
0.921466588973999
0.9143860340118408
0.6133918762207031
0.7303882241249084
0.7820565700531006
0.6893538236618042
0.5886282920837402
0.6391172409057617
0.5502262115478516
0.5419350266456604
0.6719542741775513
0.9266327619552612
0.6958155632019043
0.5088980793952942
0.6967983245849609
0.5997456312179565
0.43167996406555176
0.5582691431045532
0.7831583023071289
0.5177513957023621
0.6820801496505737
0.6142592430114746
0.527062714099884
0.49818333983421326
0.5012071132659912
0.44522568583488464
0.6861591339111328
0.8616674542427063
0.9513987302780151
0.823613166809082
0.5775036811828613
0.5121480226516724
0.5193623304367065
0.6235519647598267
0.5467771291732788
0.6838653087615967
0.730215311050415
0.537872850894928
0.5632586479187012
0.62482750415802
0.810275673866272
0.7355458736419678
0.5572330951690674
0.48765668272972107
0.7177826166152954
0.5319477319717407
0.4661690294742584
0.6685938835144043
0.5791960954666138
0.8097694516181946
0.5845791101455688
0.5145458579063416
0.4945439100265503
0.49666231870651245
0.48081815242767334
0.49959272146224976
0.5242931842803955
0.5017509460449219
0.47752630710601807
0.38936230540275574
0.9290249347686768
0.9833918809890747
1.399330496788025
1.781200885772705
1.6789863109588623
1.3818491697311401
0.8203091025352478
0.7382435202598572
0.5848520398139954
0.7200236320495605
0.7902819514274597
0.5037451982498169
0.5425981283187866
0.7599421143531799
0.6364607214927673
0.7745199203491211
0.6421627402305603
0.6040456295013428
0.6268145442008972
0.6131169199943542
0.7493367195129395
0.4982147514820099
0.6291419863700867
0.5492732524871826
0.6444022059440613
0.6347476243972778
0.71803218126297
0.7108131647109985
0.6620021462440491
0.6730462312698364
0.46098464727401733
0.6243062019348145
0.46922558546066284
0.6136115789413452
0.7074204087257385
0.7711943984031677
0.8734282851219177
0.6264218091964722
0.7486742734909058
0.7721078991889954
0.6019845604896545
0.5397758483886719
0.5312343835830688
0.7006963491439819
0.9399580955505371
0.8415358662605286
0.6194449663162231
0.6405614614486694
0.7203560471534729
0.7708300948143005
0.6124048829078674
0.5204483270645142
0.6362606883049011
1.0429655313491821
1.4917874336242676
1.8540244102478027
1.491280436515808
0.9025998711585999
0.8665599226951599
0.9372425079345703
0.8980866074562073
0.7147818803787231
1.0728702545166016
0.6891341209411621
0.7421637773513794
0.6852754950523376
0.8910394310951233
0.6233867406845093
0.5607414245605469
0.5599814653396606
0.6788736581802368
0.6317765712738037
0.6268400549888611
0.4720832109451294
0.5174751281738281
0.6220628023147583
0.6854648590087891
0.6269815564155579
0.5906887054443359
0.6731325387954712
0.4465595483779907
0.7109220027923584
0.8482767939567566
0.7940249443054199
0.6355580687522888
0.5583499670028687
0.5379081964492798
0.6343051195144653
0.6602877378463745
0.5572054982185364
0.6249644756317139
0.507575511932373
0.507064700126648
0.7279924154281616
0.7785230875015259
0.6508781909942627
0.6285350918769836
0.5513116121292114
0.6445011496543884
0.5945202708244324
0.7562283277511597
0.7754970192909241
0.8749960660934448
0.7243289351463318
0.5815702080726624
0.531262993812561
0.6745456457138062
0.5544636845588684
0.6246296167373657
0.45442524552345276
0.6110128164291382
0.5170479416847229
0.7228628993034363
0.8176969289779663
0.8308163285255432
0.8221020698547363
1.0775394439697266
1.4264881610870361
1.4688513278961182
1.0234534740447998
0.677303671836853
0.6960710883140564
0.8486254811286926
0.9460135102272034
0.9804161190986633
0.9960750937461853
0.9409346580505371
0.8833045959472656
0.7185729146003723
0.7543285489082336
0.7456347942352295
0.7375839352607727
0.6046048402786255
0.5834307670593262
0.7120906114578247
0.6133378744125366
0.7683607339859009
0.8390332460403442
0.6285331845283508
0.5360830426216125
0.5443064570426941
0.7514720559120178
0.7585184574127197
0.8292951583862305
1.3286011219024658
1.8195055723190308
1.1529388427734375
0.9024644494056702
1.0601860284805298
0.9450043439865112
0.6952806711196899
0.789848268032074
0.9386433959007263
1.0088063478469849
0.8764077425003052
0.830303430557251
0.7878828644752502
0.7806397676467896
0.832983136177063
0.9860010743141174
0.9641903638839722
0.6713874340057373
0.6194612979888916
0.6224880218505859
0.6977907419204712
0.8393282294273376
0.6164165735244751
0.5702027678489685
0.5493670105934143
0.5484535694122314
0.519779622554779
0.4268361032009125
0.6675393581390381
0.7319008111953735
0.7083911895751953
0.6258180737495422
0.6075740456581116
1.3079530000686646
0.9544358253479004
0.8432822227478027
0.7603614330291748
0.4733264446258545
0.4975675344467163
0.6026656627655029
0.8006945848464966
0.6222542524337769
0.7393349409103394
0.6090307831764221
0.6627388000488281
0.7530354857444763
0.5400480628013611
0.5310829877853394
0.45082858204841614
0.5107303857803345
0.5839611291885376
0.5391818284988403
0.4338117837905884
0.6272260546684265
0.4891664981842041
0.5777654647827148
0.6933145523071289
0.8285784721374512
1.1295005083084106
1.1953096389770508
1.1788300275802612
1.1438312530517578
1.5935674905776978
1.5657196044921875
0.5766045451164246
0.6818722486495972
1.1390266418457031
1.6377060413360596
1.1172336339950562
1.33392333984375
1.320750117301941
0.9272736310958862
0.8326401114463806
0.8084489703178406
0.8139141798019409
1.328575611114502
1.4961384534835815
0.9791255593299866
0.5133463144302368
0.49076664447784424
0.9522725343704224
1.2816624641418457
0.9485691785812378
1.2644122838974
1.7776176929473877
1.4246339797973633
1.2195236682891846
1.047590732574463
0.5605673789978027
1.145887851715088
1.4892908334732056
1.404388189315796
0.779468297958374
0.6720587611198425
0.802462100982666
0.7230260372161865
0.8977866172790527
0.99800705909729
0.6012310981750488
0.5395508408546448
0.7984741926193237
0.6592596769332886
0.7450329065322876
0.6144989728927612
0.6321197748184204
0.6638126969337463
0.6140384078025818
1.1441750526428223
1.2992959022521973
0.6680454611778259
0.36869126558303833
0.7470551133155823
0.6190745234489441
0.6591497659683228
0.644461452960968
0.8207188844680786
0.861941933631897
0.9180704355239868
0.6581193804740906
0.6221970319747925
0.49698951840400696
0.7601571083068848
0.6512498259544373
0.7186345458030701
0.5199215412139893
0.5975726842880249
0.4759220480918884
0.6944705843925476
0.5631449222564697
0.7237505316734314
0.7909039258956909
1.0705232620239258
1.2776210308074951
0.9221607446670532
0.8219824433326721
0.7227070331573486
0.7919939160346985
0.9295462369918823
0.4321974515914917
0.706120491027832
0.7649831175804138
0.4575200080871582
0.6002209186553955
0.9052845239639282
1.0134012699127197
0.7401682734489441
0.5162935256958008
0.586184024810791
0.8399754762649536
0.803726315498352
0.6955543756484985
0.7011487483978271
0.5157172083854675
0.5589536428451538
0.6254526376724243
0.671349287033081
0.6171302795410156
0.5446423292160034
0.4612417221069336
0.4492148160934448
0.5437036752700806
0.534903883934021
0.5331087112426758
0.5545414686203003
0.8912370204925537
1.1384602785110474
1.0020065307617188
0.6329512596130371
0.38396552205085754
0.6160662174224854
0.7147237062454224
0.4784089922904968
0.5285252928733826
0.7626820802688599
1.004677414894104
1.4900016784667969
1.8136143684387207
1.5369977951049805
1.4610878229141235
1.4383862018585205
0.9565851092338562
0.7261335849761963
0.64109206199646
0.7085219621658325
0.6834545135498047
0.6347668170928955
1.2397111654281616
1.320482850074768
1.3622726202011108
0.7559565901756287
0.6270561218261719
0.49380815029144287
0.5710560083389282
0.6901044249534607
0.8145219087600708
0.5823732018470764
0.6715351343154907
0.9028152227401733
0.7972089052200317
0.6982880234718323
0.5011326670646667
0.4927866756916046
0.5370056629180908
0.8669533729553223
0.820094108581543
0.7996804118156433
0.6265963315963745
0.7871133089065552
0.5262086391448975
0.5654167532920837
0.6765695214271545
0.5132198929786682
0.5492547750473022
0.5600728988647461
0.5954492092132568
0.7154214382171631
0.6436988711357117
0.5738524794578552
0.6044516563415527
0.6127104163169861
0.6239874362945557
0.4822617769241333
0.5560901165008545
0.5343410968780518
0.5591863393783569
0.7483825087547302
0.5164049863815308
0.5113426446914673
0.5686289668083191
0.4626874029636383
0.7490444183349609
1.0261614322662354
0.8475562930107117
0.9100683927536011
1.1136858463287354
1.264447808265686
1.0995302200317383
0.8452334403991699
0.6232057213783264
0.8838050961494446
1.2162599563598633
0.7227650880813599
0.7078279852867126
0.6898266077041626
0.7209845185279846
0.7615594863891602
0.633502721786499
0.8263567686080933
0.7661575078964233
0.6227160096168518
0.5555548071861267
0.5834507942199707
0.503785252571106
0.5923479199409485
0.5267298817634583
0.4885519742965698
0.4728308618068695
0.499310165643692
0.5533373951911926
0.48118290305137634
0.6593828201293945
0.5649300813674927
0.6227472424507141
0.5518065690994263
0.532591700553894
0.45467430353164673
0.47101667523384094
0.6221950650215149
0.45399850606918335
0.5224658250808716
0.49676400423049927
0.5090231895446777
0.5871079564094543
0.7423364520072937
0.7107969522476196
0.5502963662147522
0.606197714805603
0.6634775996208191
0.6085981726646423
0.6351553201675415
0.5868107080459595
0.6098204255104065
0.47815608978271484
0.503541111946106
0.44340938329696655
0.5856135487556458
0.6163138151168823
0.45514658093452454
0.6012903451919556
0.6387343406677246
0.6135993003845215
0.5101635456085205
0.4944184422492981
0.46519899368286133
0.527018666267395
0.5720431804656982
0.8723878264427185
1.2976738214492798
1.7295459508895874
1.8324235677719116
2.59576416015625
2.217151641845703
1.3438141345977783
1.0044351816177368
0.882931649684906
0.8239187002182007
0.822939395904541
0.880527138710022
0.6747198104858398
0.6144108176231384
0.4390670955181122
0.5993027687072754
0.750889778137207
0.6447620987892151
0.6802576780319214
0.5085639357566833
0.5329527854919434
0.434198796749115
0.6539671421051025
0.5197522640228271
0.5383110642433167
0.5450862050056458
0.6896979808807373
0.6032510995864868
0.6869722604751587
0.9537791013717651
0.7249098420143127
0.8223488926887512
0.8589350581169128
0.6668223142623901
0.6877240538597107
0.487373411655426
0.4518318176269531
0.49581581354141235
0.6210508346557617
0.6381410360336304
0.5753561854362488
0.6681371331214905
0.6240665912628174
0.6031899452209473
0.49097388982772827
0.5828471183776855
0.5678265690803528
0.7166182398796082
0.9767858982086182
1.1433062553405762
1.0074098110198975
1.474971890449524
1.8719596862792969
1.2643229961395264
1.0469993352890015
0.8741500377655029
0.7764158248901367
0.6429094076156616
0.5924985408782959
0.8409029245376587
0.6118918657302856
0.5645023584365845
0.5155026912689209
0.5843536853790283
0.7908420562744141
1.2317852973937988
1.5410887002944946
1.612524390220642
0.9387738704681396
0.654319167137146
0.6760944724082947
0.6420122385025024
0.7327384948730469
0.8121770620346069
0.9336624145507812
0.9346369504928589
0.7235056161880493
0.5754178762435913
0.6084768772125244
0.5713276267051697
0.6552654504776001
0.3936237692832947
0.5303152203559875
0.7276371717453003
0.9242786169052124
0.9636605381965637
0.697117269039154
0.8121833801269531
0.8865202069282532
0.9218039512634277
0.7946144342422485
0.6436566114425659
0.5451390743255615
0.583547830581665
0.5535094738006592
0.5653409361839294
0.6259854435920715
0.5972026586532593
0.5234620571136475
0.5797294974327087
0.6016104221343994
0.5417225360870361
0.5270745754241943
0.5275821685791016
0.6220797300338745
0.5651029944419861
0.5896050930023193
0.7987983226776123
1.0442935228347778
1.4586076736450195
1.2433747053146362
0.8862200975418091
0.6489766836166382
0.7438151240348816
0.8488835096359253
0.7657049298286438
0.70313560962677
0.7679247856140137
0.6228834390640259
0.6284417510032654
0.4863916039466858
0.5375106334686279
0.5119670629501343
0.5012251734733582
0.558533251285553
0.8081388473510742
0.6321002244949341
0.6024752855300903
0.610291063785553
0.6921523809432983
0.5099503397941589
0.4659547209739685
0.5779584646224976
0.5420982837677002
0.478860467672348
0.5235512256622314
0.6028759479522705
0.4714449942111969
0.5574804544448853
0.4366946816444397
0.39975279569625854
0.429834246635437
0.7775830030441284
1.0943005084991455
1.3185606002807617
0.9163290858268738
1.2325130701065063
1.6484813690185547
0.9621639847755432
0.6187533736228943
0.5470712780952454
0.579176664352417
0.8080123662948608
0.6228288412094116
0.5700111389160156
0.5584453344345093
0.5201601982116699
0.7287595272064209
0.568132758140564
0.8425888419151306
0.6282302141189575
0.6739835739135742
0.6320012807846069
0.5049607157707214
0.581981897354126
0.5663703680038452
0.6951783299446106
1.03928542137146
1.3105554580688477
1.265821933746338
1.2314447164535522
1.2500503063201904
1.112808346748352
1.1183804273605347
0.6354228854179382
0.5462596416473389
0.5894654989242554
0.5668959617614746
0.6671897172927856
0.6212197542190552
0.6006640195846558
0.5955334901809692
0.7280000448226929
0.8593755960464478
0.8814566731452942
0.6667996644973755
0.6704211831092834
0.6260884404182434
0.45856180787086487
0.5163070559501648
0.4638427793979645
0.6502909660339355
0.4639034569263458
0.47328925132751465
0.5020527839660645
0.5110734701156616
0.5433025360107422
0.4939318895339966
0.4587467312812805
0.5712207555770874
0.7264959812164307
0.6403565406799316
0.5915483832359314
0.6931350827217102
0.7176768183708191
0.5332965850830078
0.5224270224571228
0.7110050916671753
0.607716977596283
0.8145491480827332
0.692592978477478
0.5343339443206787
0.44284024834632874
0.486725777387619
0.49946996569633484
0.46258142590522766
0.45664504170417786
0.387972354888916
0.5045431852340698
0.543824315071106
0.7528859376907349
0.7032426595687866
0.6773362159729004
0.638158917427063
0.6207257509231567
0.5537073612213135
0.6689669489860535
0.7965704202651978
0.763989269733429
0.6896412372589111
0.5983975529670715
0.684486985206604
0.6289684772491455
0.5323589444160461
0.5584450960159302
0.5621888637542725
0.49983641505241394
0.44189929962158203
0.8113882541656494
0.7483099102973938
0.850649356842041
0.9970240592956543
1.8648606538772583
1.1232783794403076
1.4246751070022583
2.0593154430389404
1.762860894203186
2.1497576236724854
1.4965559244155884
1.4486504793167114
4.66807746887207
3.4733645915985107
1.8557556867599487
2.390496253967285
3.4744184017181396
2.2108101844787598
1.400822401046753
0.9902812242507935
1.2333569526672363
1.2464642524719238
1.4059841632843018
0.8249788284301758
0.8438316583633423
0.7014573812484741
1.0541844367980957
0.8051465153694153
0.8829999566078186
0.5449585914611816
0.7851277589797974
0.8738055229187012
0.8850332498550415
0.6439095735549927
0.6726479530334473
0.7276300191879272
0.682311475276947
0.6876855492591858
0.7133429646492004
0.6593239307403564
0.5522425174713135
0.6818090677261353
0.6886192560195923
0.6288699507713318
0.5216966271400452
0.6779690384864807
0.5972214341163635
0.551517903804779
0.5819438695907593
0.5880370140075684
0.43095263838768005
0.6210829019546509
0.8044388294219971
0.5675479769706726
0.679957926273346
0.5640681982040405
0.9086818099021912
0.7141358256340027
0.7305601835250854
