0.8499272465705872
0.9270980358123779
0.8116928339004517
0.7758218050003052
0.5926200151443481
0.6530476808547974
0.4187687635421753
0.48991650342941284
0.32268089056015015
0.34640297293663025
0.2931467294692993
0.28502076864242554
0.24010291695594788
0.10827358067035675
0.22523510456085205
0.1783604770898819
0.18304875493049622
0.2502548098564148
0.17524248361587524
0.3457801043987274
0.21582633256912231
0.19260922074317932
0.1947072446346283
0.13974758982658386
0.1251932680606842
0.2515546977519989
0.15476959943771362
0.13021746277809143
0.06972583383321762
0.12527987360954285
0.09513355046510696
0.1395566612482071
0.22539833188056946
0.18391956388950348
0.12811940908432007
0.11045270413160324
0.11409859359264374
0.15341345965862274
0.2432878315448761
0.1241358295083046
0.2184736728668213
0.21516425907611847
0.27357083559036255
0.25320836901664734
0.17334963381290436
0.18180254101753235
0.21420712769031525
0.20329231023788452
0.1495668590068817
0.2647882103919983
0.23652051389217377
0.2067418396472931
0.20866677165031433
0.13024137914180756
0.11583920568227768
0.1826685070991516
0.2808365523815155
0.12692874670028687
0.12007541209459305
0.16868256032466888
0.19221997261047363
0.05652914196252823
0.1976105123758316
0.20267155766487122
0.1604539155960083
0.18492096662521362
0.16149196028709412
0.1425471007823944
0.1728266328573227
0.11101452261209488
0.11434376984834671
0.2184746414422989
0.1527896225452423
0.0989183709025383
0.17780275642871857
0.2166418582201004
0.1911839097738266
0.13726647198200226
0.1981888711452484
0.13703487813472748
0.13186469674110413
0.18239080905914307
0.19550836086273193
0.08796989917755127
0.06477133184671402
0.15522220730781555
0.23373976349830627
0.13538017868995667
0.15512925386428833
0.24798595905303955
0.1860182136297226
0.1839858889579773
0.18802766501903534
0.09310229122638702
0.11294493079185486
0.20879976451396942
0.16827040910720825
0.09327150881290436
0.12528197467327118
0.16048084199428558
0.10681456327438354
0.2506907284259796
0.11799110472202301
0.18127524852752686
0.1077950969338417
0.18239550292491913
0.21156610548496246
0.10805683583021164
0.1452503353357315
0.15509863197803497
0.1269073784351349
0.2106993943452835
0.11968766152858734
0.1619652658700943
0.11950138211250305
0.3236832320690155
0.3987135589122772
0.05993250384926796
0.29543301463127136
0.1935902237892151
0.19527703523635864
0.2859250605106354
0.10997340083122253
0.11194761097431183
0.05044644698500633
0.12515680491924286
0.16305416822433472
0.12743596732616425
0.30149543285369873
0.10838169604539871
0.10222988575696945
0.15978111326694489
0.12983502447605133
0.1273992359638214
0.23169003427028656
0.19612590968608856
0.26472029089927673
0.2922677993774414
0.14741449058055878
0.1595933586359024
0.13051369786262512
0.16035747528076172
0.06516282260417938
0.15164829790592194
0.14433827996253967
0.24306587874889374
0.18386349081993103
0.17502325773239136
0.17034046351909637
0.239258274435997
0.1428949236869812
0.22195111215114594
0.07188146561384201
0.2829890847206116
0.07111431658267975
0.23250365257263184
0.1832451969385147
0.22531045973300934
0.10324252396821976
0.23098589479923248
0.14805634319782257
0.2262040227651596
0.1514795571565628
0.20414170622825623
0.15875378251075745
0.20492200553417206
0.13292470574378967
0.23196440935134888
0.08711452037096024
0.13093113899230957
0.17379134893417358
0.09339430183172226
0.35188305377960205
0.17773444950580597
0.20838598906993866
0.13975124061107635
0.16535207629203796
0.12187084555625916
0.21227820217609406
0.15216055512428284
0.16592969000339508
0.2225123792886734
0.1432584524154663
0.1928243339061737
0.17148062586784363
0.11486649513244629
0.1447676122188568
0.15725374221801758
0.23859745264053345
0.2633071541786194
0.19238395988941193
0.10279835015535355
0.10434628278017044
0.14170421659946442
0.1405380815267563
0.20594190061092377
0.14645615220069885
0.15934212505817413
0.19999022781848907
0.17463846504688263
0.2093760371208191
0.06382229179143906
0.18382282555103302
0.2109268456697464
0.33639195561408997
0.22579824924468994
0.12073928862810135
0.1383417844772339
0.10134904086589813
0.08600348234176636
0.13866837322711945
0.16465884447097778
0.17611931264400482
0.13060253858566284
0.1525946855545044
0.38104718923568726
0.1657547652721405
0.15799744427204132
0.15601663291454315
0.2332097738981247
0.17966006696224213
0.04045112058520317
0.3310669958591461
0.21983882784843445
0.22943764925003052
0.31771036982536316
0.16037823259830475
0.16859614849090576
0.18346555531024933
0.11837361752986908
0.1385459154844284
0.136435404419899
0.22852610051631927
0.1467846930027008
0.19592702388763428
0.1856793314218521
0.06056288629770279
0.13359014689922333
0.15031570196151733
0.14502747356891632
0.19418862462043762
0.14178404211997986
0.08574571460485458
0.1549208015203476
0.07912939786911011
0.11063466966152191
0.12172194570302963
0.12181573361158371
0.1813068836927414
0.15026605129241943
0.14509627223014832
0.2755337059497833
0.13673003017902374
0.24002426862716675
0.08103110641241074
0.1657320261001587
0.24293728172779083
0.1653691530227661
0.10832655429840088
0.15222419798374176
0.1539137214422226
0.0916733592748642
0.14869996905326843
0.22944454848766327
0.3434031009674072
0.16311869025230408
0.13519613444805145
0.16011545062065125
0.17303629219532013
0.13526001572608948
0.11297473311424255
0.16966168582439423
0.2307949960231781
0.2889006435871124
0.17378950119018555
0.1994725912809372
0.26523733139038086
0.17349667847156525
0.11769969761371613
0.3684546947479248
0.15016543865203857
0.032212793827056885
0.1616588532924652
0.242356538772583
0.29734209179878235
0.11670694500207901
0.18073372542858124
0.16491051018238068
0.21801233291625977
0.10770709812641144
0.13389593362808228
0.21582865715026855
0.15209132432937622
0.15853427350521088
0.11750061064958572
0.06363773345947266
0.14355534315109253
0.17321686446666718
0.17695915699005127
0.13324017822742462
0.15819604694843292
0.21623468399047852
0.154013991355896
0.18347355723381042
0.26205605268478394
0.10211127996444702
0.21376094222068787
0.16358733177185059
0.11052555590867996
0.16163267195224762
0.12852954864501953
0.13310475647449493
0.14451390504837036
0.09209485352039337
0.10581529140472412
0.22024670243263245
0.21167375147342682
0.14231784641742706
0.1543283462524414
0.19107574224472046
0.15453769266605377
0.09958745539188385
0.11017798632383347
0.19807326793670654
0.15171676874160767
0.2127303183078766
0.14791074395179749
0.1243160292506218
0.19060857594013214
0.16766871511936188
0.15876752138137817
0.21419121325016022
0.11003029346466064
0.18989314138889313
0.1899312287569046
0.07361392676830292
0.14309893548488617
0.09778940677642822
0.2800324261188507
0.13538193702697754
0.23983637988567352
0.19818735122680664
0.05452088639140129
0.15834948420524597
0.10776136070489883
0.1832100749015808
0.19628089666366577
0.12450922280550003
0.23415154218673706
0.11396113783121109
0.11326421052217484
0.24581339955329895
0.1603785753250122
0.1835237741470337
0.17957496643066406
0.1743181198835373
0.17380166053771973
0.1129058375954628
0.20352672040462494
0.16759032011032104
0.21386457979679108
0.15711092948913574
0.14580988883972168
0.16332709789276123
0.16987501084804535
0.235524520277977
0.2101237177848816
0.13251936435699463
0.21058185398578644
0.16642922163009644
0.1999233514070511
0.17081671953201294
0.0658237561583519
0.2716011703014374
0.13648004829883575
0.12989340722560883
0.08812186121940613
0.13896840810775757
0.13911974430084229
0.18895146250724792
0.08447760343551636
0.11834122240543365
0.11955977976322174
0.2101692408323288
0.18022453784942627
0.18819808959960938
0.10824162513017654
0.1297936737537384
0.19924314320087433
0.1733989268541336
0.2200433909893036
0.14505523443222046
0.13903436064720154
0.1287911832332611
0.14417950809001923
0.13461029529571533
0.1715525984764099
0.17114847898483276
0.17899452149868011
0.24421732127666473
0.15532545745372772
0.16849450767040253
0.1453951895236969
0.14845110476016998
0.25257939100265503
0.1254408061504364
0.15722765028476715
0.2659570872783661
0.19286148250102997
0.21297074854373932
0.12846197187900543
0.20172756910324097
0.07459729164838791
0.09358517080545425
0.18982969224452972
0.18922260403633118
0.18943481147289276
0.14914655685424805
0.21147200465202332
0.12403837591409683
0.10691040009260178
0.16856200993061066
0.08182675391435623
0.14504151046276093
0.10864349454641342
0.18825431168079376
0.18373750150203705
0.19791385531425476
0.21678343415260315
0.16509374976158142
0.1807611882686615
0.09000252932310104
0.1938263326883316
0.18103086948394775
0.17923492193222046
0.10704586654901505
0.08572369068861008
0.16628922522068024
0.2258085161447525
0.28204238414764404
0.2063685804605484
0.13198445737361908
0.20726290345191956
0.1927502304315567
0.26097217202186584
0.13490188121795654
0.16571515798568726
0.19079670310020447
0.10584913194179535
0.12677185237407684
0.14326398074626923
0.0956677719950676
0.2016071379184723
0.17960795760154724
0.1593816876411438
0.11945924907922745
0.2100779265165329
0.2154245376586914
0.1564967781305313
0.2544240653514862
0.13224463164806366
0.1684444695711136
0.17403872311115265
0.24049663543701172
0.17907191812992096
0.1274012178182602
0.17366886138916016
0.13768194615840912
0.17429891228675842
0.17305982112884521
0.17331990599632263
0.13869141042232513
0.23856297135353088
0.14520464837551117
0.1857297569513321
0.16848120093345642
0.14233440160751343
0.231645867228508
0.04783984646201134
0.22250381112098694
0.16008609533309937
0.08159524947404861
0.10705306380987167
0.221942737698555
0.08631598204374313
0.09921471029520035
0.22041310369968414
0.15950490534305573
0.04174139350652695
0.16745984554290771
0.19584493339061737
0.11664082854986191
0.15278203785419464
0.21550074219703674
0.1592872440814972
0.24368898570537567
0.15445378422737122
0.11096394807100296
0.28936272859573364
0.20936596393585205
0.12468649446964264
0.17812910676002502
0.28063997626304626
0.19594189524650574
0.2676638066768646
0.08488200604915619
0.05391194671392441
0.11408252269029617
0.1225995123386383
0.17664974927902222
0.2958911061286926
0.12894251942634583
0.13628625869750977
0.24165847897529602
0.17482461035251617
0.16739287972450256
0.15688441693782806
0.11764044314622879
0.15954044461250305
0.17424263060092926
0.18587206304073334
0.11322033405303955
0.10288073122501373
0.23735783994197845
0.20887243747711182
0.20269475877285004
0.10616252571344376
0.1852697730064392
0.18737569451332092
0.28841111063957214
0.17350052297115326
0.30905410647392273
0.176739901304245
0.1910240650177002
0.15005435049533844
0.12381166964769363
0.152121439576149
0.1740158349275589
0.08580475300550461
0.13740000128746033
0.24342621862888336
0.17345258593559265
0.19488126039505005
0.20795783400535583
0.17027004063129425
0.16715596616268158
0.17562301456928253
0.1540900021791458
0.1005646362900734
0.1454523354768753
0.31828242540359497
0.152373805642128
0.3268016576766968
0.24191083014011383
0.24886034429073334
0.05561206862330437
0.13989275693893433
0.2081574946641922
0.08915986865758896
0.16059505939483643
0.25036856532096863
0.1506565809249878
0.15210215747356415
0.11507014185190201
0.19166609644889832
0.24440571665763855
0.19301006197929382
0.16695629060268402
0.2050921767950058
0.18620166182518005
0.30649450421333313
0.12514901161193848
0.2599637806415558
0.10284262150526047
0.1458214819431305
0.19531697034835815
0.11987065523862839
0.2837353050708771
0.10190661251544952
0.15776056051254272
0.20563934743404388
0.12649288773536682
0.1632625162601471
0.1157599538564682
0.2023494988679886
0.14470967650413513
0.07054659724235535
0.16887889802455902
0.10853227227926254
0.12010214477777481
0.16337983310222626
0.2814779579639435
0.16477471590042114
0.1287851333618164
0.16430480778217316
0.13255219161510468
0.2564188241958618
0.14931738376617432
0.19350382685661316
0.16550087928771973
0.20679225027561188
0.11409328877925873
0.1173713207244873
0.18686379492282867
0.1792328953742981
0.16350778937339783
0.10323826223611832
0.12442473322153091
0.11757925897836685
0.2573780119419098
0.10994444042444229
0.3158353269100189
0.10924717783927917
0.09261567145586014
0.12316173315048218
0.1690417379140854
0.22839751839637756
0.1336980164051056
0.17430537939071655
0.12134460359811783
0.23245345056056976
0.11411765217781067
0.16966432332992554
0.20046009123325348
0.1928728222846985
0.25224435329437256
0.1360073685646057
0.18704795837402344
0.23049810528755188
0.125161811709404
0.1605038046836853
0.14059953391551971
0.0964427962899208
0.16768504679203033
0.14199016988277435
0.14718514680862427
0.10299461334943771
0.16813628375530243
0.14939799904823303
0.17729994654655457
0.24142932891845703
0.08290587365627289
0.1344241499900818
0.2101823389530182
0.08441955596208572
0.26731640100479126
0.16422989964485168
0.23979908227920532
0.13621735572814941
0.12976376712322235
0.17678819596767426
0.10105106234550476
0.09420380741357803
0.09245669841766357
0.15616823732852936
0.14402246475219727
0.10658387839794159
0.14778536558151245
0.20447589457035065
0.19596892595291138
0.26438528299331665
0.11646860092878342
0.1568540781736374
0.1475003957748413
0.2180529534816742
0.08233512192964554
0.196023628115654
0.13861964643001556
0.03641260415315628
0.21485109627246857
0.0717567726969719
0.16106940805912018
0.17645515501499176
0.2254597544670105
0.21659113466739655
0.2731614112854004
0.1376628577709198
0.1858004778623581
0.2250908613204956
0.20372231304645538
0.17059969902038574
0.11447827517986298
0.1462104171514511
0.2131032645702362
0.15333399176597595
0.06046394631266594
0.13991637527942657
0.2831823229789734
0.15087732672691345
0.10059263557195663
0.1244911402463913
0.2629590630531311
0.11488570272922516
0.18786098062992096
0.19139456748962402
0.10406643152236938
0.24343805015087128
0.2290719598531723
0.17704670131206512
0.17342215776443481
0.0989564061164856
0.17063221335411072
0.1906983107328415
0.08363675326108932
0.1252904236316681
0.15620191395282745
0.17066366970539093
0.20450690388679504
0.17099881172180176
0.20345377922058105
0.1848033368587494
0.18652179837226868
0.290913462638855
0.1257891058921814
0.15635815262794495
0.2163040041923523
0.15080145001411438
0.23417019844055176
0.12688086926937103
0.21252337098121643
0.09560512751340866
0.11006827652454376
0.15320995450019836
0.16562210023403168
0.15553365647792816
0.13928581774234772
0.12777528166770935
0.21610935032367706
0.16371896862983704
0.12956762313842773
0.1914880871772766
0.25227224826812744
0.21764424443244934
0.1674090474843979
0.2017456293106079
0.21175633370876312
0.1190459132194519
0.07222475856542587
0.09669722616672516
0.22823067009449005
0.1324383020401001
0.19674192368984222
0.07605040073394775
0.12356038391590118
0.1008945181965828
0.08359409868717194
0.20655576884746552
0.1790541261434555
0.15165427327156067
0.07955702394247055
0.19370593130588531
0.13148179650306702
0.07580021023750305
0.09665827453136444
0.15100927650928497
0.14105036854743958
0.10995786637067795
0.12029792368412018
0.21563208103179932
0.16477645933628082
0.13178424537181854
0.15381236374378204
0.1466529667377472
0.2930091917514801
0.10764807462692261
0.2018798589706421
0.1286897212266922
0.23893775045871735
0.1482967883348465
0.08738117665052414
0.15961696207523346
0.19550010561943054
0.12992917001247406
0.2187230885028839
0.19916021823883057
0.22162562608718872
0.11875325441360474
0.12115457653999329
0.15407229959964752
0.24766960740089417
0.19247998297214508
0.12964066863059998
0.10871292650699615
0.11301009356975555
0.19431468844413757
0.13399899005889893
0.2148839682340622
0.15090130269527435
0.13754752278327942
0.14790835976600647
0.1468428671360016
0.17032025754451752
0.21217064559459686
0.1753242015838623
0.25984087586402893
0.19463180005550385
0.17079225182533264
0.11139487475156784
0.176528662443161
0.1666157990694046
0.3540359139442444
0.19105622172355652
0.23344266414642334
0.13205692172050476
0.12752068042755127
0.17960317432880402
0.10889023542404175
0.2742224633693695
0.19719958305358887
0.07105448096990585
0.22070908546447754
0.14447638392448425
0.12877649068832397
0.1498236060142517
0.2525024116039276
0.20780926942825317
0.17893382906913757
0.10882658511400223
0.2412036806344986
0.16260100901126862
0.20222048461437225
0.09616300463676453
0.1742256134748459
0.08701647073030472
0.21038171648979187
0.21355187892913818
0.23245224356651306
0.11571761220693588
0.19013941287994385
0.13730554282665253
0.20287089049816132
0.18639738857746124
0.1940992772579193
0.15736199915409088
0.1256813257932663
0.1597663313150406
0.09104973077774048
0.1646471619606018
0.054483771324157715
0.15642668306827545
0.09088591486215591
0.144961416721344
0.17631451785564423
0.20827710628509521
0.10845913738012314
0.15466716885566711
0.1392364650964737
0.15272226929664612
0.08455172181129456
0.1366773396730423
0.16941292583942413
0.1368672102689743
0.13033509254455566
0.2267434149980545
0.047189414501190186
0.23377515375614166
0.1684541404247284
0.17379428446292877
0.1852283775806427
0.19207064807415009
0.16865631937980652
0.18141600489616394
0.1448221653699875
0.14193113148212433
0.14782921969890594
0.18800607323646545
0.24918201565742493
0.1654077023267746
0.21856670081615448
0.17281922698020935
0.19732160866260529
0.17564861476421356
0.43229469656944275
0.2355557382106781
0.09328179806470871
0.2282269299030304
0.22065645456314087
0.12222908437252045
0.1433742642402649
0.1765192598104477
0.20432183146476746
0.20603719353675842
0.1721312403678894
0.2033972293138504
0.20588847994804382
0.1412859857082367
0.12951622903347015
0.18762655556201935
0.1849527657032013
0.22663719952106476
0.15186382830142975
0.27193334698677063
0.09105397760868073
0.14772163331508636
0.2564031779766083
0.15982480347156525
0.22805137932300568
0.08335317671298981
0.17076018452644348
0.21422038972377777
0.1328643411397934
0.16671058535575867
0.10580256581306458
0.06550329178571701
0.1382712572813034
0.1661386489868164
0.28977346420288086
0.15803085267543793
0.18458861112594604
0.15145951509475708
0.15830254554748535
0.21081900596618652
0.10932067036628723
0.11013630777597427
0.12123434245586395
0.1093217208981514
0.1864514946937561
0.0300483126193285
0.2186221182346344
0.21080972254276276
0.13587096333503723
0.12049947679042816
0.3878820836544037
0.17036397755146027
0.22166645526885986
0.22357818484306335
0.15516212582588196
0.23908691108226776
0.21423429250717163
0.2559663653373718
0.16669978201389313
0.1987348198890686
0.07492543011903763
0.2391909658908844
0.22540122270584106
0.1384049952030182
0.22352518141269684
0.20701782405376434
0.23185622692108154
0.08400408178567886
0.21839158236980438
0.1513894647359848
0.21043828129768372
0.16938355565071106
0.22187697887420654
0.18853560090065002
0.22552376985549927
0.165614053606987
0.14090096950531006
0.15392187237739563
0.16600729525089264
0.1405859738588333
0.1629229038953781
0.16730134189128876
0.09499077498912811
0.20362141728401184
0.15119774639606476
0.2404126226902008
0.14391152560710907
0.13180594146251678
0.1912790685892105
0.1966562420129776
0.11803174763917923
0.2554773688316345
0.1163775697350502
0.09042134881019592
0.17721766233444214
0.1712559312582016
0.17507049441337585
0.1704891324043274
0.21421609818935394
0.08600938320159912
0.25271791219711304
0.11961014568805695
0.10047131031751633
0.22901451587677002
0.14837771654129028
0.15576457977294922
0.1789470613002777
0.13581815361976624
0.26406562328338623
0.1871577799320221
0.1601681113243103
0.12546877562999725
0.22106699645519257
0.2101595550775528
0.23728306591510773
0.1911589652299881
0.1571071296930313
0.163389191031456
0.2242092788219452
0.17861175537109375
0.11484942585229874
0.17395582795143127
0.2016282081604004
0.23657327890396118
0.22874315083026886
0.2603593170642853
0.15730585157871246
0.2402399480342865
0.1675630509853363
0.2671690881252289
0.23616522550582886
0.11494748294353485
0.087164506316185
0.1111254096031189
0.16230349242687225
0.19753174483776093
0.153741717338562
0.1328662484884262
0.11650381982326508
0.10987739264965057
0.19081313908100128
0.22870634496212006
0.15228214859962463
0.18478186428546906
0.16716934740543365
0.15175920724868774
0.19381475448608398
0.13182199001312256
0.17462784051895142
0.20612317323684692
0.23691461980342865
0.25061583518981934
0.12654262781143188
0.22571183741092682
0.17434518039226532
0.2731472849845886
0.20591484010219574
0.20252415537834167
0.1732555776834488
0.15305550396442413
0.1169063150882721
0.11391077935695648
0.1094893217086792
0.15587396919727325
0.3376706540584564
0.19783568382263184
0.15806525945663452
0.18986555933952332
0.1120726615190506
0.1937061995267868
0.17411144077777863
0.17850132286548615
0.1674758940935135
0.2419625073671341
0.13365893065929413
0.17013390362262726
0.05968097597360611
0.13558827340602875
0.18799559772014618
0.2979205250740051
0.05824856087565422
0.2218371331691742
0.2318555861711502
0.15309570729732513
0.16334649920463562
0.24805541336536407
0.13321365416049957
0.1957867443561554
0.09707004576921463
0.18906928598880768
0.16362445056438446
0.22165492177009583
0.07743343710899353
0.11611275374889374
0.16891080141067505
0.3300236165523529
0.11545581370592117
0.15175525844097137
0.20739778876304626
0.11554751545190811
0.1762978583574295
0.30050668120384216
0.1438634991645813
0.12432034313678741
0.13087448477745056
0.11812198162078857
0.1618107110261917
0.30698367953300476
0.15072666108608246
0.1657884120941162
0.05332714691758156
0.2070956528186798
0.16965237259864807
0.254123717546463
0.23187701404094696
0.08451680094003677
0.2193944901227951
0.15231181681156158
0.19348767399787903
0.21171168982982635
0.13717855513095856
0.13163131475448608
0.22055160999298096
0.18105937540531158
0.15576563775539398
0.16881316900253296
0.1946669965982437
0.12030237913131714
0.2563678026199341
0.2602721154689789
0.1561369001865387
0.19602087140083313
0.21323515474796295
0.18381911516189575
0.22959697246551514
0.08032865077257156
0.14432641863822937
0.2456236630678177
0.14374369382858276
0.14329229295253754
0.1963067650794983
0.16623467206954956
0.153586745262146
0.1878683865070343
0.12539729475975037
0.3715106248855591
0.22039219737052917
0.179464191198349
0.11270183324813843
0.18151450157165527
0.14274874329566956
0.16534167528152466
0.17536868155002594
0.18302509188652039
0.27296188473701477
0.31908443570137024
0.17098857462406158
0.14306612312793732
0.2152291238307953
0.27146708965301514
0.1073085218667984
0.2146793156862259
0.18102607131004333
0.08305038511753082
0.11167970299720764
0.11962470412254333
0.1494635045528412
0.12457641959190369
0.14156562089920044
0.2310166358947754
0.23546138405799866
0.13228216767311096
0.1705801784992218
0.21647602319717407
0.13821834325790405
0.12609723210334778
0.19179458916187286
0.23003235459327698
0.06296274065971375
0.1566927582025528
0.2675510048866272
0.15108540654182434
0.14285868406295776
0.10551378130912781
0.19283364713191986
0.06264521181583405
0.23179297149181366
0.19689081609249115
0.14332343637943268
0.08877692371606827
0.22141210734844208
0.20388975739479065
0.18206362426280975
0.24521079659461975
0.14627163112163544
0.21833309531211853
0.11544139683246613
0.21011808514595032
0.16631028056144714
0.21459181606769562
0.1125195324420929
0.21466770768165588
0.1448047161102295
0.27639904618263245
0.14361079037189484
0.12718452513217926
0.09396669268608093
0.12273845076560974
0.14182116091251373
0.22687700390815735
0.274535208940506
0.21234411001205444
0.12143387645483017
0.2189064472913742
0.15644606947898865
0.1426907628774643
0.13660652935504913
0.15921735763549805
0.10944128036499023
0.21504342555999756
0.22961066663265228
0.2505207061767578
0.08562242239713669
0.19853276014328003
0.1150413453578949
0.19826281070709229
0.22410042583942413
0.15907159447669983
0.2582224905490875
0.16893556714057922
0.1319284737110138
0.20801931619644165
0.23833486437797546
0.1957857608795166
0.19223736226558685
0.18209436535835266
0.09960994124412537
0.2617016136646271
0.1340934932231903
0.14994217455387115
0.20996567606925964
0.1965712308883667
0.18311020731925964
0.18729674816131592
0.17798788845539093
0.1805291324853897
0.12476141005754471
0.2434467077255249
0.2969827353954315
0.20739507675170898
0.2058006078004837
0.1676996350288391
0.14069505035877228
0.20139656960964203
0.18642708659172058
0.27376148104667664
0.18159762024879456
0.12016084790229797
0.12294678390026093
0.1925594061613083
0.2802506685256958
0.16827327013015747
0.09339547157287598
0.2157350331544876
0.16062240302562714
0.08800831437110901
0.09032963216304779
0.21468719840049744
0.10047581046819687
0.10405296087265015
0.2070942223072052
0.17421497404575348
0.07229369878768921
0.2198234498500824
0.1564641296863556
0.25638821721076965
0.2162453830242157
0.1803538054227829
0.1694469302892685
0.08498154580593109
0.16339446604251862
0.15204653143882751
0.23023395240306854
0.1577519327402115
0.21008384227752686
0.13230091333389282
0.12952345609664917
0.19250988960266113
0.22556062042713165
0.16294245421886444
0.1694898009300232
0.13896100223064423
0.19029425084590912
0.13468773663043976
0.21747946739196777
0.11195173859596252
0.16085804998874664
0.1985185593366623
0.22843870520591736
0.11980120092630386
0.16209165751934052
0.18280340731143951
0.1424236297607422
0.18210959434509277
0.10858036577701569
0.17039495706558228
0.15961851179599762
0.1765449494123459
0.09446467459201813
0.17296169698238373
0.18419747054576874
0.2710155248641968
0.24348360300064087
0.1614576280117035
0.09043549746274948
0.268473356962204
0.23192203044891357
0.34593406319618225
0.09332384169101715
0.2856864631175995
0.09695076197385788
0.16428115963935852
0.1563507616519928
0.08657145500183105
0.09581372141838074
0.21138280630111694
0.1605442613363266
0.15166841447353363
0.10392649471759796
0.1736738383769989
0.10397966206073761
0.18603722751140594
0.1466953158378601
0.20495085418224335
0.17399218678474426
0.191719651222229
0.0707007497549057
0.13882237672805786
0.22329610586166382
0.11494999378919601
0.12284789234399796
0.09087522327899933
0.11405283212661743
0.1447119265794754
0.1251535564661026
0.27621057629585266
0.39097803831100464
0.16876590251922607
0.14676880836486816
0.25818899273872375
0.19639094173908234
0.16533850133419037
0.2091185599565506
0.14957763254642487
0.09702262282371521
0.13201908767223358
0.1765003651380539
0.09956765174865723
0.20588740706443787
0.2452666461467743
0.12132198363542557
0.23955225944519043
0.16118139028549194
0.17567667365074158
0.20335854589939117
0.12741509079933167
0.16118410229682922
0.16301558911800385
0.15614765882492065
0.178105428814888
0.1987845003604889
0.20293323695659637
0.12188559025526047
0.1683483123779297
0.12368183583021164
0.2702161371707916
0.11799035966396332
0.1422448307275772
0.14192155003547668
0.38815659284591675
0.19729389250278473
0.19074903428554535
0.0918242558836937
0.20749521255493164
0.08898410201072693
0.20957058668136597
0.11963523179292679
0.23128952085971832
0.07694234699010849
0.20662222802639008
0.1691267490386963
0.19005897641181946
0.08650413155555725
0.2469564527273178
0.18098720908164978
0.14531633257865906
0.1795962154865265
0.2008129358291626
0.1753295212984085
0.17575807869434357
0.21721532940864563
0.13597995042800903
0.18061482906341553
0.16020384430885315
0.1519099771976471
0.1541447639465332
0.22650866210460663
0.20778687298297882
0.11265270411968231
0.2050761729478836
0.1377023458480835
0.15758834779262543
0.13027262687683105
0.131794735789299
0.17902067303657532
0.16027061641216278
0.10096868872642517
0.17476624250411987
0.2324853539466858
0.12191401422023773
0.13796912133693695
0.1458979696035385
0.1593901515007019
0.1600986123085022
0.18306027352809906
0.22937573492527008
0.18269652128219604
0.24622060358524323
0.12669230997562408
0.13570386171340942
0.18914645910263062
0.16910047829151154
0.17529939115047455
0.16338945925235748
0.1584172397851944
0.1758207231760025
0.15933410823345184
0.25889575481414795
0.15342415869235992
0.17899110913276672
0.19148261845111847
0.12090715765953064
0.3174838721752167
0.14636105298995972
0.15050016343593597
0.19319117069244385
0.24697819352149963
0.1921634078025818
0.19084709882736206
0.15391916036605835
0.1440356969833374
0.2076326459646225
0.08662985265254974
0.1782548725605011
0.2010287344455719
0.08285393565893173
0.09717956185340881
0.1670331209897995
0.25330600142478943
0.09866060316562653
0.14160557091236115
0.19854016602039337
0.16384054720401764
0.20099979639053345
0.16523034870624542
0.11240490525960922
0.2416795939207077
0.09829084575176239
0.19748517870903015
0.17024390399456024
0.08436406403779984
0.18923796713352203
0.08900196105241776
0.1514546275138855
0.15942233800888062
0.09063290804624557
0.12719877064228058
0.14016403257846832
0.2200157642364502
0.18094488978385925
0.21714988350868225
0.09379678219556808
0.15627923607826233
0.1592765748500824
0.20283010601997375
0.177949920296669
0.17875133454799652
0.23930755257606506
0.1314782202243805
0.12564602494239807
0.12165393680334091
0.0684656873345375
0.16963541507720947
0.18128354847431183
0.1864839643239975
0.18816998600959778
0.1672324687242508
0.15134015679359436
0.12156511843204498
0.17340274155139923
0.2179514467716217
0.09878896921873093
0.14657248556613922
0.1084848940372467
0.23661112785339355
0.18258558213710785
0.15036287903785706
0.14893577992916107
0.08824045956134796
0.060965679585933685
0.1258617788553238
0.2717357575893402
0.2331879585981369
0.08284472674131393
0.20384445786476135
0.13257454335689545
0.26730242371559143
0.25058797001838684
0.1843319535255432
0.21122953295707703
0.11611247062683105
0.23309391736984253
0.13870981335639954
0.3738920986652374
0.143395334482193
0.22371721267700195
0.2998403012752533
0.19939053058624268
0.22021561861038208
0.15960121154785156
0.10636360198259354
0.09566401690244675
0.1593112349510193
0.13255132734775543
0.25348252058029175
0.17242386937141418
0.15092533826828003
0.14141830801963806
0.06030922755599022
0.11599745601415634
0.2838381826877594
0.09507202357053757
0.13998927175998688
0.21617241203784943
0.17946714162826538
0.2398388683795929
0.1542576253414154
0.20873317122459412
0.2659105062484741
0.2088770717382431
0.20671069622039795
0.1467793583869934
0.10843472182750702
0.13853995501995087
0.16650603711605072
0.10572785139083862
0.2214127779006958
0.1443997025489807
0.15454645454883575
0.21165233850479126
0.14678551256656647
0.13382375240325928
0.20384648442268372
0.22265081107616425
0.08966929465532303
0.24901460111141205
0.14018215239048004
0.07950329035520554
0.2309955209493637
0.1493326723575592
0.1496267318725586
0.0838887095451355
0.11756909638643265
0.11069553345441818
0.13861393928527832
0.2921295166015625
0.21163290739059448
0.1474478393793106
0.1908504217863083
0.12474901974201202
0.0885394811630249
0.16923339664936066
0.10333480685949326
0.1612699180841446
0.1939009726047516
0.16943050920963287
0.14188766479492188
0.21471472084522247
0.19509316980838776
0.21784715354442596
0.12887956202030182
0.1603243201971054
0.10299662500619888
0.1454789787530899
0.1638287454843521
0.1360265165567398
0.10826949030160904
0.24517792463302612
0.13476678729057312
0.2082931399345398
0.24826641380786896
0.17361049354076385
0.1862572431564331
0.15822258591651917
0.11761152744293213
0.24479231238365173
0.12446670234203339
0.16485677659511566
0.20103730261325836
0.18648524582386017
0.19010789692401886
0.06953984498977661
0.24909517168998718
0.18647684156894684
0.172612726688385
0.12920314073562622
0.27823102474212646
0.0996929407119751
0.12170063704252243
0.21305064857006073
0.15590183436870575
0.17338429391384125
0.24564248323440552
0.20742015540599823
0.12412494421005249
0.23681512475013733
0.20335017144680023
0.194998100399971
0.19387754797935486
0.1043136939406395
0.1900475174188614
0.14892110228538513
0.22132420539855957
0.18974623084068298
0.22990386188030243
0.256109356880188
0.18714463710784912
0.1806391179561615
0.19750750064849854
0.13082019984722137
0.17817354202270508
0.16053950786590576
0.13226895034313202
0.1498396098613739
0.16928738355636597
0.17191368341445923
0.12312594056129456
0.12305492907762527
0.20819106698036194
0.17026755213737488
0.22857284545898438
0.1717047393321991
0.0870550125837326
0.21052737534046173
0.2031114399433136
0.0988645851612091
0.12422213703393936
0.17639991641044617
0.1936408430337906
0.1468132585287094
0.2623116075992584
0.1619754135608673
0.1607547402381897
0.1231604591012001
0.3317224681377411
0.16128051280975342
0.10853271931409836
0.19464434683322906
0.1329289823770523
0.15744414925575256
0.19484849274158478
0.20576588809490204
0.18053722381591797
0.2969997227191925
0.17486681044101715
0.12956957519054413
0.13828617334365845
0.1605835258960724
0.17530657351016998
0.09664244204759598
0.1125534176826477
0.1922966092824936
0.2377994805574417
0.16152556240558624
0.16063305735588074
0.1854458600282669
0.15895012021064758
0.16640311479568481
0.15414579212665558
0.1827530562877655
0.24618889391422272
0.21547937393188477
0.3068279027938843
0.12430369853973389
0.16286496818065643
0.16952283680438995
0.22059455513954163
0.21489420533180237
0.11285639554262161
0.16532056033611298
0.09352630376815796
0.22623685002326965
0.06582309305667877
0.17876499891281128
0.20633487403392792
0.21127822995185852
0.2566949725151062
0.10101445019245148
0.10502943396568298
0.2520212233066559
0.13416965305805206
0.1984965205192566
0.22475840151309967
0.0903477817773819
0.15319570899009705
0.14902661740779877
0.15149596333503723
0.1572522670030594
0.01996634528040886
0.09473235160112381
0.18805807828903198
0.17404861748218536
0.2667032778263092
0.12343331426382065
0.16107569634914398
0.19950489699840546
0.18055133521556854
0.1551181524991989
0.2424466609954834
0.26046714186668396
0.20147070288658142
0.214643195271492
0.16376304626464844
0.20031031966209412
0.15572983026504517
0.12954352796077728
0.18228793144226074
0.19222131371498108
0.24306753277778625
0.14475643634796143
0.222133606672287
0.16908149421215057
0.17750324308872223
0.19521720707416534
0.1940000057220459
0.12477248907089233
0.21968844532966614
0.18701890110969543
0.26857247948646545
0.10166138410568237
0.19120070338249207
0.1588887870311737
0.21356941759586334
0.13317516446113586
0.13283495604991913
0.21467897295951843
0.10840152204036713
0.1470729261636734
0.16767799854278564
0.09763206541538239
0.15945562720298767
0.2992321252822876
0.19255366921424866
0.15506614744663239
0.14593863487243652
0.18156488239765167
0.12068571150302887
0.12987057864665985
0.250365287065506
0.13188444077968597
0.037898097187280655
0.1946178525686264
0.16236445307731628
0.1905854344367981
0.1334920972585678
0.20358459651470184
0.13074687123298645
0.20141755044460297
0.17030955851078033
0.13069438934326172
0.1972658783197403
0.14449888467788696
0.2058364897966385
0.20683284103870392
0.19366641342639923
0.20953574776649475
0.1902206540107727
0.16966432332992554
0.14397913217544556
0.23844881355762482
0.2117084115743637
0.09766528755426407
0.20514748990535736
0.12136060744524002
0.18029306828975677
0.2425440549850464
0.24385814368724823
0.14101210236549377
0.13748936355113983
0.14021971821784973
0.07932033389806747
0.13694092631340027
0.219938725233078
0.15270943939685822
0.206034317612648
0.13561628758907318
0.20136047899723053
0.16521790623664856
0.16260476410388947
0.16356438398361206
0.12527994811534882
0.10976910591125488
0.13497065007686615
0.13793888688087463
0.1953929215669632
0.2027517706155777
0.1897406280040741
0.15021078288555145
0.13872301578521729
0.18207556009292603
0.14676599204540253
0.14157606661319733
0.18422745168209076
0.1764477640390396
0.12597644329071045
0.05874781310558319
0.13701412081718445
0.10226760804653168
0.09455031901597977
0.18499895930290222
0.13083979487419128
0.15178540349006653
0.13956332206726074
0.1232299730181694
0.14923609793186188
0.07602377980947495
0.11450815200805664
0.21982692182064056
0.196310356259346
0.2630075216293335
0.15973718464374542
0.12886378169059753
0.17352177202701569
0.20753450691699982
0.18457117676734924
0.11702913045883179
0.23197026550769806
0.17767804861068726
0.21284480392932892
0.12319856137037277
0.16385601460933685
0.14974284172058105
0.18441250920295715
0.21191751956939697
0.12446395307779312
0.24225133657455444
0.13231755793094635
0.09849891066551208
0.14413698017597198
0.18850211799144745
0.21350717544555664
0.11587591469287872
0.18289898335933685
0.22598542273044586
0.24502995610237122
0.18270844221115112
0.15813888609409332
0.19032512605190277
0.2081441879272461
0.17812328040599823
0.10282418131828308
0.13707703351974487
0.20554578304290771
0.2421819269657135
0.13030262291431427
0.25706833600997925
0.11730354279279709
0.18236663937568665
0.14159035682678223
0.1952742636203766
0.1532423049211502
0.20621377229690552
0.17096072435379028
0.15076756477355957
0.10293111205101013
0.13982369005680084
0.1631411910057068
0.1516927182674408
0.2663158178329468
0.12932072579860687
0.22411991655826569
0.27382493019104004
0.08737103641033173
0.13512615859508514
0.25067445635795593
0.13381142914295197
0.26881346106529236
0.26537591218948364
0.1372169554233551
0.16350015997886658
0.05867042392492294
0.17837893962860107
0.17454659938812256
0.19961361587047577
0.2400406002998352
0.20778736472129822
0.19445767998695374
0.20756687223911285
0.22236935794353485
0.15942062437534332
0.18691906332969666
0.11356288939714432
0.01624557375907898
0.2747068703174591
0.20983436703681946
0.14874106645584106
0.20811936259269714
0.16994237899780273
0.17893002927303314
0.18836896121501923
0.12766993045806885
0.1005835011601448
0.13518941402435303
0.15466296672821045
0.21115431189537048
0.19475868344306946
0.20384405553340912
0.0305425263941288
0.2601098418235779
0.21598871052265167
0.0997721403837204
0.2031131535768509
0.11490011215209961
0.2273661196231842
0.13792450726032257
0.16113461554050446
0.11698874831199646
0.28003066778182983
0.14872077107429504
0.09296165406703949
0.23586666584014893
0.12354639917612076
0.13967597484588623
0.15895089507102966
0.22022691369056702
0.15830153226852417
0.18242955207824707
0.24549221992492676
0.1908128261566162
0.07082436233758926
0.1584024727344513
0.17335563898086548
0.13441617786884308
0.19567497074604034
0.08520118147134781
0.2058175951242447
0.21025033295154572
0.10866788774728775
0.144168421626091
0.22183571755886078
0.16947133839130402
0.15582755208015442
0.19021157920360565
0.16346433758735657
0.1785806268453598
0.1806076318025589
0.08356854319572449
0.16932396590709686
0.27535921335220337
0.1724829524755478
0.07069700956344604
0.15440154075622559
0.21296200156211853
0.18866348266601562
0.11311075091362
0.08873282372951508
0.14386390149593353
0.23293597996234894
0.11228427290916443
0.1173786148428917
0.13190042972564697
0.17078141868114471
0.16396091878414154
0.15612447261810303
0.2214556187391281
0.1034679263830185
0.1338423788547516
0.19423003494739532
0.19002756476402283
0.10654650628566742
0.1966669112443924
0.20318223536014557
0.17343302071094513
0.30703574419021606
0.17928434908390045
0.14762970805168152
0.18470259010791779
0.21583913266658783
0.20434890687465668
0.22004446387290955
0.22312307357788086
0.09283853322267532
0.16611795127391815
0.060332752764225006
0.05501759052276611
0.12556113302707672
0.20186832547187805
0.260281503200531
0.20693819224834442
0.15768365561962128
0.1609165072441101
0.1853795349597931
0.10489354282617569
0.1607537716627121
0.19162161648273468
0.08266136050224304
0.21435096859931946
0.20615027844905853
0.16255351901054382
0.1305803656578064
0.18991099298000336
0.2373938113451004
0.1651259809732437
0.19548486173152924
0.19163614511489868
0.2380586862564087
0.15887853503227234
0.14319919049739838
0.14399342238903046
0.21345609426498413
0.21509961783885956
0.04875805228948593
0.16404518485069275
0.2505853772163391
0.12939082086086273
0.08471917361021042
0.20735782384872437
0.23828431963920593
0.12168069928884506
0.12889228761196136
0.18862292170524597
0.20296767354011536
0.13158784806728363
0.30367612838745117
0.1673167198896408
0.16023516654968262
0.14212198555469513
0.19279341399669647
0.32068872451782227
0.06629712879657745
0.1934269815683365
0.14204348623752594
0.18293413519859314
0.08670596778392792
0.16520056128501892
0.17486950755119324
0.08871152251958847
0.14875087141990662
0.12911853194236755
0.1711535006761551
0.19046437740325928
0.11058355122804642
0.14057162404060364
0.17662298679351807
0.0639648288488388
0.26642942428588867
0.11403319984674454
0.19674141705036163
0.231443852186203
0.1192651316523552
0.10456908494234085
0.09649951010942459
0.21736201643943787
0.1680329591035843
0.10363738238811493
0.04878607019782066
0.09542602300643921
0.22423125803470612
0.23569069802761078
0.17931120097637177
0.148447647690773
0.16622866690158844
0.1837998926639557
0.13994243741035461
0.18153534829616547
0.1413348764181137
0.07951971888542175
0.1282333880662918
0.1455932855606079
0.09296243637800217
0.14400368928909302
0.1925314962863922
0.16650213301181793
0.1780180186033249
0.1675271987915039
0.2547445595264435
0.15022526681423187
0.15964698791503906
0.11943207681179047
0.24347375333309174
0.14062491059303284
0.17521527409553528
0.19103117287158966
0.15097877383232117
0.13686580955982208
0.2412523478269577
0.11871352046728134
0.24257005751132965
0.1225065290927887
0.23455967009067535
0.1567760854959488
0.1495305597782135
0.17452116310596466
0.23092858493328094
0.149133563041687
0.3184065520763397
0.03710063919425011
0.14673548936843872
0.1976684033870697
0.19204245507717133
0.15251781046390533
0.22831489145755768
0.14026392996311188
0.16392143070697784
0.11297453939914703
0.2121690958738327
0.1833137422800064
0.3435767590999603
0.22828954458236694
0.2580358684062958
0.1743057519197464
0.176569864153862
0.213277205824852
0.1563589870929718
0.20378044247627258
0.08802784979343414
0.11150495707988739
0.18737947940826416
0.1929558664560318
0.11847183108329773
0.15871655941009521
0.14391058683395386
0.1106402724981308
0.1789320707321167
0.1822699010372162
0.16003379225730896
0.18354351818561554
0.07741104811429977
0.20510296523571014
0.13361747562885284
0.23282796144485474
0.11200016736984253
0.134434312582016
0.13831336796283722
0.1261439174413681
0.16772893071174622
0.17811326682567596
0.11412686109542847
0.19999971985816956
0.1415231078863144
0.0691283792257309
0.1967080980539322
0.13867045938968658
0.03250136226415634
0.22925585508346558
0.1559523642063141
0.10153861343860626
0.2375742793083191
0.2339036613702774
0.17504079639911652
0.13123297691345215
0.14441685378551483
0.17880116403102875
0.18465237319469452
0.189162939786911
0.18941393494606018
0.08603091537952423
0.1428942233324051
0.25877007842063904
0.18193787336349487
0.19833630323410034
0.2130168229341507
0.11234980821609497
0.19274811446666718
0.15498371422290802
0.15007935464382172
0.11905302107334137
0.15904973447322845
0.1528346985578537
0.08966628462076187
0.12627696990966797
0.07685625553131104
0.17957107722759247
0.15141920745372772
0.15917667746543884
0.23230254650115967
0.14229623973369598
0.08221010863780975
0.09864336997270584
0.14106829464435577
0.08963271230459213
0.11758790910243988
0.21594025194644928
0.2519036531448364
0.2227674126625061
0.17948421835899353
0.16459280252456665
0.22750476002693176
0.12328598648309708
0.13648445904254913
0.22767913341522217
0.14517979323863983
0.19653362035751343
0.2588588297367096
0.255574494600296
0.12730363011360168
0.24672363698482513
0.13477174937725067
0.22855955362319946
0.19640080630779266
0.2567930519580841
0.16111090779304504
0.2613092362880707
0.30772826075553894
0.10944288223981857
0.13093021512031555
0.24140697717666626
0.17706944048404694
0.13700984418392181
0.10662254691123962
0.10205724835395813
0.13108056783676147
0.1646098792552948
0.16431528329849243
0.14106541872024536
0.18316248059272766
0.10891025513410568
0.2236405462026596
0.18263733386993408
0.14782600104808807
0.2231847047805786
0.09538920223712921
0.20060984790325165
0.07725249230861664
0.1984902322292328
0.06696079671382904
0.1664479672908783
0.20227675139904022
0.16495323181152344
0.18616889417171478
0.07594158500432968
0.20665469765663147
0.15134774148464203
0.253450483083725
0.20161151885986328
0.19629910588264465
0.18317584693431854
0.1452457457780838
0.156987726688385
0.17202520370483398
0.20002834498882294
0.10156875848770142
0.07438407838344574
0.097710020840168
0.13873536884784698
0.16779445111751556
0.21885579824447632
0.14244255423545837
0.17469646036624908
0.14590784907341003
0.06674099713563919
0.08753937482833862
0.12343757599592209
0.1723698079586029
0.24789822101593018
0.15147440135478973
0.19167852401733398
0.12625256180763245
0.16735517978668213
0.11877336353063583
0.13329894840717316
0.18120276927947998
0.25199469923973083
0.1557735651731491
0.25638407468795776
0.08819812536239624
0.1273909956216812
0.06826692819595337
0.2690947353839874
0.16674654185771942
0.1415107548236847
0.1798730343580246
0.11626975238323212
0.1463284194469452
0.10427597165107727
0.18413355946540833
0.24523644149303436
0.16477389633655548
0.26044079661369324
0.17840932309627533
0.14058083295822144
0.142877995967865
0.21925510466098785
0.14989763498306274
0.12215730547904968
0.11182630062103271
0.17651067674160004
0.09186764806509018
0.22687476873397827
0.3295272886753082
0.18618763983249664
0.08553299307823181
0.10747140645980835
0.18804511427879333
0.19142895936965942
0.17808331549167633
0.165472149848938
0.16102175414562225
0.1675107628107071
0.18786050379276276
0.23490305244922638
0.21527202427387238
0.1746717244386673
0.20846328139305115
0.14372524619102478
0.23332272469997406
0.2943602502346039
0.15145722031593323
0.16716685891151428
0.16788719594478607
0.2026662677526474
0.20102010667324066
0.17259514331817627
0.17342786490917206
0.21394073963165283
0.16723354160785675
0.1991530805826187
0.08423135429620743
0.16575536131858826
0.1505666971206665
0.15034787356853485
0.19460760056972504
0.22303406894207
0.203582301735878
0.11302974075078964
0.17343652248382568
0.16684702038764954
0.24064184725284576
0.14531444013118744
0.09626856446266174
0.2119169533252716
0.12872359156608582
0.14353273808956146
0.20731575787067413
0.17402540147304535
0.21885989606380463
0.18210329115390778
0.19877924025058746
0.1494201421737671
0.22213059663772583
0.1491922289133072
0.13877539336681366
0.2534622251987457
0.08854170888662338
0.16103337705135345
0.18121710419654846
0.2028094381093979
0.23142799735069275
0.14658798277378082
0.22578582167625427
0.12675271928310394
0.0837942361831665
0.0948975533246994
0.20766906440258026
0.17633022367954254
0.1641330122947693
0.15547485649585724
0.09104064106941223
0.16613949835300446
0.17537999153137207
0.1751517951488495
0.19284583628177643
0.19030791521072388
0.2735793888568878
0.18066225945949554
0.12730476260185242
0.1908813714981079
0.14658458530902863
0.1706198900938034
0.18038299679756165
0.17030879855155945
0.13743984699249268
0.22371624410152435
0.15706810355186462
0.2188723385334015
0.15220753848552704
0.21829909086227417
0.17832480370998383
0.22686463594436646
0.22609685361385345
0.24511809647083282
0.18287160992622375
0.24060647189617157
0.16910487413406372
0.21118921041488647
0.18055447936058044
0.12306419014930725
0.20865216851234436
0.1132989451289177
0.23732247948646545
0.07764247804880142
0.20264498889446259
0.1691684126853943
0.1422114372253418
0.13825997710227966
0.13633275032043457
0.11747425049543381
0.21954801678657532
0.1479147970676422
0.1655247062444687
0.35020712018013
0.06874740123748779
0.21376647055149078
0.2055426985025406
0.05308668687939644
0.12374313175678253
0.06519816815853119
0.11078564822673798
0.13458162546157837
0.09105454385280609
0.20385031402111053
0.1562088131904602
0.10663602501153946
0.13530950248241425
0.10208769887685776
0.17667609453201294
0.25088024139404297
0.15877820551395416
0.2663459777832031
0.19426150619983673
0.20206131041049957
0.18929657340049744
0.46354684233665466
0.17748387157917023
0.19866491854190826
0.19472068548202515
0.18812303245067596
0.1721794158220291
0.2211022526025772
0.1434667855501175
0.18471306562423706
0.11076860874891281
0.10726899653673172
0.1340446025133133
0.11905687302350998
0.19447113573551178
0.17072102427482605
0.1781054586172104
0.14644679427146912
0.03913889825344086
0.18317382037639618
0.2000209242105484
0.12171824276447296
0.15048465132713318
0.11733140796422958
0.13379326462745667
0.0693395808339119
0.12391704320907593
0.1128358393907547
0.15892785787582397
0.20888206362724304
0.2059985250234604
0.14629240334033966
0.1443699598312378
0.15765032172203064
0.07646302878856659
0.232704296708107
0.19474315643310547
0.14092357456684113
0.2623421251773834
0.23677074909210205
0.12347854673862457
0.1931930035352707
0.20247910916805267
0.14941737055778503
0.22007477283477783
0.23283028602600098
0.2097911387681961
0.23111307621002197
0.09354636818170547
0.20761924982070923
0.15211591124534607
0.1889989972114563
0.08714889734983444
0.17328248918056488
0.1484270691871643
0.10835053771734238
0.2859996557235718
0.2141861766576767
0.21064142882823944
0.27674123644828796
0.11620098352432251
0.2171989381313324
0.17017875611782074
0.1589123010635376
0.18399931490421295
0.19423344731330872
0.1152193546295166
0.09236976504325867
0.20141960680484772
0.1709141582250595
0.09014898538589478
0.1485459953546524
0.13811761140823364
0.14503201842308044
0.1520228087902069
0.17818355560302734
0.2573046088218689
0.21897929906845093
0.21273039281368256
0.12409602850675583
0.21735641360282898
0.14796201884746552
0.10424225777387619
0.26215142011642456
0.12670443952083588
0.22555842995643616
0.1352543830871582
0.23813152313232422
0.058037932962179184
0.16426627337932587
0.2580071687698364
0.30856138467788696
0.15563088655471802
0.1667686104774475
0.1469259262084961
0.23254266381263733
0.23459389805793762
0.2274065613746643
0.2159259021282196
0.0700390413403511
0.1679944396018982
0.155406653881073
0.13585546612739563
0.1023431271314621
0.19672417640686035
0.11116767674684525
0.20193275809288025
0.056417711079120636
0.1869887411594391
0.22576192021369934
0.1302357167005539
0.13159003853797913
0.21156609058380127
0.18844634294509888
0.2081114649772644
0.1677454262971878
0.03652011230587959
0.15750622749328613
0.15481983125209808
0.1949688196182251
0.16248856484889984
0.17853380739688873
0.12156741321086884
0.11745302379131317
0.1380683034658432
0.10385806858539581
0.34291696548461914
0.3289220631122589
0.1541152149438858
0.21402987837791443
0.11372002959251404
0.14590610563755035
0.13168464601039886
0.13554933667182922
0.05913650244474411
0.1980472058057785
0.031055033206939697
0.22410458326339722
0.009439792484045029
0.21786805987358093
0.11463508009910583
0.14348047971725464
0.1386527270078659
0.1715012639760971
0.22592225670814514
0.17784817516803741
0.12957319617271423
0.0974133089184761
0.196732297539711
0.14002995193004608
0.26118800044059753
0.1757531464099884
0.11439600586891174
0.14008840918540955
0.17348983883857727
0.16773344576358795
0.1306130588054657
0.16064316034317017
0.2276613563299179
0.08948256820440292
0.11177371442317963
0.1479855179786682
0.19070349633693695
0.18193073570728302
0.17349986732006073
0.16925425827503204
0.12131350487470627
0.12894484400749207
0.264700710773468
0.16690804064273834
0.21611088514328003
0.15230980515480042
0.22590181231498718
0.15349525213241577
0.2152133733034134
0.09399598836898804
0.1324310302734375
0.2997834086418152
0.13654182851314545
0.20689494907855988
0.2227174937725067
0.7770158052444458
0.10158726572990417
0.10178102552890778
0.13614368438720703
0.17295444011688232
0.15590384602546692
0.12635478377342224
0.15567541122436523
0.1255566030740738
0.11127882450819016
0.16153180599212646
0.17030547559261322
0.14184141159057617
0.29111242294311523
0.12007655948400497
0.20113268494606018
0.20999550819396973
0.12273042649030685
0.15725162625312805
0.06130192428827286
0.1945338100194931
0.1416231244802475
0.22159452736377716
0.15849177539348602
0.0718623697757721
0.11406388878822327
0.198049858212471
0.1444547027349472
0.18924649059772491
0.0899709090590477
0.13509908318519592
0.17098131775856018
0.16992545127868652
0.10560673475265503
0.07900113612413406
0.20206862688064575
0.17766006290912628
0.2016175389289856
0.16022367775440216
0.2546772062778473
0.04715648293495178
0.1752462536096573
0.10286902636289597
0.19954423606395721
0.11105260998010635
0.20605599880218506
0.24215969443321228
0.16651219129562378
0.19363123178482056
0.09416878968477249
0.08610724657773972
0.16615918278694153
0.13482064008712769
0.17009350657463074
0.2165718674659729
0.087486132979393
0.18225441873073578
0.2003524750471115
0.14727334678173065
0.17314207553863525
0.10625550150871277
0.16649097204208374
0.17740866541862488
0.103599414229393
0.20251646637916565
0.22337305545806885
0.17053425312042236
0.13607577979564667
0.17545104026794434
0.16725152730941772
0.15787020325660706
0.1362895965576172
0.14516322314739227
0.13886979222297668
0.1632089614868164
0.20811869204044342
0.2185361534357071
0.20011349022388458
0.10470890998840332
0.11642986536026001
0.10346894711256027
0.16028380393981934
0.21207283437252045
0.15114080905914307
0.12116332352161407
0.15391084551811218
0.1697911024093628
0.09035201370716095
0.1842338740825653
0.13787607848644257
0.1464536339044571
0.17007353901863098
0.1805475950241089
0.1459062546491623
0.22456346452236176
0.10445001721382141
0.12034106254577637
0.1297784000635147
0.248819038271904
0.14179891347885132
0.192298024892807
0.13859234750270844
0.19150090217590332
0.09644807130098343
0.15868820250034332
0.1261419653892517
0.14594979584217072
0.15790680050849915
0.2731155753135681
0.22094936668872833
0.14391621947288513
0.12851658463478088
0.17004767060279846
0.11590733379125595
0.29755455255508423
0.2328212559223175
0.14659638702869415
0.19925250113010406
0.20229734480381012
0.17250773310661316
0.1922672986984253
0.11259753257036209
0.16582202911376953
0.1406136453151703
0.14094790816307068
0.19601160287857056
0.14996080100536346
0.10970933735370636
0.2091079205274582
0.19390709698200226
0.08369844406843185
0.167446106672287
0.17704316973686218
0.16874895989894867
0.11413031071424484
0.13407841324806213
0.10613871365785599
0.1352769136428833
0.17748472094535828
0.1716596782207489
0.1396152675151825
0.10141830146312714
0.09891318529844284
0.09444551169872284
0.20349375903606415
0.18494686484336853
0.18599656224250793
0.15819625556468964
0.16277280449867249
0.11742140352725983
0.11813537031412125
0.0803460106253624
0.22211487591266632
0.15882554650306702
0.05632741376757622
0.11013803631067276
0.15248094499111176
0.22706471383571625
0.19362981617450714
0.10304294526576996
0.03615165874361992
0.15723538398742676
0.15775223076343536
0.2596432864665985
0.12501376867294312
0.13378581404685974
0.10634520649909973
0.21369870007038116
0.14215900003910065
0.28710028529167175
0.1478995978832245
0.16820386052131653
0.07903119921684265
0.12710951268672943
0.1228475496172905
0.16667205095291138
0.15169672667980194
0.23579518496990204
0.11429466307163239
0.1552676409482956
0.151644766330719
0.14384816586971283
0.14707812666893005
0.23782822489738464
0.08791863918304443
0.16092918813228607
0.22213566303253174
0.14122357964515686
0.05238528922200203
0.19594888389110565
0.16076767444610596
0.13860782980918884
0.16996867954730988
0.24087822437286377
0.04514322057366371
0.19579122960567474
0.10059179365634918
0.23037010431289673
0.18207545578479767
0.10224458575248718
0.10689754039049149
0.24433815479278564
0.09180569648742676
0.12925803661346436
0.14038395881652832
0.11500468105077744
0.19205224514007568
0.16193994879722595
0.16165468096733093
0.061377983540296555
0.07751376926898956
0.11151766777038574
0.20378391444683075
0.17051288485527039
0.10653671622276306
0.14244993031024933
0.2935771644115448
0.14056368172168732
0.25686660408973694
0.1072012260556221
0.13499119877815247
0.20994606614112854
0.23811790347099304
0.1296781748533249
0.0340704508125782
0.14119340479373932
0.1927407681941986
0.16367056965827942
0.18005385994911194
0.15826259553432465
0.17580309510231018
0.1639929860830307
0.1433384120464325
0.17303188145160675
0.0817880854010582
0.08078279346227646
0.21476437151432037
0.11233913153409958
0.11909926682710648
0.1622212529182434
0.13411441445350647
0.06518569588661194
0.16068629920482635
0.21011550724506378
0.21436244249343872
0.09027474373579025
0.09413611143827438
0.23612567782402039
0.18790772557258606
0.23512540757656097
0.22312767803668976
0.10848315805196762
0.16444693505764008
0.15947671234607697
0.08838127553462982
0.18443170189857483
0.13979263603687286
0.08743386715650558
0.19147612154483795
0.13448455929756165
0.13473303616046906
0.05006027594208717
0.23350730538368225
0.1475173979997635
0.30066683888435364
0.07336938381195068
0.16003553569316864
0.2254875898361206
0.0729292705655098
0.11827930063009262
0.19570213556289673
0.15409716963768005
0.13714447617530823
0.14113648235797882
0.1573685109615326
0.1542285829782486
0.17701010406017303
0.15542323887348175
0.12723417580127716
0.05614989623427391
0.13908882439136505
0.08862747997045517
0.14057910442352295
0.14610201120376587
0.11458977311849594
0.1811223179101944
0.14692121744155884
0.07823079824447632
0.13753995299339294
0.11086428910493851
0.17578540742397308
0.14898523688316345
0.18134325742721558
0.2141599953174591
0.16021986305713654
0.13531871140003204
0.13899502158164978
0.1629095822572708
0.13645559549331665
0.2564999759197235
0.18033932149410248
0.12385684996843338
0.19122876226902008
0.14200925827026367
0.1675126701593399
0.22968074679374695
0.24475206434726715
0.10759741812944412
0.1089199110865593
0.15489299595355988
0.10875710844993591
0.06127209961414337
0.13041076064109802
0.11862190812826157
0.022774048149585724
0.21469897031784058
0.15934185683727264
0.23957689106464386
0.1660558432340622
0.10164527595043182
0.01205393671989441
0.22472937405109406
0.11008847504854202
0.09686390310525894
0.14668361842632294
0.18851283192634583
0.18347561359405518
0.17059320211410522
0.10524412244558334
0.13069823384284973
0.13483460247516632
0.1147412359714508
0.2337709218263626
0.22299672663211823
0.17822791635990143
0.11984207481145859
0.13232451677322388
0.23125042021274567
0.11444265395402908
0.20591634511947632
0.23902803659439087
0.09052564203739166
0.05346868932247162
0.19963960349559784
0.17169871926307678
0.14536988735198975
0.07282371073961258
0.12142527103424072
0.12311654537916183
0.10532879084348679
0.10792684555053711
0.14390629529953003
0.19312028586864471
0.19658049941062927
0.11536353081464767
0.19463825225830078
0.11941219866275787
0.14012692868709564
0.2750606834888458
0.1857154220342636
0.17640742659568787
0.12989680469036102
0.0817900076508522
0.12982574105262756
0.26276329159736633
0.1219596117734909
0.23482760787010193
0.20036819577217102
0.12518513202667236
0.10131032764911652
0.20807673037052155
0.19662292301654816
0.1455870121717453
0.25480395555496216
0.17218974232673645
0.14025245606899261
0.17884407937526703
0.112783282995224
0.2332267016172409
0.18375711143016815
0.18001095950603485
0.1676289439201355
0.18568959832191467
0.16132479906082153
0.19519269466400146
0.1454840898513794
0.11635351181030273
0.12914299964904785
0.07634632289409637
0.1361324042081833
0.2379821091890335
0.11891812831163406
0.19885429739952087
0.30984488129615784
0.19998246431350708
0.16178607940673828
0.20324790477752686
0.1584961712360382
0.16081635653972626
0.15084689855575562
0.12605348229408264
0.13601090013980865
0.20173875987529755
0.2726084589958191
0.23707802593708038
0.14374756813049316
0.20636411011219025
0.10570541769266129
0.17729929089546204
0.19679108262062073
0.19934655725955963
0.12914061546325684
0.14088033139705658
0.145353764295578
0.1441614180803299
0.18780329823493958
0.10133353620767593
0.12945601344108582
0.18483416736125946
0.1567106693983078
0.13755503296852112
0.18455666303634644
0.16273684799671173
0.2495705634355545
0.1917688399553299
0.08736657351255417
0.12558317184448242
0.14006491005420685
0.15525802969932556
0.1885809302330017
0.15193702280521393
0.1374686360359192
0.1778348684310913
0.24797891080379486
0.1450098603963852
0.2586679458618164
0.16817863285541534
0.11952731013298035
0.08072065562009811
0.1241917610168457
0.18775132298469543
0.12642157077789307
0.16041849553585052
0.21277382969856262
0.27146047353744507
0.15300169587135315
0.1799163669347763
0.1750527173280716
0.10464516282081604
0.16889089345932007
0.11786109209060669
0.10579841583967209
0.2574618458747864
0.2264108508825302
0.09762103110551834
0.17218546569347382
0.1269626021385193
0.15404513478279114
0.21873843669891357
0.18985606729984283
0.1276361048221588
0.13704925775527954
0.18364809453487396
0.07390112429857254
0.0934658870100975
0.22051028907299042
0.2036372572183609
0.16044898331165314
0.08180487155914307
0.09122195839881897
0.12145473062992096
0.15841083228588104
0.2173992246389389
0.17503923177719116
0.22863422334194183
0.22491423785686493
0.11090102046728134
0.21476513147354126
0.20535144209861755
0.18508344888687134
0.2038690596818924
0.1005641296505928
0.18546049296855927
0.07846397906541824
0.12833453714847565
0.14674779772758484
0.1434965580701828
0.19045007228851318
0.21416544914245605
0.06076918914914131
0.13852962851524353
0.12222828716039658
0.18672297894954681
0.20532435178756714
0.18814720213413239
0.19169729948043823
0.17494288086891174
0.21470949053764343
0.1852295994758606
0.15912416577339172
0.17747780680656433
0.12679044902324677
0.19867108762264252
0.08418499678373337
0.12735077738761902
0.1699819415807724
0.1662961095571518
0.08699283748865128
0.21968021988868713
0.23347534239292145
0.09947684407234192
0.17514416575431824
0.17902326583862305
0.22114945948123932
0.13098889589309692
0.09311047196388245
0.1612684577703476
0.09062134474515915
0.10935134440660477
0.18676137924194336
0.0924588143825531
0.11090315878391266
0.15452338755130768
0.2392348200082779
0.17878246307373047
0.16983944177627563
0.2959846556186676
0.028711631894111633
0.1293395757675171
0.1065131425857544
0.19049300253391266
0.12896513938903809
0.15032687783241272
0.16722935438156128
0.15151581168174744
0.10319800674915314
0.25748512148857117
0.17369182407855988
0.09307536482810974
0.16977891325950623
0.10616439580917358
0.12326597422361374
0.15283319354057312
0.1749640554189682
0.19525060057640076
0.16642263531684875
0.16791334748268127
0.16463664174079895
0.1366456001996994
0.15266531705856323
0.06765839457511902
0.19850733876228333
0.12983767688274384
0.12335802614688873
0.14365699887275696
0.1318499594926834
0.1216108575463295
0.15340562164783478
0.21067480742931366
0.15058563649654388
0.18018794059753418
0.1560685783624649
0.08853068947792053
0.16852998733520508
0.17246495187282562
0.12045891582965851
0.12130880355834961
0.19022640585899353
0.10928808152675629
0.1777896285057068
0.12580931186676025
0.18292118608951569
0.20422033965587616
0.11834195256233215
0.17768020927906036
0.0745808556675911
0.17613038420677185
0.20128342509269714
0.15146274864673615
0.2053244560956955
0.27675703167915344
0.17798173427581787
0.1630004346370697
0.17600275576114655
0.18682017922401428
0.1568126380443573
0.17035529017448425
0.2773853540420532
0.17550063133239746
0.16267654299736023
0.09937708079814911
0.1395123451948166
0.13434173166751862
0.27043259143829346
0.1537795215845108
0.1503637433052063
0.1716272234916687
0.16151021420955658
0.12371527403593063
0.20571665465831757
0.09697531908750534
0.09428194165229797
0.2205800861120224
0.06589870154857635
0.19943363964557648
0.1723642200231552
0.1147366315126419
0.2092660665512085
0.11438404768705368
0.2583739161491394
0.11520446091890335
0.2191523015499115
0.1232742890715599
0.10955702513456345
0.15266160666942596
0.14093194901943207
0.20696480572223663
0.142933651804924
0.2149798423051834
0.18691319227218628
0.2200208604335785
0.21937720477581024
0.07591163367033005
0.10314925760030746
0.3356483280658722
0.0981847271323204
0.17555367946624756
0.1577826291322708
0.19030119478702545
0.22034668922424316
0.31998735666275024
0.09590562433004379
0.11428595334291458
0.16860489547252655
0.2729129493236542
0.09781943261623383
0.10143037885427475
0.1452195644378662
0.15330944955348969
0.2046855241060257
0.1307544708251953
0.10449466854333878
0.1747700273990631
0.23784901201725006
0.1514529585838318
0.27148324251174927
0.11996165663003922
0.1538042277097702
0.20650310814380646
0.1986057460308075
0.23645374178886414
0.17963655292987823
0.14072364568710327
0.1208658516407013
0.1454356163740158
0.1391972452402115
0.15368421375751495
0.16669437289237976
0.165581613779068
0.254323273897171
0.11720877140760422
0.13773581385612488
0.36259573698043823
0.14501915872097015
0.23470661044120789
0.18349908292293549
0.13596762716770172
0.08976034820079803
0.18687263131141663
0.16409090161323547
0.10625860095024109
0.11730852723121643
0.15083454549312592
0.3174682557582855
0.18160252273082733
0.14101287722587585
0.16310030221939087
0.14564038813114166
0.2310950756072998
0.16018760204315186
0.1332402378320694
0.16860972344875336
0.24867406487464905
0.14063720405101776
0.2214725762605667
0.19768014550209045
0.18379388749599457
0.12516294419765472
0.11169861257076263
0.13003908097743988
0.16183887422084808
0.19061598181724548
0.10371491312980652
0.08999274671077728
0.18386515974998474
0.20490719377994537
0.1943194717168808
0.19184784591197968
0.11289194971323013
0.13507957756519318
0.11156576126813889
0.11384368687868118
0.1231134682893753
0.16975677013397217
0.1907319277524948
0.07564964890480042
0.12895485758781433
0.27739548683166504
0.0738111212849617
0.12403571605682373
0.17333173751831055
0.23626261949539185
0.15409408509731293
0.14596767723560333
0.11410463601350784
0.10384822636842728
0.14048150181770325
0.20771479606628418
0.176655113697052
0.16642345488071442
0.13502639532089233
0.13534428179264069
0.176179900765419
0.23101145029067993
0.16244828701019287
0.22976453602313995
0.185292050242424
0.1458122283220291
0.1793135106563568
0.08378973603248596
0.10936293005943298
0.22109855711460114
0.28791964054107666
0.18477052450180054
0.11574415862560272
0.05856775864958763
0.14687548577785492
0.20413519442081451
0.13972195982933044
0.15914414823055267
0.09254369139671326
0.08907269686460495
0.14606519043445587
0.11344338208436966
0.1933998465538025
0.20584535598754883
0.15835823118686676
0.15226197242736816
0.20320196449756622
0.18045927584171295
0.1031549945473671
0.13046982884407043
0.1739877462387085
0.12257706373929977
0.13454173505306244
0.1401500105857849
0.22768400609493256
0.17533747851848602
0.200807124376297
0.14885835349559784
0.1575915813446045
0.15868140757083893
0.06414209306240082
0.15797297656536102
0.09551801532506943
0.18822939693927765
0.13909058272838593
0.10124871134757996
0.09603466093540192
0.21269328892230988
0.17341479659080505
0.1715630292892456
0.1670684516429901
0.1214585229754448
0.1580403447151184
0.12020202726125717
0.18595314025878906
0.2305401861667633
0.11424889415502548
0.20365691184997559
0.16917796432971954
0.22780577838420868
0.15928266942501068
0.2388075441122055
0.20465409755706787
0.22030822932720184
0.21556861698627472
0.1764691323041916
0.13017494976520538
0.11848893761634827
0.20691300928592682
0.22854436933994293
0.14043888449668884
0.12927640974521637
0.04806985706090927
0.09365122020244598
0.1309201866388321
0.1905350238084793
0.1542407125234604
0.0930895060300827
0.1992415487766266
0.11245859414339066
0.08968489617109299
0.1560000479221344
0.17957094311714172
0.18585306406021118
0.16185086965560913
0.17512717843055725
0.1794939786195755
0.1738957315683365
0.12259051948785782
0.1935662478208542
0.20634102821350098
0.18156743049621582
0.292387992143631
0.12055039405822754
0.15781454741954803
0.128355011343956
0.21072465181350708
0.10292483866214752
0.14809061586856842
0.236741304397583
0.0628591850399971
0.20195898413658142
0.17752784490585327
0.229561448097229
0.11610918492078781
0.1810348778963089
0.21089860796928406
0.1478370577096939
0.13452740013599396
0.0904831513762474
0.26065701246261597
0.1450597643852234
0.08717937022447586
0.14584508538246155
0.11586790531873703
0.05266847088932991
0.13453461229801178
0.0818045362830162
0.16650041937828064
0.14786645770072937
0.11312812566757202
0.11809954792261124
0.15961386263370514
0.1310306042432785
0.13037768006324768
0.21219538152217865
0.26479482650756836
0.16985207796096802
0.3105141520500183
0.13535284996032715
0.1463547945022583
0.24876566231250763
0.18691059947013855
0.16375142335891724
0.14980602264404297
0.19424089789390564
0.1535431295633316
0.10601021349430084
0.11710268259048462
0.1628952920436859
0.10402397066354752
0.19810102880001068
0.1692841649055481
0.16038572788238525
0.12379252165555954
0.123921699821949
0.11473702639341354
0.2259906381368637
0.11891847103834152
0.0858144536614418
0.09497074037790298
0.17907099425792694
0.12225054204463959
0.2007366269826889
0.14832273125648499
0.1501326709985733
0.1977941393852234
0.38380956649780273
0.21432645618915558
0.0934690609574318
0.15968669950962067
0.22388184070587158
0.2199811190366745
0.13015905022621155
0.22360432147979736
0.14355461299419403
0.09317733347415924
0.1929824948310852
0.0763637125492096
0.06583057343959808
0.1967499554157257
0.1220531314611435
0.22207088768482208
0.12555934488773346
0.13229508697986603
0.1906147003173828
0.1105784922838211
0.11799582839012146
0.0917816236615181
0.17087943851947784
0.05755738914012909
0.11912953108549118
0.11837571859359741
0.18719202280044556
0.16514089703559875
0.20749622583389282
0.18257655203342438
0.1668790876865387
0.20953719317913055
0.22268134355545044
0.1118713989853859
0.24551571905612946
0.19139645993709564
0.13935880362987518
0.12869660556316376
0.1723218560218811
0.1833695024251938
0.12572745978832245
0.1511799842119217
0.11717677861452103
0.10654628276824951
0.15665575861930847
0.1519802063703537
0.2758757472038269
0.22873444855213165
0.15009859204292297
0.1405351758003235
0.18483343720436096
0.12233778089284897
0.21813146770000458
0.14807885885238647
0.220696359872818
0.19822050631046295
0.15734022855758667
0.1723787784576416
0.1273588389158249
0.16914866864681244
0.24628478288650513
0.17072619497776031
0.1666959822177887
0.05997731536626816
0.1614750176668167
0.18083456158638
0.11558915674686432
0.17388629913330078
0.07730091363191605
0.12156949192285538
0.10091263055801392
0.31644147634506226
0.05841473862528801
0.1711229681968689
0.20191757380962372
0.17263059318065643
0.15641120076179504
0.13034318387508392
0.18686543405056
0.17981737852096558
0.1430174708366394
0.15615098178386688
0.16085417568683624
0.2011636197566986
0.18902504444122314
0.08328152447938919
0.12460421025753021
0.11972730606794357
0.222690612077713
0.14993999898433685
0.2691998779773712
0.050211116671562195
0.17560334503650665
0.10114382952451706
0.12140458077192307
0.1643202006816864
0.16882900893688202
0.2065763771533966
0.10728675872087479
0.17439399659633636
0.15488772094249725
0.16709189116954803
0.07867085933685303
0.19698038697242737
0.2177751511335373
0.092864491045475
0.1955179125070572
0.13954967260360718
0.20135283470153809
0.03782125934958458
0.1917935162782669
0.18014521896839142
0.36933133006095886
0.1397756189107895
0.13202543556690216
0.0321955680847168
0.10891737043857574
0.2606673240661621
0.10725470632314682
0.2032976895570755
0.11346037685871124
0.1833471804857254
0.24600286781787872
0.06476821005344391
0.15349052846431732
0.1598225086927414
0.0764198899269104
0.1080605760216713
0.1509590595960617
0.14682520925998688
0.13868571817874908
0.16155453026294708
0.09088830649852753
0.10179968923330307
0.1538749635219574
0.1906982958316803
0.12632091343402863
0.28099822998046875
0.16224579513072968
0.13656504452228546
0.1108299195766449
0.07394609600305557
0.1260758936405182
0.15647296607494354
0.09953173249959946
0.07916812598705292
0.1080380380153656
0.07002279907464981
0.12647584080696106
0.1670934408903122
0.1836743801832199
0.10611286759376526
0.19153155386447906
0.11091730743646622
0.13158345222473145
0.17297221720218658
0.09687614440917969
0.15363116562366486
0.12755581736564636
0.12929296493530273
0.0986870676279068
0.11959284543991089
0.1423839032649994
0.09825535863637924
0.16470642387866974
0.19010111689567566
0.08224282413721085
0.09045503288507462
0.18790963292121887
0.07168104499578476
0.20922014117240906
0.3215092718601227
0.1553495228290558
0.07130654901266098
0.18238979578018188
0.06584030389785767
0.18555685877799988
0.19428935647010803
0.14960838854312897
0.20133265852928162
0.18811404705047607
0.12163257598876953
0.3051467537879944
0.20799706876277924
0.09795469045639038
0.10516377538442612
0.16157697141170502
0.1854158639907837
0.17064911127090454
0.09322863072156906
0.09033432602882385
0.11531510949134827
0.1027749627828598
0.13808394968509674
0.1539772003889084
0.09578398615121841
0.22024376690387726
0.23111101984977722
0.2106170952320099
0.22336331009864807
0.1742137223482132
0.10702404379844666
0.14858828485012054
0.16325464844703674
0.13147136569023132
0.04918032884597778
0.12426607310771942
0.19403797388076782
0.10266092419624329
0.14224505424499512
0.2701950967311859
0.11304102838039398
0.2571452558040619
0.2015543133020401
0.12034238129854202
0.16299046576023102
0.13068410754203796
0.1857326775789261
0.08583158254623413
0.16654150187969208
0.16780227422714233
0.13784313201904297
0.1511012762784958
0.15620017051696777
0.09947177022695541
0.2194388210773468
0.18833109736442566
0.11726943403482437
0.1286318600177765
0.16801372170448303
0.2574542462825775
0.08167006820440292
0.10603225231170654
0.08655612915754318
0.22053392231464386
0.15370851755142212
0.13967837393283844
0.24176080524921417
0.2295457124710083
0.07494240999221802
0.3108675181865692
0.1599431037902832
0.07659822702407837
0.23214633762836456
0.5615360736846924
0.10506842285394669
0.06754517555236816
0.10389964282512665
0.16709193587303162
0.09441050887107849
0.18142060935497284
0.15922217071056366
0.27258768677711487
0.09098918735980988
0.2411283254623413
0.11778341233730316
0.10753241926431656
0.08632973581552505
0.10573572665452957
0.07164455950260162
0.13364055752754211
0.144523024559021
0.2098488062620163
0.2815842926502228
0.3069555461406708
0.06123574078083038
0.14999155700206757
0.18583033978939056
0.09214730560779572
0.11193180084228516
0.18964265286922455
0.1991729587316513
0.18218468129634857
0.11649619042873383
0.10376658290624619
0.14862403273582458
0.11506854742765427
0.06273745000362396
0.17017129063606262
0.16214841604232788
0.14655759930610657
0.10618860274553299
0.08493655174970627
0.12273623049259186
0.1623043715953827
0.18799157440662384
0.17087510228157043
0.14091075956821442
0.09813494980335236
0.1657828986644745
0.1006452813744545
0.15430541336536407
0.26135388016700745
0.12508141994476318
0.163427472114563
0.13837046921253204
0.10407785326242447
0.21060709655284882
0.13560500741004944
0.1645515263080597
0.12398912757635117
0.20714996755123138
0.09488075971603394
0.1493929922580719
0.21858404576778412
0.12722022831439972
0.12564757466316223
0.10422073304653168
0.20484206080436707
0.2108473926782608
0.1453060805797577
0.23125892877578735
0.12672170996665955
0.12768560647964478
0.15958692133426666
0.12404932826757431
0.07129278779029846
0.10420635342597961
0.27335938811302185
0.11532871425151825
0.10417864471673965
0.06927145272493362
0.19262084364891052
0.19846630096435547
0.21931219100952148
0.06629058718681335
0.23422770202159882
0.2884695827960968
0.2814604341983795
0.05356958881020546
0.06365296244621277
0.14867977797985077
0.09944126009941101
0.1670914739370346
0.14394229650497437
0.20017816126346588
0.15831990540027618
0.19814175367355347
0.08976248651742935
0.1948295533657074
0.1094362661242485
0.1599484086036682
0.15179213881492615
0.11321843415498734
0.14037072658538818
0.13171051442623138
0.16205038130283356
0.25785499811172485
0.11359593272209167
0.1251315474510193
0.12963257730007172
0.25311535596847534
0.2493128478527069
0.11014676839113235
0.15499021112918854
0.16109342873096466
0.12890096008777618
0.33629846572875977
0.20347590744495392
0.13957160711288452
0.15727554261684418
0.21075282990932465
0.1533018797636032
0.07093402743339539
0.13286100327968597
0.19943726062774658
0.10462076961994171
0.18674542009830475
0.1538621187210083
0.2355106621980667
0.15497669577598572
0.15083390474319458
0.13299331068992615
0.32292214035987854
0.3312714099884033
0.1670990139245987
0.17360574007034302
0.16705240309238434
0.14375005662441254
0.18193480372428894
0.15525925159454346
0.1369846761226654
0.0892171561717987
0.21970556676387787
0.24902676045894623
0.1013643890619278
0.11548522114753723
0.16824792325496674
0.1273982673883438
0.14870235323905945
0.18617823719978333
0.08827987313270569
0.20631983876228333
0.13950608670711517
0.0982852503657341
0.21139636635780334
0.10530445724725723
0.1535286009311676
0.07406263798475266
0.16291378438472748
0.19157013297080994
0.09915521740913391
0.18344424664974213
0.1336894929409027
0.15242622792720795
0.10226437449455261
0.19130009412765503
0.1907481551170349
0.19375373423099518
0.07928896695375443
0.12691617012023926
0.12393419444561005
0.13273568451404572
0.21288225054740906
0.09728144109249115
0.19611108303070068
0.22467918694019318
0.25549376010894775
0.12324175238609314
0.042404599487781525
0.14525052905082703
0.06468416750431061
0.10713324695825577
0.10113073885440826
0.2524723708629608
0.1310785561800003
0.10165899246931076
0.20495633780956268
0.11827744543552399
0.09707362204790115
0.1679806411266327
0.2884805500507355
0.11866897344589233
0.1593116968870163
0.16017794609069824
0.054342932999134064
0.16803933680057526
0.15406812727451324
0.14478883147239685
0.16296793520450592
0.17418187856674194
0.21964673697948456
0.11106517910957336
0.05678234249353409
0.17413532733917236
0.1670624166727066
0.26060348749160767
0.24237637221813202
0.13255846500396729
0.1091415211558342
0.14774449169635773
0.1384618878364563
0.12192222476005554
0.2066105306148529
0.10620628297328949
0.1025676503777504
0.12907209992408752
0.06120483577251434
0.005390926729887724
0.168898344039917
0.10774931311607361
0.12060127407312393
0.09238801151514053
0.10176010429859161
0.17101041972637177
0.20927926898002625
0.11282739043235779
0.03559444099664688
0.15094871819019318
0.11446691304445267
0.09186472743749619
0.17478200793266296
0.16902002692222595
0.21845068037509918
0.1300019472837448
0.07585401087999344
0.09635582566261292
0.08115936815738678
0.26512300968170166
0.12719272077083588
0.07503209263086319
0.13507135212421417
0.14721210300922394
0.18209798634052277
0.0397658608853817
0.1593014895915985
0.08689521253108978
0.15090826153755188
0.18228919804096222
0.12591932713985443
0.10006583482027054
0.2672494947910309
0.21751436591148376
0.3103892505168915
0.20355570316314697
0.15920063853263855
0.1784350872039795
0.1792069524526596
0.14021839201450348
0.1721733659505844
0.16061405837535858
0.18364602327346802
0.12638327479362488
0.11816763877868652
0.11311011016368866
0.15241886675357819
0.2868797779083252
0.1159026026725769
0.14207957684993744
0.13866594433784485
0.11877930164337158
0.2987654209136963
0.17163728177547455
0.24087074398994446
0.24918381869792938
0.16889116168022156
0.07155267149209976
0.21056689321994781
0.13558804988861084
0.2132052630186081
0.21574626863002777
0.16943489015102386
0.08234266191720963
0.09261628985404968
0.19945022463798523
0.12517927587032318
0.16279536485671997
0.13921517133712769
0.11795362085103989
0.1507357358932495
0.23032146692276
0.18129989504814148
0.1878160536289215
0.16247521340847015
0.14474594593048096
0.16589318215847015
0.16665132343769073
0.11149195581674576
0.06527328491210938
0.12907834351062775
0.06145220622420311
0.22645708918571472
0.11624167114496231
0.19296015799045563
0.13198822736740112
0.1241595596075058
0.1976529210805893
0.1886877566576004
0.15982143580913544
0.1570291817188263
0.17962436378002167
0.11510869860649109
0.13698667287826538
0.08527899533510208
0.08520962297916412
0.1524602472782135
0.10247576981782913
0.08391853421926498
0.13251113891601562
0.1270931512117386
0.08501311391592026
0.19743171334266663
0.1364438682794571
0.1619844138622284
0.19204919040203094
0.2165566235780716
0.2249346524477005
0.11035647988319397
0.1235731989145279
0.18198859691619873
0.04783186316490173
0.15880873799324036
0.13236123323440552
0.03662024438381195
0.18058988451957703
0.1764751672744751
0.14638064801692963
0.2161881923675537
0.13027429580688477
0.16240417957305908
0.1293703317642212
0.0590585395693779
0.13977070152759552
0.15861092507839203
0.16664151847362518
0.14004506170749664
0.1407630443572998
0.14136093854904175
0.12087079882621765
0.04065757617354393
0.16540022194385529
0.09094568341970444
0.08117754012346268
0.09163152426481247
0.09150996804237366
0.22723375260829926
0.24838043749332428
0.12304595857858658
0.0855713039636612
0.15940766036510468
0.1731916069984436
0.11847437918186188
0.18214239180088043
0.142629012465477
0.10239095240831375
0.21006762981414795
0.11712592095136642
0.19413615763187408
0.2597413957118988
0.10090413689613342
0.12986433506011963
0.18390193581581116
0.09710551798343658
0.19560910761356354
0.08748147636651993
0.15875552594661713
0.15999430418014526
0.19662466645240784
0.0883711501955986
0.19496189057826996
0.1852148324251175
0.1558968424797058
0.14458449184894562
0.1631280928850174
0.16478948295116425
0.11180273443460464
0.16067640483379364
0.1603384017944336
0.11921921372413635
0.22394591569900513
0.121226467192173
0.12586504220962524
0.08112096041440964
0.16115351021289825
0.11768096685409546
0.17994670569896698
0.13262587785720825
0.15642060339450836
0.1702248901128769
0.07897257059812546
0.15926936268806458
0.10446373373270035
0.19025591015815735
0.08020325750112534
0.07644563913345337
0.12048681080341339
0.15820147097110748
0.12454090267419815
0.12828968465328217
0.1277756541967392
0.13173092901706696
0.15647409856319427
0.1084696426987648
0.1654503047466278
0.12903520464897156
0.06572457402944565
0.1671498864889145
0.13962051272392273
0.1912434846162796
0.20229415595531464
0.08627141267061234
0.19206322729587555
0.184651181101799
0.09034967422485352
0.2139868289232254
0.13717080652713776
0.10253918915987015
0.1254650205373764
0.14467473328113556
0.1445031464099884
0.10495804250240326
0.1863829344511032
0.11790628731250763
0.2583657503128052
0.15800346434116364
0.12140937149524689
0.11869991570711136
0.007046468555927277
0.1627434641122818
0.13700780272483826
0.173308864235878
0.11678064614534378
0.17574846744537354
0.08286325633525848
0.22832100093364716
0.13535435497760773
0.1284446269273758
0.12209954112768173
0.1789715439081192
0.1716490387916565
0.2353515625
0.19713029265403748
0.07478424161672592
0.25050660967826843
0.15062959492206573
0.0860203430056572
0.208506241440773
0.22225409746170044
0.2975708246231079
0.09237884730100632
0.20026719570159912
0.028888560831546783
0.07663488388061523
0.14223071932792664
0.14263159036636353
0.10882551223039627
0.18038445711135864
0.13831564784049988
0.2759305238723755
0.09034845978021622
0.19068442285060883
0.12234877049922943
0.21233981847763062
0.10909610986709595
0.15339843928813934
0.11115597188472748
0.10059230774641037
0.2704751193523407
0.21372754871845245
0.1145486831665039
0.17211119830608368
0.1649622619152069
0.24770617485046387
0.1887490302324295
0.15587495267391205
0.1796155869960785
0.23937749862670898
0.11483386158943176
0.1825355589389801
0.10803473740816116
0.056398145854473114
0.10579057037830353
0.11012562364339828
0.07979936897754669
0.1767510324716568
0.07461961358785629
0.11402562260627747
0.13019709289073944
0.16533209383487701
0.11471089720726013
0.13785485923290253
0.2016354501247406
0.1159261167049408
0.10188134014606476
0.15567098557949066
0.023660937324166298
0.15263693034648895
0.14622445404529572
0.1786315143108368
0.09840928763151169
0.16188664734363556
0.18378303945064545
0.17783822119235992
0.0821109414100647
0.1512829214334488
0.13560089468955994
0.14956140518188477
0.1783229261636734
0.11229098588228226
0.1715840995311737
0.18111707270145416
0.14433956146240234
0.10890728235244751
0.09036822617053986
0.3694547116756439
0.10562029480934143
0.2165932059288025
0.16762766242027283
0.14088064432144165
0.19433124363422394
0.18498247861862183
0.12091724574565887
0.13723668456077576
0.1927325278520584
0.23275890946388245
0.0894821509718895
0.12735803425312042
0.37038037180900574
0.05600016936659813
0.15795502066612244
0.17260074615478516
0.16583259403705597
0.15494225919246674
0.20737741887569427
0.16774813830852509
0.1265556365251541
0.19600269198417664
0.14340607821941376
0.14376935362815857
0.07676573842763901
0.12543870508670807
0.2012425661087036
0.12938489019870758
0.1383039355278015
0.14459508657455444
0.13008803129196167
0.11305186152458191
0.11577962338924408
0.12951406836509705
0.20300625264644623
0.19649972021579742
0.1441200226545334
0.193264439702034
0.1044488474726677
0.07822848111391068
0.22595961391925812
0.17003700137138367
0.12524858117103577
0.1438491940498352
0.08804154396057129
0.15937630832195282
0.20641520619392395
0.17287027835845947
0.16083598136901855
0.15537641942501068
0.10821578651666641
0.12463928759098053
0.14583197236061096
0.2096492499113083
0.1435067355632782
0.06468722224235535
0.05440044775605202
0.13602536916732788
0.10536382347345352
0.173307403922081
0.21507585048675537
0.15481054782867432
0.1579224020242691
0.044159892946481705
0.23140940070152283
0.16374360024929047
0.1449633091688156
0.16122125089168549
0.12264987081289291
0.19029834866523743
0.1565910428762436
0.3046729564666748
0.11161360889673233
0.1128489300608635
0.12587697803974152
0.26490291953086853
0.18505904078483582
0.13995222747325897
0.17196373641490936
0.22178393602371216
0.3338683247566223
0.08134754747152328
0.16912460327148438
0.07006409764289856
0.15849651396274567
0.1547476053237915
0.15326283872127533
0.10258562862873077
0.2532919645309448
0.08164993673563004
0.11998192220926285
0.16461396217346191
0.1551727056503296
0.15044525265693665
0.05280505493283272
0.15939009189605713
0.10294806957244873
0.1291053295135498
0.1941329538822174
0.22287851572036743
0.21686337888240814
0.10744084417819977
0.13551165163516998
0.09047845751047134
0.2167074978351593
0.17045772075653076
0.10422948002815247
0.1269846260547638
0.19309307634830475
0.21452458202838898
0.1389969140291214
0.25028136372566223
0.2048560082912445
0.060729093849658966
0.09001366049051285
0.17450568079948425
0.1701650619506836
0.1867198795080185
0.14552438259124756
0.19748298823833466
0.12282131612300873
0.17741727828979492
0.17105551064014435
0.1674199104309082
0.15146128833293915
0.14424651861190796
0.15597359836101532
0.15821997821331024
0.15249036252498627
0.08272088319063187
0.1674281358718872
0.09297313541173935
0.150385320186615
0.1829865425825119
0.11319506913423538
0.0806516781449318
0.13459251821041107
0.1811530888080597
0.1865924447774887
0.1367466151714325
0.15601801872253418
0.09119925647974014
0.18518252670764923
0.16362003982067108
0.15930218994617462
0.1508990079164505
0.20649950206279755
0.2113218456506729
0.0893794521689415
0.21366919577121735
0.16589531302452087
0.15200163424015045
0.16591832041740417
0.12187018990516663
0.15953412652015686
0.157057985663414
0.13888892531394958
0.14663846790790558
0.24279066920280457
0.15471261739730835
0.14552193880081177
0.12718380987644196
0.1165459081530571
0.13333794474601746
0.12669764459133148
0.20792913436889648
0.19185388088226318
0.09910854697227478
0.11058713495731354
0.2599104642868042
0.08294112980365753
0.18654145300388336
0.06431686133146286
0.12495340406894684
0.15778444707393646
0.21371275186538696
0.18280810117721558
0.14985162019729614
0.1114058643579483
0.0595439150929451
0.14190715551376343
0.14294514060020447
0.1518441140651703
0.22711898386478424
0.24159233272075653
0.18101006746292114
0.09315226972103119
0.15787820518016815
0.13093073666095734
0.13474150002002716
0.07789546251296997
0.17530393600463867
0.2008403092622757
0.12946829199790955
0.07550043612718582
0.1757066696882248
0.17999234795570374
0.16167061030864716
0.09491723030805588
0.14628833532333374
0.1315843164920807
0.13471655547618866
0.09674933552742004
0.17347131669521332
0.17107370495796204
0.11662802845239639
0.20761148631572723
0.07386530190706253
0.10094378143548965
0.11969684064388275
0.15736159682273865
0.13390542566776276
0.0848710685968399
0.16089099645614624
0.11962798982858658
0.020613474771380424
0.28863874077796936
0.18103854358196259
0.13383351266384125
0.10961155593395233
0.30261266231536865
0.2321726232767105
0.1469489485025406
0.14954541623592377
0.10732852667570114
0.06377433985471725
0.12112720310688019
0.16389568150043488
0.22561509907245636
0.10299708694219589
0.1532619297504425
0.22463789582252502
0.20250585675239563
0.0839630588889122
0.10510443896055222
0.11188855767250061
0.05144210904836655
0.08507893979549408
0.0950002670288086
0.18053480982780457
0.08616836369037628
0.2627204954624176
0.1591310352087021
0.32501426339149475
0.1402837038040161
0.18515519797801971
0.11633986979722977
0.09421601891517639
0.06730038672685623
0.20594266057014465
0.2579500079154968
0.11510371416807175
0.14587490260601044
0.10888512432575226
0.10627003014087677
0.09855649620294571
0.13967430591583252
0.18386664986610413
0.15480896830558777
0.166737899184227
0.18668416142463684
0.19238495826721191
0.22096888720989227
0.1657702773809433
0.12189043313264847
0.05737195909023285
0.15335147082805634
0.26869359612464905
0.12729881703853607
0.13534274697303772
0.15936706960201263
0.13237935304641724
0.07758685946464539
0.07280576229095459
0.02643488347530365
0.10980527102947235
0.2175404578447342
0.11208581179380417
0.1965104043483734
0.20187582075595856
0.15303504467010498
0.1715829223394394
0.15237754583358765
0.13341109454631805
0.1557815968990326
0.14687763154506683
0.16251333057880402
0.22348156571388245
0.1678190380334854
0.18674282729625702
0.16728456318378448
0.09067060798406601
0.030499719083309174
0.1386565864086151
0.17961035668849945
0.3303615152835846
0.059603095054626465
0.15397727489471436
0.22757479548454285
0.1218121200799942
0.16677947342395782
0.17141199111938477
0.06386500597000122
0.18953675031661987
0.14646993577480316
0.38693857192993164
0.05096381530165672
0.14661739766597748
0.23742735385894775
0.11903540045022964
0.19377189874649048
0.2000771164894104
0.1948852390050888
0.1145513504743576
0.11916978657245636
0.12484749406576157
0.1223466545343399
0.18929331004619598
0.19743862748146057
0.11499453336000443
0.09458576887845993
0.08708720654249191
0.15631556510925293
0.129933163523674
0.21548591554164886
0.13594675064086914
0.10377836972475052
0.19013123214244843
0.1367809772491455
0.11423473060131073
0.12697716057300568
0.08908291161060333
0.11199816316366196
0.18894606828689575
0.16842971742153168
0.1066126748919487
0.1511034369468689
0.21193963289260864
0.27202165126800537
0.1671895533800125
0.1268729567527771
0.2052878588438034
0.11165544390678406
0.08779433369636536
0.15757520496845245
0.1537168025970459
0.2328336089849472
0.15532590448856354
0.15354004502296448
0.09322632104158401
0.12259531766176224
0.15741990506649017
0.12573888897895813
0.16037188470363617
0.0827116072177887
0.1866377890110016
0.11682068556547165
0.14365477859973907
0.22176901996135712
0.1440403312444687
0.04168165475130081
0.14765743911266327
0.14563314616680145
0.11579176783561707
0.05022810772061348
0.1293574720621109
0.11079292744398117
0.127134308218956
0.11756641417741776
0.1321224570274353
0.22918710112571716
0.13349886238574982
0.1868298202753067
0.06690794974565506
0.13194707036018372
0.11201238632202148
0.16284924745559692
0.08621060848236084
0.14934106171131134
0.10937410593032837
0.09107828140258789
0.1823171079158783
0.2090531438589096
0.140160471200943
0.14969781041145325
0.12458059191703796
0.24765348434448242
0.17261171340942383
0.15191872417926788
0.2183535397052765
0.17347832024097443
0.09776754677295685
0.1370137631893158
0.18636064231395721
0.13244114816188812
0.17229332029819489
0.11719884723424911
0.2806868255138397
0.16878055036067963
0.21242362260818481
0.14962457120418549
0.057826291769742966
0.2512432336807251
0.05902181193232536
0.14326703548431396
0.22698858380317688
0.15918225049972534
0.20495536923408508
0.13144975900650024
0.14076951146125793
0.17673251032829285
0.15520434081554413
0.12009922415018082
0.1808159351348877
0.09324087202548981
0.11513319611549377
0.11965862661600113
0.14677990972995758
0.1440875381231308
0.17826645076274872
0.31190019845962524
0.15712831914424896
0.22498875856399536
0.2661830186843872
0.1560635268688202
0.2285742461681366
0.17237035930156708
0.14451687037944794
0.23341190814971924
0.25557026267051697
0.10040808469057083
0.17507508397102356
0.16619336605072021
0.1237315833568573
0.17443369328975677
0.12738262116909027
0.16802486777305603
0.21590135991573334
0.09851177036762238
0.20155788958072662
0.24024757742881775
0.07863780856132507
0.17244191467761993
0.19642624258995056
0.22320684790611267
0.10825236141681671
0.2049769014120102
0.11331687122583389
0.16767023503780365
0.17651225626468658
0.1602577269077301
0.10120949149131775
0.2039208561182022
0.2376527339220047
0.14457100629806519
0.22134295105934143
0.27604714035987854
0.18006739020347595
0.14699646830558777
0.12317235767841339
0.08851247280836105
0.17891690135002136
0.32614666223526
0.2694142758846283
0.16232220828533173
0.07175691425800323
0.08504129946231842
0.15612094104290009
0.11948796361684799
0.18725110590457916
0.1218457818031311
0.1829482764005661
0.09955329447984695
0.23604023456573486
0.20013689994812012
0.31006723642349243
0.06199691444635391
0.14744578301906586
0.09783342480659485
0.16233371198177338
0.22736966609954834
0.17636550962924957
0.21988089382648468
0.14710336923599243
0.07798033952713013
0.12742879986763
0.20242075622081757
0.1430324763059616
0.12667199969291687
0.1434585452079773
0.16375578939914703
0.16048437356948853
0.11366407573223114
0.1652747392654419
0.15786926448345184
0.12183396518230438
0.06858789175748825
0.13866360485553741
0.16710178554058075
0.07589259743690491
0.11333528161048889
0.14730429649353027
0.10444467514753342
0.05703059211373329
0.22401000559329987
0.2291802018880844
0.17953747510910034
0.10680694878101349
0.08537721633911133
0.19930635392665863
0.1674625277519226
0.13012944161891937
0.13262540102005005
0.30151835083961487
0.14587192237377167
0.10985557734966278
0.17779149115085602
0.0919157937169075
0.15003171563148499
0.08856432884931564
0.059132132679224014
0.17877522110939026
0.14907358586788177
0.23676438629627228
0.2405395656824112
0.1671958863735199
0.1176866814494133
0.14420805871486664
0.1771729439496994
0.29747843742370605
0.10969576984643936
0.12691381573677063
0.2103571593761444
0.1494828164577484
0.22498644888401031
0.12144581228494644
0.1268659085035324
0.05638512223958969
0.2552673816680908
0.0882597267627716
0.24194099009037018
0.17895743250846863
0.1669822782278061
0.22398152947425842
0.1746397614479065
0.14602932333946228
0.17602239549160004
0.21741363406181335
0.15166334807872772
0.21799904108047485
0.18191462755203247
0.07895471155643463
0.18930628895759583
0.10321176797151566
0.13393090665340424
0.1606256365776062
0.08744821697473526
0.17613543570041656
0.1635533720254898
0.1032157614827156
0.13068224489688873
0.1303609013557434
0.1438870131969452
0.0803050696849823
0.1633545309305191
0.11510303616523743
0.20417430996894836
0.13498614728450775
0.23267363011837006
0.17158012092113495
0.1315002143383026
0.16629444062709808
0.19052636623382568
0.14952437579631805
0.24776113033294678
0.10765852779150009
0.11872562766075134
0.11364573240280151
0.08671751618385315
0.07327216118574142
0.2303019016981125
0.11187523603439331
0.13001295924186707
0.2626461386680603
0.22059176862239838
0.18039920926094055
0.16273945569992065
0.09907837212085724
0.09280598908662796
0.15353336930274963
0.1965188831090927
0.2539016306400299
0.1186492070555687
0.05858546495437622
0.046521011739969254
0.18913444876670837
0.17121846973896027
0.11319509148597717
0.19460274279117584
0.11143869906663895
0.19825299084186554
0.20329518616199493
0.17466948926448822
0.1669207215309143
0.19570936262607574
0.1755952686071396
0.14480865001678467
0.16948916018009186
0.1907319724559784
0.17195874452590942
0.08788011223077774
0.16782046854496002
0.19680601358413696
0.08739721775054932
0.11268841475248337
0.1543508768081665
0.20637786388397217
0.193806990981102
0.13397635519504547
0.15325918793678284
0.11596311628818512
0.120096854865551
0.09765270352363586
0.11764425784349442
0.23141951858997345
0.19067136943340302
0.10626727342605591
0.19439107179641724
0.1739259958267212
0.13398079574108124
0.10895944386720657
0.20083081722259521
0.10836068540811539
0.17202049493789673
0.16546088457107544
0.14952486753463745
0.17545674741268158
0.37331631779670715
0.2164640873670578
0.08981740474700928
0.10004287958145142
0.1891341656446457
0.07212767004966736
0.11322643607854843
0.09680657088756561
0.08821190148591995
0.07721555978059769
0.1185227707028389
0.1273636519908905
0.20328260958194733
0.09738617390394211
0.28904083371162415
0.09593024104833603
0.1405199021100998
0.16566923260688782
0.09751486778259277
0.1729920655488968
0.09486544877290726
0.1856454312801361
0.1291125863790512
0.18737776577472687
0.20986045897006989
0.1512417197227478
0.2042754739522934
0.05792534723877907
0.12524019181728363
0.19305746257305145
0.12452492117881775
0.06483662128448486
0.11198439449071884
0.09874824434518814
0.09156373143196106
0.042144108563661575
0.19648529589176178
0.19549673795700073
0.07232782244682312
0.19002340734004974
0.09650757163763046
0.10148485004901886
0.16334596276283264
0.356778621673584
0.12904050946235657
0.09101215749979019
0.09213888645172119
0.14757101237773895
0.07581979036331177
0.19520233571529388
0.1095094159245491
0.1441577821969986
0.20069430768489838
0.1600404679775238
0.1656409651041031
0.13799385726451874
0.12508372962474823
0.10861694812774658
0.08732211589813232
0.20729757845401764
0.246910959482193
0.14878612756729126
0.14068934321403503
0.15472401678562164
0.13789039850234985
0.05956047773361206
0.09691530466079712
0.09215475618839264
0.06584558635950089
0.1986074298620224
0.1327866017818451
0.1743677854537964
0.13588044047355652
0.22247938811779022
0.08421818912029266
0.16935645043849945
0.09029599279165268
0.17711563408374786
0.11148180812597275
0.08535204827785492
0.1139160767197609
0.13166731595993042
0.06536654382944107
0.18662609159946442
0.12170501053333282
0.13998258113861084
0.14979007840156555
0.07102663815021515
0.11321236938238144
0.13313345611095428
0.3299359083175659
0.1375390589237213
0.0790354460477829
0.22265371680259705
0.20743994414806366
0.18077310919761658
0.15243208408355713
0.0967952236533165
0.11050283163785934
0.12943284213542938
0.14899615943431854
0.1910017728805542
0.1564338207244873
0.17419439554214478
0.0985829159617424
0.14583563804626465
0.14403411746025085
0.1890573650598526
0.15337039530277252
0.17567679286003113
0.10575301945209503
0.16110087931156158
0.05637633800506592
0.16613033413887024
0.17723150551319122
0.13737761974334717
0.1300092488527298
0.1516849845647812
0.23211675882339478
0.32372522354125977
0.1479104608297348
0.14011187851428986
0.10703489184379578
0.15079587697982788
0.10763378441333771
0.11640699207782745
0.1324876844882965
0.1724940985441208
0.12468770146369934
0.07706672698259354
0.20707392692565918
0.16283805668354034
0.15938742458820343
0.08760461956262589
0.1383451670408249
0.12605471909046173
0.15847361087799072
0.14261874556541443
0.19948787987232208
0.18020454049110413
0.18906593322753906
0.11552468687295914
0.18452709913253784
0.276170015335083
0.11662892997264862
0.12667252123355865
0.048487305641174316
0.11697551608085632
0.16643883287906647
0.12941960990428925
0.19952315092086792
0.14332838356494904
0.12650556862354279
0.26989036798477173
0.2399161458015442
0.24366433918476105
0.14747729897499084
0.18338610231876373
0.08681968599557877
0.1356257200241089
0.08110954612493515
0.1329832524061203
0.1463688164949417
0.13413551449775696
0.16576629877090454
0.08118608593940735
0.17809335887432098
0.19068697094917297
0.0721336081624031
0.13531510531902313
0.08320019394159317
0.09845297038555145
0.11612600088119507
0.19034415483474731
0.195276141166687
0.060572974383831024
0.21954287588596344
0.1235729455947876
0.309645414352417
0.25124332308769226
0.01688678190112114
0.2071763426065445
0.08621498197317123
0.1001894399523735
0.05532151460647583
0.09248194098472595
0.08546672761440277
0.15006858110427856
0.19637463986873627
0.10088442265987396
0.12602202594280243
0.09502948075532913
0.1494111567735672
0.1902151107788086
0.13318905234336853
0.12014593183994293
0.17874471843242645
0.17417503893375397
0.22230851650238037
0.1423404961824417
0.24316264688968658
0.15866537392139435
0.11271683871746063
0.08844642341136932
0.09328300505876541
0.23794478178024292
0.09254378080368042
0.1945890337228775
0.16689591109752655
0.09278565645217896
0.1363173872232437
0.1348269134759903
0.11985176056623459
0.15720577538013458
0.18375402688980103
0.2328009307384491
0.1372353583574295
0.18455582857131958
0.08346638828516006
0.15863145887851715
0.13238193094730377
0.04284822195768356
0.08336535096168518
0.0926237627863884
0.1261734962463379
0.1475888192653656
0.13838909566402435
0.11206663399934769
0.13933248817920685
0.12716753780841827
0.14853373169898987
0.41495177149772644
0.1447979211807251
0.10314015299081802
0.0945078581571579
0.12338994443416595
0.12351633608341217
0.12952300906181335
0.2027333378791809
0.19360284507274628
0.1545093059539795
0.07830310612916946
0.16634562611579895
0.19775983691215515
0.122870072722435
0.1278911679983139
0.14730745553970337
0.14615827798843384
0.06600829213857651
0.09012697637081146
0.1474909633398056
0.13678067922592163
0.1754460483789444
0.2356879860162735
0.23684705793857574
0.09122451394796371
0.1980968862771988
0.15331631898880005
0.1416046917438507
0.2687619924545288
0.05402829870581627
0.20091725885868073
0.11556272953748703
0.17366203665733337
0.26091498136520386
0.13110938668251038
0.11110255867242813
0.12580841779708862
0.18858470022678375
0.1226290687918663
0.12352477014064789
0.07920362800359726
0.1405583769083023
0.0782666951417923
0.15922656655311584
0.18339301645755768
0.1681385636329651
0.18379628658294678
0.1547793447971344
0.09143843501806259
0.07606568932533264
0.1837225705385208
0.16119715571403503
0.09611992537975311
0.16992950439453125
0.1923157125711441
0.19156046211719513
0.1512359380722046
0.1460733264684677
0.06055667623877525
0.18334484100341797
0.07006734609603882
0.15173055231571198
0.10180611908435822
0.13999728858470917
0.12758995592594147
0.10648149996995926
0.1919134557247162
0.1670476496219635
0.15551763772964478
0.16920976340770721
0.21126393973827362
0.24650278687477112
0.09865768253803253
0.24488474428653717
0.1735972762107849
0.18515999615192413
0.17980989813804626
0.13562697172164917
0.123618945479393
0.12883062660694122
0.17314787209033966
0.15007200837135315
0.18819786608219147
0.151790052652359
0.29849234223365784
0.16395428776741028
0.12336969375610352
0.07292161881923676
0.10955482721328735
0.14526046812534332
0.17147411406040192
0.18318824470043182
0.18360790610313416
0.15064062178134918
0.06525827199220657
0.13245491683483124
0.17535649240016937
0.04390997439622879
0.12273100763559341
0.11035085469484329
0.09034567326307297
0.06314718723297119
0.17740005254745483
0.12322579324245453
0.22791869938373566
0.13656647503376007
0.079987071454525
0.10356970876455307
0.21503742039203644
0.2114688903093338
0.11651277542114258
0.17858532071113586
0.14577601850032806
0.07091116160154343
0.15183407068252563
0.14044097065925598
0.11032699793577194
0.1840146780014038
0.10913939028978348
0.13914619386196136
0.20314759016036987
0.1425946205854416
0.1580853909254074
0.2306348830461502
0.19726407527923584
0.12298616021871567
0.1855776607990265
0.20552505552768707
0.183566153049469
0.08087664842605591
0.2086108773946762
0.1202021986246109
0.28347668051719666
0.21887508034706116
0.2371981143951416
0.1543743759393692
0.09400444477796555
0.13461728394031525
0.10593435913324356
0.10545627027750015
0.14241930842399597
0.14847198128700256
0.08657735586166382
0.14484097063541412
0.20888182520866394
0.049937132745981216
0.13137054443359375
0.02403019368648529
0.13316524028778076
0.11941693723201752
0.15581271052360535
0.13777552545070648
0.12791754305362701
0.07303738594055176
0.18474766612052917
0.10982020199298859
0.18284377455711365
0.08696304261684418
0.096660315990448
0.23176082968711853
0.0720154345035553
0.09949824213981628
0.13001908361911774
0.13057294487953186
0.19881880283355713
0.2348327785730362
0.14051343500614166
0.19316376745700836
0.1315332055091858
0.07998909801244736
0.1548934280872345
0.18731777369976044
0.14841800928115845
0.0741356909275055
0.17107127606868744
0.1373131275177002
0.10340355336666107
0.11539890617132187
0.11276553571224213
0.11522388458251953
0.053638048470020294
0.14874489605426788
0.15860863029956818
0.15054363012313843
0.12447391450405121
0.05878676846623421
0.16267240047454834
0.22264350950717926
0.18248862028121948
0.13678322732448578
0.14419284462928772
0.1374470591545105
0.1592283397912979
0.16524752974510193
0.17513372004032135
0.17899106442928314
0.11947708576917648
0.13555505871772766
0.07831946015357971
0.15475201606750488
0.1546943485736847
0.12449818104505539
0.15108631551265717
0.10230164229869843
0.07599754631519318
0.18519574403762817
0.1819240003824234
0.14054523408412933
0.10111767798662186
0.1870211809873581
0.1742691993713379
0.06401481479406357
0.09225770086050034
0.15141886472702026
0.13987965881824493
0.09499962627887726
0.0832192525267601
0.3123970627784729
0.17411799728870392
0.13966065645217896
0.10188126564025879
0.18380950391292572
0.10883515328168869
0.1358923614025116
0.1061842292547226
0.27323850989341736
0.13069702684879303
0.33476465940475464
0.21572667360305786
0.10514198243618011
0.14719146490097046
0.20956365764141083
0.07724549621343613
0.15032604336738586
0.14544545114040375
0.20390211045742035
0.13784781098365784
0.1266019642353058
0.09055382758378983
0.18127238750457764
0.1371830552816391
0.16353251039981842
0.17298893630504608
0.14379648864269257
0.029960542917251587
0.17392560839653015
0.19258370995521545
0.1470394730567932
0.24608884751796722
0.1646755337715149
0.07793722301721573
0.09658730030059814
0.14911365509033203
0.10318151861429214
0.12348519265651703
0.09330890327692032
0.14225289225578308
0.1906864494085312
0.17268326878547668
0.17890045046806335
0.21054266393184662
0.2339220494031906
0.08759616315364838
0.3833373188972473
0.15207161009311676
0.13269391655921936
0.14242655038833618
0.15354378521442413
0.2046051174402237
0.21386133134365082
0.13948345184326172
0.12387161701917648
0.1591302752494812
0.08501794934272766
0.15259550511837006
0.13471341133117676
0.17841438949108124
0.12094645202159882
0.13661767542362213
0.15957218408584595
0.11348719149827957
0.11797245591878891
0.19335363805294037
0.13768908381462097
0.16886506974697113
0.12025602906942368
0.10499601066112518
0.07850942760705948
0.19282856583595276
0.1530207097530365
0.07111909240484238
0.1204538568854332
0.22307217121124268
0.059185341000556946
0.08704385906457901
0.14373156428337097
0.173739492893219
0.18667230010032654
0.16578257083892822
0.12307088077068329
0.11533255130052567
0.1902277022600174
0.11427032202482224
0.11775137484073639
0.16286017000675201
0.14648842811584473
0.09813104569911957
0.1933639645576477
0.12261925637722015
0.1951901763677597
0.04123295843601227
0.11739962548017502
0.13088272511959076
0.13112778961658478
0.17419777810573578
0.1921592354774475
0.08764161169528961
0.09581553190946579
0.09877753257751465
0.21903541684150696
0.11889138072729111
0.12775859236717224
0.1295197755098343
0.1799580156803131
0.09243976324796677
0.17631706595420837
0.22559072077274323
0.18564462661743164
0.2024294137954712
0.17700663208961487
0.25304293632507324
0.1615545153617859
0.1037951335310936
0.18183445930480957
0.23793789744377136
0.15515458583831787
0.17289796471595764
0.1778326779603958
0.11453711986541748
0.1579514443874359
0.1871618926525116
0.34762099385261536
0.20337563753128052
0.10321742296218872
0.13333669304847717
0.2466842085123062
0.07035931944847107
0.1052442342042923
0.18979494273662567
0.10107754170894623
0.18102017045021057
0.08913575112819672
0.138810932636261
0.15302830934524536
0.09829779714345932
0.15011295676231384
0.1260138303041458
0.1797899752855301
0.16951927542686462
0.08003412187099457
0.16746652126312256
0.2090393453836441
0.10276693105697632
0.15339751541614532
0.17554199695587158
0.08805323392152786
0.11231681704521179
0.0833892822265625
0.15120522677898407
0.12080846726894379
0.18707872927188873
0.10869558900594711
0.16400191187858582
0.14191724359989166
0.09294461458921432
0.1692875623703003
0.13395482301712036
0.15860284864902496
0.11975174397230148
0.23243685066699982
0.16785453259944916
0.17445267736911774
0.1218537837266922
0.15407481789588928
0.14184193313121796
0.1296006143093109
0.1608700454235077
0.1500624567270279
0.12100599706172943
0.18729372322559357
0.1040889322757721
0.06825418025255203
0.18345770239830017
0.1341274231672287
0.21305729448795319
0.12071029096841812
0.11133138090372086
0.16797176003456116
0.1210986077785492
0.0429796501994133
0.12546572089195251
0.11612371355295181
0.19263650476932526
0.26157596707344055
0.15253303945064545
0.0735747367143631
0.23670807480812073
0.07809384167194366
0.12314935028553009
0.06655924022197723
0.15248920023441315
0.1412026286125183
0.2230871617794037
0.07542118430137634
0.17184467613697052
0.19587403535842896
0.1045817956328392
0.12109443545341492
0.21578146517276764
0.13585329055786133
0.19173094630241394
0.1573839783668518
0.06332895904779434
0.14380013942718506
0.17395912110805511
0.05513868108391762
0.11982265114784241
0.18007531762123108
0.26006338000297546
0.26944583654403687
0.07915573567152023
0.1673874706029892
0.20952095091342926
0.1475832313299179
0.2067175954580307
0.20197360217571259
0.0780535638332367
0.15557773411273956
0.14206638932228088
0.21381410956382751
0.1734192967414856
0.1250954568386078
0.16555456817150116
0.18087156116962433
0.18560287356376648
0.05396086722612381
0.09098845720291138
0.2029896080493927
0.17538748681545258
0.10030728578567505
0.09415396302938461
0.17271488904953003
0.12331302464008331
0.1633683741092682
0.15104492008686066
0.08247171342372894
0.08206705003976822
0.12846046686172485
0.10932675749063492
0.22274327278137207
0.15207743644714355
0.21140269935131073
0.16979509592056274
0.10451805591583252
0.16267246007919312
0.2186715006828308
0.16767224669456482
0.13521318137645721
0.09945477545261383
0.11024666577577591
0.10922077298164368
0.14158427715301514
0.17880159616470337
0.16437141597270966
0.14869357645511627
0.10953081399202347
0.3529461920261383
0.15944650769233704
0.07698473334312439
0.1462622880935669
0.14923560619354248
0.18726429343223572
0.033065952360630035
0.17424975335597992
0.1443800926208496
0.1871079057455063
0.07974813878536224
0.11796043813228607
0.099619060754776
0.243428036570549
0.11797602474689484
0.10548119246959686
0.07878276705741882
0.09096772223711014
0.15986065566539764
0.18259012699127197
0.18302731215953827
0.3157227039337158
0.24008971452713013
0.2127840220928192
0.15950718522071838
0.17089658975601196
0.10578017681837082
0.24906717240810394
0.16674910485744476
0.2146514505147934
0.09784059971570969
0.19573821127414703
0.20996598899364471
0.10104712843894958
0.09419272094964981
0.0917002484202385
0.13068044185638428
0.1643480658531189
0.20403215289115906
0.1853862851858139
0.08125460892915726
0.10839755833148956
0.1259431093931198
0.12237973511219025
0.15964959561824799
0.07015451043844223
0.21822203695774078
0.1697714924812317
0.17013177275657654
0.08474159985780716
0.09384942799806595
0.07603608071804047
0.12249887734651566
0.2076239436864853
0.16752450168132782
0.11816564202308655
0.18761372566223145
0.1250799298286438
0.17629314959049225
0.14577919244766235
0.11601845920085907
0.11817789077758789
0.14936165511608124
0.3339269757270813
0.12000863254070282
0.14172637462615967
0.0665988177061081
0.20618321001529694
0.2335110604763031
0.0682116150856018
0.13593745231628418
0.2428087592124939
0.15323469042778015
0.1049792468547821
0.1640065312385559
0.16335704922676086
0.17597047984600067
0.12257041782140732
0.17294807732105255
0.11393604427576065
0.11472080647945404
0.2057095170021057
0.10914552211761475
0.09982851892709732
0.1829831600189209
0.1826263964176178
0.07674354314804077
0.1786770075559616
0.08865569531917572
0.13689462840557098
0.14782001078128815
0.1149507462978363
0.18634484708309174
0.15522900223731995
0.15435104072093964
0.1406407654285431
0.2751346528530121
0.13814321160316467
0.15489523112773895
0.13538482785224915
0.14981114864349365
0.19333142042160034
0.18033510446548462
0.16309721767902374
0.1421162486076355
0.218911811709404
0.12891453504562378
0.14235706627368927
0.15396323800086975
0.1510133296251297
0.10566774755716324
0.10800106078386307
0.14132551848888397
0.1574709117412567
0.17732328176498413
0.14889408648014069
0.10011473298072815
0.20886582136154175
0.14504201710224152
0.2574237585067749
0.17993706464767456
0.17697753012180328
0.21961964666843414
0.12116165459156036
0.1576244980096817
0.08915521949529648
0.14248822629451752
0.07833781838417053
0.11727507412433624
0.12261846661567688
0.17771582305431366
0.2942110002040863
0.11217793077230453
0.14481082558631897
0.15795746445655823
0.08122789114713669
0.10977267473936081
0.1904592365026474
0.1588992178440094
0.1626826524734497
0.14828632771968842
0.17719687521457672
0.16396468877792358
0.15795189142227173
0.07065489888191223
0.23291903734207153
0.11060033738613129
0.1465974599123001
0.11846551299095154
0.15252283215522766
0.2526825964450836
0.11649658530950546
0.11639486998319626
0.27847129106521606
0.11279243975877762
0.11681521683931351
0.14527322351932526
0.11110943555831909
0.12383363395929337
0.10645292699337006
0.13023798167705536
0.17011168599128723
0.15359583497047424
0.13550209999084473
0.19723641872406006
0.16042235493659973
0.17263713479042053
0.11520497500896454
0.0693538635969162
0.1399022489786148
0.03272788226604462
0.2121400684118271
0.05075666308403015
0.15836581587791443
0.14807571470737457
0.13252204656600952
0.07983892410993576
0.05227883160114288
0.11224418133497238
0.15892471373081207
0.12107417732477188
0.20256173610687256
0.19984427094459534
0.1006474494934082
0.13035739958286285
0.10044283419847488
0.19005340337753296
0.17585842311382294
0.08583633601665497
0.24213722348213196
0.1269265115261078
0.06490127742290497
0.22986538708209991
0.07254962623119354
0.24588130414485931
0.17506001889705658
0.3341693878173828
0.16320623457431793
0.12489491701126099
0.33826810121536255
0.15375776588916779
0.17317846417427063
0.07614512741565704
0.18273764848709106
0.18122367560863495
0.2058754861354828
0.22408151626586914
0.10956715792417526
0.13691546022891998
0.1442447006702423
0.14521434903144836
0.18027368187904358
0.1801922470331192
0.14242002367973328
0.15469616651535034
0.09931476414203644
0.2107340693473816
0.13689909875392914
0.11094611138105392
0.16558250784873962
0.17033648490905762
0.13975587487220764
0.15036337077617645
0.16101060807704926
0.20112109184265137
0.27139419317245483
0.12933269143104553
0.06446030735969543
0.23746831715106964
0.1535397619009018
0.09613040834665298
0.16879545152187347
0.09295202791690826
0.2743041217327118
0.1996311992406845
0.17216767370700836
0.08494506776332855
0.14977173507213593
0.17095904052257538
0.09679575264453888
0.16948166489601135
0.23739852011203766
0.18336115777492523
0.041425421833992004
0.12476988136768341
0.10098220407962799
0.1840217411518097
0.13612879812717438
0.0860670953989029
0.12474658340215683
0.32916805148124695
0.29096388816833496
0.13879911601543427
0.18366527557373047
0.10265155136585236
0.1476912647485733
0.14596398174762726
0.22462013363838196
0.09741756319999695
0.11788330972194672
0.20076984167099
0.09067713469266891
0.11740034818649292
0.19511517882347107
0.07668164372444153
0.16503964364528656
0.17406132817268372
0.16673366725444794
0.197629913687706
0.19484542310237885
0.132790669798851
0.19689157605171204
0.1436079889535904
0.11282004415988922
0.10404518246650696
0.07784415036439896
0.12793871760368347
0.20077872276306152
0.13553310930728912
0.20047685503959656
0.09413252025842667
0.17884346842765808
0.15026789903640747
0.23942923545837402
0.08971013873815536
0.14839136600494385
0.1939835250377655
0.10231554508209229
0.17162981629371643
0.0913553461432457
0.19473277032375336
0.294610857963562
0.19312971830368042
0.08901839703321457
0.11035976558923721
0.21137592196464539
0.12488570064306259
0.07182580232620239
0.1642095297574997
0.09427154064178467
0.1567259579896927
0.13546468317508698
0.1680685132741928
0.1317356526851654
0.10139039903879166
0.1095517948269844
0.13993817567825317
0.14150692522525787
0.19180011749267578
0.3323364853858948
0.1575019806623459
0.19485275447368622
0.08841940760612488
0.19295263290405273
0.12753258645534515
0.20833814144134521
0.10188380628824234
0.12918025255203247
0.20451653003692627
0.10448551923036575
0.20175093412399292
0.12417051196098328
0.24821893870830536
0.10218572616577148
0.173016756772995
0.18527187407016754
0.17222848534584045
0.11022622138261795
0.09169279038906097
0.14633862674236298
0.12781403958797455
0.12913544476032257
0.15689601004123688
0.1797603964805603
0.20042721927165985
0.14379382133483887
0.17598123848438263
0.1375676691532135
0.14277513325214386
0.09436800330877304
0.09925380349159241
0.08753850311040878
0.16594113409519196
0.1271592378616333
0.10234750807285309
0.11334969103336334
0.15018059313297272
0.10712142288684845
0.2918456494808197
0.19784456491470337
0.09950802475214005
0.1254376918077469
0.11809469759464264
0.2148493528366089
0.12498217076063156
0.14350329339504242
0.10767906904220581
0.07700792700052261
0.17871733009815216
0.178110733628273
0.12602072954177856
0.14960959553718567
0.11409159749746323
0.1287417709827423
0.10599414259195328
0.09424278140068054
0.10860323905944824
0.045018766075372696
0.13132722675800323
0.12351653724908829
0.20366348326206207
0.18244102597236633
0.04245288297533989
0.19466212391853333
0.14674627780914307
0.16577737033367157
0.16169817745685577
0.10710982233285904
0.09000372141599655
0.10219965875148773
0.12968863546848297
0.1738787442445755
0.19226688146591187
0.12200981378555298
0.08109235018491745
0.2609140872955322
0.24807488918304443
0.13159231841564178
0.13988913595676422
0.14151494204998016
0.18887674808502197
0.17574669420719147
0.14373467862606049
0.13814805448055267
0.14929763972759247
0.18354380130767822
0.14660951495170593
0.19552801549434662
0.13850441575050354
0.15592019259929657
0.07920198142528534
0.1847902238368988
0.12495870143175125
0.11566795408725739
0.10489679872989655
0.1344713717699051
0.07233830541372299
0.11183402687311172
0.24616064131259918
0.13506455719470978
0.11393646895885468
0.1720619946718216
0.08405815064907074
0.111531563103199
0.171131893992424
0.11033962666988373
0.06838451325893402
0.16059523820877075
0.09437772631645203
0.18669943511486053
0.13914532959461212
0.19113768637180328
0.09401984512805939
0.13652388751506805
0.16853272914886475
0.2530759572982788
0.1225108653306961
0.09112335741519928
0.03802943974733353
0.06707383692264557
0.16653002798557281
0.13473984599113464
0.09995043277740479
0.18569931387901306
0.17506864666938782
0.13399015367031097
0.040929313749074936
0.15737468004226685
0.23494380712509155
0.3654802441596985
0.13546811044216156
0.08800826221704483
0.21806544065475464
0.13043680787086487
0.09925676137208939
0.2154451161623001
0.13036097586154938
0.09849444776773453
0.12463299185037613
0.05521339178085327
0.13739608228206635
0.10021492838859558
0.09609825164079666
0.11089252680540085
0.06627656519412994
0.12093205004930496
0.13541579246520996
0.3445114493370056
0.22078198194503784
0.10027792304754257
0.08313252776861191
0.022631635889410973
0.26220187544822693
0.10586761683225632
0.23373082280158997
0.10683679580688477
0.10018038749694824
0.18634037673473358
0.14371860027313232
0.19872744381427765
0.1263638734817505
0.3488368093967438
0.09177824854850769
0.13668236136436462
0.11914241313934326
0.11319486051797867
0.22044600546360016
0.07993164658546448
0.14279398322105408
0.20054520666599274
0.1881311684846878
0.10910696536302567
0.16495518386363983
0.0910358801484108
0.14637288451194763
0.10561802983283997
0.18435929715633392
0.21579521894454956
0.1869782656431198
0.13522247970104218
0.20108672976493835
0.10855871438980103
0.15946757793426514
0.12825357913970947
0.1510721743106842
0.11178763210773468
0.10862704366445541
0.0778767317533493
0.05412537604570389
0.0765196681022644
0.11194013059139252
0.11515960842370987
0.1601373851299286
0.1233273595571518
0.163982093334198
0.08770286291837692
0.0869678407907486
0.09097252041101456
0.07833392918109894
0.11159364134073257
0.08012210577726364
0.11128196120262146
0.11376731842756271
0.15953229367733002
0.05774133279919624
0.12131127715110779
0.1434849202632904
0.06898167729377747
0.3105615973472595
0.19750279188156128
0.1459229588508606
0.20038987696170807
0.1996132880449295
0.1252584457397461
0.17384518682956696
0.1586933583021164
0.15760286152362823
0.10205269604921341
0.10824128240346909
0.08503593504428864
0.1475277692079544
0.12246507406234741
0.0886271744966507
0.13984638452529907
0.30642861127853394
0.16345079243183136
0.13339698314666748
0.12755326926708221
0.16617676615715027
0.15493585169315338
0.17839106917381287
0.22948110103607178
0.0738707184791565
0.1345738172531128
0.18825796246528625
0.17177750170230865
0.16880181431770325
0.14502523839473724
0.2429724782705307
0.1745022088289261
0.10619999468326569
0.09525657445192337
0.1461058408021927
0.1394352912902832
0.18818823993206024
0.10337594896554947
0.12610623240470886
0.1815234124660492
0.10983685404062271
0.17687013745307922
0.136044442653656
0.07704624533653259
0.14353901147842407
0.06392694264650345
0.16565489768981934
0.14126372337341309
0.1373848170042038
0.16303302347660065
0.1434260904788971
0.1824992299079895
0.09738161414861679
0.12354161590337753
0.08265335857868195
0.23961098492145538
0.14740176498889923
0.10558149963617325
0.4166940152645111
0.06102977693080902
0.08498208224773407
0.10995544493198395
0.0796898752450943
0.19070938229560852
0.2285119593143463
0.10665116459131241
0.20397508144378662
0.1667049527168274
0.0671592727303505
0.13634900748729706
0.1165558323264122
0.07998611778020859
0.10554426908493042
0.19285015761852264
0.18916144967079163
0.13060922920703888
0.11832539737224579
0.05119393393397331
0.1854628622531891
0.1814436912536621
0.27762046456336975
0.15222102403640747
0.11444255709648132
0.17213331162929535
0.1685316413640976
0.08645368367433548
0.12426654249429703
0.22881817817687988
0.19532647728919983
0.08467318117618561
0.08870720863342285
0.1621067374944687
0.151953786611557
0.153150275349617
0.09513351321220398
0.16472774744033813
0.3597065508365631
0.1629292070865631
0.0726974830031395
0.08623982965946198
0.16604116559028625
0.1645738035440445
0.19629305601119995
0.12737104296684265
0.07431726157665253
0.21766766905784607
0.22495006024837494
0.11650960147380829
0.15560264885425568
0.24825656414031982
0.07068093121051788
0.15028811991214752
0.09139234572649002
0.09875122457742691
0.11739975214004517
0.13146254420280457
0.13542477786540985
0.10953010618686676
0.03371743485331535
0.21184025704860687
0.031930021941661835
0.22364088892936707
0.3220251202583313
0.14550478756427765
0.15974736213684082
0.1426181197166443
0.15001967549324036
0.1219344362616539
0.10359280556440353
0.06428305804729462
0.08198269456624985
0.12490870803594589
0.17072486877441406
0.13568441569805145
0.08889090269804001
0.1690542846918106
0.08969032764434814
0.13239820301532745
0.10565204918384552
0.09883957356214523
0.10056097060441971
0.09091556817293167
0.15611687302589417
0.1464647352695465
0.1192973256111145
0.16024626791477203
0.18002796173095703
0.05792004615068436
0.05873684585094452
0.11241228878498077
0.12446371465921402
0.2650333046913147
0.1687278300523758
0.25129228830337524
0.12652219831943512
0.09484066814184189
0.05390734598040581
0.07940605282783508
0.1201237216591835
0.22052176296710968
0.1394459456205368
0.13830983638763428
0.17632226645946503
0.13384447991847992
0.08072049170732498
0.18289460241794586
0.17856118083000183
0.20289990305900574
0.10612629354000092
0.07955258339643478
0.13662178814411163
0.1636236310005188
0.1021118015050888
0.1456429809331894
0.07952607423067093
0.23215453326702118
0.1378757208585739
0.27871930599212646
0.12200094014406204
0.09314996749162674
0.14902745187282562
0.09961920976638794
0.18373124301433563
0.1995929479598999
0.05831886827945709
0.17013880610466003
0.15348844230175018
0.24135911464691162
0.11857316642999649
0.15999242663383484
0.1604401022195816
0.14874890446662903
0.10187198221683502
0.10765385627746582
0.19739054143428802
0.2030734121799469
0.2491583377122879
0.13516896963119507
0.15157771110534668
0.16741636395454407
0.15031744539737701
0.130451500415802
0.19027617573738098
0.1800968199968338
0.14893817901611328
0.049227867275476456
0.15906377136707306
0.0555470734834671
0.06143319606781006
0.14131100475788116
0.10621429979801178
0.20347312092781067
0.04316450282931328
0.2140217274427414
0.12299638241529465
0.07306133955717087
0.08945539593696594
0.16121640801429749
0.17054039239883423
0.06887844949960709
0.09261256456375122
0.21567082405090332
0.10613855719566345
0.0720428079366684
0.1327577829360962
0.17430472373962402
0.2152959704399109
0.11168789118528366
0.15423904359340668
0.14689327776432037
0.18049287796020508
0.14595912396907806
0.1543394923210144
0.07541300356388092
0.1207624301314354
0.09547843784093857
0.12169726938009262
0.16995370388031006
0.18762093782424927
0.15817438066005707
0.29609954357147217
0.10521344095468521
0.11178237944841385
0.13647060096263885
0.06721998006105423
0.14428302645683289
0.19010023772716522
0.1466752141714096
0.1386585831642151
0.050204914063215256
0.19074378907680511
0.15621855854988098
0.1600130945444107
0.16938918828964233
0.13357090950012207
0.048873744904994965
0.16688431799411774
0.09932884573936462
0.10413233190774918
0.05194014683365822
0.13969069719314575
0.12541311979293823
0.20171354711055756
0.14968211948871613
0.025361191481351852
0.09412158280611038
0.14254768192768097
0.15328827500343323
0.12241614609956741
0.14775602519512177
0.05952677130699158
0.06305825710296631
0.1276150494813919
0.3698080778121948
0.11074848473072052
0.18758819997310638
0.15668664872646332
0.16052749752998352
0.129102423787117
0.14751482009887695
0.15016289055347443
0.08354218304157257
0.19429725408554077
0.13517341017723083
0.20922642946243286
0.14965876936912537
0.11683771759271622
0.12019725888967514
0.10097433626651764
0.13644295930862427
0.16592876613140106
0.1683080494403839
0.1577308177947998
0.3525781035423279
0.16569331288337708
0.13509203493595123
0.09598752111196518
0.15269026160240173
0.17233943939208984
0.23358295857906342
0.22421637177467346
0.10082048177719116
0.18071705102920532
0.09102529287338257
0.15735813975334167
0.05205991491675377
0.19315685331821442
0.08122910559177399
0.12007787078619003
0.13664284348487854
0.08444279432296753
0.0461052805185318
0.13043437898159027
0.11844737827777863
0.10984550416469574
0.11855174601078033
0.06221587210893631
0.10177087038755417
0.08996495604515076
0.08387517184019089
0.20930521190166473
0.11896344274282455
0.07436009496450424
0.17663031816482544
0.09423717111349106
0.09386390447616577
0.22864660620689392
0.20987318456172943
0.12167288362979889
0.16975846886634827
0.1326582282781601
0.18115580081939697
0.13238540291786194
0.23669075965881348
0.20345260202884674
0.1379239410161972
0.13239775598049164
0.13174870610237122
0.07204961031675339
0.25378698110580444
0.18701376020908356
0.1537065953016281
0.18290868401527405
0.18901720643043518
0.08935599774122238
0.0950176864862442
0.1879708170890808
0.20987114310264587
0.11569859832525253
0.11408351361751556
0.1516176164150238
0.21526457369327545
0.13588833808898926
0.13031211495399475
0.31794607639312744
0.12483441084623337
0.20557816326618195
0.15216994285583496
0.11280073970556259
0.17152513563632965
0.10299785435199738
0.23363769054412842
0.13289673626422882
0.22262251377105713
0.06101122498512268
0.05563376098871231
0.1627407670021057
0.20857833325862885
0.14671292901039124
0.15600210428237915
0.14486922323703766
0.10508281737565994
0.14686188101768494
0.15761905908584595
0.06949169933795929
0.12173224240541458
0.12946248054504395
0.16573946177959442
0.18678823113441467
0.34184885025024414
0.23032577335834503
0.16917622089385986
0.045527320355176926
0.14609019458293915
0.13968250155448914
0.16322124004364014
0.1358512043952942
0.12399224936962128
0.12887318432331085
0.1080482006072998
0.13510647416114807
0.19099470973014832
0.0631750077009201
0.11763722449541092
0.1340264230966568
0.19031861424446106
0.09507371485233307
0.11436329036951065
0.09836200624704361
0.15593072772026062
0.05912855267524719
0.05089786648750305
0.16688664257526398
0.07885038107633591
0.26051265001296997
0.0854772999882698
0.15496043860912323
0.068735770881176
0.1307794153690338
0.16937090456485748
0.06854798644781113
0.10926347970962524
0.10875534266233444
0.11533080041408539
0.11712435632944107
0.053251057863235474
0.07788711786270142
0.09346421808004379
0.17376285791397095
0.1279090940952301
0.13453879952430725
0.08463522791862488
0.11492826044559479
0.17102715373039246
0.14288392663002014
0.11949002742767334
0.12270943820476532
0.16797485947608948
0.11087069660425186
0.16512833535671234
0.12371833622455597
0.18627628684043884
0.15206559002399445
0.12391083687543869
0.09339144825935364
0.1845439225435257
0.1601506471633911
0.12106132507324219
0.07807689160108566
0.18411795794963837
0.08466336876153946
0.14964261651039124
0.08391398936510086
0.17358408868312836
0.15004728734493256
0.10035242885351181
0.1795625239610672
0.03980930522084236
0.18381868302822113
0.14584606885910034
0.08179232478141785
0.10324230045080185
0.16322684288024902
0.19433900713920593
0.15256604552268982
0.18889296054840088
0.18591395020484924
0.1896747350692749
0.15051516890525818
0.1223364770412445
0.31156331300735474
0.0717359185218811
0.16098755598068237
0.14890959858894348
0.22232909500598907
0.3343685567378998
0.14126372337341309
0.16414301097393036
0.1389368325471878
0.09703303128480911
0.1074565052986145
0.13453522324562073
0.1072617694735527
0.12678903341293335
0.15105856955051422
0.0642944723367691
0.141908198595047
0.19827212393283844
0.10804948955774307
0.15194271504878998
0.09074700623750687
0.13893967866897583
0.09402062743902206
0.1227315217256546
0.17018850147724152
0.19485197961330414
0.010588647797703743
0.14051848649978638
0.1769123077392578
0.20185084640979767
0.07220950722694397
0.13106746971607208
0.11008980870246887
0.11704486608505249
0.20032495260238647
0.1229148805141449
0.1612401157617569
0.08940550684928894
0.1622442901134491
0.12877310812473297
0.20301437377929688
0.05244100093841553
0.13013871014118195
0.2063409686088562
0.1642744094133377
0.08985378593206406
0.08690999448299408
0.1555025279521942
0.13680274784564972
0.08601509779691696
0.18005914986133575
0.13170282542705536
0.009537734091281891
0.10656077414751053
0.11915144324302673
0.09487918764352798
0.2131284475326538
0.10072889178991318
0.11489079892635345
0.1523369550704956
0.12562555074691772
0.136650949716568
0.2639944553375244
0.10004469752311707
0.2864537537097931
0.054180245846509933
0.11914505809545517
0.227264404296875
0.1477486938238144
0.14474506676197052
0.11110658943653107
0.13405096530914307
0.13631005585193634
0.13533441722393036
0.24832749366760254
0.07866755872964859
0.10886109620332718
0.09088408201932907
0.1819530576467514
0.1036406084895134
0.08355992287397385
0.10137781500816345
0.10206721723079681
0.1795932948589325
0.2648336589336395
0.1837836652994156
0.17355774343013763
0.2204018384218216
0.09545490145683289
0.12548023462295532
0.1241295263171196
0.21241506934165955
0.12159683555364609
0.09205882251262665
0.1169806718826294
0.09604907035827637
0.11282216012477875
0.16558955609798431
0.08769642561674118
0.09438194334506989
0.0391446091234684
0.10301180183887482
0.1090155765414238
0.18380874395370483
0.1384219080209732
0.06377285718917847
0.14674468338489532
0.1439998894929886
0.12740492820739746
0.08751403540372849
0.12768104672431946
0.09433817863464355
0.08348193019628525
0.22517526149749756
0.22156429290771484
0.1724955439567566
0.12007203698158264
0.1662358194589615
0.1520889699459076
0.13167883455753326
0.12797921895980835
0.10456089675426483
0.15515948832035065
0.07408800721168518
0.1333293616771698
0.11535124480724335
0.13477446138858795
0.22429709136486053
0.1490146964788437
0.049759816378355026
0.12650379538536072
0.2487223893404007
0.2661173939704895
0.15044310688972473
0.15391848981380463
0.11814475804567337
0.14379653334617615
0.12701794505119324
0.1545947790145874
0.158857062458992
0.1344413459300995
0.1115720346570015
0.09881842881441116
0.19216643273830414
0.14866967499256134
0.12493284791707993
0.07082883268594742
0.14387448132038116
0.1683264672756195
0.17402435839176178
0.16256104409694672
0.10711672157049179
0.1052517518401146
0.16832685470581055
0.07766352593898773
0.15531474351882935
0.13490964472293854
0.16024351119995117
0.1593431979417801
0.08268000185489655
0.0833032876253128
0.15413248538970947
0.2079973965883255
0.1372358202934265
0.1273270696401596
0.11030547320842743
0.07735060900449753
0.16265718638896942
0.08864899724721909
0.1774500161409378
0.21854370832443237
0.08284436911344528
0.3219844102859497
0.10167934000492096
0.15843737125396729
0.1900082379579544
0.18888361752033234
0.14503619074821472
0.0821421667933464
0.1658426970243454
0.2187061905860901
0.06968900561332703
0.07173479348421097
0.14837248623371124
0.28007638454437256
0.17979247868061066
0.13961173593997955
0.24623601138591766
0.11224783211946487
0.23325102031230927
0.16593798995018005
0.04978072643280029
0.0855143666267395
0.07855723798274994
0.1567745804786682
0.14403024315834045
0.14127673208713531
0.14179280400276184
0.16581933200359344
0.1530720740556717
0.15811145305633545
0.1783314198255539
0.11142859607934952
0.14097799360752106
0.18362614512443542
0.11641862988471985
0.10237307846546173
0.18338201940059662
0.0817590057849884
0.1349082887172699
0.04953126236796379
0.08483380079269409
0.3394060730934143
0.08472578972578049
0.17299044132232666
0.1045636311173439
0.11794198304414749
0.04239189624786377
0.21235856413841248
0.22768419981002808
0.1175856813788414
0.22328151762485504
0.046163611114025116
0.244980126619339
0.11118952184915543
0.1708802431821823
0.13043268024921417
0.17145536839962006
0.15341010689735413
0.22388288378715515
0.08757107704877853
0.1388757824897766
0.09625937789678574
0.22060240805149078
0.16083067655563354
0.21560394763946533
0.15501590073108673
0.20124073326587677
0.1697702556848526
0.1176021471619606
0.12905891239643097
0.06673890352249146
0.18277667462825775
0.20851895213127136
0.11012065410614014
0.1624966859817505
0.23166033625602722
0.12031669914722443
0.1657412052154541
0.10709825158119202
0.16208919882774353
0.10829617083072662
0.20806266367435455
0.11346186697483063
0.1707017421722412
0.16365164518356323
0.07992296665906906
0.21209676563739777
0.17772088944911957
0.26435133814811707
0.09411600232124329
0.15371042490005493
0.1378088891506195
0.19322746992111206
0.09979972243309021
0.22244590520858765
0.10533813387155533
0.1899704933166504
0.12021143734455109
0.12308759987354279
0.10614669322967529
0.17432785034179688
0.17447857558727264
0.1153256893157959
0.2150130420923233
0.10152815282344818
0.12538489699363708
0.38264840841293335
0.12019748985767365
0.2602401673793793
0.08228758722543716
0.16986827552318573
0.1683914065361023
0.03875373303890228
0.07788439840078354
0.13419340550899506
0.08110246062278748
0.13249489665031433
0.1400109976530075
0.11742034554481506
0.1321086436510086
0.10385622829198837
0.18065936863422394
0.18369297683238983
0.06179087236523628
0.10004156827926636
0.05575329810380936
0.11564670503139496
0.2960458993911743
0.19632771611213684
0.1452254354953766
0.3048843741416931
0.07195809483528137
0.11827600747346878
0.08318787068128586
0.12296376377344131
0.1409132182598114
0.10371637344360352
0.14760705828666687
0.19374753534793854
0.13985472917556763
0.10554024577140808
0.14803782105445862
0.054952472448349
0.13860708475112915
0.16667428612709045
0.13757026195526123
0.09208854287862778
0.09509631246328354
0.14729651808738708
0.09417209029197693
0.1300315260887146
0.0703899934887886
0.07780536264181137
0.16542504727840424
0.20363615453243256
0.1625996232032776
0.21692320704460144
0.071052685379982
0.16938573122024536
0.07114115357398987
0.05397683382034302
0.12904833257198334
0.06553718447685242
0.22097201645374298
0.24025070667266846
0.1458882838487625
0.09263217449188232
0.1340315341949463
0.18164591491222382
0.058445774018764496
0.10080283135175705
0.13525766134262085
0.05699561536312103
0.14950816333293915
0.12389974296092987
0.13371652364730835
0.1022881418466568
0.12296485155820847
0.14899885654449463
0.22061261534690857
0.13197162747383118
0.11048716306686401
0.1490832269191742
0.1676250398159027
0.1271105408668518
0.05086878314614296
0.10623086988925934
0.15786436200141907
0.170319601893425
0.10016033798456192
0.07350325584411621
0.08282259106636047
0.23752108216285706
0.2831709384918213
0.116682268679142
0.15133702754974365
0.12856675684452057
0.18926233053207397
0.20214535295963287
0.16719646751880646
0.06375737488269806
0.16398221254348755
0.11128582805395126
0.10306656360626221
0.1374409794807434
0.14137083292007446
0.12996046245098114
0.17367203533649445
0.16558657586574554
0.1528780162334442
0.12708766758441925
0.19536544382572174
0.08801693469285965
0.10902007669210434
0.11129206418991089
0.09381147474050522
0.167460635304451
0.18576502799987793
0.2367645800113678
0.169483944773674
0.13337856531143188
0.24584372341632843
0.09722654521465302
0.15807491540908813
0.1955379992723465
0.1379285752773285
0.1350824385881424
0.12040797621011734
0.22814229130744934
0.1040155366063118
0.10412436723709106
0.10981609672307968
0.192155122756958
0.0937461331486702
0.15565750002861023
0.36310014128685
0.09770531207323074
0.10455552488565445
0.1326158344745636
0.1425183117389679
0.14647147059440613
0.10128766298294067
0.12749914824962616
0.09566351026296616
0.11466462165117264
0.17376558482646942
0.2076750546693802
0.10585113614797592
0.13266359269618988
0.07070703059434891
0.11148084700107574
0.12360335141420364
0.24568256735801697
0.14796458184719086
0.22410014271736145
0.16728100180625916
0.09689352661371231
0.07985705137252808
0.1311989575624466
0.07819191366434097
0.1168833002448082
0.14810679852962494
0.04284932464361191
0.13731031119823456
0.15055644512176514
0.20422613620758057
0.058672334998846054
0.14036844670772552
0.16087111830711365
0.10069501399993896
0.15726855397224426
0.24308177828788757
0.10644017904996872
0.09939195215702057
0.138881653547287
0.09353739768266678
0.06763946264982224
0.07494727522134781
0.17896515130996704
0.1853175312280655
0.07871375232934952
0.13294371962547302
0.056055471301078796
0.17689353227615356
0.2194727212190628
0.28092268109321594
0.12378612160682678
0.13671071827411652
0.1827601045370102
0.19453048706054688
0.12512531876564026
0.07374004274606705
0.16774356365203857
0.18198014795780182
0.14421330392360687
0.10803508758544922
0.20929555594921112
0.11224053055047989
0.18206509947776794
0.12934575974941254
0.11051174998283386
0.18788139522075653
0.14651533961296082
0.15099383890628815
0.05149605870246887
0.16751211881637573
0.13425162434577942
0.10728006809949875
0.05548390373587608
0.12497848272323608
0.10886666178703308
0.16754572093486786
0.14439880847930908
0.13740065693855286
0.13524600863456726
0.13048838078975677
0.1531601995229721
0.06913299858570099
0.12071995437145233
0.15613789856433868
0.10612978041172028
0.132288858294487
0.1312386691570282
0.13590916991233826
0.07151934504508972
0.14136244356632233
0.12056009471416473
0.0733279213309288
0.09390516579151154
0.15137548744678497
0.07225538045167923
0.11715208739042282
0.11817199736833572
0.25627395510673523
0.1566779613494873
0.24159903824329376
0.20435580611228943
0.10195249319076538
0.10759096592664719
0.16452179849147797
0.2013704627752304
0.18207316100597382
0.1779058873653412
0.11171825975179672
0.14569973945617676
0.1967298686504364
0.08884377777576447
0.0461578443646431
0.12137579917907715
0.14293931424617767
0.11078520864248276
0.13346825540065765
0.13228440284729004
0.06453534960746765
0.06525521725416183
0.17513801157474518
0.10230163484811783
0.10627975314855576
0.26861947774887085
0.2073923796415329
0.12072845548391342
0.10034387558698654
0.06269552558660507
0.21472375094890594
0.10960549116134644
0.11438538134098053
0.10648666322231293
0.2200559377670288
0.08474194258451462
0.16388261318206787
0.1055639460682869
0.11686549335718155
0.0958203673362732
0.08751070499420166
0.16756829619407654
0.12047544121742249
0.09264691174030304
0.17276370525360107
0.1486809402704239
0.06047803908586502
0.1606433093547821
0.108921580016613
0.11551151424646378
0.37520334124565125
0.14985345304012299
0.10503411293029785
0.08971016854047775
0.1108347699046135
0.10943447798490524
0.13139714300632477
0.08076288551092148
0.15349940955638885
0.13486747443675995
0.06734520196914673
0.14613011479377747
0.19918592274188995
0.21483460068702698
0.07822701334953308
0.15868277847766876
0.13267824053764343
0.16625602543354034
0.16824939846992493
0.16632676124572754
0.10543254762887955
0.07329387962818146
0.11445873230695724
0.14904135465621948
0.03135494142770767
0.13969893753528595
0.0514056496322155
0.10622809082269669
0.07677651941776276
0.10245782881975174
0.14333850145339966
0.08680238574743271
0.14815250039100647
0.1126607283949852
0.12071515619754791
0.057284049689769745
0.12789620459079742
0.1572401076555252
0.10348454117774963
0.17947226762771606
0.1568557471036911
0.12734465301036835
0.07221778482198715
0.17779941856861115
0.20348051190376282
0.1900167614221573
0.14613282680511475
0.14442136883735657
0.1332995444536209
0.12776044011116028
0.17935842275619507
0.21339169144630432
0.08843104541301727
0.1673743724822998
0.1022593155503273
0.12686584889888763
0.03507682681083679
0.08227509260177612
0.0701574981212616
0.09130581468343735
0.1571444720029831
0.16810140013694763
0.1614159345626831
0.2574384808540344
0.11190862208604813
0.09067968279123306
0.06624353677034378
0.10319408029317856
0.2683311998844147
0.16469378769397736
0.1704636961221695
0.15805448591709137
0.11895884573459625
0.20541518926620483
0.11759481579065323
0.10731395334005356
0.19906000792980194
0.1494305431842804
0.24542617797851562
0.07069001346826553
0.21125289797782898
0.1258310228586197
0.31360867619514465
0.11848696321249008
0.1360623836517334
0.06274526566267014
0.1436217725276947
0.18892723321914673
0.14589911699295044
0.11023504287004471
0.07777655124664307
0.10198090225458145
0.10910200327634811
0.11674591153860092
0.13743336498737335
0.16897256672382355
0.22526873648166656
0.11470454186201096
0.13940711319446564
0.1796730011701584
0.16757819056510925
0.16009609401226044
0.11549815535545349
0.09457772225141525
0.1382197141647339
0.019713718444108963
0.0976836085319519
0.11850562691688538
0.13329023122787476
0.13045677542686462
0.09013025462627411
0.1357157975435257
0.06288690119981766
0.10292461514472961
0.07694579660892487
0.1476079374551773
0.2522042393684387
0.2560672163963318
0.16428615152835846
0.11087857931852341
0.15471695363521576
0.08006976544857025
0.22193537652492523
0.10626790672540665
0.08655176311731339
0.14389170706272125
0.13050957024097443
0.08548308908939362
0.13785101473331451
0.23837973177433014
0.18894997239112854
0.17981135845184326
0.11388484388589859
0.1801902800798416
0.1693509817123413
0.1477147340774536
0.09257418662309647
0.17999981343746185
0.1126309186220169
0.0696304515004158
0.1903611272573471
0.14430178701877594
0.2313186377286911
0.08998005837202072
0.18326124548912048
0.1498274952173233
0.18142057955265045
0.09282074123620987
0.10537548363208771
0.13955159485340118
0.12722907960414886
0.18563614785671234
0.08516892045736313
0.10463038086891174
0.08815962821245193
0.11237800121307373
0.11285130679607391
0.1561441719532013
0.11732549220323563
0.11165215075016022
0.04740644618868828
0.16202008724212646
0.12869367003440857
0.15839669108390808
0.10508711636066437
0.0706193819642067
0.31617477536201477
0.09276115894317627
0.12177734822034836
0.13477419316768646
0.054539814591407776
0.15822558104991913
0.14575965702533722
0.08692807704210281
0.09015396237373352
0.16892749071121216
0.13392765820026398
0.12290675938129425
0.14428575336933136
0.16009534895420074
0.1683371514081955
0.16445137560367584
0.1705493927001953
0.13826803863048553
0.13682030141353607
0.1304149180650711
0.16484279930591583
0.12540102005004883
0.12267769128084183
0.144154891371727
0.07628054916858673
0.10727059096097946
0.18172867596149445
0.18957391381263733
0.11274392902851105
0.09549297392368317
0.13369207084178925
0.1738661527633667
0.09133928269147873
0.1672428846359253
0.13907179236412048
0.07447401434183121
0.16003352403640747
0.15579091012477875
0.09534156322479248
0.22323480248451233
0.04882091283798218
0.12101366370916367
0.11433596909046173
0.14789871871471405
0.15826429426670074
0.13623495399951935
0.0781916156411171
0.11938538402318954
0.22937732934951782
0.12165503203868866
0.27334049344062805
0.04757731035351753
0.07795041054487228
0.07096832245588303
0.09819991141557693
0.13359521329402924
0.18033361434936523
0.12980613112449646
0.09016799926757812
0.13008341193199158
0.07016769796609879
0.03734772652387619
0.1970212310552597
0.05498350411653519
0.17989665269851685
0.12210609763860703
0.0858447253704071
0.1444101482629776
0.1147291287779808
0.15823110938072205
0.08472546190023422
0.17701658606529236
0.07540817558765411
0.19886478781700134
0.13432961702346802
0.16346943378448486
0.08833067119121552
0.08682972937822342
0.19124074280261993
0.25000423192977905
0.14770573377609253
0.09907052665948868
0.22321929037570953
0.10092947632074356
0.10641826689243317
0.16422051191329956
0.08648208528757095
0.17233037948608398
0.12415407598018646
0.0762360617518425
0.18667222559452057
0.19912773370742798
0.06283979117870331
0.13611164689064026
0.09279204159975052
0.15331785380840302
0.2354763001203537
0.16515110433101654
0.02459767274558544
0.11128190159797668
0.1310873180627823
0.15175217390060425
0.166200190782547
0.18344172835350037
0.1063620001077652
0.198690265417099
0.11321772634983063
0.08565998822450638
0.11586521565914154
0.23668867349624634
0.4826071560382843
0.18946148455142975
0.17544618248939514
0.08065623790025711
0.1771179586648941
0.06960805505514145
0.16812048852443695
0.1420086920261383
0.20507556200027466
0.15753330290317535
0.04967344179749489
0.15326237678527832
0.1590859591960907
0.13044743239879608
0.17244645953178406
0.17901742458343506
0.16635355353355408
0.15347440540790558
0.08900672197341919
0.16650418937206268
0.2177765667438507
0.11777664721012115
0.1405106782913208
0.12514066696166992
0.12649287283420563
0.0806443989276886
0.1440305858850479
0.02906734310090542
0.19387057423591614
0.1576770842075348
0.14641807973384857
0.10972964763641357
0.17513816058635712
0.1369469314813614
0.11768093705177307
0.15391981601715088
0.18735168874263763
0.1216650903224945
0.04686375707387924
0.18688298761844635
0.22288046777248383
0.1892549991607666
0.20846985280513763
0.049378763884305954
0.21248486638069153
0.15318773686885834
0.10920920968055725
0.19030581414699554
0.13120156526565552
0.19132168591022491
0.19378207623958588
0.03951328992843628
0.18230409920215607
0.04264372959733009
0.12843583524227142
0.17601750791072845
0.17035908997058868
0.14700418710708618
0.18006393313407898
0.08341875672340393
0.1382436603307724
0.0816921517252922
0.08601154386997223
0.09797132760286331
0.19486264884471893
0.08556856215000153
0.11074299365282059
0.2744795083999634
0.08350379765033722
0.07100414484739304
0.09914837777614594
0.18338371813297272
0.14308245480060577
0.14004695415496826
0.11646558344364166
0.2427520453929901
0.10168769955635071
0.11212394386529922
0.11073154211044312
0.13772013783454895
0.14903724193572998
0.08179415762424469
0.10870561748743057
0.2051335722208023
0.13122624158859253
0.2376313954591751
0.07135336101055145
0.09731648862361908
0.14033536612987518
0.11822208762168884
0.06268409639596939
0.13918361067771912
0.04590489715337753
0.11924535036087036
0.1898341178894043
0.133161723613739
0.10999050736427307
0.04491376131772995
0.2401793748140335
0.1408146768808365
0.059481531381607056
0.1392659842967987
0.19042186439037323
0.21244409680366516
0.1537225842475891
0.17950639128684998
0.12216091901063919
0.12002786993980408
0.13591253757476807
0.08147979527711868
0.09961304813623428
0.06401604413986206
0.008206367492675781
0.0966951847076416
0.13779950141906738
0.16715437173843384
0.057148173451423645
0.09023559093475342
0.10830213129520416
0.15444916486740112
0.09798544645309448
0.16735045611858368
0.10773202031850815
0.08293741196393967
0.2817448079586029
0.14208254218101501
0.1564520299434662
0.062056925147771835
0.1568485051393509
0.1582963913679123
0.3221421241760254
0.185276597738266
0.07714609801769257
0.1558685153722763
0.10795989632606506
0.07087743282318115
0.21134284138679504
0.12855109572410583
0.18988285958766937
0.1924523115158081
0.12428976595401764
0.21768006682395935
0.18111063539981842
0.08577462285757065
0.1384676992893219
0.08097627758979797
0.0888688936829567
0.09993993490934372
0.1300244778394699
0.13453157246112823
0.18954560160636902
0.20005439221858978
0.20537066459655762
0.08052024990320206
0.14147725701332092
0.18349601328372955
0.15870918333530426
0.17443381249904633
0.14357039332389832
0.0253299530595541
0.1344696283340454
0.18834280967712402
0.13757121562957764
0.16839514672756195
0.18650077283382416
0.13249942660331726
0.1174941435456276
0.06833095103502274
0.20132039487361908
0.049496814608573914
0.09418429434299469
0.11875244975090027
0.15829601883888245
0.18013617396354675
0.06736932694911957
0.1761145144701004
0.16320177912712097
0.08936157822608948
0.17951394617557526
0.22516167163848877
0.14618715643882751
0.10643249750137329
0.13164618611335754
0.1524311751127243
0.12706352770328522
0.1372660994529724
0.15031030774116516
0.18860015273094177
0.1564018428325653
0.15587244927883148
0.09913130104541779
0.15854647755622864
0.19581526517868042
0.18030434846878052
0.1689615100622177
0.15773633122444153
0.1019432470202446
0.1099560409784317
0.14344161748886108
0.16130971908569336
0.07656266540288925
0.07082630693912506
0.1479799896478653
0.24694126844406128
0.1690075844526291
0.16239018738269806
0.26905518770217896
0.10451830178499222
0.09301675111055374
0.1151563748717308
0.16671967506408691
0.07070022821426392
0.13757233321666718
0.09539858996868134
0.09299501031637192
0.20520247519016266
0.16644740104675293
0.06467429548501968
0.11537280678749084
0.2246783822774887
0.12480951845645905
0.21221069991588593
0.1484256088733673
0.0756068006157875
0.15209726989269257
0.12836652994155884
0.10059358179569244
0.17512266337871552
0.20016908645629883
0.1777561604976654
0.09738373756408691
0.15405377745628357
0.1270170658826828
0.19859687983989716
0.08431734144687653
0.11161918193101883
0.1672700047492981
0.10567504912614822
0.1282271146774292
0.12383987754583359
0.11041012406349182
0.13704946637153625
0.12536855041980743
0.07553048431873322
0.16662022471427917
0.14149202406406403
0.07642196863889694
0.10898441076278687
0.1022292897105217
0.10370683670043945
0.228155255317688
0.12484056502580643
0.17275133728981018
0.11504610627889633
0.1189315915107727
0.11689215153455734
0.20370709896087646
0.1993386149406433
0.12512816488742828
0.07227044552564621
0.1577022522687912
0.08552907407283783
0.18993023037910461
0.06976450979709625
0.20216484367847443
0.11284586042165756
0.10255671292543411
0.13071922957897186
0.2377045601606369
0.22767512500286102
0.07266745716333389
0.10253886878490448
0.09351016581058502
0.12453050911426544
0.08151689916849136
0.11623721569776535
0.08877085894346237
0.18721574544906616
0.32142627239227295
0.07452411949634552
0.10775201767683029
0.12480922043323517
0.19228443503379822
0.11744320392608643
0.07484952360391617
0.12586610019207
0.1691184937953949
0.09470080584287643
0.10016427934169769
0.09418164938688278
0.08698009699583054
0.08553380519151688
0.12007787823677063
0.13087709248065948
0.08192240446805954
0.18387676775455475
0.05844535678625107
0.13937720656394958
0.19821134209632874
0.12564362585544586
0.1501135677099228
0.16631357371807098
0.13689711689949036
0.1456252485513687
0.13118967413902283
0.19573649764060974
0.16026240587234497
0.07934802025556564
0.0901264101266861
0.11847899109125137
0.1444007158279419
0.13713745772838593
0.08085092157125473
0.32500138878822327
0.14575186371803284
0.09693321585655212
0.1274225413799286
0.22210203111171722
0.08665363490581512
0.27842652797698975
0.03010588139295578
0.1690799742937088
0.04679202288389206
0.07967019081115723
0.11254463344812393
0.09221216291189194
0.09210018813610077
0.17759841680526733
0.09796550869941711
0.1616523265838623
0.1397063136100769
0.15391778945922852
0.08561057597398758
0.023740708827972412
0.047838907688856125
0.18207810819149017
0.266251802444458
0.07567687332630157
0.27147820591926575
0.13811315596103668
0.160302996635437
0.21653227508068085
0.10700199753046036
0.0875547006726265
0.0836188867688179
0.2655963599681854
0.1507788449525833
0.14396913349628448
0.19139902293682098
0.17471987009048462
0.12369392812252045
0.11884701251983643
0.12751764059066772
0.07608702778816223
0.10215045511722565
0.1669270545244217
0.0655200183391571
0.10617803037166595
0.12523768842220306
0.10812000185251236
0.10441233962774277
0.13601239025592804
0.13980117440223694
0.14670827984809875
0.08131580799818039
0.15585674345493317
0.05757969617843628
0.15075139701366425
0.10405916720628738
0.13050490617752075
0.08952080458402634
0.12313070148229599
0.14836129546165466
0.17283131182193756
0.1038241907954216
0.120078906416893
0.14898012578487396
0.09133657813072205
0.10148070007562637
0.17171359062194824
0.051684457808732986
0.12030855566263199
0.06713850051164627
0.11173629760742188
0.12235645204782486
0.07156103104352951
0.16518840193748474
0.18184523284435272
0.10502678155899048
0.18562553822994232
0.09769969433546066
0.24760723114013672
0.12347247451543808
0.17943042516708374
0.11122497916221619
0.18280702829360962
0.19006887078285217
0.009138802997767925
0.050024181604385376
0.11873971670866013
0.07721468806266785
0.15046478807926178
0.1471354216337204
0.11671172827482224
0.1535830795764923
0.19400613009929657
0.08887699991464615
0.1329241693019867
0.12376008182764053
0.1372203230857849
0.2250027060508728
0.15415506064891815
0.12185324728488922
0.16291020810604095
0.08731266856193542
0.09670981019735336
0.11920516192913055
0.23604846000671387
0.0867108628153801
0.13152021169662476
0.0969037264585495
0.09903449565172195
0.20546337962150574
0.17751774191856384
0.043301112949848175
0.09811604768037796
0.014809882268309593
0.09919345378875732
0.17759281396865845
0.1137845441699028
0.13588924705982208
0.0771256759762764
0.15221497416496277
0.14289209246635437
0.07260313630104065
0.17893105745315552
0.2440013438463211
0.0720599889755249
0.08349547535181046
0.1339682936668396
0.1123148500919342
0.06324479728937149
0.09528230130672455
0.12495847046375275
0.1401277631521225
0.10984247922897339
0.1588546484708786
0.1527148187160492
0.08882809430360794
0.10946627706289291
0.15450042486190796
0.14645352959632874
0.16094812750816345
0.1310504823923111
0.12536348402500153
0.11249960213899612
0.10597659647464752
0.14255650341510773
0.11064568907022476
0.08593736588954926
0.1847708374261856
0.14199894666671753
0.12331338226795197
0.08404920250177383
0.1584952175617218
0.10735844075679779
0.0819438025355339
0.1336110383272171
0.03358874097466469
0.13845856487751007
0.09456200897693634
0.07916022092103958
0.1543983519077301
0.07374207675457001
0.07513425499200821
0.3309689164161682
0.12173918634653091
0.08006097376346588
0.20187634229660034
0.1312658041715622
0.1548316925764084
0.13054455816745758
0.05162947252392769
0.17957070469856262
0.09995941072702408
0.25032109022140503
0.12042496353387833
0.15039792656898499
0.06612613052129745
0.10304580628871918
0.08489777147769928
0.1329578310251236
0.08518755435943604
0.10929901152849197
0.14110498130321503
0.05302057042717934
0.15541142225265503
0.12013791501522064
0.14189665019512177
0.13630090653896332
0.15217643976211548
0.2940473258495331
0.15949420630931854
0.1416204422712326
0.12866602838039398
0.09538386762142181
0.10568499565124512
0.12913687527179718
0.12332434952259064
0.17553281784057617
0.08517810702323914
0.07582105696201324
0.14113076031208038
0.1901078075170517
0.10958242416381836
0.177986741065979
0.12469583004713058
0.11415765434503555
0.1248977854847908
0.09440062940120697
0.09076526761054993
0.10531356930732727
0.17586593329906464
0.13558195531368256
0.1411815881729126
0.14776940643787384
0.10381688177585602
0.16852666437625885
0.16563141345977783
0.2057872712612152
0.09065215289592743
0.05595957487821579
0.10699540376663208
0.1524333506822586
0.09030809998512268
0.17753425240516663
0.2694328725337982
0.10760658979415894
0.1627371907234192
0.08004630357027054
0.07582743465900421
0.11422291398048401
0.1881893128156662
0.07081122696399689
0.07646903395652771
0.14124765992164612
0.09219438582658768
0.10312366485595703
0.1641305834054947
0.12116774916648865
0.07989306002855301
0.1457875519990921
0.07423501461744308
0.38728848099708557
0.21480700373649597
0.14457076787948608
0.08649739623069763
0.1268814653158188
0.1623653769493103
0.2569144368171692
0.07473458349704742
0.11617441475391388
0.19952823221683502
0.06467483192682266
0.11138661950826645
0.08864220231771469
0.07262808084487915
0.2195412516593933
0.09528981149196625
0.07774621993303299
0.13955368101596832
0.14811627566814423
0.08646754920482635
0.20926448702812195
0.08920721709728241
0.15267549455165863
0.15660405158996582
0.03699701651930809
0.16022993624210358
0.15451781451702118
0.09334099292755127
0.12193214893341064
0.13209539651870728
0.1174536943435669
0.1817752867937088
0.08578553050756454
0.17382778227329254
0.19349588453769684
0.10212253779172897
0.15541210770606995
0.08569769561290741
0.1546948254108429
0.08344941586256027
0.06609376519918442
0.07403866946697235
0.21835221350193024
0.1795729398727417
0.08113265037536621
0.24360668659210205
0.1478070318698883
0.1426367312669754
0.17788733541965485
0.13570348918437958
0.12935687601566315
0.18478001654148102
0.2545422315597534
0.15486390888690948
0.13675557076931
0.13701404631137848
0.12782256305217743
0.17168794572353363
0.14565593004226685
0.12516221404075623
0.12533940374851227
0.15370336174964905
0.06890271604061127
0.2003936916589737
0.08917253464460373
0.07824168354272842
0.07876962423324585
0.06395025551319122
0.03166978433728218
0.09476710855960846
0.24297332763671875
0.26866385340690613
0.08584780991077423
0.18086200952529907
0.08947259932756424
0.1268107295036316
0.11984149366617203
0.08171647042036057
0.0965028703212738
0.06649160385131836
0.18976913392543793
0.2016296535730362
0.10268514603376389
0.14711733162403107
0.24031898379325867
0.11982594430446625
0.1402704119682312
0.07747650891542435
0.1149742528796196
0.06551697850227356
0.11237703263759613
0.17263537645339966
0.2398601770401001
0.05416291579604149
0.18756350874900818
0.1849360316991806
0.08758614957332611
0.09126291424036026
0.12746013700962067
0.08023706078529358
0.16489607095718384
0.33323922753334045
0.12754736840724945
0.05477341637015343
0.13538271188735962
0.07906168699264526
0.12447140365839005
0.10388391464948654
0.04872269555926323
0.13890758156776428
0.11163492500782013
0.2037762999534607
0.2188635617494583
0.130658820271492
0.04847246780991554
0.05550222843885422
0.16187715530395508
0.14101208746433258
0.11935503035783768
0.08268759399652481
0.09149184823036194
0.11264985054731369
0.07228819280862808
0.0763539969921112
0.10559886693954468
0.1786196231842041
0.1407114863395691
0.1805437058210373
0.1403585523366928
0.12392733991146088
0.18001867830753326
0.1594672054052353
0.06586514413356781
0.14041467010974884
0.11781112849712372
0.16849060356616974
0.1624133437871933
0.08526219427585602
0.1978948563337326
0.1481422483921051
0.16278979182243347
0.1351483166217804
0.14335179328918457
0.10386945307254791
0.25445741415023804
0.12314699590206146
0.09729120135307312
0.14949415624141693
0.13304565846920013
0.09249695390462875
0.15172818303108215
0.14276835322380066
0.188409224152565
0.08446051180362701
0.1003071516752243
0.16713227331638336
0.06934723258018494
0.18282975256443024
0.1658448725938797
0.09925482422113419
0.11892232298851013
0.13624204695224762
0.1103619784116745
0.1428663581609726
0.031256113201379776
0.09183042496442795
0.2469097524881363
0.27186182141304016
0.10814754664897919
0.2185336947441101
0.1891702115535736
0.12174976617097855
0.12318645417690277
0.15321196615695953
0.1855962574481964
0.15671448409557343
0.18139944970607758
0.18766260147094727
0.21015974879264832
0.051168713718652725
0.12053526937961578
0.15044951438903809
0.17864587903022766
0.18121330440044403
0.15757940709590912
0.15107367932796478
0.2199481725692749
0.1264895498752594
0.1707666665315628
0.13849200308322906
0.037014663219451904
0.07973053306341171
0.10749763995409012
0.1237838938832283
0.1621577888727188
0.10577744990587234
0.12011769413948059
0.17650814354419708
0.11234859377145767
0.04163156449794769
0.06675200164318085
0.12127501517534256
0.08743976801633835
0.07116150110960007
0.21383526921272278
0.021094147115945816
0.14745250344276428
0.05330206826329231
0.08773946017026901
0.053861118853092194
0.1369124948978424
0.09655266255140305
0.2125035673379898
0.0783887580037117
0.06695033609867096
0.06688963621854782
0.052589301019907
0.263826847076416
0.1419459879398346
0.2376837581396103
0.1491737961769104
0.12702427804470062
0.15843239426612854
0.23284690082073212
0.0653802677989006
0.19893039762973785
0.1871049851179123
0.05815469101071358
0.22505474090576172
0.0884813740849495
0.057145025581121445
0.1666867434978485
0.12094719707965851
0.18862417340278625
0.133488267660141
0.11803481727838516
0.13929370045661926
0.1030183658003807
0.12542539834976196
0.09371203184127808
0.09189173579216003
0.13869859278202057
0.14600065350532532
0.11816798895597458
0.09693019837141037
0.16165654361248016
0.03599091246724129
0.11612886935472488
0.056329358369112015
0.1986786276102066
0.11799166351556778
0.0922078862786293
0.07122907042503357
0.19316844642162323
0.057960011065006256
0.15642312169075012
0.11662942171096802
0.10376694053411484
0.35648113489151
0.22570985555648804
0.058127835392951965
0.027632059529423714
0.1491854339838028
0.1190587654709816
0.2117362767457962
0.12037977576255798
0.17302072048187256
0.14876635372638702
0.05936703458428383
0.08058832585811615
0.10557138919830322
0.10856898128986359
0.10608407855033875
0.14057615399360657
0.1369655877351761
0.08148271590471268
0.19586241245269775
0.10716114938259125
0.09633474051952362
0.07787205278873444
0.13164858520030975
0.11071090400218964
0.1844244748353958
0.08808152377605438
0.09920012950897217
0.11631250381469727
0.1363828182220459
0.1961229145526886
0.10589905083179474
0.18412958085536957
0.15903517603874207
0.0747058242559433
0.12824852764606476
0.15209616720676422
0.1607152372598648
0.14095325767993927
0.2685510814189911
0.12417533993721008
0.09972456097602844
0.22029992938041687
0.08476274460554123
0.06729069352149963
0.06881451606750488
0.1265929639339447
0.11040855199098587
0.12102547287940979
0.12896975874900818
0.1554265320301056
0.10659201443195343
0.06897737830877304
0.258428156375885
0.17250090837478638
0.09772343933582306
0.12301532179117203
0.031367119401693344
0.09562207758426666
0.10466112196445465
0.08661716431379318
0.17959164083003998
0.14807431399822235
0.0756242647767067
0.08635088056325912
0.20026585459709167
0.1737717092037201
0.1459210366010666
0.0720892921090126
0.11364412307739258
0.0889413058757782
0.02851130999624729
0.16279780864715576
0.17926719784736633
0.08303983509540558
0.2571077048778534
0.10606476664543152
0.13104094564914703
0.08318150788545609
0.0905349925160408
0.1432434618473053
0.10101065039634705
0.10746543854475021
0.134676992893219
0.05152008682489395
0.12332706898450851
0.18053680658340454
0.1833816021680832
0.09188096970319748
0.11137418448925018
0.10346595197916031
0.1275017112493515
0.25335732102394104
0.12241584807634354
0.04987000674009323
0.20351697504520416
0.12404885143041611
0.1424175500869751
0.11305231600999832
0.10375258326530457
0.17218193411827087
0.1746005415916443
0.2130100578069687
0.09496058523654938
0.11236938089132309
0.10370159894227982
0.11810992658138275
0.13103339076042175
0.09280720353126526
0.0381137952208519
0.19076324999332428
0.39453980326652527
0.14441625773906708
0.1391529142856598
0.10289572179317474
0.10284440964460373
0.15835392475128174
0.13447920978069305
0.16950388252735138
0.14899782836437225
0.10872016847133636
0.04906488209962845
0.18338905274868011
0.20367838442325592
0.11281096190214157
0.12424416095018387
0.1466890573501587
0.2474992722272873
0.1659056544303894
0.1369696706533432
0.09924903512001038
0.07360779494047165
0.1068631038069725
0.13635988533496857
0.16013053059577942
0.08123652637004852
0.10633619129657745
0.11731820553541183
0.18794499337673187
0.15249063074588776
0.14486005902290344
0.08301961421966553
0.11495502293109894
0.12035290151834488
0.17823100090026855
0.17152288556098938
0.22600676119327545
0.16253028810024261
0.15043802559375763
0.1231904849410057
0.10417433828115463
0.12098906189203262
0.21422386169433594
0.08107805252075195
0.1389743685722351
0.09712313115596771
0.11850545555353165
0.1263282150030136
0.1273891031742096
0.07899370789527893
0.10105156153440475
0.08234608918428421
0.1265469789505005
0.06659337133169174
0.17203855514526367
0.1603076308965683
0.1265091896057129
0.1812480390071869
0.08036042004823685
0.08385304361581802
0.11427651345729828
0.14101164042949677
0.05292252451181412
0.1282978504896164
0.12960273027420044
0.09278521686792374
0.08540594577789307
0.14751003682613373
0.07004424184560776
0.09369406849145889
0.14090070128440857
0.3201403319835663
0.1572548896074295
0.131535604596138
0.006899023894220591
0.05998704582452774
0.14358749985694885
0.15622137486934662
0.0627894178032875
0.180047869682312
0.1184571161866188
0.16193243861198425
0.17319586873054504
0.159794881939888
0.1562214493751526
0.09186159074306488
0.1842673420906067
0.20083841681480408
0.11556120961904526
0.12695521116256714
0.2776056230068207
0.04952612891793251
0.14736229181289673
0.04628222435712814
0.1762332171201706
0.13280276954174042
0.22317448258399963
0.09078454971313477
0.17558607459068298
0.12218119204044342
0.15279291570186615
0.10631527751684189
0.15831920504570007
0.10234188288450241
0.10472326725721359
0.2229953557252884
0.23084735870361328
0.09420709311962128
0.14171211421489716
0.10247626155614853
0.10656166076660156
0.08755131810903549
0.09415294229984283
0.2603754699230194
0.09830941259860992
0.10497894883155823
0.21072538197040558
0.07816679775714874
0.11016647517681122
0.12645326554775238
0.08911282569169998
0.29423239827156067
0.14554695785045624
0.22689884901046753
0.1810273975133896
0.1813664734363556
0.08954382687807083
0.1972120702266693
0.13661488890647888
0.10553775727748871
0.19307155907154083
0.11217568814754486
0.007566059939563274
0.05259932577610016
0.15315718948841095
0.11282270401716232
0.09974762797355652
0.09781892597675323
0.07374068349599838
0.08324000239372253
0.17520244419574738
0.05123429372906685
0.0688055008649826
0.14765295386314392
0.14865270256996155
0.20851196348667145
0.17438387870788574
0.1929880529642105
0.1491512507200241
0.1382645070552826
0.14873160421848297
0.130415141582489
0.1478889435529709
0.11116557568311691
0.15765728056430817
0.14079976081848145
0.12518207728862762
0.08192472904920578
0.23290058970451355
0.04625815153121948
0.10373751074075699
0.0691649541258812
0.08202038705348969
0.1647898256778717
0.09515668451786041
0.12958839535713196
0.06091298535466194
0.20447438955307007
0.07568655908107758
0.12159114331007004
0.10939124971628189
0.13165283203125
0.14071384072303772
0.18073979020118713
0.12289603054523468
0.1858987957239151
0.20265835523605347
0.16473807394504547
0.045705053955316544
0.09652840346097946
0.1749054491519928
0.0984904021024704
0.178672656416893
0.1033761128783226
0.08885246515274048
0.10686152428388596
0.15342266857624054
0.12839385867118835
0.1040182039141655
0.07847845554351807
0.15150287747383118
0.3504182696342468
0.14960412681102753
0.08555164188146591
0.10232929140329361
0.06864754855632782
0.23629316687583923
0.1131538674235344
0.11752626299858093
0.10589466243982315
0.10646086931228638
0.11846079677343369
0.17529669404029846
0.14481669664382935
0.11577873677015305
0.14928685128688812
0.12127020955085754
0.11900101602077484
0.08006510138511658
0.12729549407958984
0.048171162605285645
0.09774423390626907
0.1436939537525177
0.09150873124599457
0.09538651257753372
0.08053730428218842
0.13839149475097656
0.17829538881778717
0.08933919668197632
0.18256379663944244
0.14565908908843994
0.10770682990550995
0.09560616314411163
0.11663411557674408
0.08223108947277069
0.13036789000034332
0.17304356396198273
0.13098958134651184
0.1742018163204193
0.1009693294763565
0.0890752375125885
0.11090347170829773
0.1222405731678009
0.09326877444982529
0.1093197613954544
0.1444660723209381
0.14727994799613953
0.14122094213962555
0.20796635746955872
0.30168700218200684
0.12920677661895752
0.044467709958553314
0.203360915184021
0.12276998162269592
0.12420038133859634
0.07149955630302429
0.07511255145072937
0.1208416074514389
0.06485851109027863
0.10057976096868515
0.0760369822382927
0.0964854434132576
0.10639918595552444
0.18222036957740784
0.15883378684520721
0.17428764700889587
0.22090713679790497
0.1683707982301712
0.1289762556552887
0.14737169444561005
0.10149076581001282
0.215448796749115
0.1437721699476242
0.1491069495677948
0.06094351038336754
0.07242955267429352
0.08487288653850555
0.09299302101135254
0.14778651297092438
0.1228991225361824
0.11191441863775253
0.0822458416223526
0.1954980492591858
0.19282762706279755
0.11674278974533081
0.12147241085767746
0.24922069907188416
0.07637427002191544
0.1187765896320343
0.08085248619318008
0.1348348706960678
0.11717750877141953
0.1459367424249649
0.12574201822280884
0.16661638021469116
0.07056666910648346
0.12115435302257538
0.0835401862859726
0.216146782040596
0.10098171979188919
0.15103644132614136
0.12191902101039886
0.11708091199398041
0.22338446974754333
0.07950618118047714
0.12523876130580902
0.1325414478778839
0.031336501240730286
0.1578066200017929
0.18864905834197998
0.10935860872268677
0.155136376619339
0.14406979084014893
0.0887310728430748
0.16414788365364075
0.08038783073425293
0.09809733182191849
0.10977798700332642
0.08824636787176132
0.13823182880878448
0.12845557928085327
0.1876031756401062
0.14471828937530518
0.10602430254220963
0.16047988831996918
0.15790529549121857
0.13710834085941315
0.06110937520861626
0.10410021990537643
0.16155004501342773
0.09212446212768555
0.07340553402900696
0.054388124495744705
0.1599198430776596
0.0869409441947937
0.11515011638402939
0.08615362644195557
0.08924189954996109
0.09354779869318008
0.18986035883426666
0.20406144857406616
0.1510588675737381
0.04255169257521629
0.1616075485944748
0.07837149500846863
0.11340318620204926
0.09539254009723663
0.10255478322505951
0.11416053026914597
0.0915963426232338
0.08778204768896103
0.1334194839000702
0.20383663475513458
0.19560813903808594
0.1127944216132164
0.08416245877742767
0.09524964541196823
0.3554592430591583
0.16040167212486267
0.10839173942804337
0.08297406882047653
0.13486094772815704
0.05444498732686043
0.15285487473011017
0.0916002094745636
0.22193700075149536
0.21100617945194244
0.11440952867269516
0.11336410790681839
0.08372920751571655
0.15813732147216797
0.05909528210759163
0.08400053530931473
0.08194499462842941
0.04781831428408623
0.15619343519210815
0.18498699367046356
0.09899087995290756
0.1548738032579422
0.10470002889633179
0.08801944553852081
0.2399652898311615
0.09731186181306839
0.06710842251777649
0.17302602529525757
0.06563390046358109
0.1531129777431488
0.09693251550197601
0.10210881382226944
0.15229718387126923
0.36375880241394043
0.2032662183046341
0.08690422028303146
0.12478169798851013
0.19637736678123474
0.09044194966554642
0.10284031182527542
0.11787614226341248
0.12553848326206207
0.0974566861987114
0.1704394519329071
0.2083880752325058
0.15392357110977173
0.10688738524913788
0.1104380190372467
0.15541256964206696
0.10038933902978897
0.15880610048770905
0.08054215461015701
0.1410907655954361
0.12376146018505096
0.12021684646606445
0.11884625256061554
0.166568323969841
0.17853499948978424
0.09184342622756958
0.08624923229217529
0.10293212532997131
0.17750760912895203
0.1609424501657486
0.08350352197885513
0.23220741748809814
0.14057336747646332
0.12715944647789001
0.09516379237174988
0.13922983407974243
0.17097607254981995
0.17058588564395905
0.14382301270961761
0.11736046522855759
0.20153138041496277
0.1064089834690094
0.07569797337055206
0.1673770695924759
0.12297458946704865
0.11349114030599594
0.06989424675703049
0.2058124989271164
0.1966586709022522
0.1257798820734024
0.1136370524764061
0.21091817319393158
0.07469175010919571
0.1484736204147339
0.24238966405391693
0.09716702997684479
0.16579876840114594
0.11789002269506454
0.06992007791996002
0.15508782863616943
0.1230100691318512
0.1717180758714676
0.10024944692850113
0.10096213221549988
0.29751914739608765
0.18884038925170898
0.17769256234169006
0.15265986323356628
0.08191102743148804
0.09755375981330872
0.11737264692783356
0.17606167495250702
0.21336810290813446
0.1115029975771904
0.07700914144515991
0.14688293635845184
0.1135595291852951
0.19026395678520203
0.10503355413675308
0.08635196834802628
0.12256161123514175
0.06683909147977829
0.0841168463230133
0.09065792709589005
0.1675066351890564
0.1303340643644333
0.09553395211696625
0.28323298692703247
0.11815701425075531
0.1837090104818344
0.0815330296754837
0.07500751316547394
0.19414982199668884
0.12244910001754761
0.12054532766342163
0.07911424338817596
0.15536756813526154
0.17986606061458588
0.19346150755882263
0.12078291922807693
0.165653258562088
0.06211061403155327
0.32488009333610535
0.14973288774490356
0.18292486667633057
0.09833697229623795
0.13270379602909088
0.09414681047201157
0.15849170088768005
0.12676909565925598
0.07667623460292816
0.1743096560239792
0.1379721313714981
0.1448894888162613
0.03256088122725487
0.13519276678562164
0.1395186483860016
0.11272326111793518
0.12209891527891159
0.05283626541495323
0.12482982873916626
0.07990702241659164
0.31185799837112427
0.07668235898017883
0.1323360800743103
0.10323292016983032
0.13991817831993103
0.1351591944694519
0.1481434851884842
0.13574784994125366
0.20133301615715027
0.09472989290952682
0.10186689347028732
0.09288705140352249
0.14200840890407562
0.25220075249671936
0.1921779364347458
0.12723495066165924
0.16101045906543732
0.08044600486755371
0.22008448839187622
0.043588679283857346
0.0903514176607132
0.2956026792526245
0.1105964407324791
0.1395527720451355
0.06586789339780807
0.11618552356958389
0.11427494883537292
0.12746462225914001
0.07124326378107071
0.18884219229221344
0.11453607678413391
0.12225044518709183
0.17093178629875183
0.1246132105588913
0.06134692579507828
0.15120019018650055
0.18764394521713257
0.21583110094070435
0.04875747859477997
0.1415184736251831
0.0946744978427887
0.13707947731018066
0.05180396884679794
0.30860623717308044
0.13176609575748444
0.11467945575714111
0.0927218496799469
0.16183702647686005
0.08586861938238144
0.09745945781469345
0.12909817695617676
0.1695043295621872
0.1371656358242035
0.13713334500789642
0.1536020040512085
0.10713165998458862
0.15181486308574677
0.08010224252939224
0.1357075423002243
0.17154397070407867
0.1206979751586914
0.10837949067354202
0.1553935408592224
0.049458861351013184
0.18993858993053436
0.09190700203180313
0.06052101030945778
0.13706892728805542
0.08027336001396179
0.12862184643745422
0.11139031499624252
0.1466849446296692
0.17786017060279846
0.16382308304309845
0.1428452879190445
0.1658884882926941
0.0805405005812645
0.10399959981441498
0.13299140334129333
0.09499624371528625
0.09727749973535538
0.05695673078298569
0.0921478271484375
0.08135219663381577
0.1637517809867859
0.15548427402973175
0.12202274799346924
0.2505289614200592
0.10863322019577026
0.11347653716802597
0.10455548018217087
0.08249063789844513
0.08309085667133331
0.13122060894966125
0.15803085267543793
0.08843892812728882
0.23034068942070007
0.14816978573799133
0.11138749122619629
0.06944248825311661
0.058200329542160034
0.06959175318479538
0.155178964138031
0.17778323590755463
0.18746837973594666
0.2966763377189636
0.09448885172605515
0.08803030848503113
0.17906925082206726
0.18629422783851624
0.11784340441226959
0.13392123579978943
0.08304902911186218
0.2266785353422165
0.15415558218955994
0.06603287160396576
0.14134997129440308
0.14225947856903076
0.14596067368984222
0.09458927065134048
0.12157198786735535
0.07445980608463287
0.10232556611299515
0.10919608920812607
0.09387922286987305
0.05827054753899574
0.17112815380096436
0.1979866474866867
0.09872845560312271
0.10303863883018494
0.0932212695479393
0.1756739765405655
0.17249445617198944
0.1860419511795044
0.12827345728874207
0.18774157762527466
0.08695387095212936
0.17580914497375488
0.11156753450632095
0.10444667935371399
0.05217450484633446
0.1466323733329773
0.24016651511192322
0.16503827273845673
0.13316869735717773
0.13167719542980194
0.06208520010113716
0.1418762356042862
0.1740584522485733
0.10089176148176193
0.0818805918097496
0.08709559589624405
0.1285676211118698
0.11703483015298843
0.1185903549194336
0.07812171429395676
0.2572001516819
0.14062687754631042
0.09774921089410782
0.12028715759515762
0.09876913577318192
0.13963064551353455
0.12985187768936157
0.20474819839000702
0.11034674942493439
0.1347372680902481
0.07979708164930344
0.16814668476581573
0.15152934193611145
0.08480159938335419
0.10609328001737595
0.2935217320919037
0.10360968858003616
0.154646098613739
0.11152687668800354
0.12123372405767441
0.07020574063062668
0.07655848562717438
0.11832857877016068
0.15024955570697784
0.11987607181072235
0.08148080110549927
0.1545545905828476
0.09936827421188354
0.08264537155628204
0.11237646639347076
0.0748511329293251
0.07974053174257278
0.1933741718530655
0.08761300146579742
0.12887567281723022
0.20856839418411255
0.09998969733715057
0.11758356541395187
0.10846778005361557
0.16593582928180695
0.13605068624019623
0.20471002161502838
0.08409629762172699
0.3460578918457031
0.1970725804567337
0.12714073061943054
0.19430848956108093
0.12246061116456985
0.15822391211986542
0.12304751574993134
0.09553452581167221
0.141058087348938
0.18956944346427917
0.13142944872379303
0.06981390714645386
0.13546817004680634
0.06753039360046387
0.08539698272943497
0.11659327894449234
0.1813117116689682
0.09796584397554398
0.1174684464931488
0.14009936153888702
0.15422505140304565
0.1489230990409851
0.08082740753889084
0.08539869636297226
0.13213583827018738
0.24802462756633759
0.18714386224746704
0.10725033283233643
0.07288158684968948
0.0854526162147522
0.17692044377326965
0.13810287415981293
0.08541108667850494
0.13551804423332214
0.22842375934123993
0.1450137346982956
0.14365288615226746
0.2658807933330536
0.08698929846286774
0.11755015701055527
0.09974905103445053
0.11165584623813629
0.0733499675989151
0.16099394857883453
0.19414116442203522
0.14332008361816406
0.12089555710554123
0.0954778790473938
0.0563313364982605
0.09137718379497528
0.4463341236114502
0.09707500040531158
0.19202011823654175
0.07986434549093246
0.1605895459651947
0.08488521724939346
0.34909388422966003
0.20059894025325775
0.10465750843286514
0.12261790037155151
0.17185178399085999
0.1798059642314911
0.11724026501178741
0.08620117604732513
0.08854236453771591
0.15026487410068512
0.10499314963817596
0.03868339583277702
0.06235543265938759
0.13556639850139618
0.11629419773817062
0.1430894136428833
0.08796118944883347
0.19164790213108063
0.15683390200138092
0.22422482073307037
0.15473729372024536
0.05345568805932999
0.09443169087171555
0.11102452874183655
0.21641600131988525
0.1249452605843544
0.14721176028251648
0.2925397455692291
0.10367701202630997
0.09754329174757004
0.16540127992630005
0.27062979340553284
0.25766369700431824
0.059903282672166824
0.06015991419553757
0.11346455663442612
0.18740259110927582
0.1436968594789505
0.11021067202091217
0.16997872292995453
0.31039807200431824
0.17047430574893951
0.13363347947597504
0.09684313833713531
0.10642147064208984
0.07923130691051483
0.1461062729358673
0.12087400257587433
0.044165223836898804
0.047760434448719025
0.16805624961853027
0.16042013466358185
0.19081898033618927
0.164150208234787
0.13767755031585693
0.1848440170288086
0.08761895447969437
0.16071835160255432
0.08381470292806625
0.09499002248048782
0.1130765825510025
0.12841996550559998
0.13567303121089935
0.10736063122749329
0.12995079159736633
0.2043527513742447
0.06772635132074356
0.12178230285644531
0.10838021337985992
0.1718292534351349
0.09947996586561203
0.34064552187919617
0.15675827860832214
0.2054961919784546
0.1068270206451416
0.19996991753578186
0.1491430699825287
0.08088367432355881
0.10713104158639908
0.09905194491147995
0.18847952783107758
0.09476576000452042
0.1618381291627884
0.10883121192455292
0.20584094524383545
0.13966841995716095
0.21398170292377472
0.10278236120939255
0.07786872982978821
0.17195600271224976
0.10634233802556992
0.18998248875141144
0.042345087975263596
0.05527026206254959
0.10308566689491272
0.07479757070541382
0.11248339712619781
0.1339329183101654
0.10496161133050919
0.21027590334415436
0.27373722195625305
0.09141456335783005
0.15703551471233368
0.08861609548330307
0.1615118682384491
0.1644188016653061
0.26207005977630615
0.07645786553621292
0.12283200770616531
0.17317572236061096
0.14714005589485168
0.16347230970859528
0.10212333500385284
0.19893795251846313
0.1372237205505371
0.0790310651063919
0.13195116817951202
0.14206458628177643
0.09804237633943558
0.07636594772338867
0.06801249831914902
0.079632967710495
0.12051893770694733
0.12748442590236664
0.05508807301521301
0.08812547475099564
0.09533822536468506
0.14407631754875183
0.1206219345331192
0.12779898941516876
0.15078355371952057
0.29439789056777954
0.20336291193962097
0.09454802423715591
0.06961794942617416
0.28000083565711975
0.12233112752437592
0.22843573987483978
0.09201014786958694
0.13432404398918152
0.06596922874450684
0.13886944949626923
0.12612223625183105
0.0860506072640419
0.16463524103164673
0.06310845166444778
0.10838694870471954
0.08352334797382355
0.1689603626728058
0.16630356013774872
0.14548593759536743
0.09946484118700027
0.1183917447924614
0.08568158000707626
0.13794009387493134
0.15008649230003357
0.13117553293704987
0.15749907493591309
0.07472115010023117
0.041216891258955
0.04986708611249924
0.2272462099790573
0.2087680846452713
0.06804726272821426
0.10884197056293488
0.16626884043216705
0.12415513396263123
0.10253643244504929
0.05293048545718193
0.17879967391490936
0.17537885904312134
0.05742551013827324
0.20004945993423462
0.10384305566549301
0.17084798216819763
0.09728475660085678
0.08304963260889053
0.21588942408561707
0.11847120523452759
0.14498992264270782
0.23635070025920868
0.133555606007576
0.12893904745578766
0.11405129730701447
0.15721870958805084
0.13468283414840698
0.1583770364522934
0.11877483874559402
0.0717725157737732
0.10692399740219116
0.18831492960453033
0.17719389498233795
0.12915068864822388
0.17529599368572235
0.11990270018577576
0.11649823933839798
0.11248137056827545
0.1127990186214447
0.13914193212985992
0.11031429469585419
0.04865725338459015
0.10953941941261292
0.07505917549133301
0.10991823673248291
0.14287304878234863
0.12353319674730301
0.08122961968183517
0.14845877885818481
0.18708640336990356
0.18467704951763153
0.1391649693250656
0.12568530440330505
0.04910033196210861
0.14863568544387817
0.13048739731311798
0.10479092597961426
0.15607036650180817
0.08054407685995102
0.09221668541431427
0.135311096906662
0.042226675897836685
0.09481431543827057
0.20788845419883728
0.11180654168128967
0.14305107295513153
0.15925107896327972
0.1436319500207901
0.030685637146234512
0.10027714818716049
0.14379195868968964
0.1598365306854248
0.09304959326982498
0.05867169797420502
0.11384415626525879
0.12998029589653015
0.05363552272319794
0.117684006690979
0.0889192521572113
0.09575515240430832
0.23949620127677917
0.11658577620983124
0.2511305809020996
0.0960111990571022
0.09838789701461792
0.10372593253850937
0.1252480149269104
0.10533822327852249
0.13190285861492157
0.13116368651390076
0.10755662620067596
0.19124245643615723
0.14740663766860962
0.13245368003845215
0.20481173694133759
0.07296768575906754
0.14465326070785522
0.23596897721290588
0.09864860028028488
0.14203913509845734
0.0631646141409874
0.15662086009979248
0.16737838089466095
0.17326299846172333
0.14219552278518677
0.13029152154922485
0.1012498140335083
0.08915315568447113
0.08321373909711838
0.10240891575813293
0.28812405467033386
0.10230166465044022
0.08082661032676697
0.15741771459579468
0.11984861642122269
0.14288468658924103
0.06464274227619171
0.06523890048265457
0.17556433379650116
0.19913148880004883
0.19597333669662476
0.15199026465415955
0.2055109590291977
0.10022682696580887
0.11421595513820648
0.1282365769147873
0.1602855771780014
0.07836808264255524
0.19086496531963348
0.12444561719894409
0.08773626387119293
0.0643901452422142
0.10527597367763519
0.14954261481761932
0.09839483350515366
0.13734318315982819
0.11332160234451294
0.10955942422151566
0.09093919396400452
0.1584819257259369
0.09215041995048523
0.22090162336826324
0.06971336901187897
0.10382405668497086
0.11834704875946045
0.13603930175304413
0.1431916505098343
0.26297032833099365
0.11282604187726974
0.19420716166496277
0.0907115489244461
0.08193928003311157
0.1314241588115692
0.13010551035404205
0.08928274363279343
0.16414408385753632
0.07221369445323944
0.1013072207570076
0.15767264366149902
0.08663313835859299
0.10333441942930222
0.14105013012886047
0.16905970871448517
0.08803419023752213
0.1427258998155594
0.09905080497264862
0.18653033673763275
0.18055839836597443
0.18042196333408356
0.13612957298755646
0.1719471961259842
0.17594529688358307
0.07025963813066483
0.3271825611591339
0.15978609025478363
0.09949760138988495
0.14105315506458282
0.0820309966802597
0.130404531955719
0.10931544750928879
0.05373276770114899
0.19815868139266968
0.16984984278678894
0.12379902601242065
0.21411296725273132
0.14532357454299927
0.031811803579330444
0.06126666069030762
0.08470391482114792
0.13916119933128357
0.10708585381507874
0.17057335376739502
0.10835029929876328
0.22926990687847137
0.2088337242603302
0.04044557362794876
0.15630711615085602
0.040200572460889816
0.06631194800138474
0.10713396966457367
0.17266525328159332
0.12892024219036102
0.13534130156040192
0.08845677971839905
0.07639902830123901
0.10924135148525238
0.18217164278030396
0.06486698985099792
0.09631391614675522
0.26675260066986084
0.16359683871269226
0.06341513991355896
0.11565565317869186
0.1270790845155716
0.12994994223117828
0.10844337940216064
0.20605050027370453
0.11668750643730164
0.11303529143333435
0.13195718824863434
0.17765483260154724
0.0727555900812149
0.15117008984088898
0.16831819713115692
0.08085816353559494
0.18153060972690582
0.13918747007846832
0.031201286241412163
0.061994630843400955
0.12412704527378082
0.07464788109064102
0.26232150197029114
0.0878048911690712
0.12645485997200012
0.274855375289917
0.12191566824913025
0.16459046304225922
0.13670511543750763
0.12638479471206665
0.08524298667907715
0.16734230518341064
0.13058286905288696
0.0938682109117508
0.09797818958759308
0.21358144283294678
0.12398338317871094
0.14734666049480438
0.17567643523216248
0.22547422349452972
0.15628835558891296
0.08526194095611572
0.12041708081960678
0.10789873450994492
0.12036848068237305
0.11304327845573425
0.1437947005033493
0.09982314705848694
0.06993430852890015
0.3072618246078491
0.18941667675971985
0.041576724499464035
0.19977107644081116
0.22431012988090515
0.10619310289621353
0.10452036559581757
0.1671217978000641
0.12052872776985168
0.19023500382900238
0.1666688621044159
0.11204954981803894
0.05606341361999512
0.1374167799949646
0.09671955555677414
0.09388437122106552
0.26516979932785034
0.007797428406774998
0.05623355135321617
0.21302007138729095
0.20102502405643463
0.12901216745376587
0.1379372924566269
0.07283755391836166
0.14819622039794922
0.11455701291561127
0.138427734375
0.08653571456670761
0.11367294192314148
0.0903470441699028
0.09821849316358566
0.04844307899475098
0.06691952794790268
0.07711643725633621
0.13639144599437714
0.10074630379676819
0.05035180598497391
0.13016277551651
0.15637418627738953
0.16511410474777222
0.10983239859342575
0.10554418712854385
0.14130899310112
0.08726785331964493
0.0962473526597023
0.10954408347606659
0.09526827186346054
0.13392044603824615
0.15103639662265778
0.19790460169315338
0.22364890575408936
0.13436073064804077
0.08273448795080185
0.2592571973800659
0.1367012858390808
0.23699919879436493
0.17896249890327454
0.1260816752910614
0.03717266768217087
0.16253532469272614
0.14325925707817078
0.170000359416008
0.0786689966917038
0.11998683959245682
0.13834038376808167
0.11084029823541641
0.08438421040773392
0.1221756637096405
0.07264301180839539
0.14261706173419952
0.10800892114639282
0.0989312082529068
0.15829013288021088
0.11532243341207504
0.14479653537273407
0.1355687975883484
0.14171454310417175
0.12224218249320984
0.08019062131643295
0.15141326189041138
0.21428947150707245
0.11473599821329117
0.17149943113327026
0.11920429766178131
0.18160562217235565
0.1455591917037964
0.13124941289424896
0.150192528963089
0.1298099309206009
0.17981529235839844
0.12385789304971695
0.1595963090658188
0.09977040439844131
0.09592536836862564
0.05898548290133476
0.10875248163938522
0.1063121110200882
0.1740628331899643
0.10833531618118286
0.09855815768241882
0.20268821716308594
0.19427944719791412
0.1938081681728363
0.12460776418447495
0.19684076309204102
0.11399201303720474
0.05268380418419838
0.1357903629541397
0.12042270600795746
0.07957226037979126
0.10047928988933563
0.025454940274357796
0.04859129339456558
0.08929800987243652
0.11794757097959518
0.08129756152629852
0.05638731271028519
0.11359428614377975
0.13243621587753296
0.3299088180065155
0.2394997626543045
0.0956205278635025
0.1408545970916748
0.1189170703291893
0.10642904043197632
0.09511101990938187
0.16501976549625397
0.16598689556121826
0.1392522156238556
0.10344484448432922
0.13823048770427704
0.16449566185474396
0.21205765008926392
0.14531005918979645
0.23608563840389252
0.17158791422843933
0.09290623664855957
0.13087865710258484
0.012966221198439598
0.193033367395401
0.1038280725479126
0.05773521959781647
0.05709999054670334
0.09802812337875366
0.12883439660072327
0.062458716332912445
0.22508074343204498
0.05112530663609505
0.14616750180721283
0.19069427251815796
0.2017860859632492
0.14509229362010956
0.08337848633527756
0.14416129887104034
0.12073706090450287
0.15717406570911407
0.06685920804738998
0.19934670627117157
0.09149032086133957
0.13628479838371277
0.19428305327892303
0.12893322110176086
0.11474663019180298
0.1664906144142151
0.16222184896469116
0.17262069880962372
0.10898387432098389
0.15906061232089996
0.1772603988647461
0.3233688473701477
0.17788001894950867
0.13923761248588562
0.24613861739635468
0.07485022395849228
0.06279347091913223
0.19974255561828613
0.11405602842569351
0.08618350327014923
0.14627593755722046
0.16350147128105164
0.09579523652791977
0.11181680858135223
0.1933807134628296
0.10052813589572906
0.09385193884372711
0.16567431390285492
0.15693700313568115
0.12066733837127686
0.09136646240949631
0.08268439769744873
0.09645240008831024
0.1037248969078064
0.20698359608650208
0.12158099561929703
0.12684865295886993
0.09504877775907516
0.0655868873000145
0.09159805625677109
0.19588777422904968
0.13838200271129608
0.11188284307718277
0.1761876791715622
0.13575445115566254
0.03817334398627281
0.1637638658285141
0.06631364673376083
0.11831434816122055
0.14326398074626923
0.14356274902820587
0.16399028897285461
0.12342807650566101
0.10516447573900223
0.21914668381214142
0.08073252439498901
0.09254248440265656
0.13477669656276703
0.0941896140575409
0.10602562129497528
0.06602462381124496
0.046926774084568024
0.1439152956008911
0.1074414998292923
0.10831499099731445
0.10197407752275467
0.1083754450082779
0.18004687130451202
0.08642943948507309
0.16475000977516174
0.21595498919487
0.09098241478204727
0.057556819170713425
0.20222298800945282
0.15182478725910187
0.13497157394886017
0.09294113516807556
0.12473428249359131
0.1532813161611557
0.1796974390745163
0.1274212896823883
0.18894797563552856
0.0951770544052124
0.09601788967847824
0.08708439022302628
0.08882755041122437
0.19614753127098083
0.31766965985298157
0.11931224167346954
0.28711286187171936
0.2972605526447296
0.1693335771560669
0.17004404962062836
0.08727340400218964
0.14009515941143036
0.1665489822626114
0.06903653591871262
0.19121688604354858
0.1402132213115692
0.1356675922870636
0.15806429088115692
0.1509721279144287
0.20718123018741608
0.10084094852209091
0.1083357185125351
0.06230190023779869
0.1779249906539917
0.11634772270917892
0.11038903146982193
0.08624289184808731
0.13744133710861206
0.0925951674580574
0.15593045949935913
0.14984631538391113
0.14590537548065186
0.463733971118927
0.15021640062332153
0.08991154283285141
0.07483567297458649
0.1939762681722641
0.15947939455509186
0.18789415061473846
0.34140413999557495
0.09426701068878174
0.12066500633955002
0.11124685406684875
0.14074411988258362
0.11590422689914703
0.042628150433301926
0.10076534748077393
0.14999881386756897
0.10230036824941635
0.1170152872800827
0.1503668576478958
0.12061949819326401
0.18872494995594025
0.2824023962020874
0.23320695757865906
0.09262578189373016
0.19307558238506317
0.14773274958133698
0.13544292747974396
0.11838487535715103
0.17918580770492554
0.09219768643379211
0.14978793263435364
0.159308522939682
0.15286137163639069
0.15572045743465424
0.20581817626953125
0.1406603902578354
0.1730390042066574
0.037366144359111786
0.15154831111431122
0.14135108888149261
0.07140281796455383
0.12220757454633713
0.10332921147346497
0.18307386338710785
0.1500440239906311
0.09108924865722656
0.15706096589565277
0.08495331555604935
0.1553192287683487
0.06720833480358124
0.2024599313735962
0.13912925124168396
0.26566779613494873
0.17290104925632477
0.24261760711669922
0.11232500523328781
0.06508096307516098
0.07441796362400055
0.17126967012882233
0.08865875750780106
0.21986721456050873
0.13280457258224487
0.11371171474456787
0.1171991154551506
0.16864937543869019
0.08793258666992188
0.03125641494989395
0.15894219279289246
0.1623985320329666
0.08195681869983673
0.16573888063430786
0.07083512097597122
0.11319547146558762
0.059892088174819946
0.1959606260061264
0.1329135149717331
0.11611318588256836
0.1968708336353302
0.09735137969255447
0.1370285302400589
0.09148754924535751
0.12548081576824188
0.09078602492809296
0.15831758081912994
0.0824194997549057
0.11918040364980698
0.05277029052376747
0.22343535721302032
0.1637720763683319
0.18368789553642273
0.056809499859809875
0.07725056260824203
0.13202083110809326
0.1243981420993805
0.1915665566921234
0.17741240561008453
0.11948569864034653
0.17143365740776062
0.19620540738105774
0.2734717130661011
0.05010078847408295
0.12206843495368958
0.21724115312099457
0.19800609350204468
0.06730291247367859
0.1658060997724533
0.13442979753017426
0.05085155367851257
0.2824438810348511
0.026898251846432686
0.1768362820148468
0.09900415688753128
0.12615199387073517
0.15201044082641602
0.14988766610622406
0.10423186421394348
0.13099128007888794
0.080821193754673
0.1562941074371338
0.1244262158870697
0.15017881989479065
0.18727482855319977
0.15715987980365753
0.14228205382823944
0.22106654942035675
0.22868232429027557
0.17141012847423553
0.0572081059217453
0.0769738182425499
0.1230543777346611
0.1341039389371872
0.13912202417850494
0.11090224236249924
0.1051759123802185
0.13581034541130066
0.21837128698825836
0.2934931814670563
0.17594406008720398
0.12158443033695221
0.1334298551082611
0.07160978019237518
0.09719086438417435
0.1041303500533104
0.13863112032413483
0.20786739885807037
0.19746382534503937
0.1845322996377945
0.10361316800117493
0.07944698631763458
0.1511891931295395
0.15051592886447906
0.0984266996383667
0.10952973365783691
0.1781187355518341
0.08065332472324371
0.12483226507902145
0.17747855186462402
0.09641384333372116
0.12701915204524994
0.16464439034461975
0.1475217640399933
0.11502790451049805
0.07938782125711441
0.09850124269723892
0.11747653037309647
0.08874945342540741
0.049063026905059814
0.2513677775859833
0.10667964071035385
0.15883594751358032
0.19544705748558044
0.0519213005900383
0.15394043922424316
0.12199969589710236
0.17148277163505554
0.19229421019554138
0.09538718312978745
0.09824997186660767
0.1426587849855423
0.04886229336261749
0.11822657287120819
0.06804224848747253
0.1470446139574051
0.11532831192016602
0.15549540519714355
0.13891606032848358
0.1415322870016098
0.19952960312366486
0.1399158239364624
0.07179049402475357
0.16671839356422424
0.09784820675849915
0.11927127093076706
0.17611382901668549
0.06267423927783966
0.15096595883369446
0.07969944179058075
0.10801330208778381
0.11258763819932938
0.1313473880290985
0.07693138718605042
0.21557684242725372
0.1273074746131897
0.12956096231937408
0.16947707533836365
0.09170717746019363
0.08434136211872101
0.14351795613765717
0.209533229470253
0.07884716242551804
0.16110531985759735
0.14300118386745453
0.07601495087146759
0.06334535777568817
0.07572579383850098
0.1839963048696518
0.09009240567684174
0.11464127153158188
0.09587313234806061
0.12972404062747955
0.11639884859323502
0.12435853481292725
0.10929760336875916
0.07567508518695831
0.11282829940319061
0.15696364641189575
0.05975119024515152
0.18098072707653046
0.16047003865242004
0.1121797263622284
0.09737350046634674
0.08581859618425369
0.12549541890621185
0.09878236800432205
0.13302218914031982
0.2015974372625351
0.16998548805713654
0.2152440994977951
0.0917886346578598
0.14633356034755707
0.19425146281719208
0.08664802461862564
0.14659106731414795
0.1250504106283188
0.1558508723974228
0.07951708883047104
0.14635108411312103
0.20298625528812408
0.15078289806842804
0.19333453476428986
0.06961838901042938
0.1529802829027176
0.1271173059940338
0.2656483054161072
0.07802382111549377
0.14530925452709198
0.1604970246553421
0.15688298642635345
0.08321309089660645
0.0738653689622879
0.13615767657756805
0.2904590666294098
0.11141587048768997
0.2249372899532318
0.13505122065544128
0.11870290338993073
0.09609836339950562
0.11404018104076385
0.24166476726531982
0.19903333485126495
0.08998063951730728
0.09041737020015717
0.10131840407848358
0.058487895876169205
0.15946045517921448
0.06779873371124268
0.3518381118774414
0.09946373105049133
0.17708079516887665
0.10037776082754135
0.1783158779144287
0.16120092570781708
0.13946816325187683
0.19928766787052155
0.10566011816263199
0.18912655115127563
0.08458356559276581
0.2493894249200821
0.05151057243347168
0.11096981167793274
0.1433359980583191
0.083926722407341
0.039688657969236374
0.1208004280924797
0.17349879443645477
0.2157454788684845
0.13251908123493195
0.10480636358261108
0.16883252561092377
0.16616754233837128
0.12454243749380112
0.12236512452363968
0.08519171178340912
0.12171787768602371
0.14320969581604004
0.11739131063222885
0.18176637589931488
0.1526162475347519
0.0826539397239685
0.11558099836111069
0.1322825849056244
0.11182494461536407
0.0670803040266037
0.19095319509506226
0.09172971546649933
0.1443471610546112
0.1496918946504593
0.229689359664917
0.12789858877658844
0.11859334260225296
0.10654338449239731
0.1894078552722931
0.15755368769168854
0.1137961819767952
0.1091824620962143
0.19051343202590942
0.14864777028560638
0.11580642312765121
0.2366061806678772
0.13913440704345703
0.21859362721443176
0.16800639033317566
0.1772030144929886
0.12891992926597595
0.11526404321193695
0.103143110871315
0.11954360455274582
0.07437647879123688
0.07460615038871765
0.23928603529930115
0.10186328738927841
0.053464263677597046
0.1379617154598236
0.07722307741641998
0.18991324305534363
0.17969195544719696
0.2026159018278122
0.05051896348595619
0.10863368958234787
0.09572383761405945
0.10397056490182877
0.1660306304693222
0.14673498272895813
0.08142997324466705
0.10554821044206619
0.2612152397632599
0.11036448925733566
0.1991782784461975
0.14893120527267456
0.09318755567073822
0.19292445480823517
0.11631987243890762
0.12405159324407578
0.2260579913854599
0.1450793743133545
0.11484325677156448
0.10380802303552628
0.12445519864559174
0.16848750412464142
0.12533023953437805
0.12469688802957535
0.2394920289516449
0.10268566012382507
0.10234415531158447
0.19571040570735931
0.14474479854106903
0.12716622650623322
0.27077293395996094
0.20912761986255646
0.15666504204273224
0.07722169905900955
0.18258513510227203
0.2578904330730438
0.12724781036376953
0.11262853443622589
0.18541356921195984
0.1973087191581726
0.168862447142601
0.07522843033075333
0.08308663219213486
0.13940270245075226
0.09870973974466324
0.14994996786117554
0.22379259765148163
0.08061430603265762
0.14226430654525757
0.14633570611476898
0.022725574672222137
0.08230074495077133
0.15554924309253693
0.09752537310123444
0.1965532749891281
0.10591322183609009
0.09816654771566391
0.25578898191452026
0.19374683499336243
0.14229969680309296
0.17002227902412415
0.10935927927494049
0.146174356341362
0.07779695093631744
0.09552761912345886
0.0882410779595375
0.08808237314224243
0.11109687387943268
0.13961106538772583
0.06384938210248947
0.11471008509397507
0.18323855102062225
0.10919364541769028
0.17601189017295837
0.10514909774065018
0.10864289849996567
0.13770844042301178
0.18871483206748962
0.19815663993358612
0.11832204461097717
0.16966482996940613
0.07826170325279236
0.10018934309482574
0.05572741478681564
0.03763754665851593
0.18557848036289215
0.1272500902414322
0.08616788685321808
0.05917045474052429
0.29638710618019104
0.1409643292427063
0.16069458425045013
0.11127810925245285
0.13106867671012878
0.10536704957485199
0.1587168574333191
0.10427314788103104
0.08597145229578018
0.08739125728607178
0.1040908470749855
0.09876400977373123
0.09065801650285721
0.1376209259033203
0.1130571961402893
0.07999087125062943
0.0664982721209526
0.16834424436092377
0.18859627842903137
0.16478824615478516
0.06060078740119934
0.3049235939979553
0.09789229929447174
0.045500658452510834
0.12645553052425385
0.13008834421634674
0.08412753790616989
0.08190225809812546
0.053396567702293396
0.06929896026849747
0.12249178439378738
0.061750397086143494
0.15006200969219208
0.20979416370391846
0.08864865452051163
0.1292848438024521
0.11193793267011642
0.1559177041053772
0.132696732878685
0.08887051045894623
0.13131630420684814
0.10464228689670563
0.13556793332099915
0.23741765320301056
0.1375199556350708
0.18883542716503143
0.15920108556747437
0.08928335458040237
0.34967613220214844
0.11888296902179718
0.07878861576318741
0.16808059811592102
0.09756222367286682
0.1279914826154709
0.1385277956724167
0.1773381382226944
0.11659359186887741
0.16830839216709137
0.19318214058876038
0.04705120623111725
0.07834027707576752
0.0885668471455574
0.07917094975709915
0.1635156124830246
0.13983924686908722
0.10510043799877167
0.07165992259979248
0.25548404455184937
0.1835513859987259
0.04949446767568588
0.1534254103899002
0.12100104242563248
0.16785600781440735
0.07668988406658173
0.11133779585361481
0.1872844099998474
0.11713731288909912
0.1311098039150238
0.21543776988983154
0.1495235115289688
0.17281299829483032
0.10813337564468384
0.09910646080970764
0.15617519617080688
0.07464373111724854
0.13716821372509003
0.04897325485944748
0.14400653541088104
0.18475812673568726
0.09345095604658127
0.04210956022143364
0.12851038575172424
0.1429990828037262
0.08297330141067505
0.11701284348964691
0.044486742466688156
0.13019829988479614
0.2309636026620865
0.0871536135673523
0.08486256003379822
0.16590481996536255
0.09404601156711578
0.24443498253822327
0.07447110861539841
0.16463682055473328
0.11286033689975739
0.19242973625659943
0.07222865521907806
0.12145452201366425
0.11631889641284943
0.16042570769786835
0.13425438106060028
0.10192576795816422
0.1155979111790657
0.13448360562324524
0.06858647614717484
0.14407674968242645
0.11055188626050949
0.051228005439043045
0.18707771599292755
0.10106706619262695
0.11410616338253021
0.1418517678976059
0.1025955080986023
0.24144797027111053
0.09292251616716385
0.11868469417095184
0.0961153581738472
0.16430796682834625
0.10417718440294266
0.14304204285144806
0.11325893551111221
0.2124062478542328
0.1661212146282196
0.10506901890039444
0.34926798939704895
0.08674361556768417
0.19874298572540283
0.2339596003293991
0.11749546974897385
0.14727835357189178
0.22863681614398956
0.11170085519552231
0.08420243114233017
0.10317573696374893
0.12529060244560242
0.16590973734855652
0.1464146226644516
0.08630050718784332
0.05995595455169678
0.19038760662078857
0.11965931951999664
0.12479052692651749
0.160103440284729
0.12155313044786453
0.09122517704963684
0.13405001163482666
0.14921674132347107
0.23135821521282196
0.14796249568462372
0.3219330608844757
0.1248093768954277
0.11264467984437943
0.03477499261498451
0.17556054890155792
0.14281220734119415
0.15097318589687347
0.14979912340641022
0.1544276624917984
0.18830431997776031
0.12060380727052689
0.09938336908817291
0.16454410552978516
0.17491313815116882
0.2718784511089325
0.1266372799873352
0.2095252275466919
0.18170592188835144
0.09861605614423752
0.08643738180398941
0.024613574147224426
0.12444381415843964
0.23412664234638214
0.10962370038032532
0.23090294003486633
0.17473313212394714
0.19811686873435974
0.09648225456476212
0.1306457668542862
0.10261562466621399
0.07381127774715424
0.22247719764709473
0.06211743876338005
0.11646200716495514
0.20494914054870605
0.14430035650730133
0.05482478067278862
0.1650458574295044
0.13435779511928558
0.1183745488524437
0.12648682296276093
0.1600918173789978
0.13051660358905792
0.15445318818092346
0.12538336217403412
0.053588297218084335
0.12251389026641846
0.10198745876550674
0.08814401924610138
0.08289293199777603
0.13267295062541962
0.1365029215812683
0.14615026116371155
0.1538727879524231
0.16534990072250366
0.1306527554988861
0.19093510508537292
0.0889962911605835
0.0937262773513794
0.09355289489030838
0.0699247196316719
0.08957132697105408
0.1349756419658661
0.22038891911506653
0.129078209400177
0.18291224539279938
0.13230843842029572
0.18139727413654327
0.13963854312896729
0.1485586166381836
0.22517043352127075
0.08720880001783371
0.17979781329631805
0.1093277707695961
0.0909331664443016
0.10196709632873535
0.18244071304798126
0.04724722355604172
0.1274476796388626
0.1285395473241806
0.08842253684997559
0.14012427628040314
0.10594895482063293
0.1107243075966835
0.16798070073127747
0.17132829129695892
0.03507512807846069
0.07307691872119904
0.1969565600156784
0.02072119526565075
0.18173204362392426
0.21847188472747803
0.15798065066337585
0.2525993287563324
0.0363399013876915
0.2307935655117035
0.1678343117237091
0.10196613520383835
0.1367257535457611
0.03556318208575249
0.12251127511262894
0.14212222397327423
0.07059626281261444
0.1422247737646103
0.1435467153787613
0.07483277469873428
0.07921015471220016
0.04609852284193039
0.08021261543035507
0.17565609514713287
0.22061151266098022
0.10904096066951752
0.15471817553043365
0.14405915141105652
0.07017024606466293
0.1310204714536667
0.2607467770576477
0.12611913681030273
0.14426441490650177
0.040221672505140305
0.1251101791858673
0.14180125296115875
0.17798423767089844
0.15552210807800293
0.10788989067077637
0.1301085501909256
0.1872946321964264
0.1374606341123581
0.06965567916631699
0.10176680237054825
0.11654829978942871
0.05344969034194946
0.16337956488132477
0.11576654016971588
0.17665114998817444
0.13550260663032532
0.09579173475503922
0.1642473042011261
0.1348598748445511
0.14629679918289185
0.24467477202415466
0.09131496399641037
0.07724608480930328
0.11345764994621277
0.0807163342833519
0.09561509639024734
0.05394750460982323
0.2611159384250641
0.06266237795352936
0.14916999638080597
0.1674526184797287
0.07171987742185593
0.0986577719449997
0.17192132771015167
0.16208970546722412
0.09945082664489746
0.06801065057516098
0.06392791122198105
0.09724961221218109
0.07998158037662506
0.14802169799804688
0.10411696135997772
0.12224598228931427
0.034486617892980576
0.10913067311048508
0.11757756024599075
0.1401410698890686
0.0901181623339653
0.12176830321550369
0.1612219512462616
0.07359645515680313
0.14897269010543823
0.07217936962842941
0.17895659804344177
0.10834980756044388
0.11308707296848297
0.21357235312461853
0.07866869866847992
0.07159747928380966
0.10555433481931686
0.05104522407054901
0.17980657517910004
0.08114729076623917
0.07112015783786774
0.10661928355693817
0.03349102661013603
0.12139704078435898
0.15893211960792542
0.19156235456466675
0.12246435880661011
0.13247205317020416
0.09030985832214355
0.12438330054283142
0.13659489154815674
0.06789516657590866
0.11299213767051697
0.11876168847084045
0.17055644094944
0.08586592972278595
0.04411783069372177
0.1587453931570053
0.057416800409555435
0.14849558472633362
0.20765061676502228
0.16289807856082916
0.13189052045345306
0.18118500709533691
0.0838872641324997
0.10069853067398071
0.17150889337062836
0.06823902577161789
0.10022632777690887
0.05888661742210388
0.13832177221775055
0.28084421157836914
0.15923193097114563
0.09835121035575867
0.058674946427345276
0.06820080429315567
0.08238925784826279
0.13164716958999634
0.1412932276725769
0.16585403680801392
0.11964546889066696
0.07729455083608627
0.09314220398664474
0.06661170721054077
0.09314068406820297
0.2261233925819397
0.15020863711833954
0.1212165355682373
0.0688367486000061
0.09529309719800949
0.04737639054656029
0.3418414890766144
0.07051340490579605
0.09602537006139755
0.09020404517650604
0.10145556181669235
0.09719982743263245
0.12768405675888062
0.11371317505836487
0.1155642718076706
0.26272672414779663
0.12741319835186005
0.1733090579509735
0.15638583898544312
0.20898784697055817
0.11894917488098145
0.1217527687549591
0.18685181438922882
0.09883656352758408
0.10478857159614563
0.074489064514637
0.06789198517799377
0.16856804490089417
0.117644302546978
0.10182622820138931
0.0700245052576065
0.2054731398820877
0.12030618637800217
0.04915089160203934
0.12754984200000763
0.1269449144601822
0.08194657415151596
0.049119774252176285
0.12987610697746277
0.3873175382614136
0.12022897601127625
0.22437775135040283
0.1761089712381363
0.16759656369686127
0.15220770239830017
0.15527944266796112
0.12524935603141785
0.11347395926713943
0.14709745347499847
0.19538630545139313
0.08388635516166687
0.0373573899269104
0.12808680534362793
0.08326689898967743
0.10489866137504578
0.08522608131170273
0.05838390439748764
0.16908566653728485
0.21833465993404388
0.08963937312364578
0.053696051239967346
0.16721656918525696
0.045665111392736435
0.1275090128183365
0.10854331403970718
0.07929689437150955
0.07787850499153137
0.06082991138100624
0.07759105414152145
0.1773320883512497
0.16330194473266602
0.1593542844057083
0.11228124052286148
0.10519056022167206
0.06584490835666656
0.10342633724212646
0.08066356927156448
0.08075395971536636
0.040782779455184937
0.1590692698955536
0.09470458328723907
0.13664139807224274
0.0573214590549469
0.07308986783027649
0.13943412899971008
0.10930034518241882
0.13477565348148346
0.07394405454397202
0.07676620036363602
0.0941019281744957
0.09134649485349655
0.10266201943159103
0.17170444130897522
0.13761645555496216
0.08294682204723358
0.23131804168224335
0.0673096552491188
0.10272718966007233
0.12367366254329681
0.13840126991271973
0.10910368710756302
0.10680270940065384
0.16446460783481598
0.12508372962474823
0.16339997947216034
0.13312572240829468
0.1930743306875229
0.0685143768787384
0.09458371251821518
0.20878691971302032
0.10641679167747498
0.07019367069005966
0.1373102217912674
0.20928192138671875
0.14853808283805847
0.2317618727684021
0.06081041693687439
0.09274405986070633
0.17583176493644714
0.23630644381046295
0.08328929543495178
0.18512246012687683
0.17185784876346588
0.13624334335327148
0.08488251268863678
0.113131582736969
0.13587792217731476
0.1549675315618515
0.10242810100317001
0.03727036342024803
0.13005787134170532
0.09507933259010315
0.1045248731970787
0.18475207686424255
0.08668815344572067
0.0726875513792038
0.13464941084384918
0.1498597115278244
0.11517807096242905
0.0530431792140007
0.14797243475914001
0.09237750619649887
0.1431254744529724
0.1185469850897789
0.1511000096797943
0.133217453956604
0.10842052102088928
0.14727896451950073
0.13235947489738464
0.30186575651168823
0.05830666422843933
0.12509262561798096
0.20912955701351166
0.16677729785442352
0.10007110238075256
0.11806663125753403
0.07831467688083649
0.1294468343257904
0.058632832020521164
0.18730787932872772
0.17503471672534943
0.0933619886636734
0.2351149469614029
0.0437348335981369
0.12033206224441528
0.14778795838356018
0.08569636940956116
0.08713721483945847
0.10966970771551132
0.12162362039089203
0.187473326921463
0.09922996908426285
0.14889618754386902
0.1519588828086853
0.1119244247674942
0.12687258422374725
0.11679437756538391
0.2105271816253662
0.09601303935050964
0.0687270388007164
0.14022637903690338
0.06072186306118965
0.20519611239433289
0.10319475084543228
0.07225968688726425
0.32629597187042236
0.09012740105390549
0.09506029635667801
0.10699651390314102
0.23130418360233307
0.15858355164527893
0.15726907551288605
0.09432389587163925
0.1508125513792038
0.16763488948345184
0.17390932142734528
0.12492923438549042
0.16947779059410095
0.11395207047462463
0.11538886278867722
0.07400447875261307
0.21566832065582275
0.10982232540845871
0.07541061192750931
0.11526546627283096
0.19383598864078522
0.07227502018213272
0.06499885022640228
0.09376899152994156
0.07348118722438812
0.1516878753900528
0.11943885684013367
0.11620289087295532
0.04973398894071579
0.08321912586688995
0.16270512342453003
0.1130049005150795
0.01744094304740429
0.10626328736543655
0.08915160596370697
0.0043658241629600525
0.16406670212745667
0.1779615879058838
0.09536296129226685
0.07332856953144073
0.11837290972471237
0.10446535050868988
0.09326993674039841
0.12832854688167572
0.15592756867408752
0.1510789394378662
0.16739390790462494
0.14369559288024902
0.35694122314453125
0.09088677912950516
0.13353057205677032
0.16068612039089203
0.19002383947372437
0.10776762664318085
0.17459110915660858
0.10250257700681686
0.13641497492790222
0.16380584239959717
0.13100171089172363
0.176954448223114
0.17367590963840485
0.058830585330724716
0.1087128296494484
0.14655765891075134
0.1348540037870407
0.07707749307155609
0.13038545846939087
0.10046613216400146
0.1724116951227188
0.08328556269407272
0.19598037004470825
0.14072422683238983
0.053694114089012146
0.12641237676143646
0.0650210976600647
0.2984510362148285
0.09795885533094406
0.2009851038455963
0.08282595127820969
0.071147121489048
0.1953449696302414
0.12854979932308197
0.139743834733963
0.27008259296417236
0.11454164981842041
0.05562130734324455
0.1373281478881836
0.1483517736196518
0.15108159184455872
0.1325291097164154
0.12782946228981018
0.0779065489768982
0.23424875736236572
0.11422290652990341
0.13287295401096344
0.10109413415193558
0.24116837978363037
0.10709984600543976
0.0996573194861412
0.12274349480867386
0.12172644585371017
0.14591705799102783
0.138674795627594
0.053627777844667435
0.12560223042964935
0.12366949021816254
0.058976516127586365
0.12141017615795135
0.13275694847106934
0.12919142842292786
0.10772565752267838
0.18110346794128418
0.12812508642673492
0.10587981343269348
0.16028258204460144
0.06274960935115814
0.05372728407382965
0.05623961240053177
0.10797155648469925
0.24125143885612488
0.06145009025931358
0.04637378826737404
0.07929132133722305
0.131985604763031
0.1263435333967209
0.2836020290851593
0.11236482113599777
0.15200833976268768
0.1520853191614151
0.07000888139009476
0.10405735671520233
0.12723834812641144
0.07221090793609619
0.07973776757717133
0.15536129474639893
0.12846797704696655
0.058562155812978745
0.04282360523939133
0.2028203010559082
0.16022486984729767
0.16388612985610962
0.3056943714618683
0.10004088282585144
0.05956782400608063
0.14320681989192963
0.12034422904253006
0.056697916239500046
0.21559399366378784
0.22169804573059082
0.11945589631795883
0.1270284652709961
0.11469142884016037
0.09184212982654572
0.15250563621520996
0.2286282330751419
0.07136122137308121
0.10149252414703369
0.11916738748550415
0.11101658642292023
0.12423881143331528
0.10066800564527512
0.11681213229894638
0.15754035115242004
0.160709410905838
0.07768646627664566
0.13273604214191437
0.13926605880260468
0.08000006526708603
0.08418456465005875
0.053852442651987076
0.11115149408578873
0.12581351399421692
0.10552225261926651
0.16300764679908752
0.16770292818546295
0.19298595190048218
0.11633805930614471
0.08945605903863907
0.036267805844545364
0.175429567694664
0.10808873176574707
0.07549715042114258
0.08410744369029999
0.14555980265140533
0.09901806712150574
0.13629427552223206
0.12119761854410172
0.16117450594902039
0.11714049428701401
0.1914960741996765
0.18201006948947906
0.10488574951887131
0.1464548110961914
0.12431615591049194
0.1858617663383484
0.08744469285011292
0.07832421362400055
0.06085902079939842
0.18509958684444427
0.05052455887198448
0.04578099027276039
0.12700742483139038
0.1286790817975998
0.1455443650484085
0.0646052360534668
0.24379144608974457
0.14289864897727966
0.21486665308475494
0.09999961405992508
0.20376932621002197
0.08405625820159912
0.19549188017845154
0.3230305016040802
0.15528826415538788
0.15109005570411682
0.17325127124786377
0.1383734494447708
0.10083333402872086
0.13926774263381958
0.06032364070415497
0.0408991277217865
0.09423118829727173
0.41683390736579895
0.14709806442260742
0.2097283899784088
0.1218348816037178
0.06901790201663971
0.052917636930942535
0.12083075940608978
0.2529047131538391
0.13086606562137604
0.23842455446720123
0.17787836492061615
0.09067825973033905
0.07583024352788925
0.12454678863286972
0.20605449378490448
0.023292772471904755
0.05575051158666611
0.10152781009674072
0.11569997668266296
0.15609201788902283
0.08848847448825836
0.04812197387218475
0.09718681126832962
0.12099713087081909
0.2820431590080261
0.06793191283941269
0.08074282854795456
0.17018282413482666
0.1451282799243927
0.0733601376414299
0.2636452615261078
0.1458541452884674
0.12951217591762543
0.05433697998523712
0.13287273049354553
0.13944941759109497
0.13494092226028442
0.12462418526411057
0.11411310732364655
0.23481185734272003
0.19081152975559235
0.13315658271312714
0.1651591658592224
0.07160227000713348
0.13342618942260742
0.12269323319196701
0.4656667113304138
0.11038688570261002
0.12800562381744385
0.11215782165527344
0.14963628351688385
0.0960504338145256
0.17996865510940552
0.14890989661216736
0.1595497876405716
0.12719523906707764
0.07710248231887817
0.09381847828626633
0.14577801525592804
0.1666266918182373
0.046447962522506714
0.11116509884595871
0.08632771670818329
0.08421586453914642
0.1511356383562088
0.12387469410896301
0.09060924500226974
0.11303688585758209
0.08420027792453766
0.1844004988670349
0.05111224576830864
0.05454717203974724
0.03200776129961014
0.15034659206867218
0.03433546796441078
0.08686856180429459
0.08780381083488464
0.11649050563573837
0.07360934466123581
0.23594212532043457
0.10819854587316513
0.1231989711523056
0.09880105406045914
0.11867894232273102
0.08946428447961807
0.13012276589870453
0.07529573887586594
0.12030226737260818
0.16507373750209808
0.20522046089172363
0.11881772428750992
0.11128801107406616
0.05978888273239136
0.08189781755208969
0.09932509064674377
0.15349426865577698
0.07832183688879013
0.07285691797733307
0.1544085592031479
0.07300819456577301
0.112655870616436
0.035724639892578125
0.12748120725154877
0.16685537993907928
0.13820786774158478
0.16091670095920563
0.12150339037179947
0.0910431519150734
0.1391213834285736
0.14427246153354645
0.09979311376810074
0.10548514127731323
0.18917547166347504
0.06727895140647888
0.22215446829795837
0.265447735786438
0.17700141668319702
0.12347866594791412
0.11237393319606781
0.06968750804662704
0.07537262886762619
0.13836991786956787
0.055674124509096146
0.054852165281772614
0.11706026643514633
0.14044421911239624
0.17302942276000977
0.15953826904296875
0.19509470462799072
0.1710144728422165
0.15692029893398285
0.09327525645494461
0.1966046690940857
0.15640535950660706
0.19647261500358582
0.09236709773540497
0.24584345519542694
0.24056702852249146
0.07090715318918228
0.2091892659664154
0.05510430410504341
0.21372738480567932
0.3429557979106903
0.16688601672649384
0.14474324882030487
0.10794804990291595
0.07976650446653366
0.10619111359119415
0.11643694341182709
0.14701180160045624
0.08974997699260712
0.08850310742855072
0.0921536535024643
0.07547520101070404
0.06321769952774048
0.16943155229091644
0.19724726676940918
0.11036120355129242
0.19253572821617126
0.09106030315160751
0.17706622183322906
0.15433651208877563
0.09239350259304047
0.11253194510936737
0.07195530831813812
0.0992387980222702
0.11191901564598083
0.08432767540216446
0.06692992895841599
0.18319833278656006
0.15634380280971527
0.13454024493694305
0.0882887914776802
0.1433793604373932
0.12157333642244339
0.15828561782836914
0.056170329451560974
0.19772593677043915
0.13059064745903015
0.14828623831272125
0.09468334913253784
0.10444493591785431
0.08741408586502075
0.11154374480247498
0.1628284454345703
0.198670893907547
0.1420154571533203
0.11539711803197861
0.25321394205093384
0.13133472204208374
0.10460422188043594
0.15175499022006989
0.11117889732122421
0.12994469702243805
0.07483187317848206
0.1108117327094078
0.16741633415222168
0.08495555818080902
0.0762401595711708
0.15524274110794067
0.11434149742126465
0.14572007954120636
0.16465894877910614
0.090265192091465
0.060208942741155624
0.18024590611457825
0.10665116459131241
0.12396375089883804
0.1266542673110962
0.04934988543391228
0.16410315036773682
0.0819164291024208
0.134064182639122
0.1139482632279396
0.15963780879974365
0.16123095154762268
0.09765390306711197
0.16820916533470154
0.10565230995416641
0.09227553009986877
0.07188030332326889
0.13418279588222504
0.11087600141763687
0.09560365229845047
0.06781033426523209
0.10196826606988907
0.10561095923185349
0.09507077932357788
0.16258972883224487
0.2018333226442337
0.20306731760501862
0.2643556296825409
0.13033819198608398
0.14108097553253174
0.04917270317673683
0.11026998609304428
0.2353023737668991
0.16510875523090363
0.10294295102357864
0.12692727148532867
0.031218471005558968
0.13886646926403046
0.2111983299255371
0.08131030201911926
0.03604409471154213
0.2362518161535263
0.0691334456205368
0.13207370042800903
0.13157086074352264
0.1419719159603119
0.14390672743320465
0.0767766609787941
0.14757046103477478
0.15331636369228363
0.1897740662097931
0.06616127490997314
0.15406857430934906
0.10321751981973648
0.08704203367233276
0.1152377799153328
0.16256608068943024
0.08918086439371109
0.2472706288099289
0.19086717069149017
0.04932952672243118
0.1489730030298233
0.06604500114917755
0.15125592052936554
0.12418404221534729
0.17256097495555878
0.11975979804992676
0.1284031718969345
0.08751064538955688
0.13076278567314148
0.14447768032550812
0.07950115203857422
0.15502209961414337
0.10610059648752213
0.1788804680109024
0.20976394414901733
0.10714797675609589
0.10180274397134781
0.07751038670539856
0.17222660779953003
0.031320828944444656
0.10774978250265121
0.19281288981437683
0.09554354101419449
0.07570554316043854
0.22071658074855804
0.16864342987537384
0.20042073726654053
0.11706531047821045
0.21430495381355286
0.1276368796825409
0.09368596225976944
0.12516126036643982
0.08849911391735077
0.09819693118333817
0.12640240788459778
0.18531320989131927
0.09470571577548981
0.06880218535661697
0.0787215456366539
0.14167535305023193
0.09011312574148178
0.09407708793878555
0.17275972664356232
0.07471266388893127
0.10886200517416
0.14449208974838257
0.0930321216583252
0.10690657049417496
0.2792430520057678
0.11848272383213043
0.1848413348197937
0.10614757984876633
0.09667219966650009
0.09506096690893173
0.2393243908882141
0.04060543328523636
0.16455906629562378
0.09938810020685196
0.1454460173845291
0.09585382789373398
0.0934196263551712
0.15973490476608276
0.14171087741851807
0.0968947559595108
0.03765757009387016
0.11713419109582901
0.10859626531600952
0.1438220739364624
0.17512983083724976
0.09356760233640671
0.1974373310804367
0.13130086660385132
0.21505452692508698
0.0933101698756218
0.09473834931850433
0.1690950095653534
0.08233296126127243
0.16013623774051666
0.10899848490953445
0.0983615294098854
0.17222599685192108
0.033305879682302475
0.14555104076862335
0.09014476090669632
0.11642815172672272
0.08740268647670746
0.09405042976140976
0.11848486214876175
0.07422402501106262
0.1557350754737854
0.20828399062156677
0.19081741571426392
0.23595033586025238
0.13487090170383453
0.14116066694259644
0.05601148679852486
0.0982150062918663
0.11959975957870483
0.10288164019584656
0.15146665275096893
0.2245856672525406
0.16976818442344666
0.16087554395198822
0.10866667330265045
0.07416718453168869
0.07989031076431274
0.11869381368160248
0.09414117783308029
0.046876877546310425
0.16309580206871033
0.14649245142936707
0.11980915814638138
0.16633917391300201
0.056068189442157745
0.05489886924624443
0.217621847987175
0.1891426295042038
0.15778078138828278
0.08674955368041992
0.07463245838880539
0.08620847016572952
0.11784373223781586
0.27521654963493347
0.11204490810632706
0.06300918757915497
0.09255696088075638
0.10652490705251694
0.06633060425519943
0.23490923643112183
0.08446936309337616
0.136460080742836
0.09090861678123474
0.13700444996356964
0.08076035231351852
0.1195564866065979
0.0497424490749836
0.16988223791122437
0.15726104378700256
0.10967106372117996
0.3561486005783081
0.04320501163601875
0.1447605937719345
0.09958978742361069
0.09006759524345398
0.09642095863819122
0.1356743574142456
0.12434367090463638
0.11340072751045227
0.13210225105285645
0.11204158514738083
0.3404436707496643
0.09971802681684494
0.10384465754032135
0.1494935005903244
0.10765756666660309
0.09976870566606522
0.1252565234899521
0.11154197156429291
0.0542316772043705
0.06851943582296371
0.15652452409267426
0.18886524438858032
0.0928189754486084
0.18832218647003174
0.13851352035999298
0.08674401044845581
0.08068489283323288
0.24902383983135223
0.19142906367778778
0.1162288635969162
0.17005422711372375
0.10772128403186798
0.126868337392807
0.15108893811702728
0.08821737766265869
0.12672287225723267
0.10172821581363678
0.12647277116775513
0.04441552236676216
0.24905681610107422
0.1780678778886795
0.1044640839099884
0.08127042651176453
0.06550157070159912
0.08225773274898529
0.17808082699775696
0.07020077109336853
0.05860372632741928
0.11187335848808289
0.0673835352063179
0.18403500318527222
0.122284434735775
0.05839934200048447
0.08074823766946793
0.13481569290161133
0.17113398015499115
0.18725818395614624
0.10122209787368774
0.17811864614486694
0.08169648796319962
0.10872341692447662
0.04678164795041084
0.09039560705423355
0.1378389596939087
0.12459564208984375
0.08042903989553452
0.09045223146677017
0.15575595200061798
0.06623847037553787
0.138087660074234
0.08599279820919037
0.20755137503147125
0.10276999324560165
0.094414621591568
0.15010660886764526
0.13912153244018555
0.1115230843424797
0.12227515131235123
0.19456656277179718
0.187018483877182
0.10141447186470032
0.0977548137307167
0.08130883425474167
0.0644666850566864
0.07377179712057114
0.19581443071365356
0.08182646334171295
0.14438152313232422
0.08892005681991577
0.09300234168767929
0.0809122696518898
0.12510642409324646
0.1114778071641922
0.13273315131664276
0.3227682113647461
0.19062234461307526
0.13248389959335327
0.26656872034072876
0.14930152893066406
0.15030527114868164
0.17364688217639923
0.16363820433616638
0.25462380051612854
0.15033414959907532
0.0957752987742424
0.1317605823278427
0.21647630631923676
0.08434771746397018
0.17747682332992554
0.17938823997974396
0.08593964576721191
0.20682412385940552
0.254188597202301
0.09365148097276688
0.16174735128879547
0.12051453441381454
0.1093510165810585
0.15793482959270477
0.14896926283836365
0.24510596692562103
0.2591394782066345
0.19891653954982758
0.1528683602809906
0.08638143539428711
0.11910726875066757
0.19860869646072388
0.0659356340765953
0.10740543156862259
0.09514056146144867
0.13274168968200684
0.06414035707712173
0.07964363694190979
0.07528513669967651
0.11091715097427368
0.10028687864542007
0.16855598986148834
0.10807326436042786
0.12258107215166092
0.17537613213062286
0.10432567447423935
0.1260986477136612
0.15528932213783264
0.14713409543037415
0.11032148450613022
0.15931227803230286
0.15287049114704132
0.08962293714284897
0.13056927919387817
0.0848250761628151
0.13633288443088531
0.16757772862911224
0.19926734268665314
0.05488050729036331
0.11995941400527954
0.10664097219705582
0.11888064444065094
0.10982571542263031
0.1530141979455948
0.11241940408945084
0.09373115003108978
0.07557560503482819
0.13702881336212158
0.15755003690719604
0.18039599061012268
0.13710908591747284
0.12067324668169022
0.1940254271030426
0.11373279243707657
0.04119451716542244
0.16081595420837402
0.12285799533128738
0.16669540107250214
0.08685910701751709
0.11094589531421661
0.10064945369958878
0.13265562057495117
0.09603877365589142
0.12772201001644135
0.11632868647575378
0.09740234166383743
0.16831539571285248
0.16049730777740479
0.09598569571971893
0.03949581831693649
0.10240240395069122
0.12634381651878357
0.16914185881614685
0.07521174848079681
0.20884163677692413
0.12396813929080963
0.1584010273218155
0.10780584812164307
0.08770668506622314
0.18087925016880035
0.07516537606716156
0.09820850193500519
0.176641047000885
0.1308644413948059
0.1437327265739441
0.1089719831943512
0.09289643913507462
0.12416630238294601
0.10237029939889908
0.16205106675624847
0.0660942867398262
0.19998717308044434
0.10589464753866196
0.10555790364742279
0.17869704961776733
0.0920414924621582
0.13468483090400696
0.11072307825088501
0.10730713605880737
0.11386209726333618
0.1678263396024704
0.1362631618976593
0.11651413142681122
0.12053554505109787
0.120097316801548
0.14917384088039398
0.06503192335367203
0.10623016953468323
0.07896897196769714
0.18822798132896423
0.11865095049142838
0.06336607038974762
0.08995524048805237
0.03575363755226135
0.11358419060707092
0.34002554416656494
0.04976222291588783
0.041573114693164825
0.04866563528776169
0.11804695427417755
0.14072760939598083
0.0977804958820343
0.1370958685874939
0.058709319680929184
0.09848789125680923
0.199884831905365
0.11576986312866211
0.3603708744049072
0.19822418689727783
0.17959089577198029
0.1420830488204956
0.0879465788602829
0.11268854141235352
0.17117664217948914
0.1599128693342209
0.1287236511707306
0.06643105298280716
0.10426818579435349
0.08275923132896423
0.1124180406332016
0.06569482386112213
0.15630298852920532
0.15190334618091583
0.05625348538160324
0.11465746909379959
0.09383761882781982
0.1038002222776413
0.11937236785888672
0.05985981971025467
0.21284185349941254
0.11879386007785797
0.1324819028377533
0.13904789090156555
0.09261772036552429
0.09053868055343628
0.16231626272201538
0.2181350588798523
0.13092449307441711
0.138472780585289
0.12044957280158997
0.11645963788032532
0.17864061892032623
0.1502598077058792
0.12186198681592941
0.2112768292427063
0.3241693377494812
0.06315930187702179
0.14098715782165527
0.10718873888254166
0.11550839245319366
0.10753767192363739
0.05727497115731239
0.07491882890462875
0.07258643209934235
0.11022915691137314
0.19276176393032074
0.134253591299057
0.17453786730766296
0.19133524596691132
0.0846775695681572
0.022447045892477036
0.08105342090129852
0.07351341098546982
0.10484802722930908
0.17379911243915558
0.06635692715644836
0.08357913792133331
0.14659631252288818
0.11438979208469391
0.05972184240818024
0.20674891769886017
0.2154235690832138
0.21280598640441895
0.14263108372688293
0.08479433506727219
0.18560682237148285
0.15440137684345245
0.12158885598182678
0.1890110969543457
0.13104626536369324
0.11334044486284256
0.10371816903352737
0.1653784215450287
0.22100256383419037
0.19384483993053436
0.13154800236225128
0.08107633143663406
0.17450003325939178
0.07738111168146133
0.1354239583015442
0.09434691816568375
0.16228917241096497
0.1068786084651947
0.11148420721292496
0.11547843366861343
0.15748362243175507
0.06947030127048492
0.0819525271654129
0.14321695268154144
0.12640437483787537
0.21045434474945068
0.20212118327617645
0.13993586599826813
0.10555773973464966
0.10289885103702545
0.21371062099933624
0.14193929731845856
0.1306273341178894
0.15276341140270233
0.09387002885341644
0.15337349474430084
0.1446228325366974
0.12599609792232513
0.1233205646276474
0.08595393598079681
0.17948555946350098
0.14541582763195038
0.14028503000736237
0.10635772347450256
0.06507818400859833
0.1176735982298851
0.11081249266862869
0.11654253304004669
0.08613073080778122
0.08470037579536438
0.06797388941049576
0.14409974217414856
0.08978026360273361
0.08794467896223068
0.09370315819978714
0.10595544427633286
0.1111428365111351
0.19019347429275513
0.20570515096187592
0.10753437131643295
0.1305009424686432
0.11406774073839188
0.06584419310092926
0.1025892123579979
0.1762840449810028
0.08871733397245407
0.12549559772014618
0.08144626766443253
0.10138941556215286
0.1518518477678299
0.07431028038263321
0.045413900166749954
0.11207157373428345
0.15281879901885986
0.33847516775131226
0.25816109776496887
0.13806815445423126
0.14960551261901855
0.15792593359947205
0.1054101288318634
0.1128118708729744
0.03832339122891426
0.14583221077919006
0.1413981318473816
0.10541567951440811
0.10314340889453888
0.1349952667951584
0.11826930195093155
0.18789327144622803
0.08626865595579147
0.15172065794467926
0.12407829612493515
0.10821127146482468
0.11617479473352432
0.0767473354935646
0.12692946195602417
0.11334959417581558
0.09835644066333771
0.06200118735432625
0.10638698190450668
0.04716194421052933
0.02030976116657257
0.10536044090986252
0.13731488585472107
0.09509369730949402
0.13215911388397217
0.08862989395856857
0.15355481207370758
0.1292174607515335
0.16246849298477173
0.061655621975660324
0.1602068543434143
0.09808868914842606
0.07033433765172958
0.16807933151721954
0.12354025989770889
0.06998513638973236
0.0845869928598404
0.11506450176239014
0.07443922758102417
0.09878745675086975
0.1060267984867096
0.1403052806854248
0.12753640115261078
0.09408202767372131
0.10370546579360962
0.23140741884708405
0.13624446094036102
0.21032212674617767
0.16358479857444763
0.1252109855413437
0.1581287384033203
0.07356731593608856
0.04374171048402786
0.06507271528244019
0.08691157400608063
0.1399253010749817
0.24548853933811188
0.25447478890419006
0.08551225066184998
0.045761946588754654
0.11704886704683304
0.12450044602155685
0.11321330070495605
0.12036292999982834
0.05503884330391884
0.14395543932914734
0.1444421112537384
0.07981140166521072
0.16223470866680145
0.1834046095609665
0.08761557936668396
0.11363058537244797
0.09635967016220093
0.2044394463300705
0.30128082633018494
0.08785192668437958
0.1790219247341156
0.13466757535934448
0.10052838176488876
0.2462339848279953
0.2136402130126953
0.11182422935962677
0.0625816136598587
0.07277824729681015
0.09662182629108429
0.16377966105937958
0.1278371512889862
0.1350414752960205
0.10869370400905609
0.11331174522638321
0.11499738693237305
0.22993998229503632
0.14777661859989166
0.13879816234111786
0.09418413043022156
0.19465935230255127
0.09540075063705444
0.12141656875610352
0.1416970044374466
0.08325010538101196
0.21307462453842163
0.0666312575340271
0.14640849828720093
0.12861111760139465
0.13636444509029388
0.1638513207435608
0.16524022817611694
0.12186460196971893
0.033287908881902695
0.14298388361930847
0.11771756410598755
0.08029571175575256
0.19046147167682648
0.16837383806705475
0.09469384700059891
0.1935196965932846
0.07807689905166626
0.08717402815818787
0.10215141624212265
0.10017857700586319
0.15130622684955597
0.057325053960084915
0.09341112524271011
0.17437686026096344
0.16450320184230804
0.14860187470912933
0.10950381308794022
0.10332271456718445
0.06809478998184204
0.07931748777627945
0.19850532710552216
0.09083982557058334
0.06405909359455109
0.060427624732255936
0.06382414698600769
0.08498189598321915
0.06284455209970474
0.12697409093379974
0.14033515751361847
0.058994367718696594
0.08534254133701324
0.11790203303098679
0.1564304679632187
0.04307064414024353
0.07077538967132568
0.10658194124698639
0.12727756798267365
0.10252966731786728
0.16395607590675354
0.12392928451299667
0.037185706198215485
0.10370003432035446
0.11747707426548004
0.09811289608478546
0.0913705974817276
0.13770778477191925
0.08305367082357407
0.05552546679973602
0.12309156358242035
0.05822747200727463
0.216110959649086
0.16895008087158203
0.08468861877918243
0.05566129460930824
0.09976103156805038
0.14564478397369385
0.03872421756386757
0.2772599458694458
0.1646227240562439
0.1453598290681839
0.11652623862028122
0.2124406397342682
0.15931619703769684
0.10752009600400925
0.14891380071640015
0.1367589682340622
0.17055192589759827
0.1617758572101593
0.12467104196548462
0.1548301726579666
0.1913151890039444
0.1119433119893074
0.15108104050159454
0.12441280484199524
0.2147878110408783
0.23822005093097687
0.11150909215211868
0.12971249222755432
0.09730729460716248
0.2465885877609253
0.16352489590644836
0.17750008404254913
0.08587648719549179
0.17190299928188324
0.09040055423974991
0.15804356336593628
0.20267000794410706
0.08588901907205582
0.13381248712539673
0.06139671802520752
0.08467371761798859
0.09284409135580063
0.17606987059116364
0.1917128711938858
0.0947791263461113
0.14851601421833038
0.05350382626056671
0.13034702837467194
0.06801187992095947
0.1513652354478836
0.1417551338672638
0.1250741183757782
0.09047042578458786
0.09910137206315994
0.20333096385002136
0.11825018376111984
0.23639452457427979
0.13243278861045837
0.1517793983221054
0.07940874248743057
0.15344741940498352
0.07806070148944855
0.0830012634396553
0.09218364953994751
0.13055038452148438
0.14797942340373993
0.11897985637187958
0.12355491518974304
0.08385533094406128
0.14556387066841125
0.17590707540512085
0.1796630471944809
0.13351362943649292
0.07631751149892807
0.0543946772813797
0.07815181463956833
0.0932595431804657
0.20305655896663666
0.1020975410938263
0.07020752131938934
0.14939476549625397
0.045756906270980835
0.14180734753608704
0.043479446321725845
0.057047039270401
0.1323571652173996
0.14918583631515503
0.11760375648736954
0.16040381789207458
0.20055650174617767
0.2536936402320862
0.13769882917404175
0.06738905608654022
0.2209170013666153
0.14844565093517303
0.12248533219099045
0.09474308788776398
0.16577650606632233
0.28773412108421326
0.1641283631324768
0.04357951879501343
0.1893831342458725
0.19344168901443481
0.10768037289381027
0.11593281477689743
0.08941149711608887
0.08001140505075455
0.0501900315284729
0.06109973043203354
0.10157502442598343
0.08912713825702667
0.11081936210393906
0.06823141127824783
0.07549028098583221
0.18027575314044952
0.14217303693294525
0.05618955194950104
0.06873747706413269
0.08082321286201477
0.12178831547498703
0.07012435793876648
0.09154003113508224
0.09792036563158035
0.0961247980594635
0.21113058924674988
0.06652159988880157
0.03387220948934555
0.09607484936714172
0.08598718792200089
0.1363290250301361
0.10910902172327042
0.10139904916286469
0.11279678344726562
0.11752037703990936
0.14798328280448914
0.10119818896055222
0.09216338396072388
0.08413723856210709
0.156314417719841
0.15884114801883698
0.08298872411251068
0.06608746945858002
0.26918289065361023
0.09396496415138245
0.14683330059051514
0.152633398771286
0.18744361400604248
0.12425181269645691
0.11346250772476196
0.16143208742141724
0.06428485363721848
0.18898703157901764
0.11229430884122849
0.16206100583076477
0.11983814090490341
0.1123465746641159
0.1128167137503624
0.0819939523935318
0.06053655967116356
0.10703813284635544
0.08583018183708191
0.15462817251682281
0.12337478250265121
0.08517495542764664
0.1860044151544571
0.05668340250849724
0.07014606148004532
0.14337751269340515
0.19997991621494293
0.12257176637649536
0.08525122702121735
0.1031310111284256
0.07070761919021606
0.14618410170078278
0.07061417400836945
0.09651146084070206
0.1357966810464859
0.13676339387893677
0.16956603527069092
0.09836970269680023
0.10105476528406143
0.09288226068019867
0.1309460550546646
0.2486802637577057
0.10371353477239609
0.18411536514759064
0.1362200379371643
0.14150984585285187
0.09701476246118546
0.12094926834106445
0.06510032713413239
0.10763312131166458
0.20114125311374664
0.09943434596061707
0.09000162780284882
0.14484260976314545
0.18241308629512787
0.11110749840736389
0.06509986519813538
0.08879783004522324
0.08971895277500153
0.20546722412109375
0.22323478758335114
0.17858541011810303
0.13358181715011597
0.13194383680820465
0.16091904044151306
0.10161328315734863
0.05101126432418823
0.11941926926374435
0.08899229019880295
0.04082817584276199
0.12117381393909454
0.17705580592155457
0.12546773254871368
0.12562964856624603
0.08107021450996399
0.2503172755241394
0.14990268647670746
0.12496331334114075
0.09058017283678055
0.14920642971992493
0.1421361118555069
0.19214189052581787
0.11098448932170868
0.14780431985855103
0.11778895556926727
0.17958171665668488
0.18406550586223602
0.16034941375255585
0.0960504487156868
0.16157133877277374
0.07365760207176208
0.09724587947130203
0.09470091760158539
0.14945350587368011
0.20440031588077545
0.17345672845840454
0.13632330298423767
0.1076483279466629
0.07670731097459793
0.08738545328378677
0.07311033457517624
0.0904153361916542
0.07311895489692688
0.16564999520778656
0.10978014767169952
0.1515449583530426
0.16145814955234528
0.20611056685447693
0.04922395944595337
0.21503788232803345
0.07782631367444992
0.11761252582073212
0.13770797848701477
0.11512942612171173
0.09748737514019012
0.14244842529296875
0.15477055311203003
0.0927969366312027
0.14221659302711487
0.09257900714874268
0.06724859029054642
0.09441813826560974
0.07740384340286255
0.09543176740407944
0.04237428680062294
0.13396064937114716
0.08375567942857742
0.12149820476770401
0.0837751105427742
0.06418807804584503
0.05348067358136177
0.21431221067905426
0.12479330599308014
0.15709084272384644
0.1526249647140503
0.05553598329424858
0.061460770666599274
0.05403321608901024
0.0875074714422226
0.08002447336912155
0.18312008678913116
0.05282770097255707
0.06681150197982788
0.11946692317724228
0.04792233183979988
0.0940236896276474
0.08096275478601456
0.17918522655963898
0.144493967294693
0.12574650347232819
0.12359420955181122
0.01800427958369255
0.13140565156936646
0.09164022654294968
0.1752520203590393
0.1637854129076004
0.12340909987688065
0.06886517256498337
0.14237630367279053
0.1461961418390274
0.08259633928537369
0.15787915885448456
0.057286106050014496
0.12046641111373901
0.057047393172979355
0.040917396545410156
0.0837874785065651
0.048851922154426575
0.1355094313621521
0.17472784221172333
0.07927988469600677
0.22710871696472168
0.13499101996421814
0.12701576948165894
0.1293468326330185
0.09304466098546982
0.06308981776237488
0.22955043613910675
0.16389930248260498
0.15754877030849457
0.13493992388248444
0.13190858066082
0.13554927706718445
0.11408932507038116
0.1397746056318283
0.19093798100948334
0.07684937864542007
0.18121220171451569
0.09690367430448532
0.09583695977926254
0.1544395089149475
0.09578363597393036
0.13532739877700806
0.13523384928703308
0.0293233934789896
0.17438919842243195
0.11767314374446869
0.1002516895532608
0.20514440536499023
0.12179413437843323
0.03308570012450218
0.19241143763065338
0.06898902356624603
0.0566922202706337
0.12488332390785217
0.11647498607635498
0.11920667439699173
0.1406836211681366
0.17083626985549927
0.15880531072616577
0.15703442692756653
0.1180858463048935
0.10981398075819016
0.108652763068676
0.048645202070474625
0.11885784566402435
0.13046696782112122
0.11597639322280884
0.13803529739379883
0.09563350677490234
0.13842976093292236
0.06910455226898193
0.09113544970750809
0.13191115856170654
0.10601991415023804
0.046410828828811646
0.06347336620092392
0.1300296038389206
0.09919166564941406
0.137713223695755
0.09648462384939194
0.05533634126186371
0.19734011590480804
0.07097983360290527
0.11226119846105576
0.12759412825107574
0.06563528627157211
0.11319127678871155
0.1482202708721161
0.15139202773571014
0.06493226438760757
0.11847668141126633
0.09711810201406479
0.1377488076686859
0.0975661650300026
0.11670777946710587
0.07531043142080307
0.15041303634643555
0.1363796889781952
0.12346266210079193
0.12243998050689697
0.18862995505332947
0.13711059093475342
0.13164488971233368
0.1634591668844223
0.15043514966964722
0.09727894514799118
0.12583206593990326
0.0295123178511858
0.14899727702140808
0.06909100711345673
0.1105242371559143
0.08483035117387772
0.11258886754512787
0.14064256846904755
0.11371421813964844
0.0779634639620781
0.04343615472316742
0.10175783932209015
0.1820007562637329
0.030432013794779778
0.13499987125396729
0.1210031807422638
0.11156521737575531
0.024832652881741524
0.08772223442792892
0.19025307893753052
0.04198211431503296
0.10746069252490997
0.049140967428684235
0.12156087160110474
0.07776011526584625
0.044267795979976654
0.09554632753133774
0.09223230183124542
0.11814631521701813
0.12381915003061295
0.17201872169971466
0.1156153455376625
0.11016348004341125
0.05654958635568619
0.12231259793043137
0.08149296045303345
0.09980949759483337
0.14585882425308228
0.08259613811969757
0.0668296068906784
0.11890391260385513
0.025175651535391808
0.11052212864160538
0.07942087203264236
0.08009655773639679
0.1023135632276535
0.08102332055568695
0.06720060110092163
0.06938940286636353
0.19679108262062073
0.18358509242534637
0.16313396394252777
0.1241035982966423
0.17363432049751282
0.06453492492437363
0.15286369621753693
0.17029635608196259
0.09386606514453888
0.1421147733926773
0.16053850948810577
0.186167910695076
0.12889869511127472
0.11247408390045166
0.054672226309776306
0.1658392697572708
0.08765596151351929
0.07632151991128922
0.17946955561637878
0.09191913157701492
0.12566769123077393
0.16160859167575836
0.08789310604333878
0.11173656582832336
0.06671154499053955
0.08161512017250061
0.12934747338294983
0.11169397085905075
0.09084978699684143
0.15590615570545197
0.11544092744588852
0.046499621123075485
0.1409623771905899
0.13594599068164825
0.11367636919021606
0.11870341002941132
0.33132559061050415
0.1493787318468094
0.05364413559436798
0.1326720416545868
0.2116863876581192
0.13464221358299255
0.06639052927494049
0.05660982429981232
0.0890335962176323
0.16357003152370453
0.20886003971099854
0.15971246361732483
0.19547607004642487
0.06429696828126907
0.2039903700351715
0.38520336151123047
0.17630243301391602
0.14712032675743103
0.10945148020982742
0.03399498015642166
0.06498641520738602
0.21865080296993256
0.07706517726182938
0.07052238285541534
0.11225244402885437
0.0911339670419693
0.11515168845653534
0.094383604824543
0.09890708327293396
0.09751656651496887
0.13633596897125244
0.17078068852424622
0.14493697881698608
0.05628729984164238
0.15681305527687073
0.11088372021913528
0.13049961626529694
0.12349864840507507
0.11958260089159012
0.1506204903125763
0.14499728381633759
0.08521635830402374
0.1995941698551178
0.13593798875808716
0.13718293607234955
0.1424933671951294
0.06018387898802757
0.11076673120260239
0.18240986764431
0.22309322655200958
0.04081210866570473
0.061001088470220566
0.16518448293209076
0.17673829197883606
0.07783446460962296
0.15748368203639984
0.0848768800497055
0.12245329469442368
0.08498035371303558
0.05952567607164383
0.13328330218791962
0.10762479156255722
0.0629577487707138
0.10407627373933792
0.1540885865688324
0.1422729343175888
0.08733045309782028
0.0985400453209877
0.02748175710439682
0.17388971149921417
0.12852947413921356
0.13214202225208282
0.14494922757148743
0.13755705952644348
0.13582883775234222
0.11825345456600189
0.20999448001384735
0.1621674746274948
0.14194557070732117
0.17530180513858795
0.07906871289014816
0.1325797140598297
0.1375056505203247
0.14084918797016144
0.12516236305236816
0.14402754604816437
0.1338505893945694
0.2443213313817978
0.16321396827697754
0.1398581564426422
0.20198838412761688
0.1757688969373703
0.19831256568431854
0.059602536261081696
0.17248131334781647
0.11405820399522781
0.11824505776166916
0.11696726083755493
0.10027933120727539
0.12281100451946259
0.08098355680704117
0.09317268431186676
0.047426365315914154
0.06279171258211136
0.16607066988945007
0.14897696673870087
0.20104067027568817
0.2037561982870102
0.07123971730470657
0.08285297453403473
0.10357513278722763
0.3254172205924988
0.1866856962442398
0.12908674776554108
0.07265406101942062
0.09963807463645935
0.1335066556930542
0.09761577844619751
0.06745586544275284
0.15708909928798676
0.14347435534000397
0.0598740428686142
0.07032670825719833
0.0646093562245369
0.11859564483165741
0.12552963197231293
0.0804935097694397
0.2261604219675064
0.10196774452924728
0.11324980854988098
0.18840275704860687
0.1101822778582573
0.15230055153369904
0.1516166776418686
0.08677054941654205
0.1316315233707428
0.08206050097942352
0.04936587065458298
0.06684520095586777
0.22733362019062042
0.11869778484106064
0.14795950055122375
0.17029017210006714
0.08280225843191147
0.09082575887441635
0.1460074484348297
0.07914777100086212
0.11834760010242462
0.18256600201129913
0.1360657513141632
0.12340092658996582
0.08064932376146317
0.11351687461137772
0.1474905163049698
0.11992652714252472
0.05073411017656326
0.09794045984745026
0.1718934327363968
0.26342612504959106
0.13631904125213623
0.08798437565565109
0.19843746721744537
0.05476231873035431
0.1213497743010521
0.18687176704406738
0.1305198222398758
0.11337808519601822
0.09179004281759262
0.12452305108308792
0.14204348623752594
0.14647260308265686
0.04118979722261429
0.08083170652389526
0.14645156264305115
0.1883261501789093
0.1844770908355713
0.1259719729423523
0.2710208296775818
0.03366256132721901
0.1271643340587616
0.05146121606230736
0.20802244544029236
0.12360548228025436
0.10068073868751526
0.1255110651254654
0.044307246804237366
0.11239857971668243
0.20299503207206726
0.1394767314195633
0.14625120162963867
0.13061386346817017
0.17114199697971344
0.09108920395374298
0.030457237735390663
0.1153118759393692
0.28798264265060425
0.1087242066860199
0.12911243736743927
0.07576446235179901
0.13547338545322418
0.24755975604057312
0.13103419542312622
0.1753983348608017
0.1193721815943718
0.16673827171325684
0.10924787819385529
0.05028187856078148
0.16617043316364288
0.1224307045340538
0.08299995213747025
0.14162053167819977
0.09262330085039139
0.11549916863441467
0.13027243316173553
0.09051527827978134
0.1922522932291031
0.1426687091588974
0.2679360508918762
0.22719816863536835
0.10930924117565155
0.08271951973438263
0.012497925199568272
0.04500529170036316
0.18782858550548553
0.09750163555145264
0.18701986968517303
0.1000659391283989
0.10048332065343857
0.12285089492797852
0.05671465024352074
0.10148096084594727
0.04962804168462753
0.23459799587726593
0.07863245904445648
0.05978641286492348
0.19764146208763123
0.027174996212124825
0.2374769151210785
0.1483648717403412
0.1678626388311386
0.144400492310524
0.07899010181427002
0.14228612184524536
0.06626186519861221
0.1268869787454605
0.09080289304256439
0.15548762679100037
0.21779412031173706
0.1447826772928238
0.11737194657325745
0.21953749656677246
0.13932079076766968
0.15081387758255005
0.09814030677080154
0.08795066922903061
0.1601560115814209
0.14942800998687744
0.12910981476306915
0.10391732305288315
0.23026253283023834
0.08554108440876007
0.07219034433364868
0.09766817837953568
0.11709678173065186
0.19107018411159515
0.06854642182588577
0.19665388762950897
0.12748435139656067
0.09442996233701706
0.16321060061454773
0.17023570835590363
0.15099063515663147
0.150810107588768
0.15530095994472504
0.1805577129125595
0.14153462648391724
0.07832590490579605
0.16893480718135834
0.06171943247318268
0.13557201623916626
0.06056555360555649
0.16882717609405518
0.07708373665809631
0.15799902379512787
0.1346735954284668
0.17127640545368195
0.17323562502861023
0.13090582191944122
0.14125500619411469
0.10038825124502182
0.21307727694511414
0.10041730105876923
0.09663446247577667
0.06819330155849457
0.09045965224504471
0.11342120170593262
0.1740800142288208
0.15550950169563293
0.10875580459833145
0.1702757179737091
0.1146116852760315
0.16738946735858917
0.1276029795408249
0.08051669597625732
0.11324428766965866
0.09316211938858032
0.19634458422660828
0.13552558422088623
0.10188309848308563
0.09440694004297256
0.0715685561299324
0.11562681198120117
0.13556988537311554
0.12682053446769714
0.06718425452709198
0.08076862245798111
0.19851154088974
0.18353354930877686
0.13221299648284912
0.06508725881576538
0.06343944370746613
0.09520852565765381
0.1832485795021057
0.08830493688583374
0.0787668526172638
0.3881043791770935
0.10557536035776138
0.18424807488918304
0.03754119575023651
0.15522244572639465
0.186082124710083
0.17166122794151306
0.05783940851688385
0.14143212139606476
0.10772143304347992
0.063841812312603
0.043970003724098206
0.05688761919736862
0.09558974206447601
0.3992653489112854
0.11507317423820496
0.029554814100265503
0.3345617949962616
0.18155832588672638
0.0930168405175209
0.10966756939888
0.0879274383187294
0.17432744801044464
0.18398374319076538
0.1929263174533844
0.0961681455373764
0.10940607637166977
0.06030549481511116
0.1675374060869217
0.09782734513282776
0.0962899923324585
0.08533697575330734
0.1173127293586731
0.10909565538167953
0.10122167319059372
0.1720392256975174
0.23271594941616058
0.10886571556329727
0.11425989121198654
0.1706354320049286
0.1595609188079834
0.20171353220939636
0.15415824949741364
0.12597420811653137
0.049006130546331406
0.08992353081703186
0.11783009767532349
0.12740254402160645
0.2251468151807785
0.14981628954410553
0.13521642982959747
0.10265766829252243
0.1373472511768341
0.1200011670589447
0.06502173095941544
0.15920774638652802
0.1364533007144928
0.10320419073104858
0.1096077486872673
0.17246626317501068
0.0682593509554863
0.08083269745111465
0.11741181463003159
0.06211142987012863
0.010308302938938141
0.09757562726736069
0.10896193981170654
0.1537049561738968
0.184364452958107
0.13599732518196106
0.12358659505844116
0.0823804959654808
0.1662611961364746
0.1273096799850464
0.12093944102525711
0.08111897855997086
0.13428160548210144
0.16208527982234955
0.10689982771873474
0.10410512983798981
0.15972699224948883
0.061855047941207886
0.15501157939434052
0.19548125565052032
0.16831672191619873
0.27240055799484253
0.10291245579719543
0.060390252619981766
0.1254781037569046
0.06181621924042702
0.13427945971488953
0.05175222083926201
0.11136313527822495
0.13478663563728333
0.06885593384504318
0.17881669104099274
0.03251967206597328
0.11975095421075821
0.09224380552768707
0.12106084078550339
0.1361350119113922
0.19953419268131256
0.08240178227424622
0.07292451709508896
0.10809218138456345
0.1873227059841156
0.06627379357814789
0.10692828893661499
0.12708081305027008
0.1999504417181015
0.1876046061515808
0.061090435832738876
0.05247420445084572
0.18540845811367035
0.07986479252576828
0.1427117884159088
0.052825018763542175
0.19213390350341797
0.11760623753070831
0.0742388665676117
0.138738751411438
0.13819226622581482
0.14087137579917908
0.14102646708488464
0.06431823968887329
0.059690460562705994
0.17233511805534363
0.21730664372444153
0.13970087468624115
0.08233242481946945
0.10332806408405304
0.061623748391866684
0.122246652841568
0.13273027539253235
0.1194111779332161
0.0772884264588356
0.15823675692081451
0.08816162496805191
0.0832466334104538
0.13704025745391846
0.19677896797657013
0.13415171205997467
0.21225200593471527
0.09267239272594452
0.19041259586811066
0.15724532306194305
0.14395269751548767
0.0921482965350151
0.08350923657417297
0.23454435169696808
0.1926821768283844
0.119813933968544
0.10255192965269089
0.12814642488956451
0.15409211814403534
0.05945052206516266
0.04512257128953934
0.2825382351875305
0.11486531049013138
0.10143141448497772
0.12510043382644653
0.07879742234945297
0.05604224279522896
0.1788121610879898
0.10454130172729492
0.05457695946097374
0.08656930923461914
0.046165671199560165
0.08193797618150711
0.120722696185112
0.07217240333557129
0.07436628639698029
0.08165223151445389
0.19578322768211365
0.2065688818693161
0.13226385414600372
0.038138266652822495
0.17941708862781525
0.16896793246269226
0.07900442183017731
0.09015671163797379
0.11298274248838425
0.23059198260307312
0.08560923486948013
0.07578299939632416
0.048182036727666855
0.17176377773284912
0.15485747158527374
0.11323034763336182
0.1720576137304306
0.09124909341335297
0.094631627202034
0.1533408761024475
0.17913812398910522
0.07518472522497177
0.24192313849925995
0.08667390048503876
0.05519634857773781
0.16930381953716278
0.09474339336156845
0.12373919039964676
0.11232192814350128
0.08844712376594543
0.02593681961297989
0.1342155933380127
0.11255636811256409
0.08170532435178757
0.13565291464328766
0.14044542610645294
0.053253717720508575
0.14831262826919556
0.1711479127407074
0.07377353310585022
0.191249281167984
0.10101525485515594
0.15605154633522034
0.12401740998029709
0.27155664563179016
0.16167445480823517
0.13902772963047028
0.138717919588089
0.15398770570755005
0.1725604236125946
0.0941830575466156
0.09570635110139847
0.06988146156072617
0.07746612280607224
0.0912359282374382
0.07843939960002899
0.1018175333738327
0.2096191644668579
0.08595751971006393
0.07709598541259766
0.12779155373573303
0.06607053428888321
0.24756187200546265
0.10028818994760513
0.10201101005077362
0.12311355024576187
0.06806623190641403
0.08984965831041336
0.10869467258453369
0.14423751831054688
0.11306069791316986
0.09744890034198761
0.13548630475997925
0.0781651958823204
0.13596229255199432
0.10612066090106964
0.06544236838817596
0.11485466361045837
0.05824846401810646
0.048921044915914536
0.0535183809697628
0.10085725784301758
0.13116604089736938
0.11839699000120163
0.08886711299419403
0.07484032958745956
0.08756206184625626
0.13454598188400269
0.0857662707567215
0.16381751000881195
0.13571412861347198
0.0905318558216095
0.24107514321804047
0.266935259103775
0.14204494655132294
0.11470919102430344
0.16831928491592407
0.03909702226519585
0.05271485075354576
0.12462557852268219
0.144743412733078
0.13712774217128754
0.15919910371303558
0.22126895189285278
0.17247195541858673
0.07172197103500366
0.1106291264295578
0.10041450709104538
0.1609666645526886
0.12530964612960815
0.1922486275434494
0.25007879734039307
0.1695917844772339
0.02275891602039337
0.1719619780778885
0.11511166393756866
0.13189320266246796
0.11329403519630432
0.11232210695743561
0.26465752720832825
0.09556300193071365
0.14441058039665222
0.12518255412578583
0.15028974413871765
0.23922830820083618
0.07850956916809082
0.13689203560352325
0.18445834517478943
0.11500775068998337
0.16102877259254456
0.24391023814678192
0.11960482597351074
0.13146927952766418
0.08593372255563736
0.09954898059368134
0.16562682390213013
0.16321507096290588
0.1400226652622223
0.07889903336763382
0.1364128440618515
0.09857631474733353
0.06421875953674316
0.15016187727451324
0.10111372917890549
0.1937342882156372
0.119749516248703
0.0060515617951750755
0.13001587986946106
0.11149091273546219
0.1680433452129364
0.05327557772397995
0.10207212716341019
0.07732260972261429
0.09960950911045074
0.10713555663824081
0.15007998049259186
0.0905875638127327
0.14936910569667816
0.19173628091812134
0.17580831050872803
0.23728282749652863
0.11205422878265381
0.11153309047222137
0.08943552523851395
0.07398726046085358
0.18454903364181519
0.10897786170244217
0.09427650272846222
0.20552662014961243
0.10784175992012024
0.16853030025959015
0.10795774310827255
0.17399632930755615
0.11745402216911316
0.016383571550250053
0.08327852934598923
0.0737014189362526
0.13183626532554626
0.09835001081228256
0.03772023692727089
0.12138723582029343
0.20446136593818665
0.10324951261281967
0.08085588365793228
0.08484024554491043
0.11451515555381775
0.15307503938674927
0.10958939790725708
0.1340610235929489
0.13948579132556915
0.09672729671001434
0.16042733192443848
0.1022801324725151
0.1341397762298584
0.08658188581466675
0.09478188306093216
0.06448811292648315
0.14704453945159912
0.05839547514915466
0.028269998729228973
0.09920556098222733
0.06627768278121948
0.11273570358753204
0.2279665619134903
0.11549852043390274
0.13095490634441376
0.12901431322097778
0.1579982489347458
0.12094449251890182
0.10146266222000122
0.0670585036277771
0.1539078950881958
0.15314041078090668
0.09426824748516083
0.15892931818962097
0.13133223354816437
0.14041464030742645
0.1817288100719452
0.13385985791683197
0.06937924027442932
0.13374699652194977
0.02770666964352131
0.09926316142082214
0.06903710216283798
0.16838502883911133
0.23853115737438202
0.14084818959236145
0.113301582634449
0.04640249162912369
0.08989010006189346
0.11289772391319275
0.1941145658493042
0.15837852656841278
0.1570204198360443
0.06252820789813995
0.1444982886314392
0.07789365947246552
0.1126955896615982
0.11480414867401123
0.11632905155420303
0.13080079853534698
0.11080930382013321
0.1187039241194725
0.09124013781547546
0.07495391368865967
0.0775526836514473
0.19462838768959045
0.16116493940353394
0.1146024540066719
0.10767011344432831
0.12375778704881668
0.06264494359493256
0.1621985137462616
0.17515404522418976
0.14171946048736572
0.14315509796142578
0.18939143419265747
0.22240573167800903
0.19375468790531158
0.08479968458414078
0.08491531759500504
0.11916607618331909
0.12434253096580505
0.05595535412430763
0.06373818963766098
0.07075287401676178
0.07994277030229568
0.1703440248966217
0.4095247983932495
0.09532879292964935
0.12858238816261292
0.13160325586795807
0.07908958941698074
0.138441264629364
0.13436239957809448
0.08834012597799301
0.2380446344614029
0.22156091034412384
0.11064949631690979
0.043146129697561264
0.15191978216171265
0.07333482801914215
0.07445069402456284
0.14989569783210754
0.05911213904619217
0.03036453016102314
0.0691576823592186
0.12391752004623413
0.16857627034187317
0.0793754979968071
0.13941456377506256
0.05100816860795021
0.13018327951431274
0.11546320468187332
0.06322379410266876
0.11485259979963303
0.1353694200515747
0.13113215565681458
0.12702162563800812
0.09224049001932144
0.16776101291179657
0.12257738411426544
0.12477856129407883
0.1833144724369049
0.16462025046348572
0.06191220134496689
0.15656258165836334
0.23538246750831604
0.10181337594985962
0.055182088166475296
0.1553405076265335
0.06780637800693512
0.08815284073352814
0.17101408541202545
0.04917764291167259
0.2345384657382965
0.14827892184257507
0.15385016798973083
0.10588616132736206
0.10714937001466751
0.1224031075835228
0.08243995159864426
0.2345876544713974
0.08021276444196701
0.061546482145786285
0.11302150785923004
0.08860578387975693
0.15330350399017334
0.09757310152053833
0.13733947277069092
0.1321842521429062
0.06951570510864258
0.061880432069301605
0.073686383664608
0.02646426111459732
0.06688588112592697
0.09292145818471909
0.09042246639728546
0.059407394379377365
0.21238504350185394
0.14848768711090088
0.07786251604557037
0.11644171923398972
0.07090406864881516
0.13926397264003754
0.15167710185050964
0.1276048719882965
0.1194290742278099
0.11651571840047836
0.10713488608598709
0.1287609189748764
0.07363581657409668
0.05050520598888397
0.12874071300029755
0.10537447780370712
0.19925127923488617
0.13049179315567017
0.04750571399927139
0.103163942694664
0.11188962310552597
0.08600184321403503
0.07579513639211655
0.08894585818052292
0.12900382280349731
0.1995459794998169
0.08088482171297073
0.13139846920967102
0.23671749234199524
0.07101310044527054
0.10253247618675232
0.14562611281871796
0.0960284024477005
0.07989650219678879
0.07361707836389542
0.1310453861951828
0.11107577383518219
0.09667792171239853
0.09971106052398682
0.06425624340772629
0.10658672451972961
0.03994229808449745
0.16748806834220886
0.1043703556060791
0.13428261876106262
0.09798584878444672
0.12041996419429779
0.1724487543106079
0.1096520870923996
0.2195730060338974
0.09004063159227371
0.06537831574678421
0.04300186038017273
0.12676388025283813
0.08126074075698853
0.1203322559595108
0.14090792834758759
0.10289739817380905
0.034600984305143356
0.12568345665931702
0.08522703498601913
0.2220539003610611
0.05074124410748482
0.13778911530971527
0.10970038175582886
0.11488009244203568
0.10325923562049866
0.14152894914150238
0.10792580991983414
0.07864703983068466
0.14329612255096436
0.12373466789722443
0.051726508885622025
0.08743377774953842
0.03258639574050903
0.03776005655527115
0.10237010568380356
0.06900106370449066
0.13261893391609192
0.18995077908039093
0.042968157678842545
0.09790640324354172
0.09487853944301605
0.05516987293958664
0.06451188027858734
0.058637432754039764
0.10972215235233307
0.12218128889799118
0.1452825963497162
0.07662675529718399
0.23371581733226776
0.1070920005440712
0.11211684346199036
0.14848628640174866
0.08309495449066162
0.09175527095794678
0.06872165948152542
0.11719619482755661
0.03211534395813942
0.08297508209943771
0.03905873000621796
0.1372191160917282
0.07306891679763794
0.07665052264928818
0.07492797821760178
0.1491585671901703
0.13701140880584717
0.1528887301683426
0.13620911538600922
0.08237017691135406
0.12680409848690033
0.08977469056844711
0.22286787629127502
0.30429625511169434
0.15435560047626495
0.09027718752622604
0.14585253596305847
0.18354220688343048
0.11188095808029175
0.09344956278800964
0.14364925026893616
0.10208418220281601
0.08228163421154022
0.12066743522882462
0.19657857716083527
0.12593185901641846
0.0938803032040596
0.10162746906280518
0.03240254893898964
0.11655884981155396
0.051618169993162155
0.11849558353424072
0.10608085989952087
0.13472940027713776
0.11004128307104111
0.13139036297798157
0.1339646428823471
0.17185305058956146
0.29179105162620544
0.11733735352754593
0.17526373267173767
0.17433419823646545
0.09854887425899506
0.058053091168403625
0.19777339696884155
0.08865442872047424
0.13798590004444122
0.08430930972099304
0.19586971402168274
0.11908932775259018
0.2025640904903412
0.09726865589618683
0.09919746965169907
0.1720002293586731
0.17486020922660828
0.12823884189128876
0.1017119511961937
0.11610309034585953
0.13170059025287628
0.10503920912742615
0.08298720419406891
0.122343048453331
0.16278214752674103
0.1527118980884552
0.1186542883515358
0.1272125244140625
0.19003698229789734
0.1259819120168686
0.07617735117673874
0.1296614408493042
0.10979342460632324
0.05889270454645157
0.13822588324546814
0.12932823598384857
0.1645190566778183
0.13153190910816193
0.10605563968420029
0.10018821060657501
0.07423126697540283
0.07116390019655228
0.11170719563961029
0.1582234799861908
0.15583436191082
0.14714021980762482
0.04979861527681351
0.07690680772066116
0.11657346040010452
0.10254565626382828
0.040442291647195816
0.14348383247852325
0.1323866844177246
0.12028328329324722
0.07910957932472229
0.10438703000545502
0.08852196484804153
0.06797817349433899
0.1664353460073471
0.08551482856273651
0.12812680006027222
0.1229819506406784
0.10663386434316635
0.14464209973812103
0.08793816715478897
0.1432529091835022
0.12656842172145844
0.11202811449766159
0.19051137566566467
0.19354087114334106
0.0922795906662941
0.0830736830830574
0.14557968080043793
0.08043471723794937
0.10650145262479782
0.1027323454618454
0.10073231905698776
0.13753758370876312
0.1350860595703125
0.05828230828046799
0.1081685870885849
0.11506660282611847
0.09269868582487106
0.07428937405347824
0.061478856950998306
0.2930588722229004
0.0680823028087616
0.06885892897844315
0.10983007401227951
0.07248178124427795
0.09250903129577637
0.09204500168561935
0.10139817744493484
0.11297513544559479
0.11370376497507095
0.18584784865379333
0.10313849151134491
0.03207568824291229
0.08167382329702377
0.11158718168735504
0.11695545166730881
0.190584197640419
0.09244467318058014
0.14244212210178375
0.05443578585982323
0.08467210829257965
0.10076361149549484
0.17476153373718262
0.10967709869146347
0.08719504624605179
0.1010153740644455
0.05267440900206566
0.25590595602989197
0.03177522495388985
0.17629511654376984
0.16023164987564087
0.14160960912704468
0.05094236135482788
0.09758017212152481
0.11443506926298141
0.07511280477046967
0.026175396516919136
0.14630286395549774
0.07533685117959976
0.1407342255115509
0.19343101978302002
0.1524468958377838
0.0734768733382225
0.08178284019231796
0.06250721216201782
0.03161892667412758
0.16583016514778137
0.1138286143541336
0.1134997233748436
0.0945739820599556
0.20213182270526886
0.19782620668411255
0.05238007754087448
0.09016156196594238
0.05380525812506676
0.0398576445877552
0.12751798331737518
0.15928293764591217
0.09731540828943253
0.13635128736495972
0.13089869916439056
0.048048581928014755
0.11514744162559509
0.10401082783937454
0.3733903765678406
0.06741157174110413
0.17237135767936707
0.18203289806842804
0.23534166812896729
0.1576041877269745
0.10131799429655075
0.058886148035526276
0.07901966571807861
0.1362961381673813
0.11182934790849686
0.18690279126167297
0.06846359372138977
0.13882805407047272
0.09836294502019882
0.19792397320270538
0.10636481642723083
0.1496666967868805
0.08943641930818558
0.08663656562566757
0.18315891921520233
0.11113475263118744
0.10328257828950882
0.20121918618679047
0.1412532478570938
0.127460315823555
0.20386764407157898
0.13217230141162872
0.09976305067539215
0.07293962687253952
0.10169003903865814
0.16789968311786652
0.0949980691075325
0.1432713121175766
0.08806854486465454
0.07122721523046494
0.12259292602539062
0.06433762609958649
0.10459499061107635
0.046167660504579544
0.13296955823898315
0.1537598967552185
0.10977435857057571
0.13001462817192078
0.17381951212882996
0.07772086560726166
0.14541062712669373
0.0993225947022438
0.08972390741109848
0.08473949879407883
0.1390276849269867
0.16546964645385742
0.06380671262741089
0.12936027348041534
0.14084766805171967
0.10744226723909378
0.1313571333885193
0.15396229922771454
0.11250031739473343
0.1603817641735077
0.11451689153909683
0.18579618632793427
0.24279376864433289
0.13895434141159058
0.20021024346351624
0.11823263019323349
0.07735568284988403
0.11809556186199188
0.21072566509246826
0.09086485952138901
0.10928447544574738
0.1668761968612671
0.10223786532878876
0.15270164608955383
0.11585141718387604
0.09965217858552933
0.053450386971235275
0.09785420447587967
0.12191933393478394
0.09848330914974213
0.09601527452468872
0.16563278436660767
0.10335604846477509
0.1021547019481659
0.0583890900015831
0.09868180006742477
0.11299731582403183
0.13246752321720123
0.05374112352728844
0.1691819578409195
0.14790348708629608
0.1596282571554184
0.11780700087547302
0.21576619148254395
0.07474447786808014
0.10405944287776947
0.0692904144525528
0.10179787874221802
0.08948132395744324
0.13688571751117706
0.07732415944337845
0.07348121702671051
0.11297467350959778
0.08903942257165909
0.16223396360874176
0.12319591641426086
0.10975146293640137
0.09640373289585114
0.17540571093559265
0.05572844669222832
0.10370854288339615
0.08549012988805771
0.10348749160766602
0.145625039935112
0.08785475045442581
0.17604032158851624
0.12271605432033539
0.1475042998790741
0.11853780597448349
0.0820847749710083
0.25340768694877625
0.20592322945594788
0.09460768103599548
0.07231689244508743
0.1265590488910675
0.10473129898309708
0.12205138802528381
0.06280133128166199
0.25732722878456116
0.13724389672279358
0.15122723579406738
0.19801606237888336
0.10193505883216858
0.12952765822410583
0.12117334455251694
0.11638729274272919
0.04968291521072388
0.1476844847202301
0.12810447812080383
0.14997808635234833
0.07932796329259872
0.09281658381223679
0.23564645648002625
0.05619771406054497
0.18800489604473114
0.08121007680892944
0.1509888470172882
0.11570017039775848
0.2430950552225113
0.08144762367010117
0.08712270855903625
0.2595203220844269
0.12278614193201065
0.13418228924274445
0.09863858669996262
0.17349182069301605
0.0944971814751625
0.14510972797870636
0.15338243544101715
0.13434213399887085
0.16951684653759003
0.08127447962760925
0.22682936489582062
0.16669918596744537
0.09052322059869766
0.08956126123666763
0.11602376401424408
0.10653790831565857
0.1871177703142166
0.028416216373443604
0.12945392727851868
0.1421281397342682
0.23408707976341248
0.11135300248861313
0.2018132358789444
0.09735856205224991
0.12962783873081207
0.12611371278762817
0.16425174474716187
0.14908428490161896
0.09788526594638824
0.0721905380487442
0.04212411493062973
0.16680321097373962
0.16816484928131104
0.09816671907901764
0.10807166248559952
0.15239115059375763
0.10217683017253876
0.1745825558900833
0.13373686373233795
0.20709484815597534
0.10148776322603226
0.10906477272510529
0.08405038714408875
0.17215396463871002
0.10974184423685074
0.10370960831642151
0.06675180047750473
0.10623402893543243
0.10803020745515823
0.13378065824508667
0.08646412938833237
0.24117179214954376
0.11681970208883286
0.07817636430263519
0.09438329935073853
0.10722261667251587
0.133693665266037
0.13189348578453064
0.1830582171678543
0.10493861138820648
0.14417389035224915
0.1773121953010559
0.2874065339565277
0.11827833205461502
0.14849236607551575
0.10525102913379669
0.08128843456506729
0.09385135769844055
0.06710804998874664
0.11633367836475372
0.1369481086730957
0.11121487617492676
0.11515717953443527
0.15786337852478027
0.10663142800331116
0.2895432710647583
0.09824147075414658
0.303269624710083
0.05253002047538757
0.13395242393016815
0.1742430180311203
0.15814802050590515
0.13457325100898743
0.11762265861034393
0.06399654597043991
0.09890080988407135
0.08164358884096146
0.22408811748027802
0.137141153216362
0.15451687574386597
0.14364582300186157
0.11158458888530731
0.14674772322177887
0.12968672811985016
0.07482731342315674
0.16258998215198517
0.08414753526449203
0.11026624590158463
0.019618358463048935
0.1336781233549118
0.14479224383831024
0.0774555429816246
0.11958605796098709
0.08723124116659164
0.22934916615486145
0.06665119528770447
0.1790618598461151
0.12993839383125305
0.0823175236582756
0.12839992344379425
0.02274491637945175
0.13496093451976776
0.1409538835287094
0.05719759687781334
0.1785416454076767
0.13232506811618805
0.0863271951675415
0.10585811734199524
0.1834339201450348
0.2460205852985382
0.13256582617759705
0.21571841835975647
0.1192764937877655
0.12932565808296204
0.1045558899641037
0.14934615790843964
0.14269663393497467
0.11404606699943542
0.1104126125574112
0.15213771164417267
0.19895613193511963
0.15907129645347595
0.10536111146211624
0.09566758573055267
0.06231629103422165
0.17522084712982178
0.10580673813819885
0.1508493572473526
0.24975000321865082
0.1608954519033432
0.06005038321018219
0.07010790705680847
0.1755727380514145
0.08810263127088547
0.10741494596004486
0.12534908950328827
0.1051446795463562
0.11356773227453232
0.16411340236663818
0.10203775018453598
0.10995437204837799
0.2197892665863037
0.16016265749931335
0.15193958580493927
0.13321271538734436
0.16183365881443024
0.08695447444915771
0.13471736013889313
0.16467337310314178
0.11576689034700394
0.06635528057813644
0.158952534198761
0.06644221395254135
0.12695688009262085
0.1384587436914444
0.1620626300573349
0.13906273245811462
0.09600319713354111
0.163918137550354
0.08395321667194366
0.1499888300895691
0.12733471393585205
0.1654461771249771
0.09946447610855103
0.2423049956560135
0.1523967683315277
0.11633704602718353
0.09565843641757965
0.23284955322742462
0.044459495693445206
0.19255222380161285
0.10859056562185287
0.18352769315242767
0.03519011288881302
0.12986169755458832
0.12293646484613419
0.1931830793619156
0.09825967252254486
0.06938280910253525
0.04573727399110794
0.11236391216516495
0.05901620164513588
0.059454306960105896
0.02918591909110546
0.12294721603393555
0.10609797388315201
0.1731698215007782
0.07790466398000717
0.144100621342659
0.14458104968070984
0.14273662865161896
0.20985034108161926
0.14300398528575897
0.10900382697582245
0.10391101241111755
0.17852389812469482
0.08279933035373688
0.15001527965068817
0.13449235260486603
0.1655648648738861
0.08068759739398956
0.0899207592010498
0.07736382633447647
0.11398833990097046
0.1252283751964569
0.15631061792373657
0.09746836125850677
0.06220409646630287
0.09007053077220917
0.1030716523528099
0.11620848625898361
0.07335659116506577
0.13161402940750122
0.09769393503665924
0.11169395595788956
0.06833420693874359
0.13361427187919617
0.1372964084148407
0.17485955357551575
0.12548857927322388
0.13594873249530792
0.11976614594459534
0.10768277198076248
0.04576520621776581
0.11725915968418121
0.14586219191551208
0.10113783925771713
0.11384618282318115
0.1963215470314026
0.0508037731051445
0.17285893857479095
0.10581766068935394
0.23149852454662323
0.14607298374176025
0.07837730646133423
0.16620656847953796
0.07981745153665543
0.09006805717945099
0.15699751675128937
0.1951969712972641
0.06554742902517319
0.15352152287960052
0.15700763463974
0.08809418976306915
0.2775407135486603
0.17508463561534882
0.06667231023311615
0.10406117886304855
0.08611889183521271
0.12055220454931259
0.04907621443271637
0.06518005579710007
0.11461535096168518
0.0899960994720459
0.0297579113394022
0.0911288782954216
0.13778820633888245
0.09742796421051025
0.08361383527517319
0.10570020973682404
0.12529468536376953
0.034950513392686844
0.2284112572669983
0.13765011727809906
0.1679537147283554
0.05962556600570679
0.05176955461502075
0.05265827476978302
0.046650756150484085
0.11313877254724503
0.20833005011081696
0.08566071093082428
0.0755213126540184
0.11141402274370193
0.1432144194841385
0.11352388560771942
0.03271358832716942
0.060608554631471634
0.07894669473171234
0.17879250645637512
0.1675591766834259
0.21901355683803558
0.14801126718521118
0.07099295407533646
0.12707823514938354
0.07331088185310364
0.08111941069364548
0.13216426968574524
0.07122314721345901
0.1299472153186798
0.1389288455247879
0.07473583519458771
0.21330897510051727
0.11539053916931152
0.1143091544508934
0.07088129967451096
0.1067437157034874
0.1334550678730011
0.10758796334266663
0.11495248973369598
0.11672763526439667
0.09101865440607071
0.11346940696239471
0.09651892632246017
0.1374853402376175
0.17224256694316864
0.07490505278110504
0.0876510813832283
0.18143443763256073
0.0641067624092102
0.11342083662748337
0.05039190500974655
0.05800233036279678
0.10245674103498459
0.15342023968696594
0.10537303239107132
0.11608229577541351
0.09741184860467911
0.1313471496105194
0.06437709182500839
0.043085966259241104
0.12011759728193283
0.047719620168209076
0.03112834133207798
0.0807897225022316
0.11330273747444153
0.10882153362035751
0.1262054592370987
0.08025581389665604
0.08613814413547516
0.08670729398727417
0.15708571672439575
0.07930608838796616
0.07444196194410324
0.1570795625448227
0.061211977154016495
0.2386000156402588
0.24275551736354828
0.1038396805524826
0.08796654641628265
0.1670829951763153
0.13216449320316315
0.1011907160282135
0.16759230196475983
0.10711077600717545
0.07403095811605453
0.18548740446567535
0.11890307813882828
0.1496935486793518
0.0695941299200058
0.07213383913040161
0.10924191772937775
0.13040229678153992
0.19872760772705078
0.16352348029613495
0.18625479936599731
0.06985725462436676
0.20330490171909332
0.07808948308229446
0.24263714253902435
0.04258561134338379
0.13769319653511047
0.15354236960411072
0.10518275946378708
0.09543215483427048
0.08872194588184357
0.13505467772483826
0.14594247937202454
0.10467200726270676
0.13461938500404358
0.055381111800670624
0.09201187640428543
0.14549916982650757
0.0961252972483635
0.05400189012289047
0.16727542877197266
0.08164416253566742
0.18659000098705292
0.07798272371292114
0.16000723838806152
0.11760740727186203
0.14135877788066864
0.17026850581169128
0.13493600487709045
0.08119707554578781
0.18508224189281464
0.11065452545881271
0.13446056842803955
0.09695030748844147
0.06032874807715416
0.2351779043674469
0.11909323185682297
0.0613839216530323
0.09440005570650101
0.3434385359287262
0.1440241038799286
0.17971302568912506
0.10499018430709839
0.19109071791172028
0.09892590343952179
0.20048609375953674
0.04551472142338753
0.15615181624889374
0.16688591241836548
0.10552072525024414
0.06935397535562515
0.07575712352991104
0.08032812178134918
0.04866434633731842
0.15875476598739624
0.12296347320079803
0.11536900699138641
0.13398651778697968
0.14302852749824524
0.11042606085538864
0.09750527888536453
0.12143690884113312
0.06025371327996254
0.05778229236602783
0.15124215185642242
0.08298468589782715
0.1339050829410553
0.10312002152204514
0.08973139524459839
0.11861743777990341
0.15431532263755798
0.07247711718082428
0.1470584124326706
0.07516785711050034
0.2546383738517761
0.12094506621360779
0.14641521871089935
0.1107001006603241
0.060001589357852936
0.08371194452047348
0.1084919199347496
0.07882314175367355
0.0760747641324997
0.10818389058113098
0.12355618923902512
0.09083270281553268
0.13902533054351807
0.16975773870944977
0.09647639840841293
0.09143082797527313
0.15433982014656067
0.18803603947162628
0.09029169380664825
0.1871763914823532
0.07843969017267227
0.12306895852088928
0.08980733156204224
0.12212014943361282
0.15985925495624542
0.2804076373577118
0.1506003439426422
0.06324703246355057
0.08376939594745636
0.10942795127630234
0.04872506111860275
0.14472810924053192
0.17516383528709412
0.1236993595957756
0.0765804871916771
0.09486527740955353
0.09708204865455627
0.20458465814590454
0.054015323519706726
0.1857595145702362
0.12682540714740753
0.14557978510856628
0.17338059842586517
0.0690978541970253
0.09811220318078995
0.09307198971509933
0.08326508104801178
0.04357792064547539
0.14996634423732758
0.13605958223342896
0.0543224960565567
0.09165217727422714
0.1382412314414978
0.11441557854413986
0.12825565040111542
0.10341279208660126
0.12829765677452087
0.17398586869239807
0.09666043519973755
0.10705900192260742
0.08929993957281113
0.13599763810634613
0.09972357004880905
0.14463254809379578
0.11995647102594376
0.08432486653327942
0.11815489083528519
0.12490184605121613
0.11616838723421097
0.10569338500499725
0.16007888317108154
0.1427541971206665
0.12330017238855362
0.13342584669589996
0.10481216013431549
0.1025925949215889
0.12054453045129776
0.12453173846006393
0.13503725826740265
0.10381453484296799
0.1222870722413063
0.16978894174098969
0.04677243158221245
0.19731539487838745
0.08224800229072571
0.07902194559574127
0.07242676615715027
0.15868854522705078
0.05521842837333679
0.08543640375137329
0.08034132421016693
0.13873377442359924
0.118000328540802
0.07083142548799515
0.10416869074106216
0.08897602558135986
0.045039739459753036
0.14813300967216492
0.1931016892194748
0.06969496607780457
0.053608931601047516
0.2819876968860626
0.05408129841089249
0.07351065427064896
0.059460289776325226
0.13176128268241882
0.09635210782289505
0.1698954701423645
0.11243794858455658
0.1313660740852356
0.056812554597854614
0.06744761019945145
0.20805099606513977
0.12983737885951996
0.08568165451288223
0.07706340402364731
0.08404167741537094
0.12898646295070648
0.10795710235834122
0.12569963932037354
0.0838446170091629
0.045581743121147156
0.17240232229232788
0.097088523209095
0.13272497057914734
0.11117587238550186
0.23780658841133118
0.07698853313922882
0.14273349940776825
0.10511727631092072
0.15548154711723328
0.2115824669599533
0.07351740449666977
0.1308123916387558
0.04034124314785004
0.11975310742855072
0.12888918817043304
0.060669124126434326
0.1401313692331314
0.16878920793533325
0.07737945020198822
0.12670670449733734
0.06225711479783058
0.18364116549491882
0.2127108871936798
0.09990467876195908
0.10150890052318573
0.09312134981155396
0.06560424715280533
0.11284350603818893
0.213636577129364
0.15610522031784058
0.10020294040441513
0.0332130566239357
0.2120615392923355
0.08904494345188141
0.06717205047607422
0.12058782577514648
0.14551343023777008
0.1191345676779747
0.12263961881399155
0.16692982614040375
0.07322680950164795
0.13079991936683655
0.1164168193936348
0.12710024416446686
0.044425226747989655
0.22036738693714142
0.14355754852294922
0.09095501899719238
0.06979256868362427
0.051396701484918594
0.14377236366271973
0.10335695743560791
0.07269996404647827
0.17552149295806885
0.14483138918876648
0.0684506893157959
0.1755598783493042
0.056977130472660065
0.09803738445043564
0.1572847068309784
0.060660094022750854
0.035580143332481384
0.22957506775856018
0.1491309255361557
0.06774512678384781
0.0642145499587059
0.10176794230937958
0.0376044362783432
0.09953569620847702
0.08728733658790588
0.08547313511371613
0.07778685539960861
0.041958216577768326
0.22019711136817932
0.12200956046581268
0.14607952535152435
0.0623009167611599
0.2087695449590683
0.15724222362041473
0.12305767834186554
0.10318192839622498
0.09127655625343323
0.09536177664995193
0.10282034426927567
0.04619305580854416
0.1362941563129425
0.10025160014629364
0.21270610392093658
0.15023797750473022
0.13703200221061707
0.17097076773643494
0.17186950147151947
0.13219250738620758
0.08889865130186081
0.048733510076999664
0.09001730382442474
0.04960910975933075
0.05037166550755501
0.09089000523090363
0.04696173593401909
0.2770317494869232
0.20176690816879272
0.06510013341903687
0.069634348154068
0.1484333574771881
0.09871505200862885
0.11025572568178177
0.027439439669251442
0.10868877917528152
0.058596882969141006
0.154658704996109
0.09849824011325836
0.0478961244225502
0.12732858955860138
0.13364113867282867
0.11424104869365692
0.0980205163359642
0.04608063027262688
0.14193446934223175
0.3150146007537842
0.08831625431776047
0.1467837393283844
0.08366577327251434
0.0566229522228241
0.12504500150680542
0.08796533197164536
0.07061199843883514
0.1241396814584732
0.3246268928050995
0.24751150608062744
0.1045464351773262
0.12172985076904297
0.1176416426897049
0.20116348564624786
0.07032252103090286
0.11960529536008835
0.14393025636672974
0.1653379201889038
0.09145629405975342
0.19094747304916382
0.09731023758649826
0.21308602392673492
0.12219395488500595
0.15193408727645874
0.13794486224651337
0.022645335644483566
0.157148078083992
0.15406544506549835
0.09437313675880432
0.12713107466697693
0.1307811588048935
0.1248209998011589
0.13586953282356262
0.2062557190656662
0.15469950437545776
0.07498177140951157
0.12649428844451904
0.201271191239357
0.1304572969675064
0.1688111126422882
0.06070790812373161
0.1917443424463272
0.12673749029636383
0.12230924516916275
0.08536357432603836
0.1607549786567688
0.09508445858955383
0.1479029804468155
0.10599078983068466
0.05701152980327606
0.12115862220525742
0.11081764101982117
0.13052010536193848
0.15889932215213776
0.14066173136234283
0.1151476502418518
0.2273029088973999
0.15797491371631622
0.047511450946331024
0.09997843950986862
0.13719013333320618
0.0787355974316597
0.1315673142671585
0.08808627724647522
0.0914701297879219
0.1300034075975418
0.07739730179309845
0.08059118688106537
0.10009144991636276
0.0661076232790947
0.06480158120393753
0.09504885226488113
0.1275855153799057
0.20279401540756226
0.03585582971572876
0.17485077679157257
0.053831156343221664
0.13346077501773834
0.06169300153851509
0.08685638755559921
0.0607895627617836
0.022402293980121613
0.05800138786435127
0.10606661438941956
0.04631732031702995
0.02544318698346615
0.084714375436306
0.08114723116159439
0.13617616891860962
0.06224585697054863
0.05356995761394501
0.11079622805118561
0.03118794970214367
0.1056164801120758
0.060724735260009766
0.30184224247932434
0.07925928384065628
0.0901300236582756
0.13555672764778137
0.09856707602739334
0.24050851166248322
0.09567280113697052
0.1273474395275116
0.10795149952173233
0.12158837914466858
0.0980529710650444
0.12973637878894806
0.19917744398117065
0.15579631924629211
0.044387008994817734
0.1715296059846878
0.2899659276008606
0.10582918673753738
0.13881365954875946
0.1079823225736618
0.08256419003009796
0.07642405480146408
0.18722836673259735
0.1319042444229126
0.12868236005306244
0.19045576453208923
0.12957943975925446
0.1271955668926239
0.22846420109272003
0.1494869589805603
0.1273103505373001
0.09813133627176285
0.11537676304578781
0.2653198838233948
0.13622485101222992
0.15202637016773224
0.12622210383415222
0.1306280940771103
0.10785599797964096
0.055247239768505096
0.05056057125329971
0.13817262649536133
0.12968382239341736
0.08266688883304596
0.1672596037387848
0.122583769261837
0.1865224689245224
0.08242924511432648
0.085220105946064
0.19250822067260742
0.11154969036579132
0.07001521438360214
0.1884012073278427
0.15798574686050415
0.24081212282180786
0.08509225398302078
0.12195371836423874
0.08308488130569458
0.08241187036037445
0.04190443083643913
0.11133261024951935
0.1636131852865219
0.17169971764087677
0.09506703913211823
0.14409266412258148
0.0640527606010437
0.19546981155872345
0.10024935752153397
0.08680908381938934
0.06143851578235626
0.1466946005821228
0.16128523647785187
0.03568924963474274
0.1857990175485611
0.1858888566493988
0.17624898254871368
0.11948204040527344
0.16534069180488586
0.18900521099567413
0.10750393569469452
0.2079785019159317
0.060002755373716354
0.10040570795536041
0.1322866976261139
0.09881438314914703
0.1911064088344574
0.16921170055866241
0.12897931039333344
0.09203566610813141
0.11897245049476624
0.2021772563457489
0.06868503987789154
0.10859565436840057
0.09851323813199997
0.08227438479661942
0.1090606302022934
0.17566639184951782
0.06376390904188156
0.06234920769929886
0.10219807177782059
0.06812908500432968
0.10080502927303314
0.08853546530008316
0.1809455007314682
0.05455956235527992
0.1501958817243576
0.05498718470335007
0.0770573541522026
0.09433791786432266
0.1084497720003128
0.11760488152503967
0.03416793793439865
0.09386250376701355
0.20223867893218994
0.1019831970334053
0.14137206971645355
0.09802007675170898
0.10439819097518921
0.1271609663963318
0.0767844170331955
0.09508392214775085
0.05587339028716087
0.09095994383096695
0.13849066197872162
0.13207405805587769
0.12069910764694214
0.12022992223501205
0.15341976284980774
0.15694521367549896
0.1153324544429779
0.04196976125240326
0.03936183452606201
0.13534028828144073
0.07305305451154709
0.11012271046638489
0.14136967062950134
0.14382891356945038
0.2232145220041275
0.11846566945314407
0.1646120250225067
0.3429799973964691
0.08592748641967773
0.15247607231140137
0.151146799325943
0.2272181510925293
0.12102881819009781
0.11909732222557068
0.06721198558807373
0.08932147175073624
0.11653198301792145
0.13982275128364563
0.14331158995628357
0.16560271382331848
0.18644118309020996
0.13331937789916992
0.15153522789478302
0.07274830341339111
0.0652594342827797
0.1456696093082428
0.20788319408893585
0.09618112444877625
0.0784110575914383
0.09353446960449219
0.10319811850786209
0.10379920154809952
0.11548954248428345
0.05729171633720398
0.14632457494735718
0.13214431703090668
0.40024417638778687
0.07809329777956009
0.14307008683681488
0.16788069903850555
0.12877246737480164
0.15346668660640717
0.07175581157207489
0.12243470549583435
0.2090781182050705
0.14990156888961792
0.15402984619140625
0.10079207271337509
0.13854163885116577
0.22321565449237823
0.1954112946987152
0.0634501650929451
0.07433108985424042
0.10973607003688812
0.11270761489868164
0.058379318565130234
0.08694770932197571
0.10811034590005875
0.12501965463161469
0.07331027835607529
0.08077915757894516
0.1322365552186966
0.11105597019195557
0.06748789548873901
0.1053084135055542
0.0964379534125328
0.057473182678222656
0.06389304995536804
0.23365546762943268
0.10569185018539429
0.07132086902856827
0.1479012668132782
0.13601167500019073
0.1026587188243866
0.10228467732667923
0.2047119289636612
0.08670461177825928
0.10879925638437271
0.10246549546718597
0.1295689195394516
0.15112464129924774
0.17317403852939606
0.13096265494823456
0.08481714129447937
0.12004969269037247
0.2064708173274994
0.15095357596874237
0.10845685750246048
0.08739586174488068
0.06445217877626419
0.11579228192567825
0.09311715513467789
0.2727496922016144
0.11371669173240662
0.13292406499385834
0.07191328704357147
0.1008240208029747
0.08746504038572311
0.11776597052812576
0.10803686827421188
0.15532521903514862
0.05067576467990875
0.14902877807617188
0.11432874202728271
0.141638845205307
0.20226308703422546
0.11273105442523956
0.08207201957702637
0.0916527807712555
0.10660126060247421
0.12433942407369614
0.14297181367874146
0.061544839292764664
0.1538737267255783
0.14192301034927368
0.10673487931489944
0.2607574462890625
0.1333000212907791
0.12054452300071716
0.1611243188381195
0.2911459505558014
0.14758574962615967
0.08203604817390442
0.15211310982704163
0.135004460811615
0.04979896917939186
0.05904683098196983
0.04678203538060188
0.160126194357872
0.10690102726221085
0.07548771053552628
0.07488029450178146
0.21469712257385254
0.11335510015487671
0.07514093816280365
0.03157505765557289
0.15835821628570557
0.09043705463409424
0.09335043281316757
0.12901698052883148
0.12701484560966492
0.12302418798208237
0.11714433878660202
0.1368730664253235
0.06898029148578644
0.13150714337825775
0.13265812397003174
0.0827953889966011
0.037264276295900345
0.18362201750278473
0.07146252691745758
0.11537105590105057
0.08420243114233017
0.08118744939565659
0.0983479842543602
0.18969568610191345
0.18973681330680847
0.15146666765213013
0.04377501830458641
0.16862526535987854
0.15259844064712524
0.08552990108728409
0.08548971265554428
0.1134183406829834
0.1310741901397705
0.13022316992282867
0.08566693961620331
0.24088692665100098
0.2079775482416153
0.11822754144668579
0.25502708554267883
0.14443984627723694
0.12135979533195496
0.22964930534362793
0.11218427866697311
0.09937012195587158
0.11628645658493042
0.04459351673722267
0.08398139476776123
0.10584434866905212
0.13119006156921387
0.07379648834466934
0.20638196170330048
0.06627719104290009
0.060616474598646164
0.05641521140933037
0.085927814245224
0.13944856822490692
0.159635528922081
0.10349798202514648
0.12380021065473557
0.07984748482704163
0.05752337723970413
0.04211697727441788
0.16746683418750763
0.04870137572288513
0.07705801725387573
0.0796605795621872
0.08416346460580826
0.11876612901687622
0.044941630214452744
0.1314590871334076
0.04515079781413078
0.0786355584859848
0.15015098452568054
0.1428208202123642
0.13457080721855164
0.10035736858844757
0.169073224067688
0.12018592655658722
0.13652180135250092
0.07226100564002991
0.040880147367715836
0.06578312814235687
0.1844937801361084
0.09456575661897659
0.05458686873316765
0.09922094643115997
0.1373319923877716
0.13660040497779846
0.10480612516403198
0.0803799107670784
0.30029502511024475
0.13815359771251678
0.13087159395217896
0.11843618750572205
0.07405033707618713
0.1521490514278412
0.061964694410562515
0.1901741921901703
0.16732895374298096
0.17429359257221222
0.1763080507516861
0.0692671537399292
0.06788317114114761
0.06711476296186447
0.18971949815750122
0.20004802942276
0.12149616330862045
0.06768491864204407
0.0707482323050499
0.09996400028467178
0.17791685461997986
0.16975516080856323
0.10763830691576004
0.12744255363941193
0.10744717717170715
0.112049400806427
0.10658382624387741
0.1204584389925003
0.15670904517173767
0.07625830173492432
0.1575176864862442
0.06061864644289017
0.0642455518245697
0.11028385907411575
0.09420755505561829
0.18182751536369324
0.07988164573907852
0.12110637873411179
0.04719457030296326
0.20418353378772736
