1.3600002527236938
0.29871946573257446
0.5592545866966248
0.2691275179386139
0.28378480672836304
0.19222119450569153
0.2250300943851471
0.05372060835361481
0.16978447139263153
0.11478978395462036
0.1608278751373291
0.10729452222585678
0.4733240306377411
0.16063231229782104
0.2208675742149353
0.21100763976573944
0.10925976186990738
0.06426689773797989
0.12881776690483093
0.19664877653121948
0.15003536641597748
0.27354696393013
0.2714194655418396
0.2636008560657501
0.23821595311164856
0.3210528492927551
0.19175609946250916
0.04164522886276245
0.10566268861293793
0.3415576219558716
0.20260442793369293
0.13986152410507202
0.2190389633178711
0.0971512645483017
0.17549467086791992
0.18976396322250366
0.11458355188369751
0.11168994754552841
0.18445654213428497
0.16455809772014618
0.10877285897731781
0.121847003698349
0.28687432408332825
0.2659265398979187
0.27010011672973633
0.06147228553891182
0.15724635124206543
0.08567207306623459
0.17109452188014984
0.17701739072799683
0.13977664709091187
0.2212049812078476
0.22370031476020813
0.21807454526424408
0.12301366031169891
0.1572045236825943
0.35302338004112244
0.2518223822116852
0.08114778250455856
0.05335257574915886
0.2140037566423416
0.14203263819217682
0.17437514662742615
0.12083842605352402
0.11505560576915741
0.029982218518853188
0.10825806111097336
0.10417960584163666
0.07521586865186691
0.10673543065786362
0.19023191928863525
0.23905763030052185
0.2225494235754013
0.13122083246707916
0.14168620109558105
0.17164772748947144
0.17501409351825714
0.17043352127075195
0.2136441022157669
0.22106310725212097
0.1661207228899002
0.131951704621315
0.1940649300813675
0.21240967512130737
0.10954934358596802
0.1404837816953659
0.06735078245401382
0.07499797642230988
0.10169763118028641
0.07851848006248474
0.09682834148406982
0.07441499829292297
0.33084046840667725
0.2071293741464615
0.18332237005233765
0.16905483603477478
0.08441963791847229
0.11883427202701569
0.07244470715522766
0.12691299617290497
0.20435607433319092
0.22255219519138336
0.08273860812187195
0.1746039241552353
0.1735580712556839
0.07901891320943832
0.08152782171964645
0.1785891354084015
0.20887844264507294
0.14932282269001007
0.1584087461233139
0.24359102547168732
0.26722535490989685
0.21186134219169617
0.1417008489370346
0.13672979176044464
0.1771278977394104
0.18467901647090912
0.1999261975288391
0.15247909724712372
0.1742877960205078
0.10072546452283859
0.23625218868255615
0.11337278038263321
0.044958196580410004
0.09264716506004333
0.31007739901542664
0.14460669457912445
0.08119010925292969
0.10843763500452042
0.20592419803142548
0.20606115460395813
0.026946378871798515
0.020440805703401566
0.2636662721633911
0.18182070553302765
0.2046935260295868
0.18820418417453766
0.13117077946662903
0.12798388302326202
0.3112119138240814
0.11142425984144211
0.13066264986991882
0.16632303595542908
0.18553948402404785
0.15799398720264435
0.11255770176649094
0.16227993369102478
0.17693722248077393
0.15104511380195618
0.09633699804544449
0.12016008049249649
0.2113121896982193
0.07161110639572144
0.0343891866505146
0.10107868909835815
0.3203197717666626
0.14691075682640076
0.15949958562850952
0.09499946236610413
0.23291093111038208
0.19580839574337006
0.06302140653133392
0.14609073102474213
0.13204814493656158
0.05711190029978752
0.24104636907577515
0.4298245906829834
0.2364169955253601
0.12709501385688782
0.1523440033197403
0.07218782603740692
0.18663553893566132
0.05568366125226021
0.13365699350833893
0.15562832355499268
0.12481464445590973
0.12454880028963089
0.12385538220405579
0.06756780296564102
0.17234696447849274
0.18083159625530243
0.1600762903690338
0.1727992743253708
0.10698122531175613
0.15857824683189392
0.12738484144210815
0.1486862301826477
0.12103332579135895
0.05032789707183838
0.25745028257369995
0.20772387087345123
0.088803231716156
0.2179897278547287
0.07550201565027237
0.09968280792236328
0.2077377736568451
0.15038150548934937
0.057230595499277115
0.22666598856449127
0.20083442330360413
0.3511554002761841
0.08644379675388336
0.1641976237297058
0.1463223397731781
0.2716052532196045
0.11349287629127502
0.1596289575099945
0.20038791000843048
0.1109621673822403
0.13178986310958862
0.23123124241828918
0.2075168937444687
0.149629145860672
0.12281843274831772
0.04648948833346367
0.28268998861312866
0.09997238963842392
0.2085530012845993
0.18030492961406708
0.18951751291751862
0.0908554419875145
0.23303233087062836
0.030051710084080696
0.11988663673400879
0.13251304626464844
0.11315754055976868
0.28099143505096436
0.10821911692619324
0.12472568452358246
0.16428278386592865
0.19349125027656555
0.15450419485569
0.1620960831642151
0.29234009981155396
0.10957121104001999
0.23628757894039154
0.14348991215229034
0.1314241886138916
0.1642807275056839
0.26949480175971985
0.16678309440612793
0.026593374088406563
0.11243385076522827
0.241605743765831
0.23440001904964447
0.20122557878494263
0.2751970887184143
0.21721504628658295
0.08689211308956146
0.08608387410640717
0.12941472232341766
0.2133413702249527
0.1866406351327896
0.10011295974254608
0.1673741638660431
0.09539104253053665
0.18185284733772278
0.11186688393354416
0.2579227685928345
0.20897403359413147
0.1936682164669037
0.1533738672733307
0.3134011924266815
0.095761239528656
0.17045976221561432
0.2636837363243103
0.13629740476608276
0.27476340532302856
0.2285284548997879
0.20036421716213226
0.6029366850852966
0.1440872997045517
0.15229874849319458
0.09985365718603134
0.19004252552986145
0.15336723625659943
0.1078900471329689
0.0758294016122818
0.20484399795532227
0.33679547905921936
0.07545452564954758
0.20774944126605988
0.0610639750957489
0.14532025158405304
0.20751774311065674
0.11483728140592575
0.08499730378389359
0.1444849669933319
0.05149426311254501
0.1186656802892685
0.19336791336536407
0.22428473830223083
0.3717373311519623
0.26875123381614685
0.046381156891584396
0.21994449198246002
0.2648850083351135
0.17224466800689697
0.27945825457572937
0.0848376527428627
0.09942411631345749
0.11883427202701569
0.0187043659389019
0.15852949023246765
0.15081220865249634
0.05015275999903679
0.19423729181289673
0.2471948266029358
0.04965125396847725
0.12605223059654236
0.06664779782295227
0.2273259162902832
0.23105543851852417
0.20743903517723083
0.09482286870479584
0.15440218150615692
0.2411251813173294
0.24850888550281525
0.2460799664258957
0.07991297543048859
0.26500704884529114
0.32264524698257446
0.17644450068473816
0.2466956377029419
0.11784954369068146
0.1261264830827713
0.05661039799451828
0.19682267308235168
0.06973312795162201
0.148156076669693
0.14860686659812927
0.19877322018146515
0.030302684754133224
0.0605056993663311
0.09219483286142349
0.18141864240169525
0.1882123351097107
0.06592346727848053
0.21296817064285278
0.1883101463317871
0.23667065799236298
0.2676105797290802
0.08805021643638611
0.07480664551258087
0.1620829701423645
0.04911059886217117
0.18227417767047882
0.28156447410583496
0.019530272111296654
0.08485665172338486
0.15156157314777374
0.1902119666337967
0.3113476634025574
0.13709965348243713
0.1586865484714508
0.1978769451379776
0.1389695703983307
0.07943873107433319
0.15723490715026855
0.12106519937515259
0.21008802950382233
0.017637483775615692
0.13107722997665405
0.06577081978321075
0.14025495946407318
0.025658391416072845
0.1640353798866272
0.17793232202529907
0.036691296845674515
0.1147180125117302
0.18985392153263092
0.16418375074863434
0.1487257480621338
0.1089952141046524
0.17669777572155
0.2377435564994812
0.1282159388065338
0.127440944314003
0.10121354460716248
0.26952436566352844
0.10843906551599503
0.2560195028781891
0.2328929603099823
0.21809528768062592
0.1251913607120514
0.20052291452884674
0.1912427842617035
0.0593961626291275
0.11523653566837311
0.14594648778438568
0.2121647298336029
0.2356468290090561
0.10670646280050278
0.24531492590904236
0.2642338275909424
0.11784999817609787
0.04067295417189598
0.12058603763580322
0.17653517425060272
0.20886076986789703
0.09202646464109421
0.1967855542898178
0.09601540118455887
0.2106580138206482
0.35026228427886963
0.21396730840206146
0.08527164906263351
0.18860651552677155
0.21499314904212952
0.19654929637908936
0.29042747616767883
0.18968109786510468
0.12102184444665909
0.23396161198616028
0.2728515863418579
0.25881046056747437
0.20315778255462646
0.15122757852077484
0.0738741010427475
0.19274117052555084
0.14495760202407837
0.06147957220673561
0.15997759997844696
0.26578444242477417
0.13150084018707275
0.20165537297725677
0.25955694913864136
0.16807052493095398
0.05647171288728714
0.28279703855514526
0.1398642212152481
0.21259163320064545
0.1652834415435791
0.12875574827194214
0.14614711701869965
0.11468910425901413
0.3132167458534241
0.16659437119960785
0.21489641070365906
0.1355699598789215
0.2432360202074051
0.317082017660141
0.10095087438821793
0.10306243598461151
0.06223683804273605
0.2703670561313629
0.1941896229982376
0.11506091058254242
0.13714322447776794
0.16964995861053467
0.18495027720928192
0.10414057970046997
0.16822746396064758
0.20173731446266174
0.303053081035614
0.21573244035243988
0.13202853500843048
0.2220848649740219
0.08406767249107361
0.19825004041194916
0.2130253165960312
0.08865487575531006
0.13552342355251312
0.15703777968883514
0.18247057497501373
0.11053676158189774
0.13962030410766602
0.20136135816574097
0.16192230582237244
0.21177661418914795
0.1334049552679062
0.18346719443798065
0.06426823884248734
0.1574464738368988
0.2650529444217682
0.047531940042972565
0.20211713016033173
0.10671043395996094
0.09952362626791
0.09649195522069931
0.24149015545845032
0.018305320292711258
0.1956971138715744
0.08526583015918732
0.13359856605529785
0.15188027918338776
0.1605600118637085
0.14220865070819855
0.17106081545352936
0.14195293188095093
0.17212635278701782
0.3998478651046753
0.1149953231215477
0.35118839144706726
0.08790001273155212
0.20517782866954803
0.16036586463451385
0.19499188661575317
0.17657026648521423
0.10825780779123306
0.08073106408119202
0.3252103924751282
0.10472889244556427
0.1567351371049881
0.10014967620372772
0.15271121263504028
0.21780386567115784
0.06732997298240662
0.2186499536037445
0.08623559027910233
0.06399928033351898
0.09604115784168243
0.012281307950615883
0.17918646335601807
0.2163430154323578
0.2557429373264313
0.19030070304870605
0.12944532930850983
0.16936936974525452
0.1812119036912918
0.14792151749134064
0.044738367199897766
0.055855751037597656
0.12028577923774719
0.19944125413894653
0.18210840225219727
0.11408255994319916
0.3624400198459625
0.03254050761461258
0.24170561134815216
0.16040034592151642
0.08849840611219406
0.19694532454013824
0.15917834639549255
0.1827077716588974
0.024974297732114792
0.12225864827632904
0.3478337228298187
0.2412981241941452
0.18220776319503784
0.17267467081546783
0.17674019932746887
0.11337675899267197
0.16099725663661957
0.1811164766550064
0.14686018228530884
0.20147423446178436
0.14322905242443085
0.11277824640274048
0.227015420794487
0.2613072097301483
0.1674581915140152
0.22285088896751404
0.2335885614156723
0.19173066318035126
0.09919097274541855
0.11951287090778351
0.13119113445281982
0.06144704669713974
0.07321661710739136
0.30552971363067627
0.29052668809890747
0.22508208453655243
0.18931731581687927
0.15676918625831604
0.13694383203983307
0.09135496616363525
0.0995928943157196
0.2384568154811859
0.18662114441394806
0.06569063663482666
0.13387347757816315
0.1220124140381813
0.21064302325248718
0.24738219380378723
0.054055601358413696
0.1805582344532013
0.1379799246788025
0.23215655982494354
0.21015062928199768
0.19241076707839966
0.17668890953063965
0.15729065239429474
0.2590106725692749
0.23659981787204742
0.08994293212890625
0.22664687037467957
0.3509393036365509
0.24377863109111786
0.08412934839725494
0.11974640190601349
0.1969461888074875
0.14892056584358215
0.24488303065299988
0.1945229172706604
0.18072038888931274
0.13411612808704376
0.15485931932926178
0.11548794060945511
0.12380730360746384
0.11178353428840637
0.18204429745674133
0.22428376972675323
0.14976954460144043
0.22883792221546173
0.051364265382289886
0.10992997884750366
0.2418033629655838
0.05164191126823425
0.12366101890802383
0.15223734080791473
0.20390966534614563
0.23525288701057434
0.2013711780309677
0.22620390355587006
0.15654051303863525
0.2661536633968353
0.20664648711681366
0.16645994782447815
0.15810461342334747
0.2529297173023224
0.11122347414493561
0.17156851291656494
0.09894631803035736
0.1118154302239418
0.17852085828781128
0.17809119820594788
0.2692302465438843
0.16972103714942932
0.1960044652223587
0.13175052404403687
0.21736662089824677
0.22143618762493134
0.13193050026893616
0.09530860185623169
0.1480085849761963
0.3242581784725189
0.037568774074316025
0.09664959460496902
0.2152571827173233
0.04714777320623398
0.17483583092689514
0.2036862075328827
0.1530432403087616
0.1645037829875946
0.17177127301692963
0.14922188222408295
0.19457009434700012
0.1223205104470253
0.062178101390600204
0.14148491621017456
0.09741775691509247
0.015140991657972336
0.16784638166427612
0.12422731518745422
0.24228183925151825
0.03810419887304306
0.07628178596496582
0.141041100025177
0.11338335275650024
0.04563635587692261
0.09892144799232483
0.12445724010467529
0.33088552951812744
0.22618597745895386
0.1357128769159317
0.15510350465774536
0.13991880416870117
0.03927047550678253
0.13268767297267914
0.17002516984939575
0.12528733909130096
0.1481017917394638
0.0839846283197403
0.0655423179268837
0.16400544345378876
0.00204614014364779
0.4298606514930725
0.28204354643821716
0.12143151462078094
0.2610800564289093
0.08329439908266068
0.20420551300048828
0.13698764145374298
0.1134534627199173
0.0359124019742012
0.20276394486427307
0.021811457350850105
0.19226571917533875
0.04039592295885086
0.2476174235343933
0.07581931352615356
0.10800586640834808
0.1182740330696106
0.09764312952756882
0.16112756729125977
0.1442386955022812
0.19231541454792023
0.19988945126533508
0.3088039755821228
0.27774444222450256
0.11882273852825165
0.08974669128656387
0.09981586039066315
0.08129146695137024
0.0802004262804985
0.15275612473487854
0.11861547827720642
0.18479764461517334
0.14574655890464783
0.020527878776192665
0.07238106429576874
0.07147000730037689
0.12530694901943207
0.18218554556369781
0.04631641507148743
0.21890488266944885
0.16446973383426666
0.1926688253879547
0.25283682346343994
0.49849188327789307
0.19730648398399353
0.08670210838317871
0.13741940259933472
0.1360732614994049
0.19886749982833862
0.23910102248191833
0.23816446959972382
0.16070117056369781
0.19853855669498444
0.1552295982837677
0.06409123539924622
0.009193431586027145
0.05741513520479202
0.09225094318389893
0.20962996780872345
0.2802049219608307
0.1519971340894699
0.12852440774440765
0.2546486258506775
0.2518858313560486
0.11552972346544266
0.23175562918186188
0.27066633105278015
0.1729968935251236
0.19700120389461517
0.12767641246318817
0.22431783378124237
0.179696187376976
0.2699422836303711
0.16415391862392426
0.2619677186012268
0.08953624218702316
0.1812376081943512
0.20196346938610077
0.18341903388500214
0.07091627269983292
0.1986997276544571
0.11740374565124512
0.18242397904396057
0.1684226393699646
0.17033855617046356
0.18393442034721375
0.17457307875156403
0.15448832511901855
0.08947546780109406
0.24761751294136047
0.2004786729812622
0.19076845049858093
0.21924932301044464
0.022260377183556557
0.1517239511013031
0.13752038776874542
0.18801754713058472
0.149069145321846
0.14317938685417175
0.1111251637339592
0.37792155146598816
0.14626005291938782
0.2359694242477417
0.22969754040241241
0.23593921959400177
0.15480658411979675
0.22488483786582947
0.2531319558620453
0.19854721426963806
0.2551977038383484
0.2128724455833435
0.19166524708271027
0.16698390245437622
0.024691689759492874
0.13648585975170135
0.10247935354709625
0.07214753329753876
0.20599547028541565
0.0708950087428093
0.18334980309009552
0.2217959463596344
0.2069050371646881
0.2050853669643402
0.12028021365404129
0.10532894730567932
0.20570185780525208
0.1328616440296173
0.23464561998844147
0.21573960781097412
0.16823485493659973
0.12898500263690948
0.18787133693695068
0.20216402411460876
0.2539885342121124
0.22040949761867523
0.11103422194719315
0.2754090428352356
0.20010346174240112
0.19853100180625916
0.23150759935379028
0.3183542788028717
0.2200077325105667
0.04721365496516228
0.08236166834831238
0.3614097535610199
0.4031306803226471
0.14985448122024536
0.23040810227394104
0.13275286555290222
0.20203974843025208
0.21197140216827393
0.15697608888149261
0.11180296540260315
0.09951485693454742
0.22357836365699768
0.2643536925315857
0.1309535652399063
0.27198708057403564
0.14927497506141663
0.15271632373332977
0.19513584673404694
0.30450674891471863
0.2269173264503479
0.2010250687599182
0.31635594367980957
0.145516499876976
0.23891323804855347
0.15297460556030273
0.17347489297389984
0.11484410613775253
0.27871400117874146
0.1416037231683731
0.31884056329727173
0.27285248041152954
0.18259675800800323
0.2190338522195816
0.15724240243434906
0.2990283966064453
0.25061455368995667
0.14988403022289276
0.14564886689186096
0.14248283207416534
0.327682226896286
0.38149192929267883
0.3500024676322937
0.3060922622680664
0.26252514123916626
0.14064818620681763
0.2902953624725342
0.2780894637107849
0.08121473342180252
0.3148908019065857
0.041139960289001465
0.2749868631362915
0.25200387835502625
0.17345823347568512
0.1355665624141693
0.09034077078104019
0.26969829201698303
0.31831857562065125
0.1363883912563324
0.17697536945343018
0.2488551288843155
0.24543900787830353
0.11696998029947281
0.3358413577079773
0.3426351845264435
0.24361929297447205
0.15724767744541168
0.17207211256027222
0.2163086235523224
0.31450051069259644
0.25708290934562683
0.15913547575473785
0.05947208032011986
0.05215057358145714
0.08867327868938446
0.03767140209674835
0.21645896136760712
0.2699548900127411
0.03159963712096214
0.1441727727651596
0.07325257360935211
0.19251619279384613
0.30022817850112915
0.08803202956914902
0.17281541228294373
0.21601004898548126
0.2043968290090561
0.12520179152488708
0.3576490581035614
0.07644730806350708
0.14322979748249054
0.22530525922775269
0.15629063546657562
0.08756061643362045
0.2672732472419739
0.16174398362636566
0.08721917122602463
0.10156574845314026
0.07963979244232178
0.058181654661893845
0.15734919905662537
0.2823038697242737
0.09426752477884293
0.262384831905365
0.15761707723140717
0.12620830535888672
0.06874606758356094
0.06689520925283432
0.13138198852539062
0.0879635289311409
0.02940937504172325
0.17474596202373505
0.10806962847709656
0.30672916769981384
0.17424680292606354
0.17947503924369812
0.01812940090894699
0.1643936038017273
0.18993009626865387
0.13286399841308594
0.11119407415390015
0.08802305907011032
0.2561543881893158
0.1548008769750595
0.09943204373121262
0.16972365975379944
0.07197217643260956
0.02789909951388836
0.07645373046398163
0.07213811576366425
0.2026895433664322
0.31091251969337463
0.2567838728427887
0.16044530272483826
0.1858574002981186
0.18662318587303162
0.08623377233743668
0.16279156506061554
0.14899833500385284
0.15851964056491852
0.3382287919521332
0.24948535859584808
0.19302712380886078
0.10158694535493851
0.10643977671861649
0.22089411318302155
0.018219726160168648
0.10971684753894806
0.12895305454730988
0.25993970036506653
0.12363151460886002
0.20419561862945557
0.1398100107908249
0.1976165473461151
0.16914212703704834
0.3118281066417694
0.1857225000858307
0.1573803722858429
0.009095055982470512
0.17833638191223145
0.2325100153684616
0.1200319156050682
0.1010076031088829
0.25607171654701233
0.29214638471603394
0.09165870398283005
0.17541354894638062
0.17975793778896332
0.303189218044281
0.12440018355846405
0.1644306480884552
0.11896753311157227
0.03327636420726776
0.0993308573961258
0.06565894186496735
0.21027271449565887
0.19595986604690552
0.2400645911693573
0.19547152519226074
0.020404677838087082
0.21139873564243317
0.21746686100959778
0.1407981663942337
0.14376676082611084
0.1629435420036316
0.15421080589294434
0.1369522660970688
0.059630438685417175
0.20488008856773376
0.19176599383354187
0.0761178582906723
0.12576903402805328
0.26584646105766296
0.11877870559692383
0.2268245816230774
0.11902148276567459
0.2166360765695572
0.11903481930494308
0.36465728282928467
0.14516568183898926
0.1634071320295334
0.11943034827709198
0.0605238638818264
0.16395875811576843
0.029760222882032394
0.18165700137615204
0.28972798585891724
0.16353876888751984
0.2142380326986313
0.13899731636047363
0.19254882633686066
0.22687669098377228
0.2291560173034668
0.0667334496974945
0.19560499489307404
0.16573260724544525
0.10024548321962357
0.12280931323766708
0.21576663851737976
0.1469666063785553
0.18638673424720764
0.16909411549568176
0.12467694282531738
0.09425344318151474
0.03993989899754524
0.22749996185302734
0.17701518535614014
0.1841261237859726
0.22369423508644104
0.15075735747814178
0.19223946332931519
0.20124587416648865
0.11150839179754257
0.22765205800533295
0.15575893223285675
0.12881885468959808
0.232005774974823
0.13512055575847626
0.13786078989505768
0.17840617895126343
0.2993030846118927
0.19008515775203705
0.25037992000579834
0.19072873890399933
0.23592570424079895
0.207186758518219
0.14605703949928284
0.10208959877490997
0.17464032769203186
0.24341195821762085
0.27165481448173523
0.14471790194511414
0.21479471027851105
0.20325630903244019
0.04396483674645424
0.20062357187271118
0.24743017554283142
0.049447912722826004
0.20986676216125488
0.13998648524284363
0.1769772320985794
0.16669586300849915
0.13908223807811737
0.10779515653848648
0.034853819757699966
0.18605144321918488
0.1211019903421402
0.17166060209274292
0.23649659752845764
0.13347816467285156
0.1392759382724762
0.17758311331272125
0.08282873779535294
0.2872132956981659
0.3056696355342865
0.3632044494152069
0.15922191739082336
0.27596616744995117
0.032101165503263474
0.057249125093221664
0.21785591542720795
0.17828138172626495
0.2892983853816986
0.10632237046957016
0.2980196177959442
0.20809096097946167
0.2160615175962448
0.15529760718345642
0.2070983201265335
0.08883368968963623
0.23143693804740906
0.09778127074241638
0.18629370629787445
0.14343249797821045
0.2368098795413971
0.20000074803829193
0.18933454155921936
0.1972019374370575
0.29102396965026855
0.126775860786438
0.2526203989982605
0.26787126064300537
0.2561039924621582
0.11807505041360855
0.05807814374566078
0.24031171202659607
0.27239975333213806
0.13335652649402618
0.12117143720388412
0.18920783698558807
0.20711632072925568
0.12588094174861908
0.24064698815345764
0.015082376077771187
0.24549469351768494
0.20649176836013794
0.3275168836116791
0.16205237805843353
0.11979424953460693
0.17864705622196198
0.14499829709529877
0.251204252243042
0.23435281217098236
0.16230015456676483
0.2826004922389984
0.251010537147522
0.14763084053993225
0.12332457304000854
0.2707096338272095
0.206133171916008
0.16975124180316925
0.12833280861377716
0.33734130859375
0.13036324083805084
0.028820866718888283
0.4317744970321655
0.15073730051517487
0.1648465096950531
0.1702992171049118
0.24179291725158691
0.25996655225753784
0.1035575345158577
0.14171172678470612
0.1470860242843628
0.32794493436813354
0.1777840107679367
0.15650621056556702
0.13698984682559967
0.12040922045707703
0.1706712245941162
0.22071367502212524
0.22833022475242615
0.14928247034549713
0.11529041826725006
0.15360571444034576
0.13229452073574066
0.2217290699481964
0.1387675553560257
0.0955711156129837
0.2416599988937378
0.058505669236183167
0.07840146124362946
0.10868445038795471
0.14390860497951508
0.2379436045885086
0.2859880328178406
0.20289887487888336
0.19040650129318237
0.26226070523262024
0.1370536983013153
0.20904897153377533
0.0892006903886795
0.2322457879781723
0.21547827124595642
0.2505955100059509
0.21841692924499512
0.1886366456747055
0.19228480756282806
0.18526802957057953
0.12677375972270966
0.1291959285736084
0.17309768497943878
0.1440514624118805
0.18331950902938843
0.06409386545419693
0.10010303556919098
0.11654773354530334
0.20026929676532745
0.28145718574523926
0.18564212322235107
0.2352897822856903
0.20118364691734314
0.15564672648906708
0.09205621480941772
0.18903353810310364
0.10277009010314941
0.08279644697904587
0.1009870320558548
0.2558794319629669
0.1136774867773056
0.1757560819387436
0.25961947441101074
0.19023370742797852
0.195566326379776
0.20905238389968872
0.12446567416191101
0.22507749497890472
0.04114016517996788
0.23012284934520721
0.33468079566955566
0.241169273853302
0.18330906331539154
0.22626158595085144
0.09766611456871033
0.4000590145587921
0.12330549210309982
0.05818880349397659
0.2198096215724945
0.16816501319408417
0.19959591329097748
0.2378361076116562
0.12758229672908783
0.19173777103424072
0.2129049301147461
0.07506170868873596
0.09551187604665756
0.18592222034931183
0.169274240732193
0.1045927032828331
0.1139366552233696
0.07662475854158401
0.29957348108291626
0.2557956576347351
0.09895883500576019
0.1930636167526245
0.11644507944583893
0.06623557209968567
0.06163918972015381
0.11965565383434296
0.1159110814332962
0.017108667641878128
0.26685136556625366
0.20708689093589783
0.16365866363048553
0.10038427263498306
0.18664085865020752
0.026935527101159096
0.21701054275035858
0.18420366942882538
0.26276007294654846
0.2189013659954071
0.38962844014167786
0.17498423159122467
0.19177186489105225
0.2032099813222885
0.10272298753261566
0.10047493129968643
0.06586010754108429
0.10806028544902802
0.49412819743156433
0.3491465151309967
0.20486600697040558
0.1524963080883026
0.1252964735031128
0.2404429167509079
0.15279747545719147
0.061251573264598846
0.15716348588466644
0.18169911205768585
0.06057611480355263
0.2997100055217743
0.2562697231769562
0.08170773833990097
0.23815099895000458
0.18014070391654968
0.22494079172611237
0.13825519382953644
0.17922855913639069
0.132688969373703
0.3169819414615631
0.25298792123794556
0.13575473427772522
0.12282755970954895
0.30523553490638733
0.17701995372772217
0.2291223704814911
0.1002345085144043
0.16878898441791534
0.2129432111978531
0.07001133263111115
0.3089633584022522
0.19169455766677856
0.1308794617652893
0.1628587543964386
0.2557581961154938
0.11188505589962006
0.19344550371170044
0.11856622993946075
0.054493214935064316
0.12892842292785645
0.15291783213615417
0.1959691196680069
0.13865844905376434
0.27971479296684265
0.324555903673172
0.17473384737968445
0.2675139904022217
0.19854754209518433
0.20556823909282684
0.06851211190223694
0.18083031475543976
0.20504748821258545
0.06529834866523743
0.21872906386852264
0.20798064768314362
0.35867607593536377
0.21004092693328857
0.2122085690498352
0.19812166690826416
0.14334653317928314
0.03203854709863663
0.23593580722808838
0.14634662866592407
0.30808743834495544
0.2694145143032074
0.028065575286746025
0.19292978942394257
0.13972967863082886
0.13052964210510254
0.22944524884223938
0.228382870554924
0.2713887393474579
0.10370692610740662
0.2706047594547272
0.14642615616321564
0.1941806524991989
0.2180500328540802
0.20876115560531616
0.3349931240081787
0.17006583511829376
0.2982975244522095
0.26742327213287354
0.21670734882354736
0.12074369192123413
0.080937460064888
0.19105619192123413
0.28826749324798584
0.14286644756793976
0.17617014050483704
0.40473446249961853
0.0702311247587204
0.15642909705638885
0.1585991084575653
0.2364337295293808
0.12256678938865662
0.38818737864494324
0.22359506785869598
0.28027087450027466
0.0799652561545372
0.1442764550447464
0.042171232402324677
0.06983499974012375
0.2816605567932129
0.2621670067310333
0.24703651666641235
0.16312026977539062
0.1576119065284729
0.27318274974823
0.1764407753944397
0.18193979561328888
0.1256834715604782
0.10586247593164444
0.189596489071846
0.2894303500652313
0.3091607689857483
0.27083128690719604
0.12316176295280457
0.23187761008739471
0.1453039050102234
0.17309850454330444
0.14012625813484192
0.12768305838108063
0.1902562379837036
0.12655392289161682
0.1278572827577591
0.24367859959602356
0.25887149572372437
0.18754316866397858
0.2014252096414566
0.10842206329107285
0.2314872294664383
0.1720014214515686
0.204692542552948
0.20083221793174744
0.22903816401958466
0.11764080822467804
0.1378282606601715
0.1410055011510849
0.15541228652000427
0.12943342328071594
0.24231939017772675
0.19055083394050598
0.2526741921901703
0.2349320352077484
0.224676713347435
0.03853512182831764
0.21372869610786438
0.2408725470304489
0.2044401466846466
0.142533078789711
0.1238149106502533
0.008728072047233582
0.19221365451812744
0.02301693707704544
0.13896025717258453
0.10383063554763794
0.06858498603105545
0.17297258973121643
0.19489938020706177
0.23131020367145538
0.06715166568756104
0.06279509514570236
0.16317710280418396
0.1599787026643753
0.2553219497203827
0.1293632984161377
0.19238539040088654
0.172917902469635
0.2407330721616745
0.17843478918075562
0.2161223441362381
0.17497345805168152
0.15753303468227386
0.10758060216903687
0.438949316740036
0.18008150160312653
0.20646563172340393
0.20320406556129456
0.12914881110191345
0.14688065648078918
0.15863078832626343
0.11539877206087112
0.15638382732868195
0.13256751000881195
0.11626065522432327
0.10224886983633041
0.06849575787782669
0.2625601291656494
0.20756207406520844
0.3299206793308258
0.18099884688854218
0.35512202978134155
0.18448597192764282
0.16621586680412292
0.2696208357810974
0.2340751737356186
0.21316753327846527
0.126633420586586
0.1734723299741745
0.2948181629180908
0.310982882976532
0.23456606268882751
0.08860490471124649
0.17835074663162231
0.12183547765016556
0.1863156259059906
0.07829763740301132
0.11874955147504807
0.10567685961723328
0.004738654941320419
0.13931278884410858
0.07578571140766144
0.23888035118579865
0.1622024029493332
0.22313840687274933
0.1647263765335083
0.103772833943367
0.09033772349357605
0.2045292854309082
0.21155312657356262
0.23760339617729187
0.2234189212322235
0.21318715810775757
0.18325814604759216
0.13691461086273193
0.2569468915462494
0.1396474391222
0.11712314188480377
0.1198340356349945
0.10924645513296127
0.2098831981420517
0.19659453630447388
0.19213584065437317
0.1654594987630844
0.17801839113235474
0.2202097326517105
0.1916394829750061
0.11812322586774826
0.25781792402267456
0.2002449780702591
0.22958093881607056
0.22048793733119965
0.2163275182247162
0.17808234691619873
0.21605391800403595
0.21847441792488098
0.09715916961431503
0.25184133648872375
0.2811059355735779
0.27280449867248535
0.12316139787435532
0.054372429847717285
0.18764136731624603
0.025183113291859627
0.2143324315547943
0.25285041332244873
0.4029085040092468
0.18250198662281036
0.08934972435235977
0.13369430601596832
0.3469984531402588
0.21287621557712555
0.2423713058233261
0.07926088571548462
0.08364081382751465
0.19420915842056274
0.08306008577346802
0.19192205369472504
0.1053968071937561
0.012540490366518497
0.1898507922887802
0.2987344264984131
0.1884383112192154
0.2501719295978546
0.18196389079093933
0.0941959097981453
0.16302770376205444
0.09987960755825043
0.19351890683174133
0.216037780046463
0.1118093878030777
0.09291360527276993
0.13923023641109467
0.12689551711082458
0.21683242917060852
0.189370796084404
0.1853884607553482
0.19220297038555145
0.2101256549358368
0.09933143854141235
0.22856540977954865
0.09951469302177429
0.18382692337036133
0.11630288511514664
0.07673072814941406
0.15370990335941315
0.10128366202116013
0.09845032542943954
0.2741398215293884
0.18708695471286774
0.23838141560554504
0.26926910877227783
0.16150504350662231
0.11334970593452454
0.2024640440940857
0.2558264136314392
0.18725165724754333
0.24490931630134583
0.17473670840263367
0.10900826007127762
0.10838062316179276
0.010191278532147408
0.19202081859111786
0.251030296087265
0.18763071298599243
0.0891651064157486
0.09635293483734131
0.30122795701026917
0.1525372713804245
0.06077026203274727
0.17336714267730713
0.17118486762046814
0.19786158204078674
0.18612711131572723
0.10229803621768951
0.08174347877502441
0.10904306918382645
0.17732152342796326
0.27426353096961975
0.13455833494663239
0.1578959822654724
0.16414469480514526
0.17746147513389587
0.24804317951202393
0.18482089042663574
0.28790178894996643
0.2076246440410614
0.227943554520607
0.05751938000321388
0.5117723345756531
0.12333172559738159
0.11059197783470154
0.39233916997909546
0.039067741483449936
0.31402289867401123
0.3029540181159973
0.10239657759666443
0.10219132155179977
0.19931210577487946
0.040225446224212646
0.2198527455329895
0.15639664232730865
0.18037045001983643
0.17245793342590332
0.4752120077610016
0.03556139022111893
0.16166535019874573
0.22984492778778076
0.3119886517524719
0.1631566882133484
0.2651454210281372
0.16126184165477753
0.25711002945899963
0.22452129423618317
0.09835725277662277
0.0703042596578598
0.27585718035697937
0.3506203889846802
0.19895920157432556
0.1923653930425644
0.04928947240114212
0.2712427079677582
0.1322704404592514
0.04576992243528366
0.269679993391037
0.21026481688022614
0.24710659682750702
0.2075287401676178
0.18605656921863556
0.2780395448207855
0.21368522942066193
0.11559545248746872
0.18352214992046356
0.13344155251979828
0.16020241379737854
0.03403060883283615
0.0981401652097702
0.23481909930706024
0.04789511859416962
0.09405584633350372
0.19697290658950806
0.1131870225071907
0.170135498046875
0.1713671088218689
0.16064999997615814
0.021092988550662994
0.15335507690906525
0.2672005593776703
0.14755100011825562
0.06738624721765518
0.16996179521083832
0.3391464054584503
0.24843522906303406
0.256075918674469
0.1275263875722885
0.02135065570473671
0.0858486071228981
0.19078215956687927
0.23738069832324982
0.3107118308544159
0.08411742746829987
0.18552236258983612
0.1648254543542862
0.2489398866891861
0.18115752935409546
0.13038673996925354
0.08503628522157669
0.43091750144958496
0.22313721477985382
0.23409178853034973
0.24420978128910065
0.25626927614212036
0.17262756824493408
0.2267736792564392
0.2359589785337448
0.1350451558828354
0.3146432042121887
0.05744274705648422
0.17907705903053284
0.11699265241622925
0.13200883567333221
0.22709675133228302
0.20547960698604584
0.056746985763311386
0.16450634598731995
0.5708891153335571
0.18893782794475555
0.162397101521492
0.13834038376808167
0.144303560256958
0.28376254439353943
0.1310766637325287
0.15098832547664642
0.0750080868601799
0.16722746193408966
0.16189496219158173
0.20115363597869873
0.2307460904121399
0.18460644781589508
0.21929100155830383
0.21018636226654053
0.3416808843612671
0.1552133560180664
0.26618465781211853
0.24537469446659088
0.19968508183956146
0.25518330931663513
0.1200997605919838
0.12977458536624908
0.04648333415389061
0.24143029749393463
0.26921945810317993
0.21200400590896606
0.23033356666564941
0.14433130621910095
0.2857859432697296
0.20558662712574005
0.26575812697410583
0.15242727100849152
0.07513660192489624
0.07749084383249283
0.3467470407485962
0.25130733847618103
0.2596395015716553
0.24409061670303345
0.14895743131637573
0.13398534059524536
0.147277370095253
0.11547846347093582
0.13761942088603973
0.14512626826763153
0.5006304979324341
0.3020607531070709
0.27116861939430237
0.09917126595973969
0.39262592792510986
0.20102038979530334
0.22217172384262085
0.14512719213962555
0.04953491687774658
0.12624628841876984
0.21790777146816254
0.18014556169509888
0.20295561850070953
0.22410926222801208
0.018506117165088654
0.14694944024085999
0.09835514426231384
0.21707196533679962
0.10494481772184372
0.01475143525749445
0.19814074039459229
0.33666864037513733
0.07615559548139572
0.24215170741081238
0.12083958089351654
0.2077811062335968
0.37626025080680847
0.2956819534301758
0.051042746752500534
0.23430457711219788
0.12898722290992737
0.1577959805727005
0.13741371035575867
0.3235477805137634
0.22921137511730194
0.128801167011261
0.11780887097120285
0.15805573761463165
0.17848879098892212
0.12486076354980469
0.15045182406902313
0.2335638552904129
0.1859664022922516
0.07598913460969925
0.13352501392364502
0.17543482780456543
0.1973482370376587
0.19475817680358887
0.22832927107810974
0.04154195263981819
0.10513082891702652
0.2457457333803177
0.04185773432254791
0.11006539314985275
0.13414834439754486
0.10418451577425003
0.2585373818874359
0.17477500438690186
0.0904497355222702
0.025352586060762405
0.0644076019525528
0.14593490958213806
0.1011531725525856
0.10258559882640839
0.1852375715970993
0.1530977040529251
0.10026491433382034
0.179961159825325
0.1904744952917099
0.13104115426540375
0.24828223884105682
0.22907604277133942
0.19599589705467224
0.20182417333126068
0.15901166200637817
0.16134124994277954
0.2153816521167755
0.237791508436203
0.14473170042037964
0.18900036811828613
0.19160562753677368
0.2667919397354126
0.1247236430644989
0.21559526026248932
0.14490583539009094
0.20770876109600067
0.034246109426021576
0.23874975740909576
0.19929493963718414
0.18280915915966034
0.037754252552986145
0.11166026443243027
0.22389252483844757
0.23779217898845673
0.24656659364700317
0.05074938014149666
0.27680662274360657
0.1236841157078743
0.2675834596157074
0.26225546002388
0.16070756316184998
0.26443466544151306
0.15644238889217377
0.019401244819164276
0.3094079792499542
0.1643606722354889
0.06952632963657379
0.18192808330059052
0.03090336173772812
0.21220260858535767
0.1004292219877243
0.16671478748321533
0.16405750811100006
0.1960044950246811
0.08382702618837357
0.15731218457221985
0.215824693441391
0.014081897214055061
0.2413346916437149
0.24162262678146362
0.20087939500808716
0.14026524126529694
0.12945663928985596
0.23224103450775146
0.20472607016563416
0.2002081274986267
0.22402028739452362
0.01138997357338667
0.08029165118932724
0.16842025518417358
0.2135682851076126
0.23740246891975403
0.2998126149177551
0.12933263182640076
0.17958827316761017
0.1597004234790802
0.22480207681655884
0.28129419684410095
0.10691877454519272
0.14544221758842468
0.013973250985145569
0.20308884978294373
0.12953707575798035
0.17855775356292725
0.08561688661575317
0.1545519083738327
0.20115908980369568
0.10303416103124619
0.17783024907112122
0.12315820157527924
0.23725968599319458
0.11454711109399796
0.18456387519836426
0.1878906786441803
0.14295965433120728
0.15254057943820953
0.12497392296791077
0.11867186427116394
0.1934293657541275
0.26075273752212524
0.17985935509204865
0.15472114086151123
0.03421670198440552
0.16373585164546967
0.16871784627437592
0.246405690908432
0.060598768293857574
0.08653572201728821
0.05902637913823128
0.3078380823135376
0.1505536139011383
0.18406563997268677
0.1820177584886551
0.19874563813209534
0.1920805722475052
0.11484634876251221
0.15495038032531738
0.056914303451776505
0.16549502313137054
0.16444255411624908
0.12336418777704239
0.11132505536079407
0.2248128205537796
0.07200592756271362
0.013320207595825195
0.11950822919607162
0.1340956687927246
0.2360449880361557
0.04334864020347595
0.2741774618625641
0.054225485771894455
0.18458610773086548
0.13787320256233215
0.2073245346546173
0.24344995617866516
0.285472571849823
0.15884125232696533
0.25960230827331543
0.14116224646568298
0.08284622430801392
0.15884239971637726
0.08399083465337753
0.08408274501562119
0.217659130692482
0.1873646229505539
0.00677125621587038
0.10141810029745102
0.05331627279520035
0.23497247695922852
0.25021421909332275
0.2778031826019287
0.25648993253707886
0.053586751222610474
0.19034069776535034
0.22920504212379456
0.13959012925624847
0.09449349343776703
0.10981003940105438
0.07216373085975647
0.1000627651810646
0.18765677511692047
0.1433369368314743
0.17929993569850922
0.15469560027122498
0.19876548647880554
0.19362859427928925
0.18988586962223053
0.20681467652320862
0.039627544581890106
0.16246634721755981
0.13825462758541107
0.09590013325214386
0.13721632957458496
0.1360495686531067
0.13267816603183746
0.21973685920238495
0.1936262547969818
0.1800699383020401
0.3110544681549072
0.2710724174976349
0.2128293812274933
0.22312939167022705
0.15112994611263275
0.052094295620918274
0.23661690950393677
0.2466719150543213
0.14210103452205658
0.2183472365140915
0.0306780356913805
0.0737580880522728
0.18125306069850922
0.12882602214813232
0.16952313482761383
0.1760379672050476
0.17510510981082916
0.20789740979671478
0.09385301172733307
0.01964043825864792
0.2093859761953354
0.13471072912216187
0.12253342568874359
0.057143159210681915
0.23628269135951996
0.20992326736450195
0.06378160417079926
0.04226604849100113
0.2116633653640747
0.11235567927360535
0.12803953886032104
0.10595308989286423
0.3405448794364929
0.19150617718696594
0.19755502045154572
0.1111605167388916
0.1715623438358307
0.13289758563041687
0.12492558360099792
0.35969722270965576
0.1554488092660904
0.1502864509820938
0.20012344419956207
0.1883496195077896
0.2447250783443451
0.17391608655452728
0.29377371072769165
0.15956652164459229
0.29631391167640686
0.9792243242263794
0.17143090069293976
0.028789041563868523
0.13191746175289154
0.184223935008049
0.23341551423072815
0.018333958461880684
0.01977888122200966
0.1359073668718338
0.08638983964920044
0.07062656432390213
0.09107671678066254
0.2189159095287323
0.17095354199409485
0.20676346123218536
0.2368645817041397
0.089975506067276
0.11637904495000839
0.057478345930576324
0.1675320267677307
0.12269054353237152
0.27931830286979675
0.07562515884637833
0.16690972447395325
0.1462077498435974
0.17612989246845245
0.23019284009933472
0.11529455333948135
0.26224178075790405
0.20211496949195862
0.13910804688930511
0.07474035769701004
0.09104683995246887
0.12470231205224991
0.03239269182085991
0.17970536649227142
0.01752762496471405
0.13686276972293854
0.2307717651128769
0.057486698031425476
0.27424100041389465
0.2930757701396942
0.24838615953922272
0.14291532337665558
0.048986271023750305
0.06490448862314224
0.09292083978652954
0.13563008606433868
0.1213427186012268
0.13659590482711792
0.283864825963974
0.1640368103981018
0.2093154937028885
0.18926937878131866
0.17422038316726685
0.18586593866348267
0.030842948704957962
0.05408600717782974
0.20285391807556152
0.18790006637573242
0.21695107221603394
0.16499030590057373
0.3109303414821625
0.11244376748800278
0.03376337140798569
0.05901766195893288
0.017893502488732338
0.10029240697622299
0.17326217889785767
0.21562092006206512
0.07463204860687256
0.20470590889453888
0.17708779871463776
0.02139137126505375
0.1484881341457367
0.14796054363250732
0.24040694534778595
0.15334868431091309
0.22960665822029114
0.11622940003871918
0.44409552216529846
0.20532681047916412
0.1064094603061676
0.08484406024217606
0.17218290269374847
0.21497869491577148
0.16188611090183258
0.09548810124397278
0.09847273677587509
0.14811377227306366
0.20335201919078827
0.2126455456018448
0.10394944250583649
0.233158677816391
0.16707469522953033
0.10358846932649612
0.16802772879600525
0.18736930191516876
0.06256569921970367
0.1494830995798111
0.3330191373825073
0.1903589814901352
0.20579737424850464
0.2467014044523239
0.2114475965499878
0.17646490037441254
0.07911171019077301
0.1022925153374672
0.05742456763982773
0.22697708010673523
0.1390766203403473
0.11452722549438477
0.021452508866786957
0.09150832891464233
0.24266964197158813
0.06320061534643173
0.10464276373386383
0.18853314220905304
0.01068524643778801
0.10621988773345947
0.20462043583393097
0.06261687725782394
0.06963092088699341
0.2808057367801666
0.2350212037563324
0.1870451718568802
0.016978204250335693
0.07733635604381561
0.152875617146492
0.12355972081422806
0.32003653049468994
0.19042465090751648
0.0906670093536377
0.16047753393650055
0.12071166932582855
0.16482864320278168
0.09566354751586914
0.006340459920465946
0.20774835348129272
0.2621341645717621
0.05202454701066017
0.1506899893283844
0.14363162219524384
0.10334499180316925
0.20398841798305511
0.13682463765144348
0.082502081990242
0.15806131064891815
0.2311735451221466
0.07865474373102188
0.2179672122001648
0.16217799484729767
0.06620460003614426
0.17905719578266144
0.12153991311788559
0.13685983419418335
0.20252881944179535
0.22080937027931213
0.13316424190998077
0.22855520248413086
0.12444670498371124
0.1481211930513382
0.2194979339838028
0.10630384087562561
0.183855339884758
0.11572439223527908
0.06738674640655518
0.23585139214992523
0.32865163683891296
0.21959912776947021
0.2508337199687958
0.3229094445705414
0.12326165288686752
0.1679372936487198
0.21329328417778015
0.17578214406967163
0.14491143822669983
0.23356293141841888
0.198975071310997
0.14061234891414642
0.16211731731891632
0.07648496329784393
0.26050522923469543
0.2115311622619629
0.11399587988853455
0.19069582223892212
0.12139219045639038
0.15263253450393677
0.2356925904750824
0.20676259696483612
0.26208239793777466
0.07999086380004883
0.2074030339717865
0.11621645092964172
0.14068523049354553
0.19315633177757263
0.18115445971488953
0.1303727924823761
0.11204110085964203
0.17985133826732635
0.11596127599477768
0.20166215300559998
0.03655409440398216
0.1166636049747467
0.18827958405017853
0.16433727741241455
0.09310124814510345
0.18842211365699768
0.20670492947101593
0.02575041726231575
0.13423074781894684
0.09941171854734421
0.2236853539943695
0.09011860936880112
0.07438115775585175
0.05254414305090904
0.1762218475341797
0.4235163629055023
0.20681534707546234
0.2409989982843399
0.19208401441574097
0.1648981273174286
0.2319880574941635
0.1727469563484192
0.13511012494564056
0.10434170067310333
0.10180322825908661
0.17134375870227814
0.3765672445297241
0.11329446732997894
0.016027294099330902
0.06442524492740631
0.06270582973957062
0.18081122636795044
0.1255134642124176
0.18517160415649414
0.12185326218605042
0.16803869605064392
0.1752527356147766
0.20524513721466064
0.02501732110977173
0.12277418375015259
0.14203259348869324
0.13473664224147797
0.1526443213224411
0.11834864318370819
0.24476222693920135
0.07563985139131546
0.1669258177280426
0.11270943284034729
0.07949433475732803
0.18771274387836456
0.2093157172203064
0.007223330903798342
0.10686854273080826
0.1425844132900238
0.19375702738761902
0.03266393765807152
0.14246618747711182
0.2302144318819046
0.05711635947227478
0.18304726481437683
0.2766299247741699
0.22808051109313965
0.1200605183839798
0.02136990800499916
0.13208764791488647
0.18908542394638062
0.15643911063671112
0.06471143662929535
0.11160706728696823
0.21070095896720886
0.09001439809799194
0.08764392137527466
0.19020843505859375
0.2161213755607605
0.11237134784460068
0.08449820429086685
0.03626537695527077
0.14854100346565247
0.20389460027217865
0.07181380689144135
0.16744489967823029
0.1757548451423645
0.19505096971988678
0.13717642426490784
0.2755591869354248
0.06135367974638939
0.21534515917301178
0.27246731519699097
0.14788196980953217
0.22960498929023743
0.06466047465801239
0.08530787378549576
0.17783072590827942
0.04728540778160095
0.11876882612705231
0.17841437458992004
0.11129650473594666
0.2033272087574005
0.10177641361951828
0.10330182313919067
0.0820990800857544
0.21723707020282745
0.18435710668563843
0.2570945620536804
0.1566552072763443
0.22479823231697083
0.09136566519737244
0.17871281504631042
0.1810861974954605
0.11839094758033752
0.17332598567008972
0.12130799144506454
0.17133522033691406
0.1328383982181549
0.10294672101736069
0.18237712979316711
0.17426303029060364
0.10818037390708923
0.22186414897441864
0.18272048234939575
0.2492114156484604
0.16361838579177856
0.2130109965801239
0.034752000123262405
0.1503678262233734
0.013787058182060719
0.1537012755870819
0.21553972363471985
0.1935831904411316
0.09117943048477173
0.11705148220062256
0.21655674278736115
0.1448030322790146
0.26877301931381226
0.20001959800720215
0.10537491738796234
0.062444187700748444
0.15611088275909424
0.21430732309818268
0.2911641299724579
0.11097703874111176
0.13388654589653015
0.21516908705234528
0.13660866022109985
0.1942029744386673
0.16858786344528198
0.16112253069877625
0.1826215237379074
0.15236563980579376
0.4340679347515106
0.13033610582351685
0.15964272618293762
0.14082667231559753
0.15837536752223969
0.12746842205524445
0.11483607441186905
0.06964316219091415
0.18060414493083954
0.09532910585403442
0.09834403544664383
0.21410174667835236
0.05825600028038025
0.18383148312568665
0.2414281666278839
0.23411226272583008
0.17917156219482422
0.1832825243473053
0.4276374876499176
0.11255346238613129
0.1622532606124878
0.22562885284423828
0.04020224139094353
0.11970873177051544
0.11758176982402802
0.0798507109284401
0.16460272669792175
0.263068825006485
0.22147247195243835
0.06849581003189087
0.13074497878551483
0.18008674681186676
0.09757360816001892
0.19068580865859985
0.11997206509113312
0.1985602229833603
0.18000853061676025
0.12410687655210495
0.15301096439361572
0.06715671718120575
0.10543839633464813
0.1323729008436203
0.17000746726989746
0.0950535386800766
0.19873455166816711
0.1823015660047531
0.21814683079719543
0.09172375500202179
0.053721826523542404
0.11222723871469498
0.18441811203956604
0.17667189240455627
0.14536036550998688
0.08224648237228394
0.17023639380931854
0.20966166257858276
0.1115221381187439
0.3154081106185913
0.05148099735379219
0.24967889487743378
0.1655196249485016
0.17090658843517303
0.15499868988990784
0.02423667535185814
0.31654128432273865
0.2666034400463104
0.2426137626171112
0.22559727728366852
0.04199179634451866
0.28463467955589294
0.09659017622470856
0.23773451149463654
0.10918904840946198
0.17055511474609375
0.11875348538160324
0.1542687565088272
0.14016053080558777
0.16077430546283722
0.13703389465808868
0.07593193650245667
0.09341545403003693
0.21177181601524353
0.10884755104780197
0.09288911521434784
0.23051968216896057
0.061792969703674316
0.12635594606399536
0.21507075428962708
0.13522329926490784
0.3037842810153961
0.17707055807113647
0.1742526739835739
0.08216547220945358
0.28076303005218506
0.09523200243711472
0.10148592293262482
0.22773778438568115
0.03641694039106369
0.12257654964923859
0.1843615174293518
0.05456304922699928
0.1518675982952118
0.2272718846797943
0.09493981301784515
0.1691010594367981
0.2685961127281189
0.18024398386478424
0.16788630187511444
0.09524919092655182
0.1663793921470642
0.12646368145942688
0.17344242334365845
0.12446857988834381
0.25191786885261536
0.20977318286895752
0.19613143801689148
0.15417754650115967
0.1027800664305687
0.0830969512462616
0.22712285816669464
0.13709041476249695
0.1657543182373047
0.17856848239898682
0.18965576589107513
0.11820115149021149
0.1862238645553589
0.1644032746553421
0.08404321223497391
0.1890009045600891
0.1535300314426422
0.14553862810134888
0.08525082468986511
0.07413458824157715
0.11531699448823929
0.16870731115341187
0.2480769008398056
0.11815237998962402
0.13882753252983093
0.08912467956542969
0.04309437423944473
0.2196665108203888
0.2081235647201538
0.20009268820285797
0.0991225391626358
0.08973821997642517
0.07198945432901382
0.07304356247186661
0.11802627146244049
0.16484105587005615
0.18297651410102844
0.08842413872480392
0.09422291070222855
0.22482961416244507
0.08564824610948563
0.19006802141666412
0.49344247579574585
0.1593105047941208
0.10745036602020264
0.04749530553817749
0.19359755516052246
0.24943143129348755
0.1417926847934723
0.1539020836353302
0.13117201626300812
0.28933224081993103
0.31367120146751404
0.14570945501327515
0.13471290469169617
0.24772441387176514
0.04943281039595604
0.21293583512306213
0.16415221989154816
0.14210882782936096
0.16524231433868408
0.269183486700058
0.21305438876152039
0.09256429970264435
0.1282343864440918
0.12865537405014038
0.13891398906707764
0.2561802268028259
0.17124265432357788
0.2284599244594574
0.17117689549922943
0.09046944230794907
0.12462722510099411
0.220014750957489
0.2059425562620163
0.20455317199230194
0.09519649296998978
0.18235738575458527
0.20087701082229614
0.05863244831562042
0.17347536981105804
0.1862509548664093
0.18581002950668335
0.13399390876293182
0.19460342824459076
0.08497112989425659
0.16008485853672028
0.22771351039409637
0.1535205990076065
0.06723874807357788
0.1172705665230751
0.1195543110370636
0.23617155849933624
0.12597115337848663
0.24215291440486908
0.13452541828155518
0.13209626078605652
0.27848225831985474
0.09634020179510117
0.081052765250206
0.21457445621490479
0.2058190256357193
0.18779397010803223
0.1447143852710724
0.06733004748821259
0.17903107404708862
0.19248121976852417
0.13352376222610474
0.09600982815027237
0.05709696188569069
0.21865497529506683
0.09621379524469376
0.1570032238960266
0.14728862047195435
0.12812699377536774
0.18744520843029022
0.2130012959241867
0.1293080896139145
0.15634161233901978
0.07268377393484116
0.25518056750297546
0.14944615960121155
0.11783301085233688
0.08552706986665726
0.13509871065616608
0.2699950337409973
0.2240624576807022
0.08991742134094238
0.155710369348526
0.01891127973794937
0.3059992492198944
0.07822009176015854
0.08748269826173782
0.1884988248348236
0.31991028785705566
0.06452400982379913
0.08590611070394516
0.22498632967472076
0.20860426127910614
0.3390599489212036
0.08976666629314423
0.24999742209911346
0.10834650695323944
0.10825339704751968
0.062341317534446716
0.22198191285133362
0.20873194932937622
0.06580132246017456
0.13818956911563873
0.08391284942626953
0.11294383555650711
0.20581939816474915
0.16442587971687317
0.2435542196035385
0.12503179907798767
0.11086869239807129
0.18920642137527466
0.11663883924484253
0.14583638310432434
0.1477685421705246
0.152337446808815
0.2457641214132309
0.17357489466667175
0.13451598584651947
0.25031960010528564
0.21401835978031158
0.12372424453496933
0.0918789952993393
0.10267012566328049
0.1712319254875183
0.02939363196492195
0.24603408575057983
0.12986823916435242
0.3016790449619293
0.15999329090118408
0.1353619247674942
0.1339503526687622
0.11043364554643631
0.20625372231006622
0.08496537059545517
0.17100831866264343
0.21068306267261505
0.1436762809753418
0.21918989717960358
0.1613103449344635
0.20005559921264648
0.0780663937330246
0.052301641553640366
0.14237575232982635
0.14628414809703827
0.08677095174789429
0.06499636173248291
0.11406992375850677
0.05331732705235481
0.08613522350788116
0.10076755285263062
0.1410069763660431
0.10721685737371445
0.001820969395339489
0.1349618285894394
0.15640966594219208
0.25513723492622375
0.3495888113975525
0.18753682076931
0.16967204213142395
0.09409656375646591
0.11931273341178894
0.18250544369220734
0.10602717101573944
0.1890701800584793
0.1091635525226593
0.29267168045043945
0.14072611927986145
0.27390241622924805
0.16182789206504822
0.22432008385658264
0.06101955473423004
0.17380492389202118
0.16339752078056335
0.21691444516181946
0.016793332993984222
0.22106406092643738
0.16040320694446564
0.16395428776741028
0.19597043097019196
0.2853066623210907
0.17049139738082886
0.15475162863731384
0.30303463339805603
0.4109533131122589
0.18548132479190826
0.0648210421204567
0.19866353273391724
0.16064542531967163
0.13276885449886322
0.17392781376838684
0.10687123239040375
0.13215430080890656
0.21114031970500946
0.08424977213144302
0.11586250364780426
0.1264142096042633
0.1419520378112793
0.16745230555534363
0.13825803995132446
0.07340213656425476
0.15594695508480072
0.09538577497005463
0.18204748630523682
0.12037715315818787
0.17079979181289673
0.09101467579603195
0.23215489089488983
0.024222157895565033
0.16664095222949982
0.251542866230011
0.02442145347595215
0.09672915190458298
0.11127886176109314
0.12909778952598572
0.013626335188746452
0.12160695344209671
0.11416640132665634
0.13390454649925232
0.0629226565361023
0.16476890444755554
0.1645500808954239
0.35864776372909546
0.0480741523206234
0.20424652099609375
0.1771148145198822
0.0840703696012497
0.15078815817832947
0.33366599678993225
0.21152761578559875
0.0895291194319725
0.20934686064720154
0.1452273279428482
0.12341814488172531
0.20279964804649353
0.22169852256774902
0.17359183728694916
0.2502756118774414
0.12658566236495972
0.19118940830230713
0.1968984752893448
0.14608415961265564
0.17685657739639282
0.10188678652048111
0.2680920362472534
0.06884944438934326
0.257089763879776
0.16389988362789154
0.23662985861301422
0.18959833681583405
0.08631525188684464
0.16927441954612732
0.11098509281873703
0.3078983426094055
0.27803242206573486
0.1775875687599182
0.11910256743431091
0.2551586329936981
0.216097891330719
0.07302334904670715
0.14719073474407196
0.19652311503887177
0.09281795471906662
0.12100084125995636
0.18462595343589783
0.1348048746585846
0.1169797033071518
0.14848841726779938
0.0835147425532341
0.16072405874729156
0.24626970291137695
0.12300174683332443
0.19708727300167084
0.27860572934150696
0.14117629826068878
0.08181321620941162
0.1550007164478302
0.23093144595623016
0.0987168401479721
0.22663944959640503
0.10919884592294693
0.15191581845283508
0.04195517674088478
0.33376726508140564
0.12749478220939636
0.19477485120296478
0.17107009887695312
0.23174501955509186
0.2720053791999817
0.2226102501153946
0.16863135993480682
0.15213720500469208
0.14825670421123505
0.1922459453344345
0.2144092619419098
0.21223874390125275
0.10375232994556427
0.12404309958219528
0.23218923807144165
0.23463188111782074
0.08654680848121643
0.21154910326004028
0.15865088999271393
0.13783013820648193
0.1369004100561142
0.05966150015592575
0.1324368119239807
0.26830703020095825
0.18655815720558167
0.2273755818605423
0.10597578436136246
0.06956743448972702
0.18402306735515594
0.19911783933639526
0.10696376115083694
0.1233491599559784
0.09504969418048859
0.11372467130422592
0.28229737281799316
0.1646720916032791
0.20344187319278717
0.22172826528549194
0.07693066447973251
0.16259123384952545
0.2615191340446472
0.18529115617275238
0.06952037662267685
0.24021054804325104
0.11579093337059021
0.16585305333137512
0.10819803923368454
0.14349311590194702
0.07715129852294922
0.10400889813899994
0.17492680251598358
0.09768220782279968
0.36102795600891113
0.1493522971868515
0.14081087708473206
0.1352328658103943
0.19219844043254852
0.07093948125839233
0.17811071872711182
0.18868142366409302
0.04519662261009216
0.1519416868686676
0.2655615210533142
0.08767536282539368
0.0856851264834404
0.2900432050228119
0.1922796368598938
0.163467675447464
0.13956449925899506
0.09753306955099106
0.11085004359483719
0.0884721502661705
0.07987530529499054
0.09803009033203125
0.0713326707482338
0.18996553122997284
0.1450699269771576
0.1296948790550232
0.03962446004152298
0.1590733677148819
0.23349758982658386
0.03201868385076523
0.09212778508663177
0.08856718987226486
0.17957060039043427
0.17066611349582672
0.18201522529125214
0.1449412852525711
0.1374800056219101
0.2976210415363312
0.19726333022117615
0.21950159966945648
0.31808897852897644
0.3238738775253296
0.19357924163341522
0.18799683451652527
0.09618514776229858
0.025487219914793968
0.17255403101444244
0.191961407661438
0.18721868097782135
0.2346058040857315
0.09195112437009811
0.12271413952112198
0.21364589035511017
0.009955380111932755
0.06747898459434509
0.19615355134010315
0.11524360626935959
0.19116130471229553
0.220513254404068
0.11309552192687988
0.2158265858888626
0.09164708107709885
0.23496587574481964
0.1775113344192505
0.16812773048877716
0.22085286676883698
0.18333713710308075
0.20408114790916443
0.07137086242437363
0.11625100672245026
0.14627940952777863
0.1263715773820877
0.1637999266386032
0.2115061730146408
0.15607234835624695
0.043667227029800415
0.17177405953407288
0.18366245925426483
0.1243777647614479
0.0860285684466362
0.26939523220062256
0.12902238965034485
0.04026273265480995
0.22169223427772522
0.043199989944696426
0.016257889568805695
0.16712601482868195
0.19319479167461395
0.1751459687948227
0.22270071506500244
0.17865517735481262
0.1350034922361374
0.18158304691314697
0.11276820302009583
0.24283118546009064
0.1093253567814827
0.19190797209739685
0.036854490637779236
0.1425316035747528
0.10972295701503754
0.05745059996843338
0.19014132022857666
0.11472087353467941
0.05235201120376587
0.12119011580944061
0.10075359046459198
0.18824388086795807
0.1655459702014923
0.07242099195718765
0.10487446188926697
0.14146262407302856
0.28760677576065063
0.14881904423236847
0.14779424667358398
0.2287474274635315
0.21038293838500977
0.24859373271465302
0.14289037883281708
0.16814807057380676
0.2027801275253296
0.08452517539262772
0.11500559747219086
0.21125373244285583
0.16797980666160583
0.20213298499584198
0.22238093614578247
0.30603212118148804
0.043280988931655884
0.22990727424621582
0.08255995064973831
0.09221778064966202
0.17588898539543152
0.14816619455814362
0.12244629114866257
0.1458936631679535
0.09193897247314453
0.08752920478582382
0.20787149667739868
0.12659406661987305
0.06926271319389343
0.18904192745685577
0.07954344153404236
0.11431100964546204
0.1855023354291916
0.15969380736351013
0.09485330432653427
0.07589496672153473
0.2228473275899887
0.13044098019599915
0.003947458229959011
0.22214794158935547
0.24278929829597473
0.15710142254829407
0.10785848647356033
0.19159170985221863
0.1658177375793457
0.14704371988773346
0.18074382841587067
0.13092555105686188
0.24715100228786469
0.14689774811267853
0.23077937960624695
0.24744287133216858
0.13078688085079193
0.31005147099494934
0.14632393419742584
0.09257062524557114
0.15233585238456726
0.22998996078968048
0.16654960811138153
0.22782132029533386
0.18181365728378296
0.1991017460823059
0.1772649884223938
0.17966535687446594
0.18002471327781677
0.11638839542865753
0.2455757111310959
0.4431992769241333
0.10593011230230331
0.18625468015670776
0.24847708642482758
0.1696585863828659
0.13301166892051697
0.1895626038312912
0.1898581087589264
0.20056219398975372
0.26668691635131836
0.18063169717788696
0.1367013305425644
0.14919991791248322
0.09606027603149414
0.06302967667579651
0.2407943606376648
0.1704736053943634
0.1466028243303299
0.09770437330007553
0.07227886468172073
0.04159947857260704
0.05702478066086769
0.21276141703128815
0.17384731769561768
0.2084788680076599
0.05399126932024956
0.08308891206979752
0.2109120786190033
0.3240000903606415
0.12394451349973679
0.06790793687105179
0.235395148396492
0.13086912035942078
0.07822755724191666
0.04304688796401024
0.19144101440906525
0.17760422825813293
0.1262289434671402
0.11859750002622604
0.14912931621074677
0.12789268791675568
0.10384281724691391
0.18422304093837738
0.007655436173081398
0.1330903023481369
0.12357472628355026
0.18974852561950684
0.13085401058197021
0.09844332933425903
0.26482051610946655
0.08424058556556702
0.1667584478855133
0.06169632449746132
0.11742055416107178
0.1877916157245636
0.1431351602077484
0.24672651290893555
0.10976360738277435
0.17933599650859833
0.1915767788887024
0.20034992694854736
0.15171299874782562
0.258415162563324
0.0906619280576706
0.1354406476020813
0.14045727252960205
0.23544630408287048
0.15065127611160278
0.09204600006341934
0.32198357582092285
0.16474969685077667
0.14747488498687744
0.08496174216270447
0.16936655342578888
0.5626012086868286
0.20646923780441284
0.1538006216287613
0.2473369836807251
0.16370423138141632
0.12555691599845886
0.11822959035634995
0.16255882382392883
0.14406384527683258
0.1987219750881195
0.18759720027446747
0.21619628369808197
0.1682940125465393
0.2595532238483429
0.12767525017261505
0.1631590723991394
0.12619508802890778
0.1374511867761612
0.20222486555576324
0.11791320145130157
0.17973946034908295
0.1027158796787262
0.16022507846355438
0.1462339609861374
0.15284976363182068
0.1326148808002472
0.08608859032392502
0.0789785161614418
0.009672882035374641
0.20172402262687683
0.13433581590652466
0.1826537847518921
0.24002869427204132
0.06121731176972389
0.1713702380657196
0.1979207545518875
0.111875019967556
0.140127032995224
0.2928309738636017
0.22919605672359467
0.20968186855316162
0.039778027683496475
0.11998683214187622
0.18421608209609985
0.07484903186559677
0.20862068235874176
0.19992661476135254
0.20319150388240814
0.1313893049955368
0.07896847277879715
0.1611325740814209
0.09179355204105377
0.4200446903705597
0.11312378942966461
0.1931106150150299
0.17994754016399384
0.07318048924207687
0.13978299498558044
0.2328156977891922
0.1612086147069931
0.09703327715396881
0.15832336246967316
0.1461227685213089
0.10544470697641373
0.09245477616786957
0.21246391534805298
0.13617627322673798
0.15824803709983826
0.1368282288312912
0.05800418555736542
0.14238663017749786
0.22742332518100739
0.09384866803884506
0.11907303333282471
0.2333003729581833
0.0696721151471138
0.22913791239261627
0.14801323413848877
0.16006480157375336
0.10118705034255981
0.12359987944364548
0.10521396994590759
0.1524459272623062
0.15215547382831573
0.16004954278469086
0.264928936958313
0.14177247881889343
0.13037210702896118
0.1278206706047058
0.1635909527540207
0.15613074600696564
0.11289461702108383
0.12360934168100357
0.3303699195384979
0.22404837608337402
0.19614464044570923
0.11742185056209564
0.13796792924404144
0.14822226762771606
0.12252024561166763
0.053453680127859116
0.22031988203525543
0.16374456882476807
0.20134802162647247
0.14517702162265778
0.2265491485595703
0.1833040714263916
0.24717450141906738
0.19418670237064362
0.06381236761808395
0.20857323706150055
0.4389018714427948
0.37457147240638733
0.115474171936512
0.2219732254743576
0.23534676432609558
0.3810407519340515
0.19867444038391113
0.20764830708503723
0.07447336614131927
0.1768665760755539
0.20879888534545898
0.27030515670776367
0.024765469133853912
0.1379542350769043
0.1107521578669548
0.19886919856071472
0.09728744626045227
0.21585607528686523
0.11493317782878876
0.13319319486618042
0.07802539318799973
0.15948881208896637
0.08335663378238678
0.10704457014799118
0.1031106561422348
0.21136732399463654
0.18573172390460968
0.3836856782436371
0.19671344757080078
0.05321887508034706
0.19548411667346954
0.18573875725269318
0.10085247457027435
0.1566418707370758
0.1535547822713852
0.08846151828765869
0.2289624661207199
0.16686606407165527
0.17593388259410858
0.17884992063045502
0.08596540987491608
0.2044801265001297
0.18316881358623505
0.1390048712491989
0.46339741349220276
0.21025939285755157
0.1742466390132904
0.037837132811546326
0.0807003602385521
0.22469846904277802
0.2566487789154053
0.11036297678947449
0.1100819930434227
0.09809330105781555
0.10647027939558029
0.19110886752605438
0.24290457367897034
0.10503445565700531
0.11982278525829315
0.08785557746887207
0.055607207119464874
0.19490578770637512
0.2517945170402527
0.09448244422674179
0.14451538026332855
0.11298249661922455
0.09120070189237595
0.24368064105510712
0.0504101924598217
0.060576215386390686
0.1176852136850357
0.13505594432353973
0.11053778231143951
0.09912056475877762
0.17823700606822968
0.22570978105068207
0.15948769450187683
0.1282309591770172
0.06291550397872925
0.21582545340061188
0.04326557368040085
0.20747695863246918
0.14582742750644684
0.12203656882047653
0.17178229987621307
0.24028216302394867
0.19872163236141205
0.15874989330768585
0.19135063886642456
0.18484139442443848
0.1952194720506668
0.12790073454380035
0.1425289362668991
0.11952833831310272
0.0538574680685997
0.12421396374702454
0.17978538572788239
0.1559288203716278
0.2786374092102051
0.02293555811047554
0.17684988677501678
0.14297862350940704
0.022309470921754837
0.18523040413856506
0.2679845988750458
0.22237136960029602
0.11319075524806976
0.16802844405174255
0.0694044902920723
0.1373957097530365
0.15600484609603882
0.1873251050710678
0.018929388374090195
0.1172337606549263
0.20828592777252197
0.11988823860883713
0.13940705358982086
0.2742941677570343
0.05804353207349777
0.10401751846075058
0.14541135728359222
0.18004879355430603
0.15509259700775146
0.23309393227100372
0.35107508301734924
0.12117569148540497
0.05530720204114914
0.130803182721138
0.16456477344036102
0.1578988879919052
0.07991193979978561
0.17602062225341797
0.13887226581573486
0.21475230157375336
0.11490606516599655
0.12986963987350464
0.14860492944717407
0.11762772500514984
0.10593003779649734
0.09027723222970963
0.23664617538452148
0.08934812247753143
0.18157316744327545
0.09224819391965866
0.16577617824077606
0.154826819896698
0.3025239408016205
0.05387260764837265
0.04747423529624939
0.21409669518470764
0.23299163579940796
0.09490981698036194
0.12762510776519775
0.081061452627182
0.17975269258022308
0.15100502967834473
0.1452803760766983
0.16800588369369507
0.09789122641086578
0.31234675645828247
0.08416376262903214
0.17684394121170044
0.14935068786144257
0.16810713708400726
0.1883711814880371
0.04990881308913231
0.1311349719762802
0.2323044389486313
0.07556545734405518
0.20750755071640015
0.09849584847688675
0.07074011862277985
0.14788693189620972
0.11540712416172028
0.15759249031543732
0.2095923125743866
0.07839683443307877
0.11727910488843918
0.17772679030895233
0.1087503582239151
0.26208633184432983
0.20087186992168427
0.1595243215560913
0.21172866225242615
0.10739103704690933
0.23691639304161072
0.15514884889125824
0.14163139462471008
0.05124065279960632
0.18306699395179749
0.24424684047698975
0.11594950407743454
0.1725817322731018
0.19261009991168976
0.26759618520736694
0.06197041645646095
0.16528810560703278
0.13482822477817535
0.08621202409267426
0.11375974118709564
0.13353702425956726
0.169065460562706
0.17439503967761993
0.16159294545650482
0.061820246279239655
0.19407951831817627
0.21649852395057678
0.1273728907108307
0.1924244612455368
0.011115934699773788
0.17225733399391174
0.21548831462860107
0.018024742603302002
0.07792577147483826
0.09769120067358017
0.1784820705652237
0.03556397184729576
0.1617782711982727
0.2765766382217407
0.28600895404815674
0.12917101383209229
0.05428782105445862
0.11137697845697403
0.13052424788475037
0.19529162347316742
0.08554180711507797
0.20758146047592163
0.21170273423194885
0.15070657432079315
0.19072739779949188
0.23963028192520142
0.009942406788468361
0.12522444128990173
0.16379593312740326
0.10461355000734329
0.07478676736354828
0.24748174846172333
0.2486291527748108
0.009463246911764145
0.12822262942790985
0.1322481632232666
0.21076345443725586
0.03023476153612137
0.24123230576515198
0.06593447178602219
0.22231464087963104
0.18139323592185974
0.07159353047609329
0.0697726234793663
0.01096351444721222
0.16035692393779755
0.16129596531391144
0.10230906307697296
0.11227823048830032
0.2273484170436859
0.010964425280690193
0.2189532369375229
0.08630682528018951
0.09340211004018784
0.2179960012435913
0.1623666137456894
0.1736486852169037
0.28025469183921814
0.20808809995651245
0.2159820795059204
0.21261270344257355
0.09537973254919052
0.16849982738494873
0.09556456655263901
0.07914748787879944
0.22560164332389832
0.19937098026275635
0.12286684662103653
0.17365127801895142
0.015794025734066963
0.027000345289707184
0.16912952065467834
0.1145118772983551
0.06339702755212784
0.1248416006565094
0.09357667714357376
0.20919404923915863
0.1798277050256729
0.2543559968471527
0.09368456900119781
0.14659206569194794
0.2570495307445526
0.08108919858932495
0.1405823528766632
0.22753965854644775
0.22240538895130157
0.04702135920524597
0.10034623742103577
0.15779995918273926
0.08924855291843414
0.063619464635849
0.14513373374938965
0.1344217211008072
0.15521343052387238
0.1300302892923355
0.2613813877105713
0.019036753103137016
0.17862480878829956
0.21913620829582214
0.198749840259552
0.167991042137146
0.1834644377231598
0.19355539977550507
0.34556418657302856
0.07848530262708664
0.07691513001918793
0.2563954293727875
0.1684613674879074
0.07371468842029572
0.09480539709329605
0.08345044404268265
0.20848454535007477
0.30661582946777344
0.143266960978508
0.015538409352302551
0.15678627789020538
0.10219064354896545
0.1482885479927063
0.14344272017478943
0.21746034920215607
0.12227718532085419
0.2160990834236145
0.25965332984924316
0.09470667690038681
0.22348333895206451
0.0740516260266304
0.17067700624465942
0.13553106784820557
0.11720561236143112
0.13731099665164948
0.09245147556066513
0.1919178068637848
0.030517809092998505
0.22402772307395935
0.13614830374717712
0.15087619423866272
0.27689412236213684
0.1408214122056961
0.029590141028165817
0.1460784673690796
0.19787639379501343
0.20416799187660217
0.10264281928539276
0.14017817378044128
0.15266187489032745
0.055330630391836166
0.20434316992759705
0.19233988225460052
0.16529151797294617
0.08846559375524521
0.06177512928843498
0.09879332780838013
0.14887040853500366
0.08663985133171082
0.11829118430614471
0.07953131943941116
0.15931089222431183
0.20091566443443298
0.2771253287792206
0.16904768347740173
0.05854496359825134
0.159775048494339
0.16226203739643097
0.06744073331356049
0.1717352271080017
0.14174148440361023
0.08568339794874191
0.08892232924699783
0.1586998701095581
0.07995123416185379
0.1539272964000702
0.07437242567539215
0.1420571506023407
0.11637864261865616
0.0872090756893158
0.08640141785144806
0.2793130874633789
0.20912402868270874
0.15984638035297394
0.05583345144987106
0.2607210874557495
0.09215212613344193
0.20453853905200958
0.06810932606458664
0.17103056609630585
0.15418140590190887
0.2086268812417984
0.07888368517160416
0.23016442358493805
0.07062269002199173
0.1576542854309082
0.20488061010837555
0.18346111476421356
0.07824938744306564
0.17727544903755188
0.18978917598724365
0.15332582592964172
0.10233163088560104
0.32651978731155396
0.11770293861627579
0.20311598479747772
0.06675340235233307
0.036471471190452576
0.07905657589435577
0.06420984864234924
0.1723456084728241
0.16608072817325592
0.00433134101331234
0.11922437697649002
0.1354186236858368
0.19258639216423035
0.011328363791108131
0.24109035730361938
0.13442201912403107
0.18553097546100616
0.18491730093955994
0.18230515718460083
0.11514744907617569
0.1024426817893982
0.12295693159103394
0.08243703097105026
0.17254427075386047
0.1265297383069992
0.06309197843074799
0.12702332437038422
0.11985884606838226
0.11913983523845673
0.11917886137962341
0.20143729448318481
0.0911058858036995
0.14587074518203735
0.1566728949546814
0.06220260262489319
0.16309045255184174
0.04291476309299469
0.23495270311832428
0.08471115678548813
0.15945515036582947
0.06035982072353363
0.21541251242160797
0.1419954001903534
0.1296907663345337
0.1962728351354599
0.11105181276798248
0.14825129508972168
0.08520923554897308
0.16520166397094727
0.13397717475891113
0.09781134128570557
0.21133100986480713
0.17777226865291595
0.2076786756515503
0.09473208338022232
0.17858973145484924
0.19699124991893768
0.36248138546943665
0.16511520743370056
0.23844406008720398
0.1084820106625557
0.1696626991033554
0.17954719066619873
0.09475778043270111
0.09383587539196014
0.19646453857421875
0.09503237158060074
0.08583708852529526
0.07763151824474335
0.10859202593564987
0.21251016855239868
0.20144951343536377
0.16891157627105713
0.10598596930503845
0.08643129467964172
0.148316890001297
0.19215945899486542
0.13729548454284668
0.13119171559810638
0.09236307442188263
0.23341931402683258
0.13456088304519653
0.22393260896205902
0.003932085353881121
0.007176964543759823
0.09822618216276169
0.122548408806324
0.07025321573019028
0.1946815848350525
0.09802418202161789
0.1284250020980835
0.06502623856067657
0.10993396490812302
0.02707001380622387
0.29050561785697937
0.12309705466032028
0.009938908740878105
0.1830974519252777
0.2865656018257141
0.15271709859371185
0.18502016365528107
0.11685707420110703
0.18214167654514313
0.28426212072372437
0.10516645759344101
0.13593272864818573
0.06504394859075546
0.15860244631767273
0.18462733924388885
0.22465214133262634
0.3476189970970154
0.11138290911912918
0.20088699460029602
0.1481480896472931
0.15291333198547363
0.1583060622215271
0.15002253651618958
0.17806993424892426
0.017642881721258163
0.18067105114459991
0.08553820848464966
0.17057247459888458
0.11710520833730698
0.13328783214092255
0.11348168551921844
0.21031545102596283
0.19727541506290436
0.2090122252702713
0.19900918006896973
0.2076673060655594
0.11064469069242477
0.1602979153394699
0.21748170256614685
0.07132961601018906
0.2467125654220581
0.13081134855747223
0.08956467360258102
0.16965322196483612
0.10465271770954132
0.20975980162620544
0.17259450256824493
0.20072339475154877
0.118008553981781
0.16628499329090118
0.012108522467315197
0.37052807211875916
0.031558457762002945
0.10841871798038483
0.1217985674738884
0.3017784655094147
0.0894278883934021
0.2116854339838028
0.1666645109653473
0.13989628851413727
0.2808753550052643
0.21541258692741394
0.18704810738563538
0.17164857685565948
0.09813907742500305
0.32425007224082947
0.23514576256275177
0.17980793118476868
0.38699597120285034
0.09730846434831619
0.1399705708026886
0.16022498905658722
0.008124595507979393
0.11746882647275925
0.1976681351661682
0.1331859976053238
0.14043250679969788
0.2864387631416321
0.15705443918704987
0.25495603680610657
0.11906975507736206
0.2147497534751892
0.07619179785251617
0.22859595715999603
0.3500446677207947
0.21585841476917267
0.13412001729011536
0.21287445724010468
0.1746954470872879
0.17001351714134216
0.16704446077346802
0.24549974501132965
0.09551817178726196
0.17547552287578583
0.13154898583889008
0.15472611784934998
0.18836437165737152
0.14727526903152466
0.2051841914653778
0.10704119503498077
0.10980594903230667
0.20418713986873627
0.14066559076309204
0.17189042270183563
0.07479359954595566
0.18420721590518951
0.09889629483222961
0.18953298032283783
0.27766695618629456
0.17375612258911133
0.10474981367588043
0.11466141045093536
0.1834784299135208
0.15929774940013885
0.08911210298538208
0.15858256816864014
0.3260233998298645
0.1746872216463089
0.11325851082801819
0.20401440560817719
0.2583276927471161
0.16221505403518677
0.01630948670208454
0.17283187806606293
0.08206585794687271
0.2016671895980835
0.08298664540052414
0.15094219148159027
0.26791977882385254
0.1440676897764206
0.1676669716835022
0.17234382033348083
0.06718385964632034
0.19537454843521118
0.019679678604006767
0.07058855891227722
0.15646575391292572
0.1872202306985855
0.18643265962600708
0.21926145255565643
0.30786651372909546
0.10191208124160767
0.18822571635246277
0.10208986699581146
0.1353311836719513
0.183978870511055
0.18610525131225586
0.21452170610427856
0.14009343087673187
0.11739155650138855
0.31045421957969666
0.16868847608566284
0.362428218126297
0.1874561458826065
0.22521743178367615
0.05151720717549324
0.08584096282720566
0.05887886881828308
0.44594916701316833
0.05350687354803085
0.1428166776895523
0.12794089317321777
0.12170206010341644
0.10181175172328949
0.2241583615541458
0.09195767343044281
0.15295155346393585
0.07976580411195755
0.2026888132095337
0.044815972447395325
0.13897858560085297
0.22763417661190033
0.1102219671010971
0.09602323174476624
0.19148731231689453
0.14915043115615845
0.12840144336223602
0.16377964615821838
0.0628754124045372
0.13608847558498383
0.09288290143013
0.011124278418719769
0.09321068227291107
0.19319966435432434
0.12211955338716507
0.07548099756240845
0.07892192900180817
0.13185694813728333
0.229838564991951
0.1614375114440918
0.0818001925945282
0.14676710963249207
0.15054951608181
0.07418159395456314
0.17514866590499878
0.14281466603279114
0.05604756623506546
0.25749990344047546
0.1555534154176712
0.2366725504398346
0.16350139677524567
0.019046561792492867
0.1150508001446724
0.13192304968833923
0.09007790684700012
0.09947115182876587
0.19786253571510315
0.17151081562042236
0.20506247878074646
0.14210185408592224
0.18014588952064514
0.24248293042182922
0.08707697689533234
0.07895921170711517
0.19082163274288177
0.11072073131799698
0.12604275345802307
0.20788586139678955
0.1094878688454628
0.1339298039674759
0.19638890027999878
0.12316801398992538
0.14988973736763
0.15669843554496765
0.3938133716583252
0.0482117123901844
0.10307221859693527
0.09621624648571014
0.1855594664812088
0.23364365100860596
0.22201566398143768
0.13812178373336792
0.13243217766284943
0.26704609394073486
0.16494743525981903
0.1208435669541359
0.19424258172512054
0.10785642266273499
0.11359907686710358
0.025324620306491852
0.1315482258796692
0.2548317313194275
0.15904560685157776
0.12246920168399811
0.20233264565467834
0.04651951789855957
0.09043411165475845
0.19109362363815308
0.07255938649177551
0.10440424084663391
0.1881706267595291
0.009644029662013054
0.2508346438407898
0.09215576201677322
0.2336244434118271
0.1174030601978302
0.18958140909671783
0.18301069736480713
0.18068020045757294
0.1791767030954361
0.13735346496105194
0.1439480036497116
0.15942491590976715
0.09164062887430191
0.2954123020172119
0.11961553245782852
0.0297743808478117
0.21545425057411194
0.19424152374267578
0.1259966939687729
0.09130732715129852
0.2465490698814392
0.1593192219734192
0.08883582800626755
0.2491563856601715
0.05305495485663414
0.2475997358560562
0.14125095307826996
0.0873655304312706
0.12584631145000458
0.20713087916374207
0.09666503965854645
0.24268507957458496
0.08042368292808533
0.13730837404727936
0.19017258286476135
0.15481197834014893
0.16153541207313538
0.21392740309238434
0.19644582271575928
0.25427958369255066
0.16427288949489594
0.21175871789455414
0.16679491102695465
0.15869927406311035
0.15724395215511322
0.19165951013565063
0.23587356507778168
0.16825157403945923
0.1821153610944748
0.10486099123954773
0.334861159324646
0.12472353875637054
0.07973836362361908
0.029530461877584457
0.0455399788916111
0.08580278605222702
0.05929666385054588
0.02142235077917576
0.20327940583229065
0.11138059198856354
0.17804549634456635
0.0845397412776947
0.14363150298595428
0.09046190232038498
0.10714025795459747
0.10030164569616318
0.21612749993801117
0.15376752614974976
0.08986511081457138
0.1794113963842392
0.24013005197048187
0.3113381266593933
0.12693993747234344
0.10599715262651443
0.01587691903114319
0.22869859635829926
0.05429448187351227
0.16591383516788483
0.18786029517650604
0.19792956113815308
0.09470610320568085
0.21901094913482666
0.09514771401882172
0.23197612166404724
0.18166184425354004
0.12556754052639008
0.0030567534267902374
0.15472346544265747
0.1558784395456314
0.15857160091400146
0.33130890130996704
0.13771548867225647
0.23620055615901947
0.15294010937213898
0.18377715349197388
0.07930078357458115
0.12647956609725952
0.19198966026306152
0.10045836120843887
0.24604432284832
0.08398591727018356
0.07200824469327927
0.07427703589200974
0.13529762625694275
0.21502359211444855
0.1426035612821579
0.19468870759010315
0.16399790346622467
0.3904193639755249
0.004229120910167694
0.15150707960128784
0.23689395189285278
0.15500330924987793
0.12009934335947037
0.06651656329631805
0.21358968317508698
0.12448247522115707
0.1669033020734787
0.086067333817482
0.09846597164869308
0.23310884833335876
0.1940598040819168
0.10248570144176483
0.14399875700473785
0.06693124771118164
0.09641759842634201
0.09218709170818329
0.04587347060441971
0.008783437311649323
0.1819791942834854
0.11537934094667435
0.12877614796161652
0.3796261250972748
0.1737813800573349
0.14864280819892883
0.1550695300102234
0.17280003428459167
0.12062478065490723
0.22530438005924225
0.03257696330547333
0.09334313869476318
0.09362287819385529
0.11908025294542313
0.2608740031719208
0.09963219612836838
0.06340832263231277
0.15531091392040253
0.1342793107032776
0.033584266901016235
0.10690969228744507
0.30608654022216797
0.1518804132938385
0.08745116740465164
0.0708947703242302
0.11777738481760025
0.11476173251867294
0.12863034009933472
0.1576790064573288
0.16235226392745972
0.14597022533416748
0.12362831830978394
0.20684191584587097
0.08269258588552475
0.22868888080120087
0.27617427706718445
0.1592574417591095
0.16513459384441376
0.20333363115787506
0.09520989656448364
0.164638489484787
0.16527815163135529
0.20663389563560486
0.2609523832798004
0.19312360882759094
0.21875731647014618
0.15736296772956848
0.07702894508838654
0.1215861514210701
0.1438911408185959
0.43987563252449036
0.13902480900287628
0.13270781934261322
0.15667052567005157
0.18599805235862732
0.14190062880516052
0.021917911246418953
0.13860145211219788
0.12758249044418335
0.27490440011024475
0.19232432544231415
0.15246611833572388
0.15755131840705872
0.16319379210472107
0.14540283381938934
0.05612099543213844
0.06288361549377441
0.24459713697433472
0.12029265612363815
0.21074160933494568
0.18539229035377502
0.15287533402442932
0.24953065812587738
0.20346784591674805
0.07869181036949158
0.216255322098732
0.05935433506965637
0.13948304951190948
0.1974024921655655
0.08034972846508026
0.16293130815029144
0.11198141425848007
0.1517307162284851
0.12615284323692322
0.13464489579200745
0.22784043848514557
0.1644880175590515
0.05664164200425148
0.19789639115333557
0.33152562379837036
0.009089559316635132
0.16891886293888092
0.10394890606403351
0.16854985058307648
0.1358731985092163
0.16257376968860626
0.09356272220611572
0.06945404410362244
0.12452258914709091
0.19123318791389465
0.13581469655036926
0.15973828732967377
0.16358651220798492
0.3554355800151825
0.13407142460346222
0.06984549760818481
0.17478254437446594
0.06626705825328827
0.15357252955436707
0.11651157587766647
0.11042288690805435
0.11016570776700974
0.2070208191871643
0.29357537627220154
0.18865522742271423
0.10701821744441986
0.08944482356309891
0.10962951183319092
0.12063421308994293
0.24548296630382538
0.04219930246472359
0.11995901167392731
0.2099371701478958
0.18888406455516815
0.266482949256897
0.2230267971754074
0.11992498487234116
0.24428486824035645
0.1981486827135086
0.30664557218551636
0.14089316129684448
0.18982212245464325
0.20658519864082336
0.004989755805581808
0.2239903211593628
0.1960703581571579
0.18328611552715302
0.2555692195892334
0.2827335298061371
0.22734783589839935
0.20605586469173431
0.12438755482435226
0.10409333556890488
0.06905551254749298
0.13721495866775513
0.3133309781551361
0.1003684252500534
0.15484540164470673
0.1491066962480545
0.20330417156219482
0.24522437155246735
0.17566989362239838
0.07836075872182846
0.18221591413021088
0.2593987286090851
0.24305479228496552
0.17406560480594635
0.1840490996837616
0.16684949398040771
0.17038056254386902
0.22884029150009155
0.08119186758995056
0.24462726712226868
0.15470629930496216
0.2681416869163513
0.2943464517593384
0.006990502122789621
0.11457955837249756
0.17877748608589172
0.21905696392059326
0.14687372744083405
0.0762559026479721
0.12160277366638184
0.15179674327373505
0.18581683933734894
0.25884342193603516
0.18757747113704681
0.1727064698934555
0.18713288009166718
0.12025506049394608
0.08550325036048889
0.06809777021408081
0.17404718697071075
0.11301179975271225
0.06816709786653519
0.1360280066728592
0.15330825746059418
0.05863923951983452
0.15180784463882446
0.40523770451545715
0.18802620470523834
0.18446795642375946
0.15077723562717438
0.1224292740225792
0.02272310107946396
0.14225146174430847
0.15131375193595886
0.14911477267742157
0.18390904366970062
0.6143178343772888
0.2297373265028
0.0851307213306427
0.32705065608024597
0.04341867193579674
0.09062040597200394
0.026833411306142807
0.3752761781215668
0.1341070532798767
0.12184565514326096
0.21151584386825562
0.012531619518995285
0.035431310534477234
0.10308624058961868
0.0989222377538681
0.08787137269973755
0.19537027180194855
0.13065068423748016
0.19294029474258423
0.14607946574687958
0.17628982663154602
0.2299531251192093
0.13302236795425415
0.08221334964036942
0.11629447340965271
0.28677862882614136
0.147252157330513
0.26213499903678894
0.1827932447195053
0.11677751690149307
0.09309089928865433
0.08398190140724182
0.13959264755249023
0.15024887025356293
0.14167578518390656
0.44847217202186584
0.11784228682518005
0.14902432262897491
0.054957419633865356
0.20275495946407318
0.0980057567358017
0.1827751100063324
0.22364243865013123
0.2221660017967224
0.09488051384687424
0.046786606311798096
0.09056016802787781
0.058352161198854446
0.19303233921527863
0.12285548448562622
0.02611725404858589
0.2327040284872055
0.13331104815006256
0.08874917030334473
0.009740677662193775
0.17267705500125885
0.1943276971578598
0.2091393619775772
0.0312562920153141
0.1424594521522522
0.08633431792259216
0.12184903025627136
0.014033595100045204
0.11377789080142975
0.2985323965549469
0.2213674783706665
0.13925272226333618
0.1225983202457428
0.2409062385559082
0.13936084508895874
0.31156980991363525
0.1133476048707962
0.034903064370155334
0.16296036541461945
0.11790432780981064
0.06263119727373123
0.29450902342796326
0.19188636541366577
0.13187426328659058
0.16102491319179535
0.020350536331534386
0.1565762162208557
0.18885523080825806
0.1803291141986847
0.06378594785928726
0.23721709847450256
0.21995997428894043
0.18584346771240234
0.2169242650270462
0.004551587626338005
0.17015381157398224
0.1048385426402092
0.17890781164169312
0.04035976156592369
0.27723512053489685
0.18962840735912323
0.10435516387224197
0.23636190593242645
0.00891861505806446
0.20604956150054932
0.13561192154884338
0.15749819576740265
0.194436714053154
0.22726218402385712
0.1513829231262207
0.06277436017990112
0.14506195485591888
0.009022437036037445
0.07286269217729568
0.13629475235939026
0.08461780846118927
0.1558462232351303
0.05824638530611992
0.14511989057064056
0.22004835307598114
0.19942621886730194
0.11475540697574615
0.15510684251785278
0.5126609206199646
0.10104743391275406
0.135529026389122
0.054832812398672104
0.15619634091854095
0.07680201530456543
0.09088093787431717
0.1369953602552414
0.10000832378864288
0.2231420874595642
0.1774640679359436
0.0845494195818901
0.13265866041183472
0.20499150454998016
0.17803673446178436
0.14931556582450867
0.11872225999832153
0.17453929781913757
0.23703275620937347
0.19874076545238495
0.3258930742740631
0.03496235981583595
0.16849634051322937
0.11775538325309753
0.07728788256645203
0.016303686425089836
0.09662563353776932
0.0638899877667427
0.14069880545139313
0.25178849697113037
0.27792951464653015
0.12383459508419037
0.1578458547592163
0.21166472136974335
0.1428283303976059
0.026851555332541466
0.12572833895683289
0.08022968471050262
0.20481818914413452
0.0665765181183815
0.07105667144060135
0.1886388659477234
0.05119653418660164
0.17458319664001465
0.09767008572816849
0.08332549780607224
0.14873747527599335
0.15702156722545624
0.20228374004364014
0.08396130800247192
0.11666683852672577
0.12336937338113785
0.08697769790887833
0.1454446166753769
0.19314530491828918
0.09304766356945038
0.15978780388832092
0.014751208014786243
0.10900409519672394
0.16572797298431396
0.17844143509864807
0.1334945261478424
0.15652170777320862
0.18932068347930908
0.26203417778015137
0.21078020334243774
0.21873024106025696
0.14271101355552673
0.17623791098594666
0.07754658162593842
0.13800689578056335
0.5378136038780212
0.4684440493583679
0.19176800549030304
0.19264858961105347
0.27453315258026123
0.24861648678779602
0.012663810513913631
0.19818568229675293
0.06089899688959122
0.1223994642496109
0.2152644246816635
0.3581371605396271
0.14624494314193726
0.25142696499824524
0.19643354415893555
0.08863626420497894
0.22156846523284912
0.1678566187620163
0.25690189003944397
0.0705939531326294
0.20501086115837097
0.19122463464736938
0.09257994592189789
0.05819135159254074
0.1772584617137909
0.15908418595790863
0.11678437888622284
0.1817297637462616
0.23118533194065094
0.17849162220954895
0.1414024829864502
0.25810086727142334
0.2822553813457489
0.07228800654411316
0.30602139234542847
0.1299569308757782
0.1313609629869461
0.20208477973937988
0.1946459859609604
0.12136039137840271
0.11391478776931763
0.21167899668216705
0.10716605931520462
0.2556985020637512
0.0717596560716629
0.11965157091617584
0.1707347184419632
0.22041380405426025
0.13134972751140594
0.13399063050746918
0.0407588854432106
0.013119995594024658
0.3467760682106018
0.03736457601189613
0.13882072269916534
0.1922316551208496
0.08736492693424225
0.2059955894947052
0.16864146292209625
0.16505809128284454
0.15267033874988556
0.18782742321491241
0.10207612067461014
0.14470511674880981
0.18501883745193481
0.12439464777708054
0.21917825937271118
0.25349611043930054
0.1762806624174118
0.11205944418907166
0.15620927512645721
0.08910372853279114
0.03875087574124336
0.08840114623308182
0.21380704641342163
0.2827075123786926
0.12211309373378754
0.16621889173984528
0.0748923048377037
0.31268587708473206
0.3890262842178345
0.06104734167456627
0.10646025836467743
0.09485391527414322
0.07004842162132263
0.1629929393529892
0.19544164836406708
0.19667954742908478
0.14593717455863953
0.18573829531669617
0.2399652898311615
0.24121688306331635
0.21227335929870605
0.18456728756427765
0.1643703132867813
0.1643609255552292
0.18964315950870514
0.12237848341464996
0.13058209419250488
0.2509104609489441
0.16080522537231445
0.1970946490764618
0.08927580714225769
0.1483021080493927
0.10873507708311081
0.1521793156862259
0.1609388291835785
0.26996996998786926
0.17425130307674408
0.15534700453281403
0.20125898718833923
0.29188889265060425
0.20308756828308105
0.12839363515377045
0.1813639998435974
0.4576151669025421
0.13674296438694
0.07772470265626907
0.24594204127788544
0.086484894156456
0.12031900137662888
0.05472407117486
0.20027221739292145
0.19450658559799194
0.07181309163570404
0.20021173357963562
0.2565949857234955
0.08568590134382248
0.11574073135852814
0.1828085482120514
0.21425005793571472
0.19413627684116364
0.23940491676330566
0.39754459261894226
0.05058608576655388
0.1982748657464981
0.20434735715389252
0.06079544499516487
0.07977494597434998
0.16365700960159302
0.14298322796821594
0.21533417701721191
0.1562143713235855
0.07949976623058319
0.18200121819972992
0.1548158973455429
0.19491927325725555
0.1811320185661316
0.021559786051511765
0.17943550646305084
0.12156394869089127
0.14693252742290497
0.20037998259067535
0.25387483835220337
0.1840643733739853
0.20520585775375366
0.17863936722278595
0.17590363323688507
0.16432325541973114
0.1816592961549759
0.09484372287988663
0.1810167133808136
0.08742740005254745
0.17392900586128235
0.16511544585227966
0.08645909279584885
0.16136391460895538
0.14382711052894592
0.0618245005607605
0.14183363318443298
0.15719854831695557
0.1769298017024994
0.127765491604805
0.18017615377902985
0.007806442677974701
0.2385302633047104
0.23268137872219086
0.18006183207035065
0.07005492597818375
0.18701791763305664
0.1046954095363617
0.15574973821640015
0.1162036806344986
0.15653112530708313
0.25462037324905396
0.19791872799396515
0.1364879310131073
0.11922250688076019
0.1451902836561203
0.10506922006607056
0.09053276479244232
0.1360650360584259
0.1450197994709015
0.12427270412445068
0.27869853377342224
0.15725292265415192
0.11318392306566238
0.08041664958000183
0.1321590393781662
0.09002690017223358
0.1857742816209793
0.01101453136652708
0.059064727276563644
0.21827906370162964
0.12363694608211517
0.1776811182498932
0.023335857316851616
0.19099317491054535
0.12238796055316925
0.08707906305789948
0.14418096840381622
0.18230749666690826
0.08263915032148361
0.06643832474946976
0.09752756357192993
0.12501205503940582
0.18927311897277832
0.07044089585542679
0.07119231671094894
0.19480451941490173
0.10405663400888443
0.24674513936042786
0.1966090351343155
0.1917770951986313
0.06887999176979065
0.008167317137122154
0.15621301531791687
0.06770283728837967
0.20444859564304352
0.0884680300951004
0.19657284021377563
0.2704455852508545
0.11912351846694946
0.11569547653198242
0.21318303048610687
0.23304200172424316
0.06594264507293701
0.21246381103992462
0.30662456154823303
0.1288166344165802
0.2818872332572937
0.10701852291822433
0.14667916297912598
0.3268085718154907
0.1539057046175003
0.2853403091430664
0.1770041137933731
0.09204479306936264
0.14645157754421234
0.17221739888191223
0.17751115560531616
0.1265416443347931
0.1051003560423851
0.2455846518278122
0.14885014295578003
0.22562356293201447
0.23892779648303986
0.14771588146686554
0.1426158845424652
0.09777052700519562
0.15315376222133636
0.10807890444993973
0.2568206191062927
0.2084909975528717
0.12401657551527023
0.11729124188423157
0.2172234207391739
0.12902846932411194
0.1336095780134201
0.13535837829113007
0.16278551518917084
0.11813703179359436
0.19205167889595032
0.1054878979921341
0.12669306993484497
0.4407515227794647
0.14990462362766266
0.18258045613765717
0.09567949920892715
0.17100824415683746
0.140898659825325
0.17866133153438568
0.03066062368452549
0.12969909608364105
0.2158479392528534
0.10477056354284286
0.07134079933166504
0.25507688522338867
0.14908736944198608
0.4609965980052948
0.14907272160053253
0.16402529180049896
0.19509738683700562
0.07035109400749207
0.3077585995197296
0.20198412239551544
0.018766790628433228
0.31126001477241516
0.10993582755327225
0.19725488126277924
0.06224542856216431
0.14430420100688934
0.19780665636062622
0.08553508669137955
0.20469309389591217
0.10577816516160965
0.1184379979968071
0.11739097535610199
0.18250255286693573
0.1188749372959137
0.10981696844100952
0.12040702253580093
0.15195409953594208
0.20760449767112732
0.167948916554451
0.16105462610721588
0.09123077243566513
0.1535879671573639
0.1945769488811493
0.14908571541309357
0.031102530658245087
0.04650367051362991
0.2082253247499466
0.1101439893245697
0.008722705766558647
0.18397141993045807
0.13129067420959473
0.11047962307929993
0.2739845812320709
0.13811509311199188
0.29428696632385254
0.19844606518745422
0.1606397032737732
0.1619144231081009
0.1396397203207016
0.1239100769162178
0.09357371181249619
0.3324141800403595
0.22617053985595703
0.12073908746242523
0.26968109607696533
0.11507798731327057
0.09931488335132599
0.17480365931987762
0.03999503701925278
0.15311314165592194
0.16738112270832062
0.24584896862506866
0.1263701319694519
0.19974274933338165
0.07502792030572891
0.14858242869377136
0.15358997881412506
0.07861118018627167
0.15262866020202637
0.09297757595777512
0.2002284824848175
0.1074381023645401
0.06022452563047409
0.202948197722435
0.16295865178108215
0.1136249229311943
0.1385669708251953
0.2373485416173935
0.10961203277111053
0.22674767673015594
0.45163267850875854
0.21357618272304535
0.008090382441878319
0.09090789407491684
0.04978114366531372
0.1151285320520401
0.16861407458782196
0.11055628210306168
0.1912563145160675
0.1633939892053604
0.18495112657546997
0.20267190039157867
0.22153601050376892
0.07956589013338089
0.21976687014102936
0.13864943385124207
0.16148382425308228
0.20548048615455627
0.18907901644706726
0.10847210139036179
0.1762063056230545
0.1422906070947647
0.16744673252105713
0.21882401406764984
0.157248854637146
0.3330295979976654
0.21649786829948425
0.19364534318447113
0.12639427185058594
0.18280665576457977
0.23864948749542236
0.14987815916538239
0.15432457625865936
0.06237553060054779
0.06331957876682281
0.19366636872291565
0.14130456745624542
0.17887116968631744
0.20748117566108704
0.12282033264636993
0.12380275875329971
0.08542801439762115
0.17771592736244202
0.09309549629688263
0.15357530117034912
0.1702534705400467
0.033365342766046524
0.014215396717190742
0.13560661673545837
0.06987185776233673
0.16036459803581238
0.10887610167264938
0.1640656441450119
0.12568053603172302
0.06220659241080284
0.16573098301887512
0.0045244041830301285
0.41413500905036926
0.10543754696846008
0.17150408029556274
0.1501176655292511
0.21134215593338013
0.2566364109516144
0.2074129581451416
0.16394607722759247
0.13175073266029358
0.21463331580162048
0.13141506910324097
0.11973489820957184
0.14293739199638367
0.2239837348461151
0.026561830192804337
0.1833898276090622
0.10805550217628479
0.11836525052785873
0.035539526492357254
0.15030653774738312
0.2106858789920807
0.34293195605278015
0.1444167047739029
0.21708007156848907
0.21449598670005798
0.23191237449645996
0.32691866159439087
0.09389326721429825
0.28814491629600525
0.28328102827072144
0.19736617803573608
0.0672682449221611
0.38008958101272583
0.026267489418387413
0.2700271010398865
0.16227328777313232
0.16116686165332794
0.16717864573001862
0.19857479631900787
0.04705030098557472
0.14578945934772491
0.13503754138946533
0.08906438946723938
0.06641104817390442
0.14864306151866913
0.1888411045074463
0.1957653909921646
0.19407270848751068
0.22903822362422943
0.0934392437338829
0.18845410645008087
0.05150553211569786
0.203434020280838
0.008880654349923134
0.09511547535657883
0.15312418341636658
0.13414216041564941
0.34283286333084106
0.11904387921094894
0.24221721291542053
0.09719806909561157
0.07154493033885956
0.1910679191350937
0.18051502108573914
0.13006991147994995
0.16539990901947021
0.1797833889722824
0.10931017994880676
0.13508865237236023
0.15482312440872192
0.07191068679094315
0.11519858241081238
0.2535024881362915
0.18626166880130768
0.15873850882053375
0.1339268833398819
0.17669346928596497
0.18784575164318085
0.08658692240715027
0.22883039712905884
0.07486670464277267
0.20965951681137085
0.23465430736541748
0.16784709692001343
0.3769775927066803
0.14839977025985718
0.1566614955663681
0.18835274875164032
0.17614248394966125
0.12665699422359467
0.14358140528202057
0.16073043644428253
0.1186046451330185
0.20793871581554413
0.12879346311092377
0.12146890163421631
0.13997383415699005
0.1959971785545349
0.10337968915700912
0.13566425442695618
0.2918137013912201
0.4745602309703827
0.1469632238149643
0.12745478749275208
0.15042562782764435
0.11931341141462326
0.089761883020401
0.09989108145236969
0.16887140274047852
0.12023244798183441
0.0761529803276062
0.1663026362657547
0.1843438744544983
0.18905951082706451
0.09877441823482513
0.009476147592067719
0.11904484778642654
0.16779270768165588
0.1990220695734024
0.2389165610074997
0.172380730509758
0.024905838072299957
0.18560096621513367
0.2564176023006439
0.15193425118923187
0.2116565853357315
0.2602965831756592
0.136093407869339
0.10181904584169388
0.1092894896864891
0.1761561930179596
0.25994107127189636
0.14681057631969452
0.23289979994297028
0.0481620654463768
0.13814151287078857
0.16348516941070557
0.21226705610752106
0.2198045253753662
0.24548287689685822
0.10223019868135452
0.20771436393260956
0.15416298806667328
0.08549946546554565
0.1035228744149208
0.013351940549910069
0.22734014689922333
0.1558009386062622
0.1619633585214615
0.17652632296085358
0.013253143057227135
0.11289266496896744
0.271099328994751
0.17703892290592194
0.16076460480690002
0.1519627571105957
0.07032962143421173
0.11938651651144028
0.10839695483446121
0.272140234708786
0.2831546664237976
0.5193790197372437
0.07000446319580078
0.1947917491197586
0.2251017689704895
0.13996951282024384
0.2181340754032135
0.20041054487228394
0.1717718243598938
0.16523012518882751
0.1004558578133583
0.23341190814971924
0.07630757242441177
0.022001836448907852
0.1926179975271225
0.11543993651866913
0.0840209424495697
0.2879002094268799
0.1303538978099823
0.1625417172908783
0.1121269166469574
0.17057248950004578
0.14798378944396973
0.12618388235569
0.14291340112686157
0.12195204198360443
0.23290807008743286
0.13730311393737793
0.05387720465660095
0.12976758182048798
0.17563888430595398
0.11087854951620102
0.23696190118789673
0.26067543029785156
0.030585473403334618
0.22875827550888062
0.2669188678264618
0.15061236917972565
0.18689261376857758
0.22333863377571106
0.09317189455032349
0.15839090943336487
0.14560718834400177
0.1710364669561386
0.08261759579181671
0.1531243771314621
0.16993655264377594
0.10432754456996918
0.1546977162361145
0.06450655311346054
0.17171332240104675
0.10400336980819702
0.10748502612113953
0.16008980572223663
0.1721179485321045
0.1189504861831665
0.11464089155197144
0.14470690488815308
0.15699322521686554
0.1635398268699646
0.1796957403421402
0.08924458175897598
0.21019777655601501
0.10015059262514114
0.18151506781578064
0.19463317096233368
0.22152288258075714
0.09595327824354172
0.15715007483959198
0.0851658433675766
0.19284172356128693
0.17298981547355652
0.08972939848899841
0.1910160630941391
0.20652715861797333
0.3224475383758545
0.1261903941631317
0.16677848994731903
0.06574133783578873
0.21615150570869446
0.18814001977443695
0.03461788222193718
0.16066139936447144
0.17540526390075684
0.0675840973854065
0.24456146359443665
0.16697606444358826
0.07824539393186569
0.2790997326374054
0.13592815399169922
0.2999628484249115
0.058721091598272324
0.10350839048624039
0.08421435207128525
0.059033893048763275
0.23127233982086182
0.13925787806510925
0.1298520267009735
0.19633442163467407
0.02624519355595112
0.16792264580726624
0.106288380920887
0.08233365416526794
0.22101715207099915
0.1609167605638504
0.08079937100410461
0.1098342016339302
0.14000332355499268
0.11114996671676636
0.22072485089302063
0.102842777967453
0.42437562346458435
0.2548598349094391
0.3443076014518738
0.12627056241035461
0.2178984135389328
0.12576614320278168
0.19369666278362274
0.0920664444565773
0.09712906181812286
0.2327253818511963
0.08850444108247757
0.10606067627668381
0.10535383969545364
0.27727267146110535
0.2427428662776947
0.1710060089826584
0.15950468182563782
0.02465871535241604
0.25055238604545593
0.09421220421791077
0.03187153860926628
0.09460391104221344
0.2126806229352951
0.07770701497793198
0.11591020971536636
0.1985568404197693
0.13156060874462128
0.09972071647644043
0.15897832810878754
0.15871506929397583
0.0738251730799675
0.544802725315094
0.11713918298482895
0.12029526382684708
0.08701427280902863
0.11007921397686005
0.09613986313343048
0.06815645098686218
0.1017671674489975
0.25953730940818787
0.13228482007980347
0.15362565219402313
0.15020659565925598
0.1400688886642456
0.16719132661819458
0.22043530642986298
0.08976535499095917
0.2064618617296219
0.05908779054880142
0.10148517042398453
0.006192086264491081
0.07476655393838882
0.09509499371051788
0.1267157793045044
0.10500723123550415
0.06775622069835663
0.1428135633468628
0.2145671248435974
0.35066109895706177
0.041761498898267746
0.3011029064655304
0.12768572568893433
0.20313702523708344
0.154227614402771
0.13862675428390503
0.06807880103588104
0.17688585817813873
0.06204158812761307
0.29486972093582153
0.1614871621131897
0.20711250603199005
0.09283515810966492
0.08613089472055435
0.24216555058956146
0.15114131569862366
0.09221426397562027
0.144560769200325
0.12144135683774948
0.07236694544553757
0.08259178698062897
0.3815070390701294
0.21623024344444275
0.10991336405277252
0.25605279207229614
0.16303107142448425
0.16536849737167358
0.0989159494638443
0.32668158411979675
0.14427560567855835
0.13951563835144043
0.09599412977695465
0.2388196587562561
0.18063956499099731
0.23270834982395172
0.01634030044078827
0.15171334147453308
0.16105519235134125
0.17725202441215515
0.07605419307947159
0.1480952501296997
0.16112744808197021
0.11988819390535355
0.00763867748901248
0.09976540505886078
0.183528870344162
0.19347819685935974
0.42515185475349426
0.11380389332771301
0.2812477946281433
0.12375052273273468
0.20297110080718994
0.06489740312099457
0.23879316449165344
0.08566561341285706
0.17419417202472687
0.09042194485664368
0.019677268341183662
0.12866809964179993
0.24417337775230408
0.1283259242773056
0.17986828088760376
0.07027747482061386
0.07453570514917374
0.11037559807300568
0.08811461925506592
0.07717691361904144
0.08913301676511765
0.08945900201797485
0.1673547923564911
0.26487648487091064
0.2849712669849396
0.2222285121679306
0.2044568955898285
0.10852867364883423
0.21776728332042694
0.20028901100158691
0.20811539888381958
0.1956995725631714
0.18369124829769135
0.1940968930721283
0.09079639613628387
0.12220590561628342
0.08319923281669617
0.1243807002902031
0.131801038980484
0.20434607565402985
0.26794523000717163
0.062274836003780365
0.09386997669935226
0.09263227880001068
0.16549478471279144
0.12374995648860931
0.19091548025608063
0.17432862520217896
0.18815097212791443
0.19358773529529572
0.1533287912607193
0.1810038685798645
0.2495824098587036
0.15746736526489258
0.11367920786142349
0.024395128712058067
0.20966337621212006
0.14335472881793976
0.13032041490077972
0.13894641399383545
0.07660920172929764
0.14266490936279297
0.10083241015672684
0.33131611347198486
0.2261214405298233
0.1491641104221344
0.18255926668643951
0.08848418295383453
0.10654564201831818
0.21637259423732758
0.1657889038324356
0.21595381200313568
0.24033072590827942
0.1286192685365677
0.13680441677570343
0.12440942227840424
0.11114409565925598
0.2003042995929718
0.22185204923152924
0.22981607913970947
0.10958648473024368
0.258384108543396
0.15157631039619446
0.197000190615654
0.21809156239032745
0.09272024780511856
0.2913319170475006
0.10064870119094849
0.21699002385139465
0.1460593044757843
0.4273344874382019
0.21101495623588562
0.19526563584804535
0.09435144811868668
0.13543227314949036
0.08601221442222595
0.2840058207511902
0.16408726572990417
0.24413630366325378
0.10627283155918121
0.10008100420236588
0.22059136629104614
0.08779642730951309
0.07641579210758209
0.32271048426628113
0.09512325376272202
0.09774985909461975
0.09894372522830963
0.18102619051933289
0.13050751388072968
0.33137139678001404
0.2856014668941498
0.16044437885284424
0.20357084274291992
0.02111256867647171
0.2328025847673416
0.16520759463310242
0.31546270847320557
0.1910373717546463
0.1845412701368332
0.10212644189596176
0.18736408650875092
0.23380455374717712
0.092816561460495
0.16692036390304565
0.12894447147846222
0.41670161485671997
0.05135231837630272
0.17256249487400055
0.26393234729766846
0.219404399394989
0.2758876085281372
0.08390848338603973
0.07541678845882416
0.13293537497520447
0.12722887098789215
0.2199515700340271
0.13692910969257355
0.11968765407800674
0.22899392247200012
0.20170237123966217
0.10227157920598984
0.21973298490047455
0.19607482850551605
0.09303558617830276
0.16264945268630981
0.17113888263702393
0.15902283787727356
0.13010042905807495
0.2652212083339691
0.25266164541244507
0.161268949508667
0.17230111360549927
0.12015533447265625
0.16807334125041962
0.05183987319469452
0.15530355274677277
0.11956706643104553
0.1219826340675354
0.08961914479732513
0.13043570518493652
0.1172826886177063
0.10563790053129196
0.20373648405075073
0.07011372596025467
0.13926000893115997
0.13581925630569458
0.06359916180372238
0.15143319964408875
0.27643704414367676
0.14878900349140167
0.30455440282821655
0.04484488442540169
0.09670350700616837
0.08293989300727844
0.08143915235996246
0.20305098593235016
0.17304636538028717
0.1297149956226349
0.16141939163208008
0.1694670170545578
0.18790416419506073
0.21527054905891418
0.15141542255878448
0.14943991601467133
0.1997324526309967
0.15313901007175446
0.25792554020881653
0.12693187594413757
0.06295464187860489
0.1738581508398056
0.14339430630207062
0.11482173204421997
0.19585666060447693
0.2759060263633728
0.22405168414115906
0.20725327730178833
0.09646829217672348
0.3249223232269287
0.15439368784427643
0.2001933753490448
0.18165963888168335
0.32886067032814026
0.275676429271698
0.47591760754585266
0.15950022637844086
0.2188456803560257
0.1589338183403015
0.1857312023639679
0.2978721857070923
0.16579851508140564
0.1285456269979477
0.24330757558345795
0.1546356976032257
0.08320353925228119
0.09606074541807175
0.17324820160865784
0.1295298933982849
0.21491113305091858
0.32504627108573914
0.12342264503240585
0.19199371337890625
0.15421512722969055
0.008756319060921669
0.035662900656461716
0.07940509915351868
0.10776796191930771
0.20361188054084778
0.2097826451063156
0.14563250541687012
0.24791687726974487
0.25398385524749756
0.14915940165519714
0.1480371206998825
0.2073969691991806
0.1453295350074768
0.20053763687610626
0.2162681668996811
0.13652239739894867
0.14254042506217957
0.21364960074424744
0.12562507390975952
0.11978738009929657
0.03541747108101845
0.11062922328710556
0.27031517028808594
0.2654433846473694
0.17251071333885193
0.16807571053504944
0.28876009583473206
0.08277983963489532
0.10804715007543564
0.23243507742881775
0.24262602627277374
0.2038630247116089
0.0744154155254364
0.8147866129875183
0.130389004945755
0.039886556565761566
0.044075775891542435
0.4437861442565918
0.11236277967691422
0.21775227785110474
0.034961581230163574
0.2154063582420349
0.1761484146118164
0.2792471945285797
0.14723293483257294
0.17911574244499207
0.10528048872947693
0.1792222410440445
0.12348102033138275
0.1878349334001541
0.00716744177043438
0.2176414430141449
0.284804105758667
0.036245185881853104
0.16482044756412506
0.14728045463562012
0.25926393270492554
0.15591669082641602
0.15806713700294495
0.4516009986400604
0.21213850378990173
0.16475781798362732
0.17713217437267303
0.18791690468788147
0.2107154130935669
0.05468156561255455
0.016316134482622147
0.04968589171767235
0.12966036796569824
0.05065535008907318
0.1246027871966362
0.18555273115634918
0.20947392284870148
0.04249798133969307
0.19621174037456512
0.11022039502859116
0.1197170615196228
0.24132579565048218
0.17742295563220978
0.24605639278888702
0.11452425271272659
0.12449698895215988
0.1701688915491104
0.15133634209632874
0.21471910178661346
0.18260198831558228
0.07370880991220474
0.08393783867359161
0.1303798258304596
0.16190823912620544
0.10417348146438599
0.1686064749956131
0.13750430941581726
0.17544633150100708
0.14233089983463287
0.10287156701087952
0.09247468411922455
0.20841455459594727
0.08397354185581207
0.12471118569374084
0.05250685289502144
0.08157286047935486
0.18949511647224426
0.20446738600730896
0.15466131269931793
0.30531373620033264
0.2121942788362503
0.28819650411605835
0.15840736031532288
0.08062151074409485
0.1489390879869461
0.11912676692008972
0.1659981608390808
0.22316980361938477
0.05180012434720993
0.2097056359052658
0.09601669013500214
0.04975989833474159
0.30507132411003113
0.13746437430381775
0.10074234008789062
0.08202503621578217
0.28076720237731934
0.13685429096221924
0.3179531991481781
0.16051463782787323
0.20858383178710938
0.11223732680082321
0.12764157354831696
0.19899925589561462
0.14706683158874512
0.20258767902851105
0.12978427112102509
0.14382688701152802
0.1833033561706543
0.10898608714342117
0.11734725534915924
0.0537385568022728
0.18672029674053192
0.1261739581823349
0.11900161951780319
0.17412132024765015
0.2329513281583786
0.20770679414272308
0.11161577701568604
0.11285040527582169
0.23772189021110535
0.1330818086862564
0.12112265080213547
0.17292407155036926
0.2199936956167221
0.18859519064426422
0.05879078432917595
0.2349114567041397
0.14512914419174194
0.21778737008571625
0.14670762419700623
0.055776309221982956
0.1370764672756195
0.06799212098121643
0.11209634691476822
0.07558690011501312
0.09929508715867996
0.22188948094844818
0.25672197341918945
0.19447357952594757
0.3329489231109619
0.20774045586585999
0.21204474568367004
0.10083331167697906
0.08763393759727478
0.13116207718849182
0.08655562996864319
0.15897858142852783
0.10206946730613708
0.12520070374011993
0.15591329336166382
0.21092471480369568
0.11132176220417023
0.18883010745048523
0.19393174350261688
0.1638251096010208
0.07997676730155945
0.12116944789886475
0.09011150151491165
0.4594362676143646
0.060774482786655426
0.14555469155311584
0.08927521854639053
0.028318703174591064
0.0811772421002388
0.27518659830093384
0.12065239250659943
0.07576501369476318
0.15511253476142883
0.30513933300971985
0.1587754338979721
0.019177239388227463
0.07259873300790787
0.19845616817474365
0.06726013123989105
0.22402411699295044
0.20382791757583618
0.14147524535655975
0.16666348278522491
0.1852942407131195
0.12859389185905457
0.10302247852087021
0.12845097482204437
0.14215809106826782
0.13878454267978668
0.12221413850784302
0.021940059959888458
0.24206440150737762
0.19932644069194794
0.12997661530971527
0.3895108997821808
0.20895454287528992
0.16234146058559418
0.21319273114204407
0.12112228572368622
0.08061524480581284
0.1826597899198532
0.022352470085024834
0.12460319697856903
0.12221192568540573
0.14481766521930695
0.07105741649866104
0.12451989948749542
0.3946901559829712
0.16762058436870575
0.24079598486423492
0.1630895435810089
0.14337579905986786
0.1581745743751526
0.17990276217460632
0.29303303360939026
0.03795619681477547
0.12182307988405228
0.20619963109493256
0.21544745564460754
0.10842981189489365
0.2153787761926651
0.1102755144238472
0.07839424908161163
0.017119143158197403
0.09081793576478958
0.2747959792613983
0.19054637849330902
0.10276845097541809
0.11036058515310287
0.27217039465904236
0.20408271253108978
0.22619512677192688
0.02138494700193405
0.06857207417488098
0.0322389118373394
0.32928702235221863
0.11870844662189484
0.2515687346458435
0.2663882076740265
0.1407248079776764
0.16559049487113953
0.14853507280349731
0.10153910517692566
0.15215948224067688
0.19154465198516846
0.040135711431503296
0.24800103902816772
0.23539848625659943
0.11808313429355621
0.14766627550125122
0.02398613840341568
0.03710085526108742
0.12113794684410095
0.16537053883075714
0.1532888114452362
0.23218227922916412
0.12252984195947647
0.24803251028060913
0.24524343013763428
0.16197186708450317
0.05003918707370758
0.1425962746143341
0.21666547656059265
0.18323014676570892
0.1519818902015686
0.20220670104026794
0.17251349985599518
0.09839935600757599
0.12481820583343506
0.14627331495285034
0.0698457881808281
0.03252507746219635
0.09511859714984894
0.05109241232275963
0.12345285713672638
0.0637829601764679
0.24659430980682373
0.0015376918017864227
0.2142268717288971
0.253094345331192
0.09688272327184677
0.1550840586423874
0.10687145590782166
0.0664031133055687
0.18396835029125214
0.17361018061637878
0.1867830604314804
0.1545458734035492
0.23443388938903809
0.09328702837228775
0.1447141170501709
0.21320675313472748
0.18219761550426483
0.0493658073246479
0.13299690186977386
0.1426076740026474
0.1529177576303482
0.172022745013237
0.1798151731491089
0.24160616099834442
0.19271378219127655
0.14202621579170227
0.18033410608768463
0.0843578428030014
0.48927396535873413
0.12510858476161957
0.21528089046478271
0.09765688329935074
0.07242298126220703
0.012308705598115921
0.08327015489339828
0.05898946151137352
0.12290292978286743
0.02002219669520855
0.2216450721025467
0.1594577133655548
0.10702890157699585
0.08449055254459381
0.003801516257226467
0.39354565739631653
0.20580528676509857
0.18622715771198273
0.18434970080852509
0.2164202630519867
0.14128315448760986
0.1015811637043953
0.1583622246980667
0.1339271068572998
0.10953940451145172
0.2239180952310562
0.016120094805955887
0.09543806314468384
0.022759951651096344
0.15277059376239777
0.17524652183055878
0.03404166176915169
0.09699007868766785
0.13560298085212708
0.19915372133255005
0.12127517908811569
0.11842852830886841
0.24449308216571808
0.12368880957365036
0.12694770097732544
0.006730305962264538
0.19534598290920258
0.13328878581523895
0.14584976434707642
0.1333596110343933
0.0564165860414505
0.16896122694015503
0.030130311846733093
0.0764036551117897
0.17651565372943878
0.10069301724433899
0.17691928148269653
0.17776483297348022
0.24580048024654388
0.08284322917461395
0.1350701004266739
0.17818386852741241
0.10154254734516144
0.1338566094636917
0.08804251253604889
0.1625240594148636
0.17319022119045258
0.12396221607923508
0.19947759807109833
0.10174079239368439
0.0711188092827797
0.14207713305950165
0.16442742943763733
0.09444531053304672
0.2172131985425949
0.12996366620063782
0.1841975599527359
0.08205483853816986
0.07040096819400787
0.17900025844573975
0.22544395923614502
0.2635224461555481
0.03300759941339493
0.08971725404262543
0.1830141842365265
0.07504421472549438
0.19384977221488953
0.08232265710830688
0.17539718747138977
0.13671647012233734
0.08296438306570053
0.10729566961526871
0.1694347858428955
0.1533115953207016
0.21323595941066742
0.2000771462917328
0.05591645464301109
0.1442461460828781
0.09208187460899353
0.1822996884584427
0.23536355793476105
0.2465532273054123
0.2040473371744156
0.05075310543179512
0.10982818901538849
0.1719476282596588
0.22351691126823425
0.1436549872159958
0.2824641466140747
0.10259909927845001
0.17173518240451813
0.11097467690706253
0.19291768968105316
0.21374118328094482
0.17126837372779846
0.13124492764472961
0.14672251045703888
0.2951498329639435
0.11311781406402588
0.20203690230846405
0.06099523976445198
0.1666714996099472
0.06688228994607925
0.07934018224477768
0.1653924435377121
0.05839608609676361
0.1251126229763031
0.16891443729400635
0.07253073155879974
0.028926944360136986
0.08478324115276337
0.12332882732152939
0.18026724457740784
0.1941152662038803
0.14758655428886414
0.08995402604341507
0.1944316178560257
0.13674643635749817
0.011792650446295738
0.11245909333229065
0.1480632722377777
0.12858103215694427
0.11724068969488144
0.09828342497348785
0.0712299793958664
0.1492392122745514
0.19155247509479523
0.21678432822227478
0.1651831716299057
0.07588394731283188
0.07027318328619003
0.1229419931769371
0.09687329828739166
0.20337460935115814
0.141490638256073
0.21917982399463654
0.0038614277727901936
0.1418904960155487
0.05884856730699539
0.11605816334486008
0.1704270839691162
0.20417927205562592
0.04177330434322357
0.11593402922153473
0.13683338463306427
0.14218248426914215
0.12962087988853455
0.07533378899097443
0.12275048345327377
0.13575021922588348
0.1399451196193695
0.03497396409511566
0.15205034613609314
0.09865568578243256
0.1320665180683136
0.5589643716812134
0.12751370668411255
0.0592070147395134
0.016123708337545395
0.1236351877450943
0.21597714722156525
0.1694774180650711
0.17667731642723083
0.23787309229373932
0.10157440602779388
0.20652736723423004
0.49831750988960266
0.1294661909341812
0.10825672745704651
0.12290440499782562
0.09887249022722244
0.31074050068855286
0.017139295116066933
0.19276674091815948
0.11852625012397766
0.3088781535625458
0.22009482979774475
0.0887918472290039
0.33012354373931885
0.15811367332935333
0.0909324437379837
0.22180116176605225
0.05460380017757416
0.1673140674829483
0.2369946539402008
0.11744729429483414
0.2038954645395279
0.1246793195605278
0.09661094099283218
0.07619287073612213
0.1983022689819336
0.20627087354660034
0.09205487370491028
0.18137797713279724
0.23757129907608032
0.12211581319570541
0.23418283462524414
0.14143362641334534
0.13322339951992035
0.19679871201515198
0.11030623316764832
0.15058721601963043
0.175522580742836
0.04396848380565643
0.008570065721869469
0.08938967436552048
0.2228691130876541
0.24598227441310883
0.23168762028217316
0.10372079908847809
0.040419697761535645
0.16262970864772797
0.10577686876058578
0.08702194690704346
0.05649808794260025
0.26824092864990234
0.3130066394805908
0.17456898093223572
0.17934007942676544
0.14993223547935486
0.17013207077980042
0.13592387735843658
0.19683177769184113
0.07335548847913742
0.0574730820953846
0.08666851371526718
0.1520659476518631
0.14102187752723694
0.2374897450208664
0.23766735196113586
0.16461782157421112
0.10742827504873276
0.1474749594926834
0.14922666549682617
0.203604057431221
0.1596614420413971
0.14031466841697693
0.1035705953836441
0.2451714724302292
0.1519651710987091
0.10567650943994522
0.13353337347507477
0.14131182432174683
0.11989165097475052
0.09832998365163803
0.1402142494916916
0.17863425612449646
0.163089781999588
0.254828542470932
0.07052811980247498
0.2000470757484436
0.15735550224781036
0.06661480665206909
0.2817106246948242
0.26618722081184387
0.09205121546983719
0.11553770303726196
0.12370924651622772
0.10902275890111923
0.24495770037174225
0.12140928953886032
0.27499502897262573
0.12489654123783112
0.254872590303421
0.16163384914398193
0.053032033145427704
0.27326151728630066
0.18289999663829803
0.1090874969959259
0.17823490500450134
0.1717761605978012
0.10254353284835815
0.20166699588298798
0.0907396599650383
0.25571829080581665
0.03320939093828201
0.22785799205303192
0.16779114305973053
0.0727033019065857
0.03627542406320572
0.20814859867095947
0.06033090129494667
0.14263950288295746
0.09819577634334564
0.1450698971748352
0.1150248795747757
0.06719302386045456
0.14699670672416687
0.05808206647634506
0.05029555782675743
0.16880406439304352
0.2755732536315918
0.12558095157146454
0.2109113186597824
0.1981021910905838
0.06520281732082367
0.34383219480514526
0.10558922588825226
0.19551770389080048
0.10523560643196106
0.2836606204509735
0.13833628594875336
0.1917901188135147
0.18723295629024506
0.17669567465782166
0.18453873693943024
0.20759671926498413
0.2181728333234787
0.12983258068561554
0.1930456906557083
0.2819375991821289
0.076431043446064
0.16784538328647614
0.1929159164428711
0.20186100900173187
0.130166158080101
0.1571267992258072
0.19942991435527802
0.12636135518550873
0.22583450376987457
0.0275859497487545
0.17098566889762878
0.14236898720264435
0.17186377942562103
0.13751037418842316
0.13309989869594574
0.1646864265203476
0.15078391134738922
0.20254474878311157
0.09938330948352814
0.10390733927488327
0.12869226932525635
0.10789430886507034
0.10429178923368454
0.18371552228927612
0.1528632640838623
0.14443816244602203
0.23521788418293
0.002495337510481477
0.5204280018806458
0.14954128861427307
0.1509995460510254
0.16431672871112823
0.12400137633085251
0.19913752377033234
0.22561973333358765
0.26986488699913025
0.12869885563850403
0.14062412083148956
0.030281564220786095
0.1545211523771286
0.19880130887031555
0.2193966805934906
0.17418421804904938
0.10426165163516998
0.13732774555683136
0.18722444772720337
0.234013170003891
0.07396648079156876
0.22417128086090088
0.11079752445220947
0.07616982609033585
0.13713395595550537
0.10319030284881592
0.14808258414268494
0.12427108734846115
0.22061975300312042
0.1940334588289261
0.18376584351062775
0.07199491560459137
0.23137147724628448
0.2456376552581787
0.05350467562675476
0.07292724400758743
0.11843093484640121
0.15030629932880402
0.18308545649051666
0.011569410562515259
0.24145430326461792
0.19765052199363708
0.23667265474796295
0.13463260233402252
0.0760926753282547
0.2567508816719055
0.2846210300922394
0.43900465965270996
0.16251394152641296
0.11659211665391922
0.2688266932964325
0.19705937802791595
0.18610791862010956
0.10475899279117584
0.02436990477144718
0.20101019740104675
0.020317506045103073
0.229905903339386
0.1895364224910736
0.1428450644016266
0.10785100609064102
0.16870518028736115
0.11893635988235474
0.1102399230003357
0.19033706188201904
0.18111169338226318
0.0772172287106514
0.26356571912765503
0.08083342760801315
0.12243544310331345
0.15726886689662933
0.1441408395767212
0.1912107765674591
0.05602143332362175
0.1211288571357727
0.20620642602443695
0.059187062084674835
0.3049130141735077
0.1500607281923294
0.1893729269504547
0.09573681652545929
0.14616051316261292
0.09868518263101578
0.16114851832389832
0.3147590160369873
0.10824087262153625
0.11078013479709625
0.15900766849517822
0.13127698004245758
0.15987928211688995
0.198381707072258
0.09952544420957565
0.2872873544692993
0.18500612676143646
0.33646589517593384
0.10823369771242142
0.18463267385959625
0.1576274037361145
0.1538645476102829
0.15283329784870148
0.2005869299173355
0.11792021989822388
0.13941708207130432
0.21277998387813568
0.0787697359919548
0.2057521641254425
0.13808874785900116
0.07111065089702606
0.19654728472232819
0.21863892674446106
0.09774700552225113
0.23007899522781372
0.04636193439364433
0.18729285895824432
0.11853708326816559
0.032793693244457245
0.25078925490379333
0.1129068061709404
0.10840103775262833
0.07979673892259598
0.12025929242372513
0.13825154304504395
0.046352263540029526
0.13401207327842712
0.1197429969906807
0.15365013480186462
0.11699241399765015
0.2813358008861542
0.18217220902442932
0.14659450948238373
0.06462914496660233
0.24556386470794678
0.07349824905395508
0.10737279057502747
0.12385015934705734
0.008567508310079575
0.14084254205226898
0.5314731597900391
0.2386278361082077
0.2521580457687378
0.1882294863462448
0.11882711946964264
0.1951374113559723
0.17381101846694946
0.13972418010234833
0.15248800814151764
0.12511397898197174
0.23947767913341522
0.13046711683273315
0.12775731086730957
0.18232883512973785
0.17752225697040558
0.21718864142894745
0.08722114562988281
0.1049581840634346
0.1143140122294426
0.1973881870508194
0.198166623711586
0.09620055556297302
0.18226079642772675
0.16596630215644836
0.08568015694618225
0.23517459630966187
0.2628456652164459
0.15788355469703674
0.20491841435432434
0.18168725073337555
0.26653212308883667
0.06500551849603653
0.10983103513717651
0.03354702517390251
0.2875508666038513
0.23431462049484253
0.06198293715715408
0.15162235498428345
0.18919143080711365
0.08437014371156693
0.3146931529045105
0.2253645956516266
0.18172819912433624
0.15987816452980042
0.4451034963130951
0.11059779673814774
0.46518272161483765
0.13497237861156464
0.1368364840745926
0.18451577425003052
0.25371626019477844
0.0914323627948761
0.21452148258686066
0.11116403341293335
0.199624165892601
0.06656698137521744
0.12221582233905792
0.16781778633594513
0.11172594130039215
0.11880026757717133
0.15717566013336182
0.13221371173858643
0.1450757533311844
0.18122899532318115
0.059246696531772614
0.14625875651836395
0.0678315982222557
0.12472353875637054
0.06627237051725388
0.17243418097496033
0.06826851516962051
0.21031104028224945
0.3022734522819519
0.16596990823745728
0.18981793522834778
0.13269644975662231
0.09732762724161148
0.09394252300262451
0.11931002140045166
0.31473177671432495
0.13803111016750336
0.06167606636881828
0.015798179432749748
0.19617295265197754
0.18562306463718414
0.23239921033382416
0.06892405450344086
0.20758554339408875
0.18293295800685883
0.22818224132061005
0.06530559808015823
0.23279811441898346
0.08038167655467987
0.24685215950012207
0.17728260159492493
0.20417189598083496
0.15319368243217468
0.18765725195407867
0.11480270326137543
0.1616382896900177
0.16805042326450348
0.17345473170280457
0.19264286756515503
0.029120825231075287
0.12427334487438202
0.1443607360124588
0.12717270851135254
0.18362843990325928
0.07322371006011963
0.19875852763652802
0.13201282918453217
0.13010424375534058
0.09232465922832489
0.12943744659423828
0.2927950918674469
0.20853671431541443
0.13438072800636292
0.1304326057434082
0.08517617732286453
0.17405511438846588
0.11458255350589752
0.1743118017911911
0.1053113341331482
0.14938336610794067
0.13791035115718842
0.15183423459529877
0.17995433509349823
0.0941857323050499
0.07519762963056564
0.30065515637397766
0.08655259013175964
0.07598181813955307
0.2054338902235031
0.1328510344028473
0.1986932009458542
0.11018165200948715
0.18961162865161896
0.25238141417503357
0.1441321074962616
0.21869158744812012
0.1581231653690338
0.10351253300905228
0.2807495892047882
0.1251140534877777
0.09741443395614624
0.11883129179477692
0.20270541310310364
0.1784885972738266
0.11801618337631226
0.03109736554324627
0.13706931471824646
0.11653493344783783
0.005187656730413437
0.203758105635643
0.25712329149246216
0.11518605053424835
0.034566234797239304
0.04567412659525871
0.03992648795247078
0.20121318101882935
0.10460197180509567
0.05313118174672127
0.114883653819561
0.21549881994724274
0.028072701767086983
0.04335176199674606
0.1391124129295349
0.5062595009803772
0.1733863800764084
0.08819228410720825
0.25319400429725647
0.1554158478975296
0.2143237292766571
0.09205841273069382
0.47076112031936646
0.11949172616004944
0.17069600522518158
0.11148876696825027
0.14812874794006348
0.1855652779340744
0.2005956470966339
0.14223656058311462
0.26036831736564636
0.14436565339565277
0.14577189087867737
0.08936132490634918
0.014653448015451431
0.2114613652229309
0.13221709430217743
0.24438124895095825
0.0818997174501419
0.08981581032276154
0.12591418623924255
0.09371135383844376
0.08630846440792084
0.3346042335033417
0.1652076244354248
0.25221845507621765
0.21031908690929413
0.055998168885707855
0.13197219371795654
0.4050772190093994
0.3141159117221832
0.28921785950660706
0.26223498582839966
0.20854786038398743
0.17160622775554657
0.16446009278297424
0.1999107450246811
0.22633858025074005
0.25794288516044617
0.12777015566825867
0.14664185047149658
0.005210421048104763
0.16545189917087555
0.20840075612068176
0.17123384773731232
0.19308200478553772
0.1510200798511505
0.10973306745290756
0.09499214589595795
0.11009174585342407
0.1948588788509369
0.2869480848312378
0.09450663626194
0.13744214177131653
0.1622050404548645
0.25871169567108154
0.13722702860832214
0.10323145985603333
0.1684565544128418
0.2276526391506195
0.17332030832767487
0.12597692012786865
0.20854127407073975
0.1453695297241211
0.1582348495721817
0.21444983780384064
0.08624900877475739
0.04083806276321411
0.1529003381729126
0.1555195301771164
0.12062571197748184
0.27348005771636963
0.22032423317432404
0.27095139026641846
0.11074407398700714
0.07740818709135056
0.10047914832830429
0.05465596541762352
0.13577796518802643
0.18721264600753784
0.15625546872615814
0.0680551528930664
0.20362329483032227
0.3211838901042938
0.5477626919746399
0.09185929596424103
0.13785791397094727
0.09285849332809448
0.33637186884880066
0.14529752731323242
0.23871488869190216
0.22513458132743835
0.1236107125878334
0.23093281686306
0.14573538303375244
0.07337667047977448
0.1685141772031784
0.06301254034042358
0.1315840631723404
0.0865778774023056
0.26778584718704224
0.05337623879313469
0.1690640151500702
0.17256438732147217
0.08005017787218094
0.08128112554550171
0.23064438998699188
0.21963784098625183
0.2702760696411133
0.06944049894809723
0.3009815812110901
0.43706244230270386
0.07200680673122406
0.12016578018665314
0.092413529753685
0.11525118350982666
0.18759135901927948
0.2098000943660736
0.19395087659358978
0.19623005390167236
0.11625435203313828
0.10285784304141998
0.11680924147367477
0.04604431614279747
0.18034224212169647
0.17819634079933167
0.057089664041996
0.13277757167816162
0.0946233794093132
0.16798356175422668
0.187080517411232
0.08884846419095993
0.13410645723342896
0.06451693177223206
0.2409769594669342
0.17873021960258484
0.19305743277072906
0.1092652827501297
0.12916888296604156
0.19769179821014404
0.04995659366250038
0.16786843538284302
0.15707513689994812
0.13925643265247345
0.24471542239189148
0.07978750765323639
0.07726909220218658
0.19969038665294647
0.12351144850254059
0.1381368190050125
0.07570216059684753
0.12177407741546631
0.08007676154375076
0.26756709814071655
0.11289290338754654
0.12786708772182465
0.1975560337305069
0.06342664361000061
0.12690883874893188
0.05031657963991165
0.09179016202688217
0.15671005845069885
0.07833011448383331
0.18846796452999115
0.2741681933403015
0.22378207743167877
0.11659868061542511
0.2083435207605362
0.12236668914556503
0.20283173024654388
0.3670257031917572
0.12658298015594482
0.19806072115898132
0.12759888172149658
0.16155211627483368
0.25421035289764404
0.12851779162883759
0.15768006443977356
0.1556546688079834
0.24225199222564697
0.13557419180870056
0.1738196164369583
0.21517960727214813
0.21412567794322968
0.12399523705244064
0.20433421432971954
0.15618012845516205
0.13338781893253326
0.10058324038982391
0.17084166407585144
0.09658673405647278
0.09556052833795547
0.10224586725234985
0.04351605102419853
0.40852171182632446
0.06666549295186996
0.2562808692455292
0.2088049054145813
0.35406431555747986
0.05781945586204529
0.11010052263736725
0.09563598036766052
0.20530958473682404
0.07298529148101807
0.10407786071300507
0.16912631690502167
0.08327718824148178
0.11292906105518341
0.21297775208950043
0.13022279739379883
0.03326321393251419
0.08643621951341629
0.12203984707593918
0.1968565583229065
0.2978365421295166
0.06575602293014526
0.11951899528503418
0.1885739117860794
0.19679054617881775
0.15889069437980652
0.0372181311249733
0.08868367969989777
0.16330021619796753
0.18807938694953918
0.1688617765903473
0.09252213686704636
0.19958244264125824
0.011906677857041359
0.09358543902635574
0.0014860020019114017
0.1308681219816208
0.18028993904590607
0.08989476412534714
0.14151254296302795
0.15695761144161224
0.148050919175148
0.17546142637729645
0.10016646981239319
0.12410876899957657
0.20266126096248627
0.1776188164949417
0.22007225453853607
0.08984212577342987
0.2191329300403595
0.10221847146749496
0.13633601367473602
0.1290285438299179
0.17850109934806824
0.13660962879657745
0.14851835370063782
0.18021820485591888
0.0717833861708641
0.2691469192504883
0.34732404351234436
0.11552879959344864
0.19249644875526428
0.2345154583454132
0.13477575778961182
0.17037585377693176
0.09720516949892044
0.1278916299343109
0.20503723621368408
0.12048903852701187
0.18813875317573547
0.1732933223247528
0.25496283173561096
0.17605991661548615
0.01484285481274128
0.00803031213581562
0.1590985804796219
0.04648272693157196
0.05211098864674568
0.10312318801879883
0.14441275596618652
0.1256161779165268
0.13257551193237305
0.14462608098983765
0.0903211385011673
0.05678354576230049
0.13860277831554413
0.0037316251546144485
0.11112099885940552
0.12159321457147598
0.030883608385920525
0.11014176905155182
0.15361887216567993
0.1046326532959938
0.16891565918922424
0.15157057344913483
0.26533207297325134
0.04020005092024803
0.19174478948116302
0.16506054997444153
0.15785734355449677
0.14178068935871124
0.08341479301452637
0.08563350886106491
0.1537574827671051
0.10006529837846756
0.0880090594291687
0.08322779834270477
0.0777856707572937
0.18561740219593048
0.30460497736930847
0.0984109416604042
0.12800313532352448
0.0945141613483429
0.031685248017311096
0.0382097102701664
0.16719351708889008
0.08033127337694168
0.1590200662612915
0.20477965474128723
0.14712029695510864
0.0861777812242508
0.15821118652820587
0.17955288290977478
0.09434202313423157
0.15271468460559845
0.1139129176735878
0.10182224214076996
0.04347677528858185
0.1480841338634491
0.07012791186571121
0.30473288893699646
0.12689603865146637
0.15337854623794556
0.10287246853113174
0.16669459640979767
0.14411495625972748
0.1317768692970276
0.13526375591754913
0.1247873604297638
0.23878231644630432
0.1360132098197937
0.16389888525009155
0.09308882057666779
0.15679368376731873
0.10994046926498413
0.13658687472343445
0.011989472433924675
0.1541014164686203
0.1313880980014801
0.08175444602966309
0.14399409294128418
0.19791142642498016
0.13479070365428925
0.13781620562076569
0.12333319336175919
0.22159980237483978
0.00849783793091774
0.045631684362888336
0.13350291550159454
0.14414586126804352
0.11746863275766373
0.08313698321580887
0.1462973654270172
0.2861206531524658
0.18906791508197784
0.04269443452358246
0.09056994318962097
0.1323094516992569
0.0904473140835762
0.1192365512251854
0.14944912493228912
0.23367750644683838
0.01842929609119892
0.17225201427936554
0.16580335795879364
0.012683931738138199
0.19197219610214233
0.08294036984443665
0.08043687790632248
0.12736283242702484
0.1379668414592743
0.3047730326652527
0.06330542266368866
0.01941213384270668
0.13221220672130585
0.1384877860546112
0.10870180279016495
0.151543989777565
0.14792588353157043
0.1407780796289444
0.0849393978714943
0.08506540209054947
0.19083721935749054
0.12740376591682434
0.07486643642187119
0.21823738515377045
0.10356836020946503
0.09258270263671875
0.1622135490179062
0.038078583776950836
0.08380834758281708
0.09444272518157959
0.0808388888835907
0.05888797342777252
0.053761836141347885
0.07988464087247849
0.1353047788143158
0.25706419348716736
0.08667054772377014
0.10098552703857422
0.1570700705051422
0.23071235418319702
0.24562714993953705
0.12071121484041214
0.06961867213249207
0.08618892729282379
0.21442055702209473
0.1471722573041916
0.08547685295343399
0.08203131705522537
0.09581442922353745
0.2872590720653534
0.19938048720359802
0.14054308831691742
0.2111928015947342
0.17530344426631927
0.14346082508563995
0.08661224693059921
0.0614713653922081
0.1443115472793579
0.18453870713710785
0.1815287470817566
0.08274271339178085
0.14995475113391876
0.3671184480190277
0.17109031975269318
0.13368573784828186
0.1542683243751526
0.20210000872612
0.09805681556463242
0.16156423091888428
0.3498461842536926
0.07725276798009872
0.1252034306526184
0.234838604927063
0.11538156867027283
0.14317914843559265
0.28195884823799133
0.06220711022615433
0.1661117672920227
0.12147241085767746
0.02974824421107769
0.1939871907234192
0.06888590008020401
0.2190401405096054
0.09751030057668686
0.47932446002960205
0.3506922423839569
0.16165682673454285
0.07609769701957703
0.0997309461236
0.14313139021396637
0.18091323971748352
0.11104706674814224
0.14794202148914337
0.12312281876802444
0.2457522600889206
0.1271979957818985
0.09852036088705063
0.10297290235757828
0.09069954603910446
0.09989341348409653
0.2273445725440979
0.24339929223060608
0.1992027461528778
0.10448414087295532
0.04889428988099098
0.08931092917919159
0.20727814733982086
0.14612385630607605
0.06420526653528214
0.1843787431716919
0.07932247966527939
0.11701925098896027
0.17842482030391693
0.18641532957553864
0.16274242103099823
0.09954625368118286
0.1703745424747467
0.007895562797784805
0.13234974443912506
0.15102185308933258
0.2543850243091583
0.09094615280628204
0.11495737731456757
0.0199429951608181
0.09698271751403809
0.18152685463428497
0.22509446740150452
0.2379567176103592
0.13992255926132202
0.10035707801580429
0.17198289930820465
0.008168058469891548
0.054291628301143646
0.1723390519618988
0.18513888120651245
0.22600577771663666
0.1398223638534546
0.08099650591611862
0.2821178436279297
0.0844506099820137
0.07690810412168503
0.09072072803974152
0.1415054351091385
0.23812958598136902
0.1336398720741272
0.12286901473999023
0.16816814243793488
0.11454875022172928
0.3283137083053589
0.2855512201786041
0.07040591537952423
0.17228536307811737
0.48100441694259644
0.188614621758461
0.04881928488612175
0.07840617001056671
0.08295819908380508
0.1396142542362213
0.15343797206878662
0.23541808128356934
0.15203744173049927
0.04907127097249031
0.19137054681777954
0.16915346682071686
0.07773248851299286
0.047594960778951645
0.1512702852487564
0.23743878304958344
0.13895609974861145
0.017868101596832275
0.3036794066429138
0.21263939142227173
0.17048145830631256
0.0816798210144043
0.08288587629795074
0.08773154020309448
0.13837222754955292
0.1211768314242363
0.1357303261756897
0.20780177414417267
0.2592303156852722
0.15846790373325348
0.24985012412071228
0.0579027496278286
0.07523687183856964
0.11720673739910126
0.22497616708278656
0.23717163503170013
0.10544812679290771
0.26933252811431885
0.13915382325649261
0.17034636437892914
0.3847006857395172
0.11094909906387329
0.1836463361978531
0.10254472494125366
0.10737167298793793
0.03913775831460953
0.07865652441978455
0.3484122157096863
0.09803734719753265
0.11508950591087341
0.19568823277950287
0.13620661199092865
0.17607316374778748
0.0946555808186531
0.10375825315713882
0.135832741856575
0.10928761959075928
0.10841907560825348
0.055127643048763275
0.09882207214832306
0.06994308531284332
0.027045641094446182
0.11744772642850876
0.1648036539554596
0.15465618669986725
0.08151797950267792
0.16761761903762817
0.08749149739742279
0.1304682046175003
0.10934024304151535
0.192710742354393
0.06135611608624458
0.1040535643696785
0.26676422357559204
0.07304468750953674
0.1385480910539627
0.18983100354671478
0.0814344584941864
0.09847520291805267
0.2066117525100708
0.11355374753475189
0.06466931104660034
0.180363729596138
0.17743176221847534
0.15663926303386688
0.030368704348802567
0.1606399416923523
0.008950266987085342
0.1332745999097824
0.10891178995370865
0.12366580218076706
0.18019618093967438
0.04998067393898964
0.1446985900402069
0.039759453386068344
0.12948493659496307
0.11069546639919281
0.09930364787578583
0.08465555310249329
0.12333782017230988
0.13758473098278046
0.12970641255378723
0.12173720449209213
0.015196461230516434
0.144510880112648
0.12580034136772156
0.13622665405273438
0.18936823308467865
0.16921977698802948
0.15270425379276276
0.18915405869483948
0.11523067206144333
0.08280640095472336
0.1710517257452011
0.03068637289106846
0.10626149922609329
0.33413517475128174
0.14006565511226654
0.18691599369049072
0.09336728602647781
0.0908953845500946
0.13482201099395752
0.07897628098726273
0.14855045080184937
0.16368192434310913
0.1224394291639328
0.14576897025108337
0.28379836678504944
0.08853718638420105
0.12426691502332687
0.05294828861951828
0.055140420794487
0.07670015096664429
0.178995281457901
0.17808687686920166
0.17431652545928955
0.12866729497909546
0.17292487621307373
0.11213686317205429
0.12637773156166077
0.18446289002895355
0.2329593300819397
0.2614850699901581
0.1725805699825287
0.1365695744752884
0.16903795301914215
0.135553240776062
0.17327435314655304
0.1736566126346588
0.23779545724391937
0.10675761848688126
0.10825570672750473
0.03654404357075691
0.08674179762601852
0.23197214305400848
0.11392699182033539
0.007408351171761751
0.24760951101779938
0.043394703418016434
0.16009575128555298
0.07932339608669281
0.20970799028873444
0.12771999835968018
0.15795569121837616
0.1710738092660904
0.15284456312656403
0.17110955715179443
0.08860334753990173
0.03262394294142723
0.16975875198841095
0.2017909586429596
0.23868684470653534
0.06660705804824829
0.11323639750480652
0.10583201795816422
0.21511127054691315
0.15879690647125244
0.18367639183998108
0.1480156034231186
0.25225603580474854
0.1369207501411438
0.11111710965633392
0.14202068746089935
0.2802547812461853
0.13349862396717072
0.09833543747663498
0.08872061967849731
0.08500910550355911
0.09139248728752136
0.18807990849018097
0.07500157505273819
0.03665771335363388
0.1531352698802948
0.21365752816200256
0.06589975953102112
0.2082122564315796
0.23973563313484192
0.24957558512687683
0.2499900907278061
0.23208662867546082
0.1345360279083252
0.22841551899909973
0.22501850128173828
0.12080682069063187
0.16512131690979004
0.1927979290485382
0.06383366882801056
0.12431463599205017
0.1688901036977768
0.1314595490694046
0.17198984324932098
0.17246714234352112
0.15660911798477173
0.43212801218032837
0.09056004881858826
0.1403607726097107
0.17273351550102234
0.32964110374450684
0.15399356186389923
0.02374778501689434
0.1417083889245987
0.19574478268623352
0.19963307678699493
0.1836659014225006
0.19222202897071838
0.16604211926460266
0.1784711480140686
0.1399197280406952
0.19084015488624573
0.1541578471660614
0.3954179584980011
0.1027090921998024
0.11176785826683044
0.13985221087932587
0.20455360412597656
0.10424252599477768
0.12943041324615479
0.15061628818511963
0.15856721997261047
0.08837785571813583
0.19248297810554504
0.10639896988868713
0.13493846356868744
0.19301737844944
0.20543520152568817
0.2238394320011139
0.1401977390050888
0.22894743084907532
0.12143400311470032
0.07851391285657883
0.19438908994197845
0.10695134103298187
0.09571892768144608
0.1530572921037674
0.231037437915802
0.23525987565517426
0.12439301609992981
0.11132555454969406
0.007292621769011021
0.20986346900463104
0.08685995638370514
0.05436788499355316
0.009968500584363937
0.2040562778711319
0.19936493039131165
0.10635711252689362
0.18885913491249084
0.228298157453537
0.2974216043949127
0.1486566960811615
0.1952158659696579
0.2228422462940216
0.24931316077709198
0.10577203333377838
0.041087906807661057
0.1287795454263687
0.029682347550988197
0.13029040396213531
0.16556648910045624
0.14747579395771027
0.1431778222322464
0.1497015655040741
0.13626371324062347
0.18192914128303528
0.2532985210418701
0.07183714956045151
0.09546510875225067
0.06434754282236099
0.10323109477758408
0.2545934319496155
0.17980733513832092
0.15092433989048004
0.23006409406661987
0.04065955802798271
0.037421055138111115
0.11991135776042938
0.11665365099906921
0.20501843094825745
0.10357215255498886
0.07609572261571884
0.15547944605350494
0.07826220244169235
0.33405059576034546
0.08370274305343628
0.15818551182746887
0.03971723094582558
0.27816545963287354
0.15444277226924896
0.14843958616256714
0.1499025672674179
0.12068789452314377
0.07787808030843735
0.08936823904514313
0.09758466482162476
0.11995308101177216
0.11591452360153198
0.14724387228488922
0.08531061559915543
0.2160368412733078
0.1635292023420334
0.0755319744348526
0.2094161957502365
0.08033114671707153
0.16071218252182007
0.14961859583854675
0.12640699744224548
0.09139522165060043
0.18501664698123932
0.21046046912670135
0.09978678077459335
0.17428681254386902
0.0767618790268898
0.11637262254953384
0.1469034105539322
0.1190342828631401
0.13157469034194946
0.263211727142334
0.4188970625400543
0.14599697291851044
0.16548170149326324
0.17353887856006622
0.0869612917304039
0.1395498365163803
0.07193932682275772
0.20051389932632446
0.19499854743480682
0.09208676218986511
0.10999447107315063
0.11937874555587769
0.18725641071796417
0.016107792034745216
0.08929566293954849
0.19445233047008514
0.15216490626335144
0.23937319219112396
0.07077661156654358
0.2513667345046997
0.14030605554580688
0.13816393911838531
0.09224647283554077
0.2393859326839447
0.11289781332015991
0.23191049695014954
0.2597394287586212
0.13374383747577667
0.04230698570609093
0.0903562679886818
0.20360425114631653
0.18459895253181458
0.13569718599319458
0.16068466007709503
0.18968620896339417
0.11708870530128479
0.10995543748140335
0.08223733305931091
0.17589284479618073
0.12446869164705276
0.042483869940042496
0.09783744066953659
0.1793350726366043
0.07902850955724716
0.21080130338668823
0.14474229514598846
0.05569838359951973
0.0583762526512146
0.08288842439651489
0.11337200552225113
0.127231165766716
0.2839462161064148
0.1222488284111023
0.1548522561788559
0.22160722315311432
0.19713008403778076
0.09796859323978424
0.0875297412276268
0.20292265713214874
0.07830197364091873
0.11172846704721451
0.17819546163082123
0.20954576134681702
0.08798398822546005
0.06351624429225922
0.141160786151886
0.18454377353191376
0.11186201870441437
0.12647834420204163
0.18995147943496704
0.14501404762268066
0.11727733910083771
0.06711988151073456
0.11791480332612991
0.09347318112850189
0.34240633249282837
0.2283094823360443
0.014642984606325626
0.15117330849170685
0.2894928753376007
0.22136449813842773
0.25866207480430603
0.12291841953992844
0.10895959287881851
0.09149860590696335
0.07991479337215424
0.19063232839107513
0.08694818615913391
0.21309402585029602
0.10764936357736588
0.11522429436445236
0.04227040335536003
0.0882648229598999
0.09955675154924393
0.1086980327963829
0.26656419038772583
0.12176836282014847
0.21701371669769287
0.21514476835727692
0.17301250994205475
0.1360466331243515
0.05727965012192726
0.09830000251531601
0.13087789714336395
0.31609031558036804
0.1616777926683426
0.16103388369083405
0.5492604970932007
0.15294839441776276
0.21339711546897888
0.10675390064716339
0.13045652210712433
0.1450681984424591
0.16943171620368958
0.0864182710647583
0.09179195761680603
0.18213263154029846
0.19783766567707062
0.08146697282791138
0.08840430527925491
0.0766640231013298
0.17493142187595367
0.11514753103256226
0.1078224778175354
0.036779433488845825
0.12590435147285461
0.09941469132900238
0.04892241209745407
0.12420114874839783
0.150495246052742
0.1363741010427475
0.08905729651451111
0.09850277006626129
0.12135527282953262
0.11755203455686569
0.5506454706192017
0.1919548064470291
0.12336210906505585
0.18719562888145447
0.08421968668699265
0.27913814783096313
0.08318737894296646
0.1474260836839676
0.07755249738693237
0.16085295379161835
0.09552343934774399
0.13535982370376587
0.13267795741558075
0.24768881499767303
0.06301949918270111
0.09701453894376755
0.024992134422063828
0.216574028134346
0.18814708292484283
0.22710378468036652
0.21986106038093567
0.2565380036830902
0.020607581362128258
0.13679975271224976
0.0654444769024849
0.08426366001367569
0.3971402943134308
0.050392381846904755
0.13722074031829834
0.012833263725042343
0.22971801459789276
0.06120200455188751
0.17199398577213287
0.10066939890384674
0.012289399281144142
0.07224521040916443
0.07075715065002441
0.1527744084596634
0.19428002834320068
0.21634171903133392
0.13327036798000336
0.134317547082901
0.22188113629817963
0.1058637872338295
0.13163556158542633
0.17406506836414337
0.13620437681674957
0.09003819525241852
0.16536492109298706
0.01453697681427002
0.11600605398416519
0.11860816180706024
0.2409246265888214
0.08193469047546387
0.165323406457901
0.2557527720928192
0.09239619225263596
0.15044985711574554
0.10737034678459167
0.12861664593219757
0.0857890173792839
0.059704508632421494
0.1261766105890274
0.05614300072193146
0.22202877700328827
0.13955837488174438
0.14026352763175964
0.06689698994159698
0.10410947352647781
0.07708687335252762
0.13735248148441315
0.2387567162513733
0.0764998346567154
0.1532827913761139
0.14742593467235565
0.08183470368385315
0.17236807942390442
0.098911814391613
0.15070147812366486
0.01875142753124237
0.18228186666965485
0.08815881609916687
0.1927039921283722
0.4323243200778961
0.14156006276607513
0.11146598309278488
0.1525777131319046
0.13850510120391846
0.3702644109725952
0.16541095077991486
0.0650789886713028
0.4141661524772644
0.06255900859832764
0.09812307357788086
0.10851176828145981
0.1786555051803589
0.09545207768678665
0.054891638457775116
0.19413235783576965
0.22474482655525208
0.1640569120645523
0.2461494654417038
0.03956129029393196
0.1675281971693039
0.16835936903953552
0.1328827440738678
0.18567833304405212
0.22043193876743317
0.23190705478191376
0.20360082387924194
0.20607388019561768
0.09139292687177658
0.21420153975486755
0.11870603263378143
0.2034788429737091
0.11807000637054443
0.1908162534236908
0.19509704411029816
0.15100741386413574
0.19264110922813416
0.3798288404941559
0.1954050064086914
0.05437978357076645
0.0952950045466423
0.18421664834022522
0.13115273416042328
0.16802667081356049
0.2899337708950043
0.12501853704452515
0.3149884343147278
0.155287504196167
0.15213298797607422
0.21535049378871918
0.1352427750825882
0.10600771754980087
0.19986693561077118
0.23907466232776642
0.11969280987977982
0.07015343755483627
0.04441884160041809
0.1193697601556778
0.1451738029718399
0.14015920460224152
0.1757458746433258
0.07440615445375443
0.1028936505317688
0.01867382600903511
0.19524428248405457
0.18712790310382843
0.09092516452074051
0.22647055983543396
0.10618956387042999
0.25113752484321594
0.07069496810436249
0.22649292647838593
0.06447257846593857
0.10652370750904083
0.16511036455631256
0.19189372658729553
0.09026554226875305
0.09886446595191956
0.07988892495632172
0.09127209335565567
0.12853436172008514
0.0827144905924797
0.16031013429164886
0.1324576437473297
0.04801357537508011
0.20872293412685394
0.058960385620594025
0.11411426961421967
0.07746031135320663
0.16810911893844604
0.18135030567646027
0.263866662979126
0.16632738709449768
0.22051085531711578
0.17385607957839966
0.09413272142410278
0.11803901195526123
0.17877021431922913
0.12662509083747864
0.21246422827243805
0.19662460684776306
0.07091456651687622
0.12758570909500122
0.14253897964954376
0.166025772690773
0.1578374058008194
0.10229016840457916
0.10707160085439682
0.24847495555877686
0.16082347929477692
0.13524459302425385
0.16164153814315796
0.11641628295183182
0.10635264962911606
0.08771377056837082
0.09771106392145157
0.17777550220489502
0.17992638051509857
0.09068794548511505
0.21191146969795227
0.13486115634441376
0.013059177435934544
0.037614189088344574
0.350768119096756
0.1779288649559021
0.12602125108242035
0.1507379561662674
0.2651151120662689
0.21571841835975647
0.15101389586925507
0.12734241783618927
0.09611953049898148
0.30628669261932373
0.07055453211069107
0.16302156448364258
0.11106626689434052
0.1909974068403244
0.20212161540985107
0.11034199595451355
0.30678367614746094
0.28725576400756836
0.17706555128097534
0.054879605770111084
0.21340835094451904
0.1514470875263214
0.28626686334609985
0.14119789004325867
0.08592589944601059
0.4169895052909851
0.07460567355155945
0.09574471414089203
0.18057137727737427
0.07409901916980743
0.19424691796302795
0.18727503716945648
0.15434709191322327
0.16728389263153076
0.08982554078102112
0.2131754755973816
0.24756573140621185
0.1609424352645874
0.13796262443065643
0.10757565498352051
0.10417186468839645
0.13499249517917633
0.22348712384700775
0.2076566368341446
0.22380729019641876
0.09066103398799896
0.20160789787769318
0.2322332113981247
0.0978599563241005
0.2883245050907135
0.05742986500263214
0.1583484560251236
0.1737593561410904
0.12622155249118805
0.21543771028518677
0.18673910200595856
0.21140706539154053
0.0699755921959877
0.028769001364707947
0.11754388362169266
0.18648871779441833
0.1521781086921692
0.13023002445697784
0.21805496513843536
0.11298373341560364
0.18984399735927582
0.16628417372703552
0.4941866099834442
0.13889184594154358
0.14275826513767242
0.10339771956205368
0.2557324469089508
0.2610960304737091
0.01111563853919506
0.1248629093170166
0.0897502452135086
0.1671316921710968
0.14963169395923615
0.169599711894989
0.19715236127376556
0.06789325177669525
0.21414542198181152
0.04266785830259323
0.08113524317741394
0.23139527440071106
0.16394513845443726
0.13719351589679718
0.11809370666742325
0.1732327938079834
0.14205633103847504
0.136199489235878
0.14493237435817719
0.25526660680770874
0.02393846958875656
0.12390942871570587
0.1475227326154709
0.08864063024520874
0.21336321532726288
0.21064846217632294
0.19576294720172882
0.12836095690727234
0.0767885074019432
0.07319698482751846
0.21239517629146576
0.18643628060817719
0.22723202407360077
0.16856856644153595
0.23347432911396027
0.11415286362171173
0.17802880704402924
0.1429935097694397
0.19084402918815613
0.06154646724462509
0.2881473898887634
0.01941213384270668
0.1932283490896225
0.16826686263084412
0.15840278565883636
0.05062982067465782
0.1432916522026062
0.19513684511184692
0.12335909903049469
0.4526563286781311
0.1381235420703888
0.5629633665084839
0.2201276421546936
0.1482023000717163
0.20197510719299316
0.14589568972587585
0.09101307392120361
0.1368582397699356
0.06353718787431717
0.16585534811019897
0.2015676498413086
0.16471965610980988
0.21542783081531525
0.07927976548671722
0.1330811232328415
0.17995668947696686
0.18441630899906158
0.2564990222454071
0.10379881411790848
0.191983163356781
0.10266728699207306
0.08130884170532227
0.15527817606925964
0.10585503280162811
0.1804732382297516
0.16872890293598175
0.13263824582099915
0.43415752053260803
0.18192479014396667
0.08667314797639847
0.1572049856185913
0.06299148499965668
0.16286952793598175
0.1954541951417923
0.13365305960178375
0.15471002459526062
0.06849478930234909
0.10386169701814651
0.1428123265504837
0.24798648059368134
0.08609449118375778
0.059807877987623215
0.016860846430063248
0.17517301440238953
0.138727068901062
0.08106587827205658
0.14513631165027618
0.28453025221824646
0.19970741868019104
0.11242040991783142
0.10190759599208832
0.08513344079256058
0.13648776710033417
0.07894442975521088
0.15476420521736145
0.22127243876457214
0.041896890848875046
0.45874589681625366
0.11233275383710861
0.17775045335292816
0.08505751937627792
0.06116005778312683
0.12762749195098877
0.05967429280281067
0.040544722229242325
0.2735879719257355
0.15975917875766754
0.15235666930675507
0.049165111035108566
0.15908598899841309
0.20231112837791443
0.2928873896598816
0.0732169896364212
0.13334888219833374
0.2375592440366745
0.06717365235090256
0.20255403220653534
0.1639077067375183
0.056157324463129044
0.14538799226284027
0.11157245188951492
0.16970008611679077
0.005928596016019583
0.188705712556839
0.3109646439552307
0.1708994060754776
0.24515721201896667
0.1410871297121048
0.2515295445919037
0.10573586076498032
0.1624077409505844
0.558643102645874
0.23651084303855896
0.248383030295372
0.198054701089859
0.30027398467063904
0.22108960151672363
0.20192866027355194
0.2184794396162033
0.2162020057439804
0.15078873932361603
0.2495170533657074
0.20918875932693481
0.022166285663843155
0.14771968126296997
0.22050966322422028
0.19815024733543396
0.12372651696205139
0.1714729517698288
0.13674376904964447
0.20148338377475739
0.1339380145072937
0.23283009231090546
0.16212321817874908
0.05234202370047569
0.11391796171665192
0.15829962491989136
0.08226631581783295
0.10175331681966782
0.2676070034503937
0.29269322752952576
0.11243663728237152
0.17191193997859955
0.10458530485630035
0.21631579101085663
0.2001851499080658
0.30928048491477966
0.11660735309123993
0.15391820669174194
0.22424104809761047
0.1498899757862091
0.17811207473278046
0.2418566793203354
0.12226231396198273
0.13897651433944702
0.07745213806629181
0.12023534625768661
0.1970338076353073
0.2638910710811615
0.15359453856945038
0.1558629423379898
0.134726881980896
0.2566322088241577
0.04879166930913925
0.26300668716430664
0.21887396275997162
0.24244002997875214
0.2157370150089264
0.15134310722351074
0.08845819532871246
0.054643332958221436
0.19990752637386322
0.20198869705200195
0.17406021058559418
0.1642727255821228
0.08030955493450165
0.11625370383262634
0.2784672975540161
0.04466584697365761
0.10926888138055801
0.11622386425733566
0.13588763773441315
0.08855496346950531
0.5407244563102722
0.12024205178022385
0.2871972918510437
0.16364626586437225
0.13778917491436005
0.2526925206184387
0.3320835828781128
0.16201719641685486
0.21250687539577484
0.13401828706264496
0.1978217214345932
0.13154740631580353
0.19357089698314667
0.3391849100589752
0.11621107161045074
0.15864799916744232
0.23539304733276367
0.05336199328303337
0.2272830307483673
0.09621643275022507
0.1717946082353592
0.12288802862167358
0.08362935483455658
0.1142340898513794
0.019014911726117134
0.16322244703769684
0.16554893553256989
0.21719211339950562
0.1780712604522705
0.13592226803302765
0.16012433171272278
0.1408892124891281
0.1772095263004303
0.18556278944015503
0.12214185297489166
0.11145132780075073
0.19041024148464203
0.18469606339931488
0.111731618642807
0.007727757096290588
0.07756926119327545
0.1639472395181656
0.27560561895370483
0.15433673560619354
0.15112824738025665
0.1854366660118103
0.13866393268108368
0.2323097139596939
0.24752995371818542
0.2793848514556885
0.16729938983917236
0.1679045855998993
0.12146223336458206
0.33817264437675476
0.2145209163427353
0.1804204136133194
0.1324070543050766
0.18817871809005737
0.1134275496006012
0.1002761572599411
0.19904233515262604
0.17654044926166534
0.09478301554918289
0.08534371852874756
0.029157139360904694
0.13917173445224762
0.1073407307267189
0.11443160474300385
0.0687221810221672
0.274716854095459
0.10507287830114365
0.291739284992218
0.19350261986255646
0.07962488383054733
0.13493040204048157
0.10483235865831375
0.17119064927101135
0.12129106372594833
0.0930064395070076
0.10270451754331589
0.12578466534614563
0.0976795107126236
0.14024995267391205
0.3285124599933624
0.07128962874412537
0.0638505294919014
0.13896390795707703
0.10493467003107071
0.1232990175485611
0.28154903650283813
0.10107533633708954
0.23054470121860504
0.18076103925704956
0.10673044621944427
0.19648970663547516
0.2531627118587494
0.14958804845809937
0.2169591188430786
0.09616287052631378
0.07003963738679886
0.09398075938224792
0.07052633166313171
0.06640227884054184
0.06390076875686646
0.254874587059021
0.13301599025726318
0.1944381594657898
0.17332413792610168
0.1805228441953659
0.09986286610364914
0.12180105596780777
0.32566046714782715
0.20754647254943848
0.19855940341949463
0.09382472932338715
0.12819409370422363
0.1862742006778717
0.11994097381830215
0.22842715680599213
0.023864896968007088
0.07660987973213196
0.12450510263442993
0.2737668454647064
0.035770874470472336
0.1725027859210968
0.07456763088703156
0.1739453673362732
0.0619785338640213
0.18327578902244568
0.09451724588871002
0.07520633935928345
0.11514363437891006
0.13963328301906586
0.18126386404037476
0.13223877549171448
0.21309499442577362
0.13297754526138306
0.07220888882875443
0.18302349746227264
0.311644047498703
0.0707416981458664
0.19369445741176605
0.17770589888095856
0.20855200290679932
0.17603418231010437
0.018067901954054832
0.10494702309370041
0.16899728775024414
0.15221484005451202
0.20288406312465668
0.22898828983306885
0.14824698865413666
0.2112167924642563
0.09950840473175049
0.19044668972492218
0.1465843766927719
0.17015424370765686
0.09720809012651443
0.013594206422567368
0.15251703560352325
0.21525609493255615
0.10437604039907455
0.10429899394512177
0.09935975074768066
0.12196744978427887
0.1637600213289261
0.16941727697849274
0.1145622506737709
0.14431674778461456
0.10839001834392548
0.049853671342134476
0.12060873210430145
0.33907681703567505
0.11556100845336914
0.09887639433145523
0.10944937914609909
0.10305816680192947
0.11919645220041275
0.15309160947799683
0.021863793954253197
0.16170364618301392
0.2583850920200348
0.11186333000659943
0.10739714652299881
0.2753829061985016
0.08808896690607071
0.21343158185482025
0.44696712493896484
0.24241942167282104
0.035433974117040634
0.09725593030452728
0.2001369595527649
0.12248941510915756
0.13542476296424866
0.15632317960262299
0.2145182490348816
0.18796829879283905
0.1691443771123886
0.21950462460517883
0.33863043785095215
0.09117548912763596
0.7099626660346985
0.38351812958717346
0.13446716964244843
0.2037830948829651
0.21150538325309753
0.161971315741539
0.17236928641796112
0.13671326637268066
0.20110701024532318
0.10327126085758209
0.22239039838314056
0.316129207611084
0.14664195477962494
0.25288182497024536
0.18636241555213928
0.19594493508338928
0.04529646784067154
0.17404572665691376
0.26051875948905945
0.07119819521903992
0.11745425313711166
0.08433691412210464
0.06535442173480988
0.18196025490760803
0.11180315911769867
0.03536949306726456
0.1439906358718872
0.07878828048706055
0.11390217393636703
0.0574919655919075
0.0563223734498024
0.11459054052829742
0.11015381664037704
0.15762323141098022
0.19898100197315216
0.17658443748950958
0.07813911139965057
0.1479552686214447
0.22736135125160217
0.08612807840108871
0.14151106774806976
0.19284024834632874
0.10927426815032959
0.12268436700105667
0.19825442135334015
0.02262842282652855
0.25138285756111145
0.1815660148859024
0.06208254024386406
0.11033199727535248
0.022028185427188873
0.10815984010696411
0.12997114658355713
0.11370132863521576
0.17570659518241882
0.07269290834665298
0.14761246740818024
0.32970184087753296
0.17930161952972412
0.1083034798502922
0.12956197559833527
0.11984492093324661
0.10598711669445038
0.15509891510009766
0.09567920118570328
0.17125678062438965
0.14111095666885376
0.27261313796043396
0.12658515572547913
0.1085452288389206
0.16038303077220917
0.11025949567556381
0.10302329063415527
0.13061247766017914
0.15168485045433044
0.09913082420825958
0.11292973905801773
0.1141326054930687
0.08415749669075012
0.13676978647708893
0.13058726489543915
0.17235766351222992
0.10101641714572906
0.1768082082271576
0.07978852093219757
0.12691332399845123
0.06107416749000549
0.15433847904205322
0.04634297639131546
0.11947689950466156
0.17376406490802765
0.08233858644962311
0.10271035879850388
0.1536501944065094
0.0558137521147728
0.11963528394699097
0.1035764068365097
0.21902136504650116
0.07545594871044159
0.1403443068265915
0.0830906480550766
0.3206060230731964
0.0059960875660181046
0.1467994600534439
0.18653380870819092
0.16736845672130585
0.10874916613101959
0.15412026643753052
0.11834178864955902
0.19165244698524475
0.09013774991035461
0.2493373155593872
0.10875318944454193
0.1593538522720337
0.05457592383027077
0.09986244142055511
0.08090207725763321
0.007402140647172928
0.16563457250595093
0.204830139875412
0.07930038869380951
0.0917133092880249
0.10890796780586243
0.10168813914060593
0.1328684240579605
0.10921447724103928
0.0045136958360672
0.0997152328491211
0.052212849259376526
0.04053433611989021
0.17566782236099243
0.07404498010873795
0.2533172369003296
0.14579254388809204
0.14650802314281464
0.1144619956612587
0.09449702501296997
0.09351156651973724
0.07187099754810333
0.15777677297592163
0.14373432099819183
0.1305920034646988
0.1868288218975067
0.08974222093820572
0.16316045820713043
0.021746523678302765
0.155117928981781
0.025755347684025764
0.24399302899837494
0.1885308027267456
0.10197460651397705
0.12886106967926025
0.20420828461647034
0.14109937846660614
0.11643078923225403
0.16097916662693024
0.17263539135456085
0.13791847229003906
0.16389192640781403
0.049867894500494
0.07873812317848206
0.21408049762248993
0.17376591265201569
0.2826765775680542
0.028115399181842804
0.07579851895570755
0.033171817660331726
0.20712298154830933
0.19571232795715332
0.2064763903617859
0.08216182887554169
0.08660189807415009
0.16649121046066284
0.3614811599254608
0.10812471061944962
0.24887888133525848
0.1017862930893898
0.12092752754688263
0.18552838265895844
0.1814371794462204
0.09798958152532578
0.19112829864025116
0.1814284473657608
0.07093703746795654
0.10657757520675659
0.13746246695518494
0.17122435569763184
0.12381410598754883
0.2114068865776062
0.07646702229976654
0.1283329278230667
0.17170916497707367
0.2815730571746826
0.0714472308754921
0.12321943044662476
0.11275315284729004
0.14065729081630707
0.10145397484302521
0.08761872351169586
0.1832340657711029
0.09760765731334686
0.1520795226097107
0.1363123059272766
0.27723613381385803
0.1513115018606186
0.15212614834308624
0.08682437986135483
0.26037782430648804
0.026039863005280495
0.11936353147029877
0.16524706780910492
0.11909694224596024
0.12264619767665863
0.28349852561950684
0.139833003282547
0.1410844922065735
0.13655489683151245
0.1595172882080078
0.21027454733848572
0.016721323132514954
0.06119183823466301
0.21840423345565796
0.15552547574043274
0.21455301344394684
0.09120183438062668
0.09972743690013885
0.12789639830589294
0.0983646884560585
0.06896115094423294
0.07009723037481308
0.20475594699382782
0.24582888185977936
0.10468091070652008
0.006623164750635624
0.26481112837791443
0.05173347890377045
0.2546558976173401
0.17479513585567474
0.14498798549175262
0.23640979826450348
0.2320917844772339
0.04499615356326103
0.13981398940086365
0.24408277869224548
0.16404210031032562
0.2087039202451706
0.12651965022087097
0.1771394908428192
0.1470429003238678
0.15145348012447357
0.04050774499773979
0.20490919053554535
0.1538042277097702
0.09993261843919754
0.17645125091075897
0.1514872908592224
0.17778493463993073
0.1742423176765442
0.0867665633559227
0.13823655247688293
0.15621569752693176
0.18865731358528137
0.07787933945655823
0.16569334268569946
0.07711980491876602
0.15708275139331818
0.1664838343858719
1.6240565776824951
0.11044687777757645
0.04046250879764557
0.10260407626628876
0.2757124900817871
0.012402227148413658
0.11870453506708145
0.026315856724977493
0.2522188723087311
0.11178257316350937
0.15212371945381165
0.08081669360399246
0.1655885875225067
0.21734319627285004
0.14110992848873138
0.07424783706665039
0.12542890012264252
0.08153415471315384
0.22969931364059448
0.22391945123672485
0.15119799971580505
0.2553805112838745
0.2323632389307022
0.11957851052284241
0.1656239926815033
0.01633686199784279
0.1187664344906807
0.20548394322395325
0.38877588510513306
0.4118100702762604
0.15737664699554443
0.15479519963264465
0.2067485749721527
0.19896551966667175
0.17579962313175201
0.2174522578716278
0.16477473080158234
0.10663111507892609
0.051060356199741364
0.14870013296604156
0.04971982538700104
0.1792389303445816
0.17320938408374786
0.12546391785144806
0.20151233673095703
0.22606581449508667
0.1342047154903412
0.12257416546344757
0.12869541347026825
0.19482289254665375
0.1571606546640396
0.10158886760473251
0.13980334997177124
0.10595189779996872
0.17614439129829407
0.12271370738744736
0.15514147281646729
0.11513536423444748
0.05928526446223259
0.1868627667427063
0.0690574198961258
0.10445048660039902
0.11179304122924805
0.15026743710041046
0.3019998073577881
0.05238933116197586
0.11623995751142502
0.033959124237298965
0.11060399562120438
0.1153373047709465
0.21736294031143188
0.12858091294765472
0.010539822280406952
0.06046973168849945
0.2093927413225174
0.1877744346857071
0.06044132634997368
0.21875101327896118
0.10861597210168839
0.14753374457359314
0.12340458482503891
0.09942756593227386
0.2423856556415558
0.194663867354393
0.10663142055273056
0.11394909769296646
0.25840651988983154
0.12912458181381226
0.1221231073141098
0.03337472304701805
0.1645321249961853
0.1575905680656433
0.0924752876162529
0.16176599264144897
0.4990399479866028
0.1142241582274437
0.18033194541931152
0.16776198148727417
0.017472323030233383
0.22253569960594177
0.2523976266384125
0.06129278242588043
0.1207437515258789
0.18696987628936768
0.19521334767341614
0.0849074125289917
0.0927911028265953
0.07196561247110367
0.1573205292224884
0.23292483389377594
0.13904879987239838
0.27582159638404846
0.16347309947013855
0.15323051810264587
0.09219041466712952
0.07046985626220703
0.005510771181434393
0.2340991199016571
0.1428983211517334
0.06216637045145035
0.21681976318359375
0.1254899948835373
0.14112667739391327
0.1635366529226303
0.08497180789709091
0.5550937652587891
0.1258525252342224
0.2080877274274826
0.1391700804233551
0.12749318778514862
0.3106231987476349
0.219430074095726
0.09635598212480545
0.10431346297264099
0.15897361934185028
0.09075507521629333
0.21258749067783356
0.21976327896118164
0.07804495096206665
0.1397961676120758
0.2902890145778656
0.17047283053398132
0.16151417791843414
0.1646091192960739
0.13358713686466217
0.13130131363868713
0.15676374733448029
0.14164918661117554
0.17277279496192932
0.11142971366643906
0.20253708958625793
0.1972866654396057
0.14671677350997925
0.21418750286102295
0.14344260096549988
0.10331026464700699
0.16041864454746246
0.14902450144290924
0.1608765721321106
0.2152460515499115
0.22267700731754303
0.006418716162443161
0.20216073095798492
0.19730348885059357
0.19479747116565704
0.24910587072372437
0.22059272229671478
0.22082112729549408
0.07396615296602249
0.2507798671722412
0.16543017327785492
0.22433790564537048
0.14126165211200714
0.18099665641784668
0.20451237261295319
0.15548253059387207
0.18966414034366608
0.19905389845371246
0.19486451148986816
0.16412930190563202
0.08907833695411682
0.06996423006057739
0.13792447745800018
0.14399214088916779
0.07891149818897247
0.22988800704479218
0.1062743216753006
0.13932612538337708
0.25477778911590576
0.09577924013137817
0.31351953744888306
0.07032765448093414
0.18258576095104218
0.13164463639259338
0.1035132184624672
0.04534951224923134
0.16213107109069824
0.26319900155067444
0.09582525491714478
0.16322863101959229
0.18147240579128265
0.14612357318401337
0.2428186982870102
0.2045205980539322
0.1555880308151245
0.22287613153457642
0.0486619733273983
0.20527246594429016
0.16022756695747375
0.030350495129823685
0.14326900243759155
0.22517693042755127
0.23992715775966644
0.18726155161857605
0.11309289187192917
0.20430733263492584
0.0859655812382698
0.104337178170681
0.08099878579378128
0.14652711153030396
0.26082855463027954
0.2755090296268463
0.150420144200325
0.1527722179889679
0.07227027416229248
0.307760626077652
0.16062887012958527
0.10957499593496323
0.2895257771015167
0.1333230435848236
0.14935871958732605
0.04813162237405777
0.14666436612606049
0.23819440603256226
0.2014113813638687
0.08649899810552597
0.07097338885068893
0.0656871572136879
0.11504906415939331
0.16722217202186584
0.1825946718454361
0.0689626932144165
0.2598422169685364
0.2612806260585785
0.1751941293478012
0.0248758215457201
0.07370848953723907
0.1300586462020874
0.10485192388296127
0.015343583188951015
0.15580570697784424
0.14477486908435822
0.10010265558958054
0.11347529292106628
0.03684362396597862
0.05450364202260971
0.19034084677696228
0.02397822216153145
0.12598145008087158
0.09652397036552429
0.16466519236564636
0.24983499944210052
0.15222182869911194
0.3784797787666321
0.18563665449619293
0.23999232053756714
0.17423224449157715
0.14331887662410736
0.31267818808555603
0.19757866859436035
0.21001704037189484
0.18878477811813354
0.12299533188343048
0.23576539754867554
0.08762957900762558
0.08528096973896027
0.0934750959277153
0.2219795137643814
0.07551733404397964
0.10910449177026749
0.0908384919166565
0.27872973680496216
0.08792997896671295
0.07921584695577621
0.13294513523578644
0.18505415320396423
0.18822939693927765
0.07702451199293137
0.14029930531978607
0.2913479208946228
0.12456344813108444
0.14822520315647125
0.20892508327960968
0.16482743620872498
0.08923076093196869
0.2061152458190918
0.10605809092521667
0.18091422319412231
0.14559297263622284
0.1363266110420227
0.12002809345722198
0.19698163866996765
0.18112468719482422
0.15018317103385925
0.10029810667037964
0.2497958093881607
0.22429496049880981
0.2492736130952835
0.13918854296207428
0.19435518980026245
0.09584641456604004
0.17495794594287872
0.1244010403752327
0.08114491403102875
0.00829523615539074
0.19248294830322266
0.10888400673866272
0.09931767731904984
0.11574938148260117
0.07876715064048767
0.17440840601921082
0.21704857051372528
0.14608646929264069
0.16323819756507874
0.2221253663301468
0.16582545638084412
0.03966658562421799
0.1435144543647766
0.17284566164016724
0.20468053221702576
0.3495146632194519
0.19543445110321045
0.022294558584690094
0.12945030629634857
0.076304130256176
0.11956524103879929
0.03301647678017616
0.11531105637550354
0.10579700767993927
0.1363038718700409
0.16777117550373077
0.09001235663890839
0.16540054976940155
0.0384182333946228
0.3442378342151642
0.15341001749038696
0.0806911513209343
0.14909014105796814
0.12800350785255432
0.2710500657558441
0.17721404135227203
0.10146869719028473
0.13147753477096558
0.17157192528247833
0.061365243047475815
0.16445009410381317
0.023147467523813248
0.17784234881401062
0.19979411363601685
0.16166721284389496
0.2005562037229538
0.075929194688797
0.1596888154745102
0.22074227035045624
0.13714396953582764
0.07571309059858322
0.1943424791097641
0.09684324264526367
0.09388232231140137
0.10776536166667938
0.15626946091651917
0.14050643146038055
0.17478498816490173
0.15464526414871216
0.26329225301742554
0.06830878555774689
0.12499821186065674
0.057049352675676346
0.12081444263458252
0.18724779784679413
0.06280241161584854
0.06312662363052368
0.1393209844827652
0.16279096901416779
0.32065483927726746
0.2370118498802185
0.15350274741649628
0.17502546310424805
0.25646883249282837
0.12613387405872345
0.15210357308387756
0.10864824056625366
0.13039198517799377
0.20848335325717926
0.15224294364452362
0.24081522226333618
0.16900309920310974
0.07830096036195755
0.18250873684883118
0.15545353293418884
0.17307798564434052
0.08536328375339508
0.0376155748963356
0.17134502530097961
0.3219534158706665
0.007289692759513855
0.0677516832947731
0.18153677880764008
0.069900743663311
0.119796521961689
0.14671915769577026
0.12982971966266632
0.1691177636384964
0.06975409388542175
0.16470913589000702
0.12284883856773376
0.12974204123020172
0.10991938412189484
0.06403336673974991
0.11151698976755142
0.10986483097076416
0.0717347115278244
0.09492433816194534
0.11936173588037491
0.07887887954711914
0.16904735565185547
0.07770045101642609
0.00474216602742672
0.28779226541519165
0.1321323812007904
0.17882291972637177
0.26351094245910645
0.08225386589765549
0.15525270998477936
0.12478087097406387
0.009352749213576317
0.23614253103733063
0.19989635050296783
0.11596385389566422
0.12905573844909668
0.09753625839948654
0.10247653722763062
0.1514509916305542
0.057594217360019684
0.07316302508115768
0.18907353281974792
0.22707422077655792
0.18589787185192108
0.1402767449617386
0.15376274287700653
0.2740446627140045
0.12040962278842926
0.012224221602082253
0.1869443953037262
0.18672646582126617
0.12978221476078033
0.21483606100082397
0.354153573513031
0.09337745606899261
0.08073875308036804
0.10075303912162781
0.1803821325302124
0.11003084480762482
0.2527376711368561
0.09037792682647705
0.27310749888420105
0.10467058420181274
0.15378375351428986
0.043645985424518585
0.15122169256210327
0.06474319100379944
0.10280325263738632
0.1862955242395401
0.17032639682292938
0.20336976647377014
0.15600994229316711
0.169781893491745
0.11055175215005875
0.19837144017219543
0.22144483029842377
0.15846861898899078
0.18735046684741974
0.12593910098075867
0.1160191223025322
0.05132986977696419
0.12510935962200165
0.04152784124016762
0.17715343832969666
0.06739848852157593
0.1608394831418991
0.26661092042922974
0.2680395245552063
0.09823079407215118
0.1320212483406067
0.1604391634464264
0.1995161473751068
0.0747622698545456
0.15125808119773865
0.17989481985569
0.19749632477760315
0.16132360696792603
0.10572275519371033
0.0895683690905571
0.18996477127075195
0.13336069881916046
0.16154028475284576
0.14845015108585358
0.13153928518295288
0.17761503159999847
0.14768829941749573
0.12973737716674805
0.09991919994354248
0.1482498198747635
0.2488708645105362
0.08376190066337585
0.14929063618183136
0.12080966681241989
0.2374294400215149
0.17995184659957886
0.2302830070257187
0.17026139795780182
0.12916988134384155
0.15567681193351746
0.09304440021514893
0.21956974267959595
0.2212620973587036
0.07358621805906296
0.1278783679008484
0.08026490360498428
0.08051417768001556
0.07662063837051392
0.30437958240509033
0.07929550856351852
0.1514049917459488
0.14399585127830505
0.16668881475925446
0.18414267897605896
0.18045884370803833
0.08062010258436203
0.19224652647972107
0.17343644797801971
0.2535666227340698
0.18685182929039001
0.27127888798713684
0.19691282510757446
0.1028691828250885
0.16649875044822693
0.09012331068515778
0.15833225846290588
0.04711592569947243
0.32219555974006653
0.3270341753959656
0.22506417334079742
0.1749780923128128
0.19493259489536285
0.06086007505655289
0.11323089897632599
0.1731664538383484
0.18874937295913696
0.06336275488138199
0.12102076411247253
0.07265329360961914
0.060035113245248795
0.045569755136966705
0.09935231506824493
0.4099026620388031
0.01917441375553608
0.22063563764095306
0.16398191452026367
0.09929502755403519
0.21055206656455994
0.22219982743263245
0.23503950238227844
0.25270941853523254
0.06644430011510849
0.17067353427410126
0.2329002469778061
0.1783503293991089
0.20656718313694
0.25833457708358765
0.14205992221832275
0.13247118890285492
0.06523780524730682
0.16487553715705872
0.18291720747947693
0.29537439346313477
0.18764975666999817
0.2078796625137329
0.18175852298736572
0.09407122433185577
0.12777096033096313
0.05562072619795799
0.05141735076904297
0.12893882393836975
0.16639554500579834
0.1331142634153366
0.19893008470535278
0.016173923388123512
0.24259592592716217
0.18519213795661926
0.20748023688793182
0.16522689163684845
0.07583524286746979
0.0907968133687973
0.14482960104942322
0.08122086524963379
0.10770320892333984
0.09548529237508774
0.25728142261505127
0.25292837619781494
0.00440408056601882
0.0707487091422081
0.1447422057390213
0.1964658796787262
0.15534116327762604
0.17952969670295715
0.08886092156171799
0.108335480093956
0.15455392003059387
0.12594705820083618
0.12200582027435303
0.2767137885093689
0.27411654591560364
0.13029897212982178
0.08613232523202896
0.008329597301781178
0.06010252609848976
0.07700236141681671
0.013552906922996044
0.2829633057117462
0.1594102531671524
0.1222064271569252
0.15033380687236786
0.07563253492116928
0.2538153827190399
0.12277332693338394
0.3497387766838074
0.16766169667243958
0.08239410072565079
0.2058393806219101
0.01281481422483921
0.15102426707744598
0.08361425250768661
0.2273782193660736
0.16886617243289948
0.02675165794789791
0.2064882218837738
0.33623257279396057
0.10728633403778076
0.09298884868621826
0.2041940987110138
0.23974010348320007
0.1265535056591034
0.12538982927799225
0.09284314513206482
0.22978615760803223
0.07085941731929779
0.25151896476745605
0.01918218843638897
0.09183131903409958
0.19281448423862457
0.18089784681797028
0.15535736083984375
0.25874343514442444
0.14237497746944427
0.2322005331516266
0.12090986967086792
0.07105861604213715
0.05013761669397354
0.551504909992218
0.06248650699853897
0.09611847251653671
0.12967462837696075
0.0689576268196106
0.16603264212608337
0.06723277270793915
0.2534322142601013
0.11718468368053436
0.18804150819778442
0.19619689881801605
0.013363282196223736
0.19771648943424225
0.1963256150484085
0.18731433153152466
0.23652653396129608
0.19374960660934448
0.10886858403682709
0.11879605054855347
0.12568895518779755
0.15380501747131348
0.10175537317991257
0.30115002393722534
0.1832095831632614
0.21192152798175812
0.24872960150241852
0.09327559173107147
0.11706867069005966
0.11909660696983337
0.06757546216249466
0.3088267743587494
0.07767638564109802
0.21721017360687256
0.17472055554389954
0.06111593917012215
0.060202788561582565
0.01385444961488247
0.1313706785440445
0.09361335635185242
0.272591769695282
0.2001093626022339
0.13728535175323486
0.11248579621315002
0.18493755161762238
0.148997962474823
0.24732226133346558
0.18174231052398682
0.17533601820468903
0.1364825814962387
0.22333894670009613
0.3765452802181244
0.08705569803714752
0.18289969861507416
0.14514881372451782
0.02704005315899849
0.18172049522399902
0.2884940803050995
0.12120410054922104
0.2080574333667755
0.2172461450099945
0.31633687019348145
0.1692834496498108
0.12834256887435913
0.18950802087783813
0.14939509332180023
0.0974138006567955
0.157826229929924
0.25067955255508423
0.15320856869220734
0.15444694459438324
0.12400314211845398
0.16739009320735931
0.1418413668870926
0.12108287960290909
0.05929863452911377
0.175603449344635
0.23558181524276733
0.2118055671453476
0.10564029216766357
0.18358410894870758
0.10102545469999313
0.25817108154296875
0.07304123789072037
0.13015107810497284
0.1708843857049942
0.11695042252540588
0.25947701930999756
0.132913276553154
0.17337311804294586
0.16527946293354034
0.15855464339256287
0.11426954716444016
0.20353691279888153
0.1857716590166092
0.20109298825263977
0.036854490637779236
0.11989609152078629
0.17293508350849152
0.31787964701652527
0.15575465559959412
0.20386424660682678
0.10130894184112549
0.07619918137788773
0.15667812526226044
0.1222357526421547
0.1491023302078247
0.21739444136619568
0.1728915423154831
0.21320290863513947
0.15400928258895874
0.21131040155887604
0.1671832650899887
0.14696739614009857
0.15701453387737274
0.0824945718050003
0.22786937654018402
0.18192122876644135
0.15804366767406464
0.09163881838321686
0.06658158451318741
0.2070508748292923
0.269400417804718
0.12360898405313492
0.23406539857387543
0.2323278784751892
0.09970032423734665
0.1600530743598938
0.1737579107284546
0.2513335943222046
0.11721954494714737
0.14141075313091278
0.1587328016757965
0.30375242233276367
0.21165801584720612
0.2482287883758545
0.0873887687921524
0.043320704251527786
0.12407121807336807
0.22881262004375458
0.11647240817546844
0.3828641176223755
0.11567853391170502
0.19648964703083038
0.11095791310071945
0.0760517418384552
0.19560900330543518
0.27505770325660706
0.047194954007864
0.17727240920066833
0.2150428742170334
0.2524450421333313
0.12842392921447754
0.07517088949680328
0.16306345164775848
0.14951035380363464
0.07831103354692459
0.1487269550561905
0.11674686521291733
0.04690806567668915
0.17092306911945343
0.25387129187583923
0.06960640102624893
0.10789526998996735
0.16142694652080536
0.11946062743663788
0.018958479166030884
0.09456577897071838
0.128665491938591
0.036625757813453674
0.16260051727294922
0.24487973749637604
0.17599235475063324
0.1129540503025055
0.13431131839752197
0.17848433554172516
0.25566422939300537
0.1360030323266983
0.18401125073432922
0.16498593986034393
0.17980335652828217
0.08310923725366592
0.0232186708599329
0.1645464301109314
0.09358096867799759
0.15864944458007812
0.12360838800668716
0.1317692995071411
0.12004877626895905
0.119807668030262
0.124800905585289
0.08786527812480927
0.15198276937007904
0.20701593160629272
0.19893988966941833
0.15374945104122162
0.11232979595661163
0.1168852299451828
0.08496174961328506
0.10131067782640457
0.18654023110866547
0.13565631210803986
0.017307046800851822
0.06259749084711075
0.4298955500125885
0.08912671357393265
0.1985386461019516
0.06889799237251282
0.13205388188362122
0.22602947056293488
0.11667700856924057
0.22049392759799957
0.07451153546571732
0.09482399374246597
0.09017116576433182
0.3266366124153137
0.14868737757205963
0.013235707767307758
0.22797371447086334
0.1180448904633522
0.16450512409210205
0.4401114284992218
0.14950239658355713
0.15409530699253082
0.07053714245557785
0.32241153717041016
0.15558981895446777
0.19514012336730957
0.07552102208137512
0.1835557073354721
0.15690262615680695
0.15473201870918274
0.13414998352527618
0.020356399938464165
0.16893641650676727
0.08531760424375534
0.06643325835466385
0.16145682334899902
0.184025377035141
0.22271980345249176
0.43215498328208923
0.1292281448841095
0.19276200234889984
0.10935553908348083
0.10501096397638321
0.2069169133901596
0.1637915074825287
0.14140181243419647
0.17443302273750305
0.1878695785999298
0.15270650386810303
0.13370341062545776
0.0903422012925148
0.1565883755683899
0.04097265005111694
0.08742402493953705
0.18332543969154358
0.19200991094112396
0.12800812721252441
0.10581996291875839
0.23963628709316254
0.13608725368976593
0.13472381234169006
0.551027238368988
0.16477374732494354
0.19348564743995667
0.13575896620750427
0.1168353408575058
0.14391720294952393
0.1703939586877823
0.22791588306427002
0.19644998013973236
0.15305384993553162
0.02207910269498825
0.11705317348241806
0.13360121846199036
0.14642895758152008
0.15031588077545166
0.14926670491695404
0.11507292091846466
0.25191113352775574
0.0831531286239624
0.10479322820901871
0.11103501170873642
0.14447146654129028
0.1416856199502945
0.20989741384983063
0.14757564663887024
0.12821465730667114
0.11681538075208664
0.14301231503486633
0.08055202662944794
0.13650642335414886
0.13268151879310608
0.2422047257423401
0.22330759465694427
0.10652630031108856
0.3267592787742615
0.11297131329774857
0.19925262033939362
0.21534086763858795
0.16502463817596436
0.14033515751361847
0.22816425561904907
0.09835860133171082
0.1613682210445404
0.1542726457118988
0.16508279740810394
0.13294047117233276
0.17910723388195038
0.08556389808654785
0.19472646713256836
0.11242672801017761
0.18876610696315765
0.060598958283662796
0.21669960021972656
0.09775909781455994
0.2620196044445038
0.017963998019695282
0.14429330825805664
0.0542624294757843
0.1595028042793274
0.11286844313144684
0.31893062591552734
0.1210348904132843
0.11709069460630417
0.048546046018600464
0.19815976917743683
0.1120518371462822
0.18999750912189484
0.016910869628190994
0.14940406382083893
0.18138863146305084
0.17681965231895447
0.1509532779455185
0.12524375319480896
0.20304536819458008
0.09910329431295395
0.2007579505443573
0.28365305066108704
0.17011216282844543
0.22612740099430084
0.2347225546836853
0.26138192415237427
0.18610239028930664
0.1496216356754303
0.13457676768302917
0.1493764966726303
0.03616224229335785
0.18414682149887085
0.18058232963085175
0.3931950628757477
0.16988356411457062
0.10906413197517395
0.1946224421262741
0.26917997002601624
0.11540823429822922
0.11219722777605057
0.22799932956695557
0.29717758297920227
0.2045964151620865
0.12362492084503174
0.19676367938518524
0.3684583008289337
0.08304963260889053
0.1707993894815445
0.2547566294670105
0.2106029987335205
0.18806146085262299
0.09635324031114578
0.38146430253982544
0.3264962136745453
0.11467531323432922
0.060402967035770416
0.012986041605472565
0.06679340451955795
0.19162572920322418
0.036941953003406525
0.17736370861530304
0.0792793408036232
0.1594587117433548
0.20522046089172363
0.22871819138526917
0.202679842710495
0.15062808990478516
0.1396053284406662
0.11106839776039124
0.23452430963516235
0.5764003396034241
0.17039014399051666
0.16645048558712006
0.09732766449451447
0.1775064319372177
0.11610551178455353
0.19951938092708588
0.2426358163356781
0.13907983899116516
0.1766103059053421
0.15260115265846252
0.14927296340465546
0.05930739641189575
0.16952605545520782
0.1951143741607666
0.20670059323310852
0.2004740983247757
0.16516049206256866
0.07086838036775589
0.0030847913585603237
0.43559548258781433
0.09249560534954071
0.18676578998565674
0.2036154419183731
0.237104132771492
0.14055053889751434
0.4252554476261139
0.1811348795890808
0.24172848463058472
0.18275035917758942
0.12550221383571625
0.18717390298843384
0.03568115457892418
0.3071223497390747
0.22317616641521454
0.07155145704746246
0.09719277173280716
0.09789491444826126
0.20897501707077026
0.08275921642780304
0.225349560379982
0.1691906601190567
0.1062457263469696
0.2541567385196686
0.10055524855852127
0.10093296319246292
0.6218261122703552
0.11626532673835754
0.09801766276359558
0.08360543102025986
0.13428330421447754
0.21087384223937988
0.16847877204418182
0.13210199773311615
0.2467886209487915
0.18176481127738953
0.11853405088186264
0.18035708367824554
0.2413356900215149
0.19703859090805054
0.20534753799438477
0.1662626415491104
0.16040173172950745
0.15020199120044708
0.15919886529445648
0.2642250955104828
0.06761018186807632
0.19996139407157898
0.2578231394290924
0.10027100145816803
0.12393191456794739
0.15841957926750183
0.1341470628976822
0.19569171965122223
0.09345470368862152
0.11832835525274277
0.17848429083824158
0.20121656358242035
0.1871977001428604
0.13044099509716034
0.17184670269489288
0.13970907032489777
0.1967678815126419
0.11884908378124237
0.2647024393081665
0.13557350635528564
0.136820450425148
0.34757909178733826
0.11028274148702621
0.05063096433877945
0.11677713692188263
0.1510852873325348
0.10464087873697281
0.22527502477169037
0.11783991754055023
0.15611255168914795
0.0768052190542221
0.16998109221458435
0.14479957520961761
0.11499006301164627
0.10081218928098679
0.1768255978822708
0.17316754162311554
0.16943417489528656
0.23631778359413147
0.5366594195365906
0.15460889041423798
0.15092958509922028
0.17960086464881897
0.18909330666065216
0.21480102837085724
0.21093614399433136
0.16394628584384918
0.3098611533641815
0.037205956876277924
0.17786641418933868
0.12569239735603333
0.14463116228580475
0.09798166900873184
0.09898648411035538
0.1176682859659195
0.17461568117141724
0.005839147605001926
0.010171488858759403
0.16681911051273346
0.17342522740364075
0.09817145019769669
0.1289750337600708
0.250821977853775
0.16510681807994843
0.18070413172245026
0.04799368605017662
0.014798451215028763
0.12042809277772903
0.2006012499332428
0.256485253572464
0.09913633018732071
0.18364734947681427
0.22794465720653534
0.024488352239131927
0.06479258835315704
0.17884548008441925
0.15461425483226776
0.07269894331693649
0.1441052109003067
0.2401491403579712
0.1499408334493637
0.10102105885744095
0.1265898197889328
0.19656386971473694
0.1740836650133133
0.11637946218252182
0.11071063578128815
0.008098273538053036
0.18689067661762238
0.08788392692804337
0.25662553310394287
0.03087773360311985
0.12040092796087265
0.11186373978853226
0.18323907256126404
0.1415291726589203
0.14664173126220703
0.17135044932365417
0.21717873215675354
0.12439624220132828
0.18128155171871185
0.17010655999183655
0.052352629601955414
0.22780552506446838
0.17165915668010712
0.08109215646982193
0.13787753880023956
0.027825642377138138
0.06324667483568192
0.1283467710018158
0.20766715705394745
0.19470418989658356
0.11350968480110168
0.2198924571275711
0.13370336592197418
0.20387890934944153
0.11493774503469467
0.15686555206775665
0.13197524845600128
0.015347301959991455
0.08570565283298492
0.26856598258018494
0.15725980699062347
0.10923512279987335
0.18785573542118073
0.23750481009483337
0.1691901832818985
0.1623990535736084
0.312357634305954
0.19874802231788635
0.10800623148679733
0.17448019981384277
0.058144811540842056
0.18357108533382416
0.1150854229927063
0.23494751751422882
0.06533442437648773
0.14678646624088287
0.16201120615005493
0.1091022938489914
0.23934008181095123
0.14247004687786102
0.3169649541378021
0.18120713531970978
0.11147280037403107
0.3003282845020294
0.2531772255897522
0.22475562989711761
0.027395544573664665
0.14452728629112244
0.060524486005306244
0.12128643691539764
0.20107071101665497
0.10089220851659775
0.21520888805389404
0.10961350053548813
0.07620362192392349
0.00829774048179388
0.1772499680519104
0.12783606350421906
0.11764784157276154
0.09704311192035675
0.13115985691547394
0.21175850927829742
0.14723573625087738
0.18939058482646942
0.15083354711532593
0.0924205407500267
0.25127464532852173
0.11017816513776779
0.09637631475925446
0.10211249440908432
0.19414956867694855
0.2869930863380432
0.5055886507034302
0.08340664207935333
0.13092689216136932
0.1688595712184906
0.2521666884422302
0.23617419600486755
0.1376749873161316
0.11433503776788712
0.14003251492977142
0.07911767810583115
0.175331711769104
0.17934033274650574
0.094547800719738
0.19242453575134277
0.07844513654708862
0.1288018375635147
0.28698086738586426
0.17700707912445068
0.05089649558067322
0.023013688623905182
0.08721067011356354
0.17068631947040558
0.29256337881088257
0.14698363840579987
0.14611271023750305
0.13950735330581665
0.07122373580932617
0.12030208110809326
0.12735015153884888
0.19667093455791473
0.09546081721782684
0.1427360475063324
0.10674180090427399
0.08473940193653107
0.4047890305519104
0.08818452805280685
0.21159790456295013
0.21244893968105316
0.10005401074886322
0.21998728811740875
0.20740534365177155
0.16682155430316925
0.1344279646873474
0.21459509432315826
0.35312169790267944
0.3006371557712555
0.09114637225866318
0.1272636353969574
0.29107508063316345
0.23496706783771515
0.219426691532135
0.24862518906593323
0.19891172647476196
0.19256499409675598
0.22075939178466797
0.08142232149839401
0.13405387103557587
0.1540788859128952
0.16540062427520752
0.27151885628700256
0.14391069114208221
0.3351614773273468
0.14616355299949646
0.10557263344526291
0.20981675386428833
0.14727045595645905
0.1567392647266388
0.20283028483390808
0.09840679168701172
0.20007482171058655
0.08857181668281555
0.09823071956634521
0.15588808059692383
0.19241981208324432
0.405793160200119
0.13950848579406738
0.048914145678281784
0.1581653207540512
0.04857828468084335
0.29832619428634644
0.019662363454699516
0.05608748644590378
0.09784454852342606
0.08751644939184189
0.18551117181777954
0.4370833933353424
0.16469329595565796
0.04375714808702469
0.17854712903499603
0.12499165534973145
0.15230154991149902
0.11926723271608353
0.10398197174072266
0.09274750202894211
0.24710199236869812
0.10503195226192474
0.11187760531902313
0.12305647879838943
0.057760175317525864
0.08836958557367325
0.09096773713827133
0.07449998706579208
0.10033905506134033
0.15209390223026276
0.003101143054664135
0.20354844629764557
0.002222849987447262
0.007660477422177792
0.163105309009552
0.17806775867938995
0.16182458400726318
0.12174802273511887
0.17762233316898346
0.08351937681436539
0.1809709221124649
0.1121249571442604
0.1834867000579834
0.26673123240470886
0.10372789204120636
0.09633960574865341
0.08206998556852341
0.17378883063793182
0.11396462470293045
0.1799723207950592
0.09503893554210663
0.16968585550785065
0.04128197580575943
0.2199561893939972
0.1502702832221985
0.10725395381450653
0.18211208283901215
0.08534053713083267
0.07245589792728424
0.23823805153369904
0.130585178732872
0.5109208226203918
0.25036606192588806
0.07079373300075531
