0.8900067210197449
0.20119459927082062
0.39978286623954773
0.1247040182352066
0.3995217978954315
0.23267807066440582
0.13326387107372284
0.2319250851869583
0.20994055271148682
0.25304946303367615
0.09589623659849167
0.2009243220090866
0.10201425850391388
0.09544777870178223
0.17758770287036896
0.12254250794649124
0.1388503909111023
0.05922806262969971
0.15487438440322876
0.1692691445350647
0.13973240554332733
0.16049164533615112
0.06839967519044876
0.2747746407985687
0.17345130443572998
0.14543849229812622
0.3695436418056488
0.17673394083976746
0.0504196472465992
0.1570008546113968
0.14760036766529083
0.04677808657288551
0.26469412446022034
0.11286309361457825
0.036305900663137436
0.11115533113479614
0.21128596365451813
0.10791251063346863
0.22219844162464142
0.1094890907406807
0.25196900963783264
0.058834876865148544
0.14551684260368347
0.14109492301940918
0.09717260301113129
0.16896109282970428
0.11620303988456726
0.1347494125366211
0.14354418218135834
0.1176849752664566
0.08120650053024292
0.132467582821846
0.130898579955101
0.16101795434951782
0.0604100376367569
0.18665984272956848
0.24935118854045868
0.24280305206775665
0.06530893594026566
0.1546056568622589
0.2718655467033386
0.19404743611812592
0.15376369655132294
0.15597142279148102
0.14653997123241425
0.22311770915985107
0.16804592311382294
0.11974500119686127
0.09015007317066193
0.011961841955780983
0.1749619096517563
0.13324519991874695
0.12095464020967484
0.17589764297008514
0.2508029043674469
0.07561182975769043
0.11019682884216309
0.1271030753850937
0.14658638834953308
0.08121835440397263
0.11768545210361481
0.20277723670005798
0.16486282646656036
0.0910077765583992
0.18440642952919006
0.18877652287483215
0.12901827692985535
0.25542163848876953
0.1422083079814911
0.26866036653518677
0.19337637722492218
0.13094653189182281
0.017313428223133087
0.1938241869211197
0.012787052430212498
0.1479206085205078
0.24497650563716888
0.2408694475889206
0.08128812164068222
0.18208421766757965
0.1918884515762329
0.03101137839257717
0.10043815523386002
0.17622844874858856
0.15216808021068573
0.05922304466366768
0.0964638888835907
0.09611807763576508
0.24752894043922424
0.1370929628610611
0.15873350203037262
0.2493012696504593
0.45824235677719116
0.21099597215652466
0.12188958376646042
0.19959628582000732
0.0708906352519989
0.07534442842006683
0.2376421093940735
0.0823230892419815
0.1511867195367813
0.09029608219861984
0.28723403811454773
0.20691882073879242
0.2006237804889679
0.12874101102352142
0.14987561106681824
0.13405153155326843
0.14750850200653076
0.21643278002738953
0.16798047721385956
0.16698937118053436
0.14954492449760437
0.008266657590866089
0.3503439426422119
0.21876704692840576
0.024149736389517784
0.07209956645965576
0.27592402696609497
0.15894396603107452
0.12532949447631836
0.2177819162607193
0.25831174850463867
0.26108938455581665
0.16808848083019257
0.3128025531768799
0.21499863266944885
0.09609588235616684
0.28981319069862366
0.12488523125648499
0.17602959275245667
0.20351628959178925
0.27473247051239014
0.11439225822687149
0.16223615407943726
0.22810949385166168
0.13928690552711487
0.12486723810434341
0.08668594807386398
0.21230746805667877
0.1991872489452362
0.11075782030820847
0.25101786851882935
0.1636030375957489
0.14689265191555023
0.07842787355184555
0.20902352035045624
0.12997080385684967
0.09288685768842697
0.1740085333585739
0.17362459003925323
0.15604232251644135
0.07213754951953888
0.22014757990837097
0.21378274261951447
0.12485317885875702
0.11055226624011993
0.1045486256480217
0.2118857502937317
0.12777401506900787
0.23873984813690186
0.17017464339733124
0.2052617222070694
0.22245065867900848
0.23360399901866913
0.3003707230091095
0.1589495986700058
0.24686965346336365
0.1699826568365097
0.1312435269355774
0.26618900895118713
0.1379535049200058
0.017159972339868546
0.11504629999399185
0.10379098355770111
0.1231912150979042
0.18834473192691803
0.08522187173366547
0.3307954668998718
0.10116922110319138
0.12437503039836884
0.22970642149448395
0.2652643918991089
0.22918805480003357
0.23862765729427338
0.10556872189044952
0.1246984452009201
0.15744255483150482
0.1626487672328949
0.11520383507013321
0.2892943024635315
0.23747959733009338
0.13973474502563477
0.2448054552078247
0.21676304936408997
0.11315502226352692
0.143576979637146
0.2320536971092224
0.14603857696056366
0.12598037719726562
0.13897673785686493
0.1609801948070526
0.1569533348083496
0.09661522507667542
0.12156624346971512
0.12761323153972626
0.1116628348827362
0.2163277417421341
0.18672095239162445
0.05877314880490303
0.054685063660144806
0.2846052646636963
0.18672865629196167
0.10399653762578964
0.1854512095451355
0.19575253129005432
0.2053016573190689
0.16328315436840057
0.08189141005277634
0.25267305970191956
0.1041129007935524
0.20367023348808289
0.15951776504516602
0.20022371411323547
0.27351289987564087
0.2732264995574951
0.14864188432693481
0.17676769196987152
0.17460982501506805
0.24975837767124176
0.21668827533721924
0.20308291912078857
0.11668656766414642
0.07180976122617722
0.19425807893276215
0.04910891875624657
0.10475990921258926
0.09980927407741547
0.2294854372739792
0.1328243464231491
0.4453384280204773
0.12199117988348007
0.21060745418071747
0.21133820712566376
0.12256044894456863
0.19835549592971802
0.21551577746868134
0.05523594841361046
0.24070967733860016
0.10622631013393402
0.2129899263381958
0.11878721415996552
0.09304237365722656
0.17471830546855927
0.22437962889671326
0.11405424773693085
0.0965966135263443
0.10463187098503113
0.14937104284763336
0.1773136407136917
0.2294812798500061
0.11750967800617218
0.10218564420938492
0.1848611831665039
0.20247650146484375
0.1294226050376892
0.0327521450817585
0.058326393365859985
0.24592164158821106
0.15877926349639893
0.07645110040903091
0.21335840225219727
0.1223764568567276
0.11366455256938934
0.024717196822166443
0.18353570997714996
0.08398012071847916
0.11750812828540802
0.23335394263267517
0.15568679571151733
0.2769470810890198
0.1843571960926056
0.11403445154428482
0.13682711124420166
0.10916868597269058
0.08719535171985626
0.10598313063383102
0.1112467423081398
0.2746516466140747
0.2148159146308899
0.06622464954853058
0.2538479268550873
0.16600877046585083
0.1448480188846588
0.1121458187699318
0.11333142220973969
0.23139925301074982
0.26415547728538513
0.1039409413933754
0.25733786821365356
0.16333571076393127
0.10051369667053223
0.12135350704193115
0.3352922201156616
0.11014971882104874
0.0972091555595398
0.3611433506011963
0.27080458402633667
0.09465806186199188
0.009638387709856033
0.19048598408699036
0.1519259512424469
0.1613941788673401
0.2033984214067459
0.24399326741695404
0.15165770053863525
0.04192602261900902
0.1289907693862915
0.34785982966423035
0.15883852541446686
0.11729897558689117
0.11869829893112183
0.15893740952014923
0.08042172342538834
0.342313677072525
0.25812554359436035
0.09764827787876129
0.13274210691452026
0.18230170011520386
0.06846558302640915
0.32969197630882263
0.18766473233699799
0.09258916974067688
0.09511713683605194
0.07102280110120773
0.10096360743045807
0.20994353294372559
0.21280483901500702
0.046359989792108536
0.18312375247478485
0.19486413896083832
0.21493546664714813
0.039754752069711685
0.16894268989562988
0.10497940331697464
0.3128253221511841
0.1145261749625206
0.14522674679756165
0.05077195540070534
0.11726897954940796
0.20897918939590454
0.10705839842557907
0.22160254418849945
0.2620803415775299
0.09131217002868652
0.008643070235848427
0.15040823817253113
0.19858717918395996
0.19083984196186066
0.19093994796276093
0.12170204520225525
0.19742432236671448
0.26965075731277466
0.08885508030653
0.0995452031493187
0.34629443287849426
0.1339225023984909
0.23941677808761597
0.1757168471813202
0.09822978079319
0.15216690301895142
0.2538798153400421
0.2559203505516052
0.20784920454025269
0.13497331738471985
0.22382153570652008
0.20798395574092865
0.10481894761323929
0.15672290325164795
0.12996451556682587
0.23219577968120575
0.1295251101255417
0.04878213629126549
0.06136920303106308
0.14664024114608765
0.03343614935874939
0.13542012870311737
0.12429092079401016
0.13161928951740265
0.10865481942892075
0.14886817336082458
0.005123733542859554
0.09689666330814362
0.06809809803962708
0.1887853890657425
0.0912490114569664
0.2055056244134903
0.2615490257740021
0.039004214107990265
0.20271222293376923
0.21698807179927826
0.12049030512571335
0.2750280499458313
0.2349935919046402
0.2617897689342499
0.0961063876748085
0.24893729388713837
0.09617827087640762
0.10220226645469666
0.09748779237270355
0.0982607752084732
0.2553289532661438
0.2903062403202057
0.14214648306369781
0.04061734676361084
0.12748225033283234
0.007545924745500088
0.11796855181455612
0.23744969069957733
0.11744574457406998
0.042621880769729614
0.1926703006029129
0.22036069631576538
0.0971565768122673
0.16862882673740387
0.20585916936397552
0.3090836703777313
0.12500996887683868
0.1837642341852188
0.24648915231227875
0.13495013117790222
0.08815647661685944
0.21792103350162506
0.1554960161447525
0.18977168202400208
0.10511404275894165
0.016992680728435516
0.28555428981781006
0.19281311333179474
0.23318029940128326
0.18488605320453644
0.1334390640258789
0.22954687476158142
0.16172899305820465
0.18129205703735352
0.19906432926654816
0.3037300407886505
0.12829168140888214
0.23343512415885925
0.21234317123889923
0.07205939292907715
0.20986561477184296
0.18274283409118652
0.18277937173843384
0.024586815387010574
0.2605925500392914
0.08586831390857697
0.1981581300497055
0.17223423719406128
0.3540056347846985
0.2351440042257309
0.08499465137720108
0.17165236175060272
0.3679848611354828
0.02122623473405838
0.14266860485076904
0.15908318758010864
0.2606600224971771
0.25634172558784485
0.2653842866420746
0.2789744734764099
0.1308397799730301
0.10698429495096207
0.15534771978855133
0.1702279895544052
0.15016119182109833
0.24553826451301575
0.13176153600215912
0.056858330965042114
0.08459711819887161
0.2752891778945923
0.21409127116203308
0.22427229583263397
0.0055885836482048035
0.07256443053483963
0.2801300585269928
0.1371607929468155
0.005909629166126251
0.02334539033472538
0.19624388217926025
0.22834397852420807
0.1850101202726364
0.3239404261112213
0.1608813852071762
0.24764953553676605
0.23089101910591125
0.09232492744922638
0.15392351150512695
0.16500377655029297
0.1694808453321457
0.08378903567790985
0.07926562428474426
0.10319609940052032
0.23409686982631683
0.41779065132141113
0.36483892798423767
0.02482536807656288
0.2740790545940399
0.2101771980524063
0.1964646726846695
0.07935862243175507
0.044422224164009094
0.23374789953231812
0.1392235904932022
0.15896070003509521
0.0684155747294426
0.12223664671182632
0.05254661664366722
0.08926234394311905
0.13552576303482056
0.20954321324825287
0.2226724922657013
0.058292388916015625
0.059217266738414764
0.14958924055099487
0.2053723931312561
0.16672822833061218
0.08779676258563995
0.08374859392642975
0.2531127631664276
0.19821108877658844
0.21260729432106018
0.18707816302776337
0.30615660548210144
0.23953667283058167
0.14637859165668488
0.11972401291131973
0.11135824024677277
0.24213644862174988
0.07940596342086792
0.12951207160949707
0.10397348552942276
0.280256450176239
0.24341289699077606
0.030179915949702263
0.17600223422050476
0.21806302666664124
0.10170923173427582
0.2293328493833542
0.273303359746933
0.19122007489204407
0.23780523240566254
0.12292128056287766
0.12233880907297134
0.19889260828495026
0.16662944853305817
0.11684829741716385
0.1461019217967987
0.24256660044193268
0.08334098756313324
0.19550202786922455
0.037717316299676895
0.05199144408106804
0.005270298570394516
0.20889943838119507
0.12928572297096252
0.16482862830162048
0.20345783233642578
0.11964111030101776
0.10184702277183533
0.17587073147296906
0.13471877574920654
0.25437459349632263
0.16584590077400208
0.14729195833206177
0.254893958568573
0.1866142600774765
0.23866842687129974
0.25160157680511475
0.2267317771911621
0.1600969433784485
0.19536803662776947
0.15737055242061615
0.14267410337924957
0.32477495074272156
0.1890084147453308
0.23635844886302948
0.15959645807743073
0.14645680785179138
0.12818685173988342
0.08633285760879517
0.20424354076385498
0.07203472405672073
0.11637814342975616
0.22533226013183594
0.1326654553413391
0.18506810069084167
0.13460813462734222
0.1301298290491104
0.1328524798154831
0.09840831160545349
0.24600212275981903
0.20424744486808777
0.1679060012102127
0.1406242996454239
0.30306220054626465
0.1546521633863449
0.2147538661956787
0.1022440642118454
0.4118196368217468
0.2604958713054657
0.1271180510520935
0.0988878458738327
0.30697259306907654
0.27406150102615356
0.2557680606842041
0.11524461954832077
0.24297596514225006
0.14685168862342834
0.08535245060920715
0.13704068958759308
0.09028902649879456
0.20089542865753174
0.09391620010137558
0.2081708312034607
0.10662860423326492
0.1379338949918747
0.20718686282634735
0.270065575838089
0.029272696003317833
0.22722600400447845
0.13170389831066132
0.16417953372001648
0.22738000750541687
0.08227015286684036
0.13116730749607086
0.10708829015493393
0.11496155709028244
0.07372672855854034
0.24458879232406616
0.15105180442333221
0.10245422273874283
0.006850894540548325
0.2611123025417328
0.19221392273902893
0.3027602434158325
0.25447553396224976
0.11457820981740952
0.28554072976112366
0.2117428034543991
0.0515669509768486
0.04373304918408394
0.011478418484330177
0.13312189280986786
0.2039133906364441
0.013941990211606026
0.2291765660047531
0.22632256150245667
0.06722640991210938
0.2209174931049347
0.23253022134304047
0.17353586852550507
0.2141524702310562
0.25684067606925964
0.22409194707870483
0.1539812982082367
0.5081696510314941
0.17087702453136444
0.10136964917182922
0.11999212205410004
0.013923894613981247
0.21897073090076447
0.1940729171037674
0.11003251373767853
0.2532082796096802
0.16394996643066406
0.08158367872238159
0.1256762593984604
0.12464451044797897
0.17953038215637207
0.29305359721183777
0.41097089648246765
0.15968291461467743
0.21514087915420532
0.12084504961967468
0.16484485566616058
0.20851075649261475
0.16930092871189117
0.12118382006883621
0.12208061665296555
0.07371974736452103
0.19556407630443573
0.08651731163263321
0.21762198209762573
0.1094622015953064
0.3924137353897095
0.1222548633813858
0.2851903438568115
0.1627378761768341
0.1822272390127182
0.13761287927627563
0.2510623037815094
0.27602654695510864
0.2268657237291336
0.04850723221898079
0.11363116651773453
0.1838969737291336
0.2310304045677185
0.0639040544629097
0.07720056921243668
0.11530479788780212
0.09263656288385391
0.22069214284420013
0.24700936675071716
0.20569893717765808
0.18798387050628662
0.21088407933712006
0.1466962695121765
0.1526099145412445
0.13844525814056396
0.18360783159732819
0.15601108968257904
0.1711752861738205
0.19837138056755066
0.19593499600887299
0.13807246088981628
0.19562430679798126
0.2340455949306488
0.08883585780858994
0.1544552743434906
0.18938307464122772
0.037561219185590744
0.019332371652126312
0.08545024693012238
0.20124520361423492
0.21328891813755035
0.08102012425661087
0.1480208784341812
0.1046021357178688
0.21421633660793304
0.11768535524606705
0.07141543924808502
0.18413221836090088
0.21760576963424683
0.11823084950447083
0.26022011041641235
0.18045350909233093
0.09697949141263962
0.12364863604307175
0.07483614236116409
0.1634855717420578
0.17048336565494537
0.24253886938095093
0.13834261894226074
0.17612622678279877
0.26102185249328613
0.2973600924015045
0.10111705958843231
0.026067212224006653
0.1810588389635086
0.1659700721502304
0.27196282148361206
0.11042676866054535
0.20519806444644928
0.23146654665470123
0.0434354692697525
0.023824157193303108
0.08196937292814255
0.05085000395774841
0.232638418674469
0.22410248219966888
0.1516832560300827
0.11643414944410324
0.15510055422782898
0.22600063681602478
0.14906464517116547
0.14735588431358337
0.22338604927062988
0.12634707987308502
0.28104540705680847
0.19635379314422607
0.16514655947685242
0.13978102803230286
0.36711254715919495
0.09429798275232315
0.18325175344944
0.19275438785552979
0.10197316110134125
0.14984191954135895
0.1417037695646286
0.16226917505264282
0.17746691405773163
0.09740646928548813
0.19286766648292542
0.15433229506015778
0.047540333122015
0.11921276897192001
0.10886255651712418
0.1847812980413437
0.16532820463180542
0.004016475286334753
0.35146573185920715
0.17644335329532623
0.365890771150589
0.21335962414741516
0.11236276477575302
0.26564711332321167
0.20118528604507446
0.06551467627286911
0.17895327508449554
0.15519914031028748
0.16116684675216675
0.19790123403072357
0.1297057718038559
0.11094246059656143
0.2290107160806656
0.1949709951877594
0.3410632610321045
0.22888942062854767
0.1602039933204651
0.1985575556755066
0.20555083453655243
0.1388057917356491
0.1504475325345993
0.1972445696592331
0.1920923888683319
0.18128135800361633
0.24957658350467682
0.13626454770565033
0.10419108718633652
0.07338827848434448
0.19202043116092682
0.1772965043783188
0.10169774293899536
0.179777130484581
0.23714055120944977
0.15585383772850037
0.1826532632112503
0.20277366042137146
0.1659114956855774
0.11057107895612717
0.2590538263320923
0.2063865065574646
0.02296297438442707
0.10198494046926498
0.11568991839885712
0.10443063825368881
0.15944591164588928
0.2255319207906723
0.1268557459115982
0.20168769359588623
0.15246030688285828
0.1651873141527176
0.07440079748630524
0.1354420781135559
0.162883460521698
0.12299215793609619
0.22088894248008728
0.17761841416358948
0.12327004969120026
0.17364491522312164
0.2290816754102707
0.0767335519194603
0.045519985258579254
0.13891556859016418
0.12174497544765472
0.053047794848680496
0.1418820321559906
0.15869860351085663
0.1122780293226242
0.058366868644952774
0.21531866490840912
0.17150937020778656
0.19488272070884705
0.11569656431674957
0.11040152609348297
0.12974894046783447
0.1706196814775467
0.15853236615657806
0.08675023913383484
0.18534734845161438
0.010270797647535801
0.1549912542104721
0.14170734584331512
0.022039519622921944
0.22822856903076172
0.10706973820924759
0.16331101953983307
0.11258203536272049
0.17985938489437103
0.13122034072875977
0.1914764791727066
0.09751000255346298
0.1964757740497589
0.19387051463127136
0.3598686754703522
0.07793833315372467
0.2455398291349411
0.0503060519695282
0.17438451945781708
0.20094527304172516
0.3796897530555725
0.1061500832438469
0.1679230034351349
0.09282904863357544
0.16153477132320404
0.3380880057811737
0.025678101927042007
0.09925981611013412
0.2367205172777176
0.2900505065917969
0.2149946540594101
0.23450107872486115
0.12787498533725739
0.2354699671268463
0.12026910483837128
0.3080889582633972
0.010666393674910069
0.22404898703098297
0.1929725706577301
0.17893171310424805
0.24682486057281494
0.237568661570549
0.28914541006088257
0.16892030835151672
0.14704285562038422
0.10674159228801727
0.20578685402870178
0.1773446947336197
0.13725845515727997
0.10521066933870316
0.17737150192260742
0.2444523125886917
0.08424285799264908
0.15743175148963928
0.0988539382815361
0.11307980120182037
0.08526729792356491
0.18508049845695496
0.22293122112751007
0.12718284130096436
0.12367813289165497
0.14949485659599304
0.20271077752113342
0.16356027126312256
0.11654754728078842
0.1244644820690155
0.10191582143306732
0.16730333864688873
0.40533414483070374
0.09560630470514297
0.08231296390295029
0.11971642076969147
0.19901643693447113
0.02156722918152809
0.26404350996017456
0.0862470492720604
0.3166070878505707
0.18080782890319824
0.18329206109046936
0.14783425629138947
0.1589922308921814
0.33563196659088135
0.17062316834926605
0.09749577194452286
0.004455262795090675
0.05906141921877861
0.08415809273719788
0.23115192353725433
0.2678205668926239
0.06513235718011856
0.13062457740306854
0.15469598770141602
0.2293027937412262
0.08294247835874557
0.24931170046329498
0.17506612837314606
0.13702575862407684
0.12642905116081238
0.15816983580589294
0.005347800441086292
0.10499060153961182
0.20714889466762543
0.17425712943077087
0.2533189356327057
0.1954994797706604
0.15691299736499786
0.23300950229167938
0.22028371691703796
0.2409103661775589
0.08306864649057388
0.11270654201507568
0.1374397873878479
0.13278277218341827
0.17699792981147766
0.24075374007225037
0.2148636132478714
0.6808409094810486
0.11154023557901382
0.18626318871974945
0.15343590080738068
0.12202214449644089
0.0687856674194336
0.20951293408870697
0.1881081759929657
0.1854870766401291
0.15364673733711243
0.24619150161743164
0.1502741426229477
0.18244148790836334
0.20104895532131195
0.17315466701984406
0.27526146173477173
0.12075047940015793
0.18751321732997894
0.15379248559474945
0.14955802261829376
0.05032359063625336
0.12700697779655457
0.3568202257156372
0.20323292911052704
0.024622924625873566
0.21743422746658325
0.23239095509052277
0.1530231535434723
0.24065637588500977
0.18862061202526093
0.16152909398078918
0.21408602595329285
0.11093579232692719
0.12727747857570648
0.17660467326641083
0.21032370626926422
0.18546058237552643
0.12464474141597748
0.23614095151424408
0.14075782895088196
0.21509221196174622
0.3050902187824249
0.17478430271148682
0.17192134261131287
0.18622368574142456
0.18829812109470367
0.22956274449825287
0.11910224705934525
0.19602258503437042
0.11910679191350937
0.2577470541000366
0.13651691377162933
0.1991599202156067
0.051426179707050323
0.016727473586797714
0.23482555150985718
0.19104282557964325
0.246358722448349
0.19187310338020325
0.1245647519826889
0.12487342953681946
0.13196922838687897
0.11129400879144669
0.12956233322620392
0.11046131700277328
0.05812198668718338
0.13290901482105255
0.07526926696300507
0.3013288676738739
0.0992799773812294
0.2115151733160019
0.17173455655574799
0.0913831889629364
0.08225394785404205
0.22260844707489014
0.32438647747039795
0.23897147178649902
0.08825970441102982
0.16256514191627502
0.14124593138694763
0.19056479632854462
0.1609952449798584
0.29225632548332214
0.10427220910787582
0.216047465801239
0.19026927649974823
0.2139662653207779
0.14370600879192352
0.16646525263786316
0.1661962866783142
0.19360609352588654
0.13992927968502045
0.12690354883670807
0.20395201444625854
0.42437508702278137
0.14752008020877838
0.24545854330062866
0.0643315240740776
0.21319179236888885
0.17434830963611603
0.192541241645813
0.22236613929271698
0.36951005458831787
0.1814766377210617
0.18238943815231323
0.2654019296169281
0.1243286207318306
0.09039986878633499
0.1652127057313919
0.10460998862981796
0.23150493204593658
0.49761104583740234
0.12909401953220367
0.2660278081893921
0.17048333585262299
0.27276521921157837
0.16138075292110443
0.02598319947719574
0.19492383301258087
0.2287827730178833
0.12848712503910065
0.14530527591705322
0.2809966504573822
0.27108415961265564
0.18321071565151215
0.2077323943376541
0.17517653107643127
0.1451745629310608
0.14296668767929077
0.1869593858718872
0.14718860387802124
0.08210690319538116
0.12504145503044128
0.18654616177082062
0.12830007076263428
0.10373903810977936
0.17098920047283173
0.2245141863822937
0.08196618407964706
0.15517990291118622
0.1303398162126541
0.23929329216480255
0.1407022625207901
0.24468982219696045
0.15890362858772278
0.19459283351898193
0.11054964363574982
0.11556592583656311
0.175021693110466
0.1487380415201187
0.17408426105976105
0.39539653062820435
0.004612056538462639
0.2769790291786194
0.14149963855743408
0.26069360971450806
0.08806554973125458
0.30355408787727356
0.19089192152023315
0.4081885516643524
0.2105253040790558
0.12222520262002945
0.11217227578163147
0.09055472165346146
0.20791922509670258
0.3273477256298065
0.33842629194259644
0.17142345011234283
0.15402568876743317
0.0492546409368515
0.0718512162566185
0.14134863018989563
0.3412126302719116
0.26354894042015076
0.2819896936416626
0.3268677294254303
0.20162333548069
0.22188062965869904
0.18923504650592804
0.23889993131160736
0.12940330803394318
0.16864913702011108
0.28971725702285767
0.0472593791782856
0.16542334854602814
0.22749246656894684
0.12064307183027267
0.15521785616874695
0.15016581118106842
0.21845896542072296
0.20138166844844818
0.2713818848133087
0.18271620571613312
0.2603730261325836
0.01293008029460907
0.1332256942987442
0.17243219912052155
0.11396994441747665
0.04511139541864395
0.22908565402030945
0.07196331024169922
0.09858717024326324
0.18708789348602295
0.035892073065042496
0.15406693518161774
0.33613476157188416
0.21893155574798584
0.18736451864242554
0.16227419674396515
0.14020736515522003
0.13893984258174896
0.17530539631843567
0.12887440621852875
0.09504865854978561
0.205885648727417
0.3138106167316437
0.17529626190662384
0.1819584220647812
0.07248356938362122
0.11508600413799286
0.12878169119358063
0.1536836475133896
0.15638746321201324
0.07751822471618652
0.13492359220981598
0.22840628027915955
0.37479135394096375
0.16929636895656586
0.16208671033382416
0.22517015039920807
0.18025840818881989
0.1638258397579193
0.16267482936382294
0.22101424634456635
0.07730984687805176
0.22654598951339722
0.017058636993169785
0.11393103748559952
0.29431894421577454
0.06679600477218628
0.1886676698923111
0.09113679081201553
0.1043734923005104
0.04579445347189903
0.16651159524917603
0.0969950333237648
0.1710759848356247
0.29228392243385315
0.31827616691589355
0.16097375750541687
0.23266689479351044
0.08552400767803192
0.21056637167930603
0.21659964323043823
0.1252833753824234
0.06758187711238861
0.10124555230140686
0.014497143216431141
0.09187351167201996
0.306679904460907
0.1330334097146988
0.02362043410539627
0.15812629461288452
0.20218022167682648
0.24369341135025024
0.1839766949415207
0.09665805846452713
0.13737522065639496
0.2492387443780899
0.16802763938903809
0.22582606971263885
0.11200166493654251
0.27425074577331543
0.12528496980667114
0.07747617363929749
0.19219587743282318
0.12637008726596832
0.029922472313046455
0.12367894500494003
0.14594779908657074
0.27220773696899414
0.06572812795639038
0.14946644008159637
0.09935565292835236
0.23334307968616486
0.04911445453763008
0.030669793486595154
0.027184778824448586
0.4369175136089325
0.1685055047273636
0.13928912580013275
0.18503110110759735
0.1786862015724182
0.23259392380714417
0.12837757170200348
0.09107109904289246
0.20696473121643066
0.1565038412809372
0.268470823764801
0.04408366233110428
0.29235097765922546
0.11269243061542511
0.07778584212064743
0.13767525553703308
0.08612383157014847
0.004005443304777145
0.14055590331554413
0.13753168284893036
0.1456434577703476
0.5377786755561829
0.18431377410888672
0.10061135143041611
0.06759510189294815
0.11216218024492264
0.3173675835132599
0.3052821755409241
0.17036189138889313
0.1401858627796173
0.21928873658180237
0.2622586786746979
0.1696283370256424
0.09377097338438034
0.33795416355133057
0.2553912401199341
0.315690279006958
0.21490055322647095
0.13487966358661652
0.18035423755645752
0.15697859227657318
0.14160458743572235
0.09768003225326538
0.10519988089799881
0.20415933430194855
0.2126394510269165
0.0733465850353241
0.07033516466617584
0.2186553180217743
0.12044939398765564
0.13763435184955597
0.22396592795848846
0.06908468157052994
0.03696906566619873
0.211988165974617
0.20926228165626526
0.16423654556274414
0.1657005101442337
0.31841200590133667
0.06676631420850754
0.18797139823436737
0.09378697723150253
0.08994576334953308
0.13430634140968323
0.36258554458618164
0.180776447057724
0.1690216213464737
0.06496373564004898
0.19875569641590118
0.1722606122493744
0.18955054879188538
0.15313974022865295
0.09792724996805191
0.10392245650291443
0.24524150788784027
0.07690993696451187
0.19899776577949524
0.1967129409313202
0.07350815832614899
0.027569521218538284
0.13532745838165283
0.10674024373292923
0.22677870094776154
0.34348002076148987
0.22319427132606506
0.12731261551380157
0.19754371047019958
0.1043691635131836
0.21692870557308197
0.11930631846189499
0.14636832475662231
0.1589706987142563
0.09396770596504211
0.23119881749153137
0.15764695405960083
0.08650681376457214
0.11412813514471054
0.22009937465190887
0.12012110650539398
0.07478344440460205
0.16223545372486115
0.14703480899333954
0.20628932118415833
0.09250683337450027
0.07430612295866013
0.1207868680357933
0.059895824640989304
0.22219319641590118
0.15427431464195251
0.2368047684431076
0.17320570349693298
0.1873852014541626
0.14299376308918
0.13071586191654205
0.2677072286605835
0.1407274603843689
0.2039301097393036
0.1674119085073471
0.24780675768852234
0.24923473596572876
0.03164851292967796
0.11277911067008972
0.21636071801185608
0.12464546412229538
0.042107220739126205
0.2472890019416809
0.01514873094856739
0.27428311109542847
0.18029984831809998
0.1549135446548462
0.06302852183580399
0.11668103188276291
0.2180548757314682
0.1338159590959549
0.19688266515731812
0.23768936097621918
0.13607379794120789
0.094002865254879
0.23515582084655762
0.10791349411010742
0.18334093689918518
0.2349591851234436
0.18814314901828766
0.10550077259540558
0.21523796021938324
0.11701463162899017
0.17972995340824127
0.1933511197566986
0.20479816198349
0.13503792881965637
0.04447772353887558
0.33476722240448
0.09554485231637955
0.19587793946266174
0.18891271948814392
0.16618245840072632
0.08309987932443619
0.1552501618862152
0.08814109861850739
0.04480510950088501
0.06007935851812363
0.16799712181091309
0.1298111379146576
0.11123237013816833
0.3285810053348541
0.19412052631378174
0.1256692111492157
0.20878511667251587
0.06873740255832672
0.09356117993593216
0.02748134359717369
0.11583982408046722
0.1367540806531906
0.1920110434293747
0.1427546739578247
0.09706099331378937
0.2587530016899109
0.24155616760253906
0.08873765915632248
0.12174250185489655
0.13893945515155792
0.21132907271385193
0.056554049253463745
0.2741108536720276
0.1051858514547348
0.3087431788444519
0.10177122056484222
0.201492577791214
0.14956034719944
0.10719035565853119
0.14644555747509003
0.09925533831119537
0.30497488379478455
0.132239431142807
0.18228109180927277
0.18367843329906464
0.1680135726928711
0.4767298698425293
0.07128502428531647
0.14562134444713593
0.1319853812456131
0.25385117530822754
0.17292249202728271
0.11062005162239075
0.2304128110408783
0.1990397572517395
0.10988620668649673
0.13238339126110077
0.2455025315284729
0.18022660911083221
0.08991710841655731
0.19024625420570374
0.23497077822685242
0.22116565704345703
0.3232084810733795
0.15598748624324799
0.08487942814826965
0.15519382059574127
0.20138953626155853
0.1445348709821701
0.19571809470653534
0.16193358600139618
0.2079744040966034
0.14050932228565216
0.10208185762166977
0.09829364717006683
0.18823133409023285
0.14264383912086487
0.05642550811171532
0.14246171712875366
0.1516493707895279
0.2171647846698761
0.00588340125977993
0.01264334935694933
0.21526026725769043
0.08215437829494476
0.18965014815330505
0.20695646107196808
0.4603935778141022
0.16781674325466156
0.13968633115291595
0.10538289695978165
0.17380139231681824
0.08273520320653915
0.016374381259083748
0.1293465793132782
0.18149036169052124
0.19336196780204773
0.1971713900566101
0.04980731010437012
0.11901607364416122
0.2568306028842926
0.036617062985897064
0.1666393131017685
0.037769339978694916
0.16595764458179474
0.017175499349832535
0.3736115097999573
0.15130352973937988
0.16092485189437866
0.101534403860569
0.1683039367198944
0.1901029795408249
0.28704923391342163
0.12105148285627365
0.12439241260290146
0.23890233039855957
0.14538748562335968
0.18057113885879517
0.1383216381072998
0.22747454047203064
0.4103514850139618
0.21233275532722473
0.2161651849746704
0.23530231416225433
0.2264975607395172
0.23639227449893951
0.06872574239969254
0.20218458771705627
0.23751932382583618
0.19513189792633057
0.10965654999017715
0.11381040513515472
0.18887007236480713
0.2796018719673157
0.12356599420309067
0.1030380055308342
0.19028501212596893
0.12235717475414276
0.1618005782365799
0.05015932396054268
0.23689264059066772
0.1559084951877594
0.4334474503993988
0.1896611452102661
0.2207140326499939
0.19912810623645782
0.1738871932029724
0.23740066587924957
0.12045498192310333
0.19662843644618988
0.17327457666397095
0.18363255262374878
0.16336975991725922
0.22837720811367035
0.09251285344362259
0.1742187887430191
0.0958782285451889
0.206504687666893
0.22587674856185913
0.10643494874238968
0.14282742142677307
0.022124145179986954
0.06789101660251617
0.18047544360160828
0.23105129599571228
0.1846788227558136
0.14794202148914337
0.20831768214702606
0.11243711411952972
0.20570482313632965
0.08421865850687027
0.2337179183959961
0.02422981709241867
0.2382705956697464
0.1342093050479889
0.06487639993429184
0.10068308562040329
0.0688648596405983
0.22280216217041016
0.15745209157466888
0.11747719347476959
0.10005583614110947
0.1794697791337967
0.1761150360107422
0.17481014132499695
0.1910741925239563
0.13509239256381989
0.24997463822364807
0.2309141308069229
0.177033469080925
0.24736788868904114
0.1844925731420517
0.2446635365486145
0.11923382431268692
0.12877553701400757
0.4485529959201813
0.16018351912498474
0.1909472495317459
0.1989264339208603
0.33416709303855896
0.0350366085767746
0.1579035222530365
0.08326289802789688
0.19418205320835114
0.36360153555870056
0.19783912599086761
0.2275048792362213
0.09125681221485138
0.16825813055038452
0.1751452386379242
0.13646602630615234
0.16526567935943604
0.17065368592739105
0.2916920483112335
0.024356622248888016
0.15454648435115814
0.10735777765512466
0.160722553730011
0.11433705687522888
0.10765654593706131
0.32071492075920105
0.18595457077026367
0.16623544692993164
0.13015113770961761
0.15765836834907532
0.08420537412166595
0.2947435975074768
0.19485501945018768
0.0639491006731987
0.028229067102074623
0.18314772844314575
0.07161923497915268
0.18199540674686432
0.16423946619033813
0.1370602399110794
0.1277693659067154
0.14531230926513672
0.14463631808757782
0.27746546268463135
0.25346869230270386
0.029065841808915138
0.1559201031923294
0.08697089552879333
0.14565017819404602
0.20762953162193298
0.08551802486181259
0.08392655849456787
0.25496596097946167
0.5557786226272583
0.1948636770248413
0.20089055597782135
0.1833537518978119
0.10741335153579712
0.10802602022886276
0.15783150494098663
0.0586872398853302
0.10681353509426117
0.09445950388908386
0.20161673426628113
0.19992323219776154
0.10926685482263565
0.20603999495506287
0.08060984313488007
0.35365861654281616
0.28342026472091675
0.1918262094259262
0.2589944005012512
0.17530874907970428
0.2261221706867218
0.25408267974853516
0.21321937441825867
0.1874651461839676
0.13838283717632294
0.1337553709745407
0.16008110344409943
0.1469516009092331
0.19705432653427124
0.31371432542800903
0.12477945536375046
0.286625474691391
0.1251557320356369
0.252551406621933
0.14824403822422028
0.21278636157512665
0.07449642568826675
0.17720559239387512
0.22268059849739075
0.14447033405303955
0.1371970772743225
0.18210984766483307
0.11115334928035736
0.23809604346752167
0.23079080879688263
0.3225077986717224
0.18338052928447723
0.15777726471424103
0.16751915216445923
0.11831793934106827
0.17394651472568512
0.235085591673851
0.22127653658390045
0.23978640139102936
0.11433272808790207
0.1232667788863182
0.28713029623031616
0.15443162620067596
0.10116259008646011
0.02551260218024254
0.11704191565513611
0.2362012416124344
0.15941348671913147
0.09816841036081314
0.11852962523698807
0.1435209959745407
0.03229736536741257
0.045531973242759705
0.2573511004447937
0.2634613513946533
0.11570171266794205
0.21216823160648346
0.2396952360868454
0.15253333747386932
0.26864251494407654
0.1916247010231018
0.10107108950614929
0.19694995880126953
0.08495241403579712
0.2418084293603897
0.10519915819168091
0.22574655711650848
0.16590337455272675
0.21220268309116364
0.20111609995365143
0.01975918933749199
0.13818305730819702
0.15631499886512756
0.08269502222537994
0.09546804428100586
0.2226419597864151
0.17281441390514374
0.10119378566741943
0.29986876249313354
0.24366125464439392
0.1747254729270935
0.1663687527179718
0.2024606615304947
0.10264593362808228
0.06722187250852585
0.20046117901802063
0.17773549258708954
0.11037009954452515
0.28970783948898315
0.17054356634616852
0.10014034062623978
0.08785869926214218
0.14563485980033875
0.22767139971256256
0.13707183301448822
0.26007071137428284
0.19075728952884674
0.10827281326055527
0.2073184996843338
0.0429634153842926
0.11394720524549484
0.14767925441265106
0.14140772819519043
0.15094567835330963
0.027243653312325478
0.14974866807460785
0.2645013630390167
0.1336507499217987
0.13482141494750977
0.09020966291427612
0.13586512207984924
0.17635510861873627
0.2634015679359436
0.09396906942129135
0.03489544987678528
0.10593784600496292
0.29250290989875793
0.08517187833786011
0.0952426865696907
0.10349705070257187
0.21440525352954865
0.1290801763534546
0.11550318449735641
0.1581714004278183
0.1214672178030014
0.12010669708251953
0.17305977642536163
0.08029797673225403
0.13842815160751343
0.4677552282810211
0.08193596452474594
0.15193578600883484
0.17836248874664307
0.25995758175849915
0.09088457375764847
0.10523596405982971
0.056386012583971024
0.17763467133045197
0.004994352348148823
0.2023611217737198
0.09251087158918381
0.06467598676681519
0.2394411563873291
0.09272076934576035
0.16662080585956573
0.18507219851016998
0.16903118789196014
0.2957548499107361
0.21412065625190735
0.024674126878380775
0.074395090341568
0.19261810183525085
0.09469759464263916
0.03874697908759117
0.11897257715463638
0.09895326942205429
0.1292276829481125
0.200612872838974
0.2855040729045868
0.4284714460372925
0.07414275407791138
0.18582317233085632
0.18159979581832886
0.30262359976768494
0.14638637006282806
0.1740037053823471
0.06266336888074875
0.04083859920501709
0.17018382251262665
0.2832241356372833
0.15487290918827057
0.1567257195711136
0.035552941262722015
0.21184881031513214
0.22695156931877136
0.2050493061542511
0.13882707059383392
0.1452236771583557
0.3172125816345215
0.12032783776521683
0.15606413781642914
0.22818002104759216
0.21574470400810242
0.1225942075252533
0.22652482986450195
0.188014954328537
0.11103194952011108
0.16722984611988068
0.22491858899593353
0.11107802391052246
0.18455155193805695
0.21405348181724548
0.04237024113535881
0.2041163146495819
0.19964440166950226
0.09468698501586914
0.18335291743278503
0.3228335380554199
0.08826804906129837
0.05994153022766113
0.022551745176315308
0.2526324689388275
0.1865823119878769
0.23562531173229218
0.18678292632102966
0.2042563408613205
0.17203634977340698
0.2163422852754593
0.06712841987609863
0.15975716710090637
0.11659165471792221
0.25135311484336853
0.1222819834947586
0.13113529980182648
0.053715113550424576
0.011427780613303185
0.0759667456150055
0.18789252638816833
0.11742961406707764
0.1269163340330124
0.19404292106628418
0.2445751428604126
0.20652005076408386
0.1938522607088089
0.17676959931850433
0.20479026436805725
0.16495753824710846
0.24531716108322144
0.6415425539016724
0.267983615398407
0.11207341402769089
0.1748363971710205
0.14031150937080383
0.12285463511943817
0.16371065378189087
0.010154249146580696
0.13458499312400818
0.17715603113174438
0.17178288102149963
0.23750919103622437
0.1818171739578247
0.02659209445118904
0.2395702600479126
0.08577831834554672
0.18234753608703613
0.18710821866989136
0.10927203297615051
0.2933615446090698
0.16930942237377167
0.09539034217596054
0.17002123594284058
0.10788314044475555
0.4484257996082306
0.10132283717393875
0.28670382499694824
0.153451070189476
0.2178945392370224
0.1491938978433609
0.17655351758003235
0.19197139143943787
0.3775315284729004
0.19031932950019836
0.2664114534854889
0.2490030974149704
0.03908073902130127
0.011240570805966854
0.1182117909193039
0.10991866886615753
0.1280880719423294
0.22597819566726685
0.2656124234199524
0.1733553558588028
0.11407012492418289
0.12756042182445526
0.10951822251081467
0.11217893660068512
0.022977547720074654
0.363059937953949
0.1919911652803421
0.1609509289264679
0.16664661467075348
0.11645105481147766
0.03674154356122017
0.12474378198385239
0.19451496005058289
0.14449408650398254
0.13713710010051727
0.3681292235851288
0.08902350068092346
0.007466004230082035
0.3079501986503601
0.1473282426595688
0.18060652911663055
0.1038508489727974
0.14176975190639496
0.0880059003829956
0.16143670678138733
0.14726872742176056
0.1272207796573639
0.1617678701877594
0.2249518483877182
0.21595026552677155
0.18402105569839478
0.06398104876279831
0.2611869275569916
0.07455124706029892
0.19478800892829895
0.15937192738056183
0.074463851749897
0.08816501498222351
0.07095524668693542
0.25675514340400696
0.17262543737888336
0.10700162500143051
0.1523907631635666
0.35858145356178284
0.1920432448387146
0.12708163261413574
0.25257155299186707
0.07650452852249146
0.29933804273605347
0.22088585793972015
0.25935712456703186
0.1519278585910797
0.16959145665168762
0.2896650433540344
0.20115292072296143
0.27000048756599426
0.2523461580276489
0.15014620125293732
0.2712852358818054
0.24878020584583282
0.14422044157981873
0.09677333384752274
0.09805067628622055
0.26347196102142334
0.012297280132770538
0.016286294907331467
0.1761537790298462
0.0857464149594307
0.2879541516304016
0.2920491099357605
0.22049644589424133
0.16092504560947418
0.18574751913547516
0.23869983851909637
0.05030899494886398
0.2939968705177307
0.14193831384181976
0.2817080020904541
0.14050263166427612
0.03156879544258118
0.25738319754600525
0.18671973049640656
0.21175111830234528
0.29357579350471497
0.30143827199935913
0.4949917793273926
0.11750999838113785
0.17024090886116028
0.22647392749786377
0.13048256933689117
0.1548452377319336
0.41917183995246887
0.39271607995033264
0.18737009167671204
0.16829386353492737
0.27744296193122864
0.11189606040716171
0.17698423564434052
0.23187267780303955
0.19701369106769562
0.2845956087112427
0.23202450573444366
0.09424729645252228
0.28303661942481995
0.19225025177001953
0.2968291938304901
0.3684650659561157
0.1726602166891098
0.24253499507904053
0.11462268233299255
0.1066991463303566
0.1410359889268875
0.20609687268733978
0.03393842652440071
0.16346053779125214
0.2280210703611374
0.22931751608848572
0.1435440480709076
0.09862515330314636
0.2428838014602661
0.1718355268239975
0.3394446074962616
0.17454619705677032
0.14021824300289154
0.10938216745853424
0.20023196935653687
0.33651769161224365
0.08905839174985886
0.14678838849067688
0.21357938647270203
0.12714922428131104
0.1300192028284073
0.21143680810928345
0.11473383009433746
0.11425448954105377
0.0685131773352623
0.08695250004529953
0.32580336928367615
0.1899125725030899
0.042031142860651016
0.24279479682445526
0.20549531280994415
0.09003600478172302
0.08695247024297714
0.2226763665676117
0.2516736388206482
0.2256622165441513
0.13414612412452698
0.20951849222183228
0.12418633699417114
0.18866832554340363
0.19671936333179474
0.010111892595887184
0.06496535986661911
0.08487346023321152
0.18911676108837128
0.1667632907629013
0.2531377971172333
0.1865181177854538
0.1535719782114029
0.18744869530200958
0.229534313082695
0.1639944463968277
0.22811731696128845
0.15673339366912842
0.09577718377113342
0.23914489150047302
0.09209246933460236
0.07552977651357651
0.05981670320034027
0.15052056312561035
0.22630302608013153
0.07886377722024918
0.20590756833553314
0.2685326933860779
0.19675448536872864
0.12107779830694199
0.24329519271850586
0.18216681480407715
0.08786296099424362
0.15224482119083405
0.20069250464439392
0.05167005583643913
0.20424534380435944
0.34652337431907654
0.18893761932849884
0.12997373938560486
0.12599360942840576
0.07657431811094284
0.17966338992118835
0.14310269057750702
0.12773503363132477
0.08669190853834152
0.29307401180267334
0.07859715074300766
0.12085483968257904
0.08683371543884277
0.13561058044433594
0.318795382976532
0.1636631041765213
0.20820993185043335
0.18112407624721527
0.09575123339891434
0.26490384340286255
0.18313761055469513
0.05433995649218559
0.11020445078611374
0.1535494327545166
0.18053428828716278
0.1627732664346695
0.11586456745862961
0.24492619931697845
0.15447655320167542
0.09789323061704636
0.13118363916873932
0.06376583874225616
0.18334685266017914
0.11688215285539627
0.24594330787658691
0.25217100977897644
0.17769259214401245
0.23333778977394104
0.22979848086833954
0.2652527689933777
0.17832259833812714
0.11604303866624832
0.3692270815372467
0.17836228013038635
0.15939165651798248
0.1141362190246582
0.13143859803676605
0.31471025943756104
0.14347529411315918
0.1298668533563614
0.05502250790596008
0.08960676938295364
0.1578412801027298
0.29611483216285706
0.1545017659664154
0.18941569328308105
0.08507609367370605
0.0309973806142807
0.13510514795780182
0.1269027590751648
0.17459070682525635
0.04188728705048561
0.06730278581380844
0.25364917516708374
0.11376481503248215
0.2974856197834015
0.17015130817890167
0.2857898473739624
0.19851012527942657
0.24710863828659058
0.2940879762172699
0.10296347737312317
0.17746075987815857
0.16143546998500824
0.10598570108413696
0.09085630625486374
0.2880195379257202
0.14810051023960114
0.1698026955127716
0.12984567880630493
0.3267372250556946
0.2072213888168335
0.05734887719154358
0.1354944407939911
0.22348354756832123
0.2196934074163437
0.12451611459255219
0.16510052978992462
0.1739383488893509
0.26532360911369324
0.25611698627471924
0.17495520412921906
0.24402497708797455
0.24194546043872833
0.21918734908103943
0.26248103380203247
0.16101688146591187
0.0256321020424366
0.14437808096408844
0.4785211682319641
0.17844831943511963
0.07757163792848587
0.227076455950737
0.18092948198318481
0.18044410645961761
0.20264604687690735
0.18977688252925873
0.17130674421787262
0.07876932621002197
0.19935576617717743
0.02250140905380249
0.14808401465415955
0.15734131634235382
0.2507895827293396
0.3268961012363434
0.18609169125556946
0.08936025202274323
0.2339193969964981
0.18860800564289093
0.12736451625823975
0.25346601009368896
0.18036340177059174
0.08647312968969345
0.005255354568362236
0.19995364546775818
0.14425340294837952
0.12035323679447174
0.2803019881248474
0.11255363374948502
0.16473108530044556
0.2302655726671219
0.3519744575023651
0.15858785808086395
0.17173965275287628
0.1393943578004837
0.2989121973514557
0.061756327748298645
0.15033245086669922
0.20656521618366241
0.25465911626815796
0.08699101954698563
0.07547465711832047
0.17022249102592468
0.296187162399292
0.16199781000614166
0.2958795428276062
0.12999926507472992
0.130893275141716
0.12489305436611176
0.08380991220474243
0.24096812307834625
0.17975947260856628
0.14261823892593384
0.1877356320619583
0.1868756115436554
0.14600110054016113
0.11862454563379288
0.18304099142551422
0.3120609223842621
0.13095109164714813
0.14577019214630127
0.20166471600532532
0.22979851067066193
0.19920074939727783
0.09458852559328079
0.19862529635429382
0.13154660165309906
0.21377985179424286
0.2563227415084839
0.16180481016635895
0.16955572366714478
0.19312413036823273
0.04987625405192375
0.1665075719356537
0.20727033913135529
0.1358177363872528
0.22751101851463318
0.028116388246417046
0.3109462559223175
0.14148595929145813
0.18237604200839996
0.0918956771492958
1.3476805686950684
0.2387222796678543
0.20903295278549194
0.10974027216434479
0.22038257122039795
0.2689799666404724
0.16999691724777222
0.10960032045841217
0.18885284662246704
0.09201902151107788
0.12767818570137024
0.15235865116119385
0.23274928331375122
0.19470064342021942
0.04862634092569351
0.056630298495292664
0.18703868985176086
0.1910702884197235
0.10695426166057587
0.0791219025850296
0.09085550904273987
0.24349121749401093
0.12733444571495056
0.09737840294837952
0.08466378599405289
0.1961386352777481
0.1497001051902771
0.21360085904598236
0.13257993757724762
0.21230503916740417
0.061533957719802856
0.1458846926689148
0.10497808456420898
0.23602919280529022
0.19882549345493317
0.2289600968360901
0.16645167768001556
0.1619795560836792
0.08163578808307648
0.16606169939041138
0.08409598469734192
0.10862176865339279
0.151402547955513
0.15137480199337006
0.2074526697397232
0.09388229250907898
0.13172896206378937
0.19375823438167572
0.22972321510314941
0.1639198511838913
0.25346535444259644
0.23244091868400574
0.22066062688827515
0.16139477491378784
0.26292040944099426
0.1114446222782135
0.240449458360672
0.106276735663414
0.2871556580066681
0.16860957443714142
0.05159478634595871
0.23070475459098816
0.11271513998508453
0.10798719525337219
0.18807066977024078
0.08639654517173767
0.2682849168777466
0.14031966030597687
0.10040142387151718
0.19414354860782623
0.14674660563468933
0.2743576765060425
0.05912970378994942
0.15162625908851624
0.17160798609256744
0.11566475033760071
0.18388059735298157
0.06786946207284927
0.08611796796321869
0.14453378319740295
0.1794397383928299
0.22423072159290314
0.2136511653661728
0.013997802510857582
0.10757599025964737
0.18935756385326385
0.1737259477376938
0.12546908855438232
0.17102767527103424
0.17660269141197205
0.1957656592130661
0.3508787453174591
0.11018625646829605
0.12850263714790344
0.16214241087436676
0.11911796778440475
0.10287576913833618
0.015529027208685875
0.12637931108474731
0.2102234959602356
0.012570750899612904
0.09290127456188202
0.1225939691066742
0.4953285753726959
0.06914273649454117
0.0766792818903923
0.3522546887397766
0.1931789666414261
0.25619444251060486
0.2812277376651764
0.014705166220664978
0.21593940258026123
0.151836097240448
0.21242183446884155
0.05789447948336601
0.17333343625068665
0.1952911764383316
0.21285541355609894
0.08717351406812668
0.010813666507601738
0.11820006370544434
0.10425952821969986
0.1477578580379486
0.2333986908197403
0.1690591275691986
0.11305710673332214
0.009772787801921368
0.18112464249134064
0.27263346314430237
0.0734877809882164
0.11037109792232513
0.11698007583618164
0.11942731589078903
0.108212910592556
0.044542696326971054
0.1157304123044014
0.1505938619375229
0.12336766719818115
0.013922774232923985
0.18484288454055786
0.08058125525712967
0.207469642162323
0.01943013444542885
0.18978363275527954
0.15371419489383698
0.1614980250597
0.2035118192434311
0.20450115203857422
0.27757444977760315
0.19138047099113464
0.1978820264339447
0.2647670805454254
0.19682228565216064
0.07767616957426071
0.1516490876674652
0.27509966492652893
0.2605886161327362
0.3354044556617737
0.19306662678718567
0.17404018342494965
0.21806086599826813
0.20702947676181793
0.1621100753545761
0.2454245686531067
0.05608193203806877
0.06120239198207855
0.15187978744506836
0.14128665626049042
0.14537140727043152
0.24904358386993408
0.31833553314208984
0.22381159663200378
0.3179127275943756
0.1888682246208191
0.21552996337413788
0.13951782882213593
0.1990477591753006
0.18403396010398865
0.13234426081180573
0.2867778539657593
0.16750146448612213
0.08874178677797318
0.1838533878326416
0.12936696410179138
0.17641432583332062
0.2648826539516449
0.6199955344200134
0.22995412349700928
0.09214340150356293
0.17061355710029602
0.03774647042155266
0.1049218475818634
0.02016400918364525
0.0253524761646986
0.19521960616111755
0.04532371088862419
0.07675083726644516
0.15567271411418915
0.22669175267219543
0.11284162849187851
0.22180086374282837
0.1559302657842636
0.020327584818005562
0.16167452931404114
0.23548275232315063
0.19793130457401276
0.10911042243242264
0.1737149953842163
0.16908328235149384
0.14390027523040771
0.2722770869731903
0.21433331072330475
0.11986018717288971
0.2017468363046646
0.2782023847103119
0.006924203597009182
0.06301092356443405
0.2284213751554489
0.11364597082138062
0.18797844648361206
0.12076017260551453
0.09713853895664215
0.1593264490365982
0.2532300651073456
0.19254976511001587
0.13383184373378754
0.12014070898294449
0.12801049649715424
0.15786407887935638
0.1453610062599182
0.18089532852172852
0.2186288982629776
0.1327843964099884
0.20713317394256592
0.3355879783630371
0.12739084661006927
0.25061655044555664
0.12938900291919708
0.22585733234882355
0.17296607792377472
0.12646399438381195
0.13726076483726501
0.08743136376142502
0.17811241745948792
0.14646708965301514
0.28623971343040466
0.25116705894470215
0.16668304800987244
0.1748257279396057
0.2716149091720581
0.019431568682193756
0.14565794169902802
0.1026696041226387
0.13692757487297058
0.210387721657753
0.3148617446422577
0.18214112520217896
0.08843734860420227
0.1093103364109993
0.15023331344127655
0.17501914501190186
0.09960243850946426
0.07365992665290833
0.17968833446502686
0.160771906375885
0.34299442172050476
0.1632009744644165
0.088214211165905
0.24819746613502502
0.20626766979694366
0.22969278693199158
0.029042119160294533
0.12985359132289886
0.1688595563173294
0.16517914831638336
0.15678369998931885
0.13113908469676971
0.1293254792690277
0.05607515946030617
0.15273098647594452
0.2815323770046234
0.2504483163356781
0.15372930467128754
0.1511167585849762
0.20403651893138885
0.30609166622161865
0.07509393244981766
0.1816011518239975
0.11566375941038132
0.16885505616664886
0.19995354115962982
0.24438384175300598
0.12284238636493683
0.10059742629528046
0.01139301061630249
0.14388108253479004
0.14950598776340485
0.11693672835826874
0.14954312145709991
0.2717033624649048
0.2138451188802719
0.23088043928146362
0.1729108840227127
0.11096429824829102
0.13082733750343323
0.2578474283218384
0.15744775533676147
0.3734453320503235
0.08323067426681519
0.28025907278060913
0.4087461829185486
0.1601232886314392
0.22466585040092468
0.1779761165380478
0.0990794450044632
0.21293599903583527
0.15998519957065582
0.13453619182109833
0.16740398108959198
0.1880847066640854
0.16955561935901642
0.10373890399932861
0.18070732057094574
0.1277175098657608
0.22790703177452087
0.18350709974765778
0.1989099383354187
0.2057822048664093
0.09628306329250336
0.13404572010040283
0.045461203902959824
0.03557688742876053
0.03669212758541107
0.09446178376674652
0.14932070672512054
0.04832473769783974
0.13432274758815765
0.26654326915740967
0.10755296051502228
0.06317955255508423
0.21552571654319763
0.01703786849975586
0.20096923410892487
0.23248639702796936
0.21898624300956726
0.16348867118358612
0.20921818912029266
0.18823683261871338
0.3205806016921997
0.2961832582950592
0.15406018495559692
0.2689775824546814
0.25729233026504517
0.19819952547550201
0.3872016966342926
0.18398186564445496
0.09712209552526474
0.21702870726585388
0.15718930959701538
0.09384442865848541
0.20607243478298187
0.0359819158911705
0.08417222648859024
0.1258711814880371
0.25780510902404785
0.219556987285614
0.18979217112064362
0.07573790103197098
0.1685299426317215
0.14710581302642822
0.18706384301185608
0.21764136850833893
0.18516412377357483
0.21201026439666748
0.11573977768421173
0.11582730710506439
0.2618463933467865
0.29700788855552673
0.049289245158433914
0.12123622745275497
0.16794444620609283
0.3055878281593323
0.2770320773124695
0.1979188323020935
0.288829505443573
0.22916635870933533
0.1877780258655548
0.09861188381910324
0.10743051022291183
0.17311440408229828
0.09820543974637985
0.15349836647510529
0.08498964458703995
0.011043176986277103
0.20333231985569
0.13228590786457062
0.07072040438652039
0.32527706027030945
0.4047831892967224
0.31922489404678345
0.10698288679122925
0.1158708930015564
0.1706637293100357
0.19295552372932434
0.1844186633825302
0.1764853149652481
0.2639671862125397
0.25832226872444153
0.1027473732829094
0.05753354728221893
0.273389607667923
0.1801721602678299
0.26226866245269775
0.08808625489473343
0.23657278716564178
0.2369811236858368
0.1736028790473938
0.17249009013175964
0.08468803763389587
0.15593118965625763
0.19139699637889862
0.17419855296611786
0.1026584804058075
0.08978308737277985
0.06568815559148788
0.16762831807136536
0.20012880861759186
0.1829453557729721
0.05222729220986366
0.14788566529750824
0.22508424520492554
0.058038391172885895
0.08555668592453003
0.007352763786911964
0.15623067319393158
0.1910138577222824
0.20554281771183014
0.2108488380908966
0.18242932856082916
0.2078854739665985
0.07040897011756897
0.1782218962907791
0.12926052510738373
0.1833423525094986
0.15453416109085083
0.13697367906570435
0.07312703132629395
0.1298975944519043
0.2745388150215149
0.19174176454544067
0.3658905625343323
0.2379070669412613
0.04535539448261261
0.08392098546028137
0.2270999699831009
0.4328487515449524
0.16040198504924774
0.06053966283798218
0.14444294571876526
0.09757313877344131
0.09294437617063522
0.10729418694972992
0.048180658370256424
0.18849727511405945
0.17619752883911133
0.17471754550933838
0.1951761692762375
0.15713068842887878
0.1625354140996933
0.08937056362628937
0.1459815949201584
0.22889883816242218
0.18191462755203247
0.40248337388038635
0.19897343218326569
0.2800582945346832
0.15379485487937927
0.21267035603523254
0.181178480386734
0.01520345825701952
0.22819474339485168
0.2252422571182251
0.3670444190502167
0.1897752732038498
0.15589328110218048
0.28057438135147095
0.1781366914510727
0.124034084379673
0.18227091431617737
0.14733874797821045
0.23730574548244476
0.27232933044433594
0.12922149896621704
0.18773607909679413
0.13672776520252228
0.018659740686416626
0.1711699515581131
0.14896002411842346
0.2616931200027466
0.07328932732343674
0.17678070068359375
0.11683332175016403
0.11991531401872635
0.06696370244026184
0.24265266954898834
0.09459296613931656
0.1699173003435135
0.09626810252666473
0.12717072665691376
0.2602074146270752
0.16163411736488342
0.17642658948898315
0.17363138496875763
0.038843486458063126
0.01683867536485195
0.15136998891830444
0.1447828710079193
0.24361692368984222
0.14010798931121826
0.1300250142812729
0.16106759011745453
0.17938819527626038
0.1587856560945511
0.15001901984214783
0.12166740000247955
0.2095959335565567
0.023464854806661606
0.179689422249794
0.16391006112098694
0.06932992488145828
0.11833775043487549
0.10453347861766815
0.15552838146686554
0.11751402169466019
0.21204988658428192
0.21317216753959656
0.16549159586429596
0.15131625533103943
0.20400650799274445
0.33424314856529236
0.28752198815345764
0.17204271256923676
0.13346682488918304
0.21020013093948364
0.1083574965596199
0.07637543976306915
0.3110058307647705
0.3095081150531769
0.11715907603502274
0.0760558694601059
0.3198295533657074
0.19001761078834534
0.2553354501724243
0.02647724561393261
0.112006276845932
0.27245405316352844
0.19043375551700592
0.14796844124794006
0.10204064100980759
0.20923998951911926
0.15580593049526215
0.14780506491661072
0.16800233721733093
0.13786530494689941
0.08911847323179245
0.15745918452739716
0.2332373559474945
0.1506749838590622
0.10626103729009628
0.17198707163333893
0.20424588024616241
0.19202636182308197
0.22958362102508545
0.16531959176063538
0.08851759135723114
0.08702567219734192
0.16817285120487213
0.29027536511421204
0.17767465114593506
0.28579872846603394
0.05319841578602791
0.13775871694087982
0.15731315314769745
0.22242915630340576
0.24033905565738678
0.06000039726495743
0.22679005563259125
0.21967948973178864
0.2264489084482193
0.21834363043308258
0.16028805077075958
0.05368518456816673
0.20008523762226105
0.0889803096652031
0.08403946459293365
0.1814042180776596
0.18223518133163452
0.17875543236732483
0.10577894747257233
0.07390153408050537
0.07987374812364578
0.40151506662368774
0.20375563204288483
0.17973674833774567
0.19516311585903168
0.061802420765161514
0.016824711114168167
0.09927699714899063
0.14616908133029938
0.11250776797533035
0.04846518859267235
0.1831742525100708
0.2812296152114868
0.07723067700862885
0.24727116525173187
0.17628538608551025
0.1466994434595108
0.20354902744293213
0.2655731439590454
0.1758708357810974
0.2901816964149475
0.23711659014225006
0.196973517537117
0.20223158597946167
0.22680114209651947
0.09739818423986435
0.19922640919685364
0.07318209111690521
0.2541801333427429
0.23255930840969086
0.2772127091884613
0.1706765592098236
0.2630803883075714
0.03680846095085144
0.12371223419904709
0.11031658202409744
0.20655043423175812
0.20666496455669403
0.07237986475229263
0.20000840723514557
0.21099546551704407
0.1828496754169464
0.12447206676006317
0.10478240996599197
0.155340313911438
0.12926769256591797
0.16046181321144104
0.1940198391675949
0.19491009414196014
0.10905319452285767
0.29903462529182434
0.2602732181549072
0.15058042109012604
0.0751403272151947
0.10941995680332184
0.34502992033958435
0.09679755568504333
0.24633751809597015
0.10591555386781693
0.1585576832294464
0.21084952354431152
0.16615551710128784
0.23255488276481628
0.14572350680828094
0.19061312079429626
0.1873539388179779
0.10793357342481613
0.1278526782989502
0.15752489864826202
0.06782263517379761
0.31754642724990845
0.04168996214866638
0.16300828754901886
0.21712049841880798
0.18515627086162567
0.2495834082365036
0.09817087650299072
0.30184420943260193
0.1251230090856552
0.16356587409973145
0.20163258910179138
0.07727626711130142
0.1890535056591034
0.1586357206106186
0.12112921476364136
0.21848201751708984
0.28831350803375244
0.1411273032426834
0.21057279407978058
0.149354487657547
0.09511387348175049
0.20579278469085693
0.04603033512830734
0.11692448705434799
0.2202315777540207
0.12969641387462616
0.12780851125717163
0.14225411415100098
0.13711468875408173
0.12080574035644531
0.4059513807296753
0.17240490019321442
0.10396275669336319
0.04731572046875954
0.1298605054616928
0.23016898334026337
0.21112866699695587
0.511122465133667
0.05926242470741272
0.07510194182395935
0.23562604188919067
0.05035277456045151
0.07414527237415314
0.13633093237876892
0.2556312680244446
0.1787586361169815
0.1344338357448578
0.2177771031856537
0.13483496010303497
0.2506430447101593
0.07231441140174866
0.08303367346525192
0.1176212951540947
0.20292320847511292
0.1643139123916626
0.20171941816806793
0.13434052467346191
0.007067333906888962
0.14580395817756653
0.19798597693443298
0.12521842122077942
0.0838618203997612
0.12086845189332962
0.20660065114498138
0.12767726182937622
0.18085940182209015
0.21688960492610931
0.17648527026176453
0.21128106117248535
0.11168099194765091
0.010588334873318672
0.1806495487689972
0.16785645484924316
0.09088163822889328
0.11037028580904007
0.08749991655349731
0.11228370666503906
0.13697443902492523
0.11157412827014923
0.22956417500972748
0.13686616718769073
0.17533203959465027
0.18627755343914032
0.10184986889362335
0.32931068539619446
0.1635945588350296
0.04657626152038574
0.17015916109085083
0.24028614163398743
0.1931576132774353
0.18992547690868378
0.19726043939590454
0.14249563217163086
0.2495623677968979
0.3052007555961609
0.1606239676475525
0.18094022572040558
0.23442456126213074
0.09526611864566803
0.3132762312889099
0.5635932087898254
0.3343020975589752
0.012812962755560875
0.07895165681838989
0.2393624186515808
0.06942103058099747
0.2506178617477417
0.06188155710697174
0.09364182502031326
0.015499941073358059
0.1974812150001526
0.17616340517997742
0.07299583405256271
0.10071560740470886
0.21850599348545074
0.12948791682720184
0.23376625776290894
0.2196943610906601
0.12654510140419006
0.3660581111907959
0.1614816039800644
0.16770972311496735
0.10620991140604019
0.1150921955704689
0.20051896572113037
0.1815473884344101
0.3119053840637207
0.20382872223854065
0.1649176925420761
0.06317804008722305
0.1933426707983017
0.28204673528671265
0.1252761334180832
0.14919880032539368
0.23063518106937408
0.2727019786834717
0.21346157789230347
0.3582657277584076
0.18899808824062347
0.10021623224020004
0.18907596170902252
0.19981560111045837
0.12211401015520096
0.16580185294151306
0.12851208448410034
0.1919233798980713
0.1259382665157318
0.17015428841114044
0.19121922552585602
0.14283700287342072
0.09363293647766113
0.0619681142270565
0.2385963797569275
0.06313833594322205
0.1129622757434845
0.0881732702255249
0.1242089793086052
0.09119608998298645
0.1667485535144806
0.054179321974515915
0.16888336837291718
0.012666522525250912
0.13447383046150208
0.17160068452358246
0.10573844611644745
0.3912504017353058
0.1909700483083725
0.14094986021518707
0.2400963008403778
0.146449476480484
0.2363070398569107
0.024325836449861526
0.13559076189994812
0.20135362446308136
0.24816296994686127
0.16882885992527008
0.2704608142375946
0.22033503651618958
0.11008862406015396
0.23065319657325745
0.1849699169397354
0.08597718924283981
0.19842147827148438
0.10624555498361588
0.25985974073410034
0.10982833802700043
0.24617168307304382
0.1659010797739029
0.13652175664901733
0.1558813899755478
0.12568967044353485
0.23652222752571106
0.2681906819343567
0.12451667338609695
0.16725902259349823
0.24431058764457703
0.16932016611099243
0.1480710208415985
0.15541452169418335
0.21489979326725006
0.31113696098327637
0.215706929564476
0.08419594913721085
0.0954497829079628
0.14731717109680176
0.23745930194854736
0.24179278314113617
0.09295834600925446
0.14637407660484314
0.25005272030830383
0.14957769215106964
0.16430862247943878
0.09088769555091858
0.07203225046396255
0.22039365768432617
0.1691521853208542
0.28210189938545227
0.1284032166004181
0.21660542488098145
0.12966452538967133
0.13685515522956848
0.1433141529560089
0.19832317531108856
0.2151496708393097
0.2473636120557785
0.2570507824420929
0.2265755832195282
0.16393572092056274
0.08179306238889694
0.3519493043422699
0.08955370634794235
0.17376072704792023
0.24819521605968475
0.1803579032421112
0.21532152593135834
0.24037997424602509
0.19285935163497925
0.22662483155727386
0.1826261729001999
0.09034096449613571
0.1299295574426651
0.21043311059474945
0.0714491456747055
0.13163316249847412
0.08777172863483429
0.1247750073671341
0.19262561202049255
0.1539742648601532
0.2002893090248108
0.2930939197540283
0.14277702569961548
0.18265478312969208
0.21124711632728577
0.10053765028715134
0.25701284408569336
0.16788053512573242
0.25742200016975403
0.26380378007888794
0.21973903477191925
0.17952370643615723
0.1802637279033661
0.1610593944787979
0.018140308558940887
0.17128726840019226
0.1265203356742859
0.19560711085796356
0.0807247906923294
0.2345070242881775
0.2900110185146332
0.09808686375617981
0.17552226781845093
0.21941517293453217
0.09457892924547195
0.08993406593799591
0.14821778237819672
0.13538172841072083
0.3488163948059082
0.1273636817932129
0.08693693578243256
0.1683720350265503
0.17305682599544525
0.3215395212173462
0.18394148349761963
0.14578504860401154
0.18007592856884003
0.17355462908744812
0.13302484154701233
0.09882158041000366
0.17808803915977478
0.11803246289491653
0.22832638025283813
0.28714823722839355
0.17813904583454132
0.2215520590543747
0.21659566462039948
0.11453655362129211
0.14672815799713135
0.1455579698085785
0.21956881880760193
0.19497807323932648
0.01653757132589817
0.18181368708610535
0.11015060544013977
0.20945289731025696
0.0938834547996521
0.16058304905891418
0.13056643307209015
0.17296075820922852
0.24055881798267365
0.1621164232492447
0.1855853796005249
0.08825310319662094
0.11027348041534424
0.18673400580883026
0.2756216526031494
0.1326974630355835
0.24694238603115082
0.1596321165561676
0.024052392691373825
0.18042927980422974
0.022501930594444275
0.19308823347091675
0.11665552854537964
0.1973901391029358
0.2483033835887909
0.14394497871398926
0.12507668137550354
0.19579565525054932
0.11932144314050674
0.1794656366109848
0.1594240814447403
0.18060174584388733
0.08575576543807983
0.16164903342723846
0.15096302330493927
0.08959829062223434
0.16510874032974243
0.17337070405483246
0.17995159327983856
0.16328305006027222
0.1613563597202301
0.06524337828159332
0.1583060920238495
0.22060197591781616
0.18078924715518951
0.1642773598432541
0.22916796803474426
0.21819931268692017
0.1956089287996292
0.07733258605003357
0.20850029587745667
0.07744304090738297
0.22439832985401154
0.08855163305997849
0.12657049298286438
0.0551576130092144
0.3372645378112793
0.08873150497674942
0.10638921707868576
0.11045794188976288
0.06158393248915672
0.05636997148394585
0.17796413600444794
0.06628521531820297
0.20453692972660065
0.17400701344013214
0.06916968524456024
0.1480226069688797
0.1484598070383072
0.037028051912784576
0.06393395364284515
0.18006183207035065
0.04090525954961777
0.22802607715129852
0.06196655333042145
0.09096711874008179
0.19008532166481018
0.18745490908622742
0.09729383885860443
0.1518685221672058
0.17138081789016724
0.13250550627708435
0.1481551080942154
0.14100053906440735
0.062413424253463745
0.23502784967422485
0.24050885438919067
0.16157975792884827
0.1900961846113205
0.1465531885623932
0.09621015191078186
0.1586085557937622
0.25227850675582886
0.18825215101242065
0.2618483304977417
0.13225029408931732
0.10209019482135773
0.21323230862617493
0.20855093002319336
0.27311140298843384
0.055590737611055374
0.2821672856807709
0.17435184121131897
0.07805578410625458
0.06681963801383972
0.07669130712747574
0.18289689719676971
0.2042534351348877
0.20433840155601501
0.2597944140434265
0.09193939715623856
0.20037057995796204
0.19546319544315338
0.2109275758266449
0.15216197073459625
0.09194058179855347
0.1862850934267044
0.12342925369739532
0.17816559970378876
0.388403981924057
0.07119592279195786
0.07474596798419952
0.1223684772849083
0.12051298469305038
0.3495047390460968
0.25291207432746887
0.2529173791408539
0.21525578200817108
0.22908642888069153
0.16572585701942444
0.13333499431610107
0.07087145745754242
0.16704340279102325
0.1832316517829895
0.08444852381944656
0.14027906954288483
0.16751016676425934
0.1584244966506958
0.10391076654195786
0.13098198175430298
0.030516043305397034
0.29724401235580444
0.23729027807712555
0.25874996185302734
0.15505345165729523
0.21128541231155396
0.18991315364837646
0.18862342834472656
0.1788560003042221
0.20886602997779846
0.09882921725511551
0.08385782688856125
0.20584416389465332
0.11826083809137344
0.107323057949543
0.05694169923663139
0.057372815907001495
0.2514319121837616
0.26223230361938477
0.1486492156982422
0.16383585333824158
0.20843353867530823
0.22915643453598022
0.2007124274969101
0.2045561969280243
0.3053569495677948
0.1487520933151245
0.15285536646842957
0.09211473166942596
0.271030068397522
0.4861966073513031
0.12532567977905273
0.09218889474868774
0.06211140379309654
0.1479702591896057
0.11569193005561829
0.21272462606430054
0.04456240311264992
0.09574045240879059
0.2114805430173874
0.2843283712863922
0.12243669480085373
0.2502681314945221
0.1613992303609848
0.13892176747322083
0.13753092288970947
0.22538116574287415
0.11768747121095657
0.27725276350975037
0.2125157117843628
0.15336470305919647
0.14487899839878082
0.16151106357574463
0.24163977801799774
0.18690349161624908
0.19431139528751373
0.3053050637245178
0.15436631441116333
0.12336432933807373
0.016935626044869423
0.15417756140232086
0.22372318804264069
0.26508453488349915
0.005074935965240002
0.09365460276603699
0.09610788524150848
0.11383017152547836
0.18752318620681763
0.18329286575317383
0.23881685733795166
0.15320739150047302
0.2192085236310959
0.2807435989379883
0.25811871886253357
0.1321987360715866
0.11711043119430542
0.143411785364151
0.1898731291294098
0.22732746601104736
0.0770510584115982
0.2756599187850952
0.20900650322437286
0.18175527453422546
0.09465278685092926
0.12517771124839783
0.17185309529304504
0.11354310065507889
0.14155521988868713
0.01951180212199688
0.14833080768585205
0.2571891248226166
0.03361206129193306
0.11625425517559052
0.17976032197475433
0.18259087204933167
0.09059236943721771
0.18995803594589233
0.21256862580776215
0.1876625269651413
0.12297140061855316
0.09083008766174316
0.12439250200986862
0.16342316567897797
0.1019839495420456
0.06977630406618118
0.24444718658924103
0.10797100514173508
0.09840605407953262
0.1549433469772339
0.08480910956859589
0.12770961225032806
0.08445852994918823
0.2809767723083496
0.15131491422653198
0.20891711115837097
0.1554771512746811
0.23090609908103943
0.19969363510608673
0.32477763295173645
0.11296297609806061
0.20011822879314423
0.16051611304283142
0.11890964955091476
0.08372242003679276
0.22940051555633545
0.25960153341293335
0.1843011975288391
0.1601797342300415
0.1895166039466858
0.12446951866149902
0.01634826324880123
0.24255797266960144
0.1995801478624344
0.2580026090145111
0.2816235423088074
0.2036547213792801
0.18732643127441406
0.11481864005327225
0.11465755105018616
0.19579611718654633
0.1516469120979309
0.12825903296470642
0.13027963042259216
0.11358962208032608
0.24730941653251648
0.0872969776391983
0.008517216891050339
0.19621291756629944
0.2335800975561142
0.18470962345600128
0.22678665816783905
0.2722025513648987
0.2077544778585434
0.14762891829013824
0.3104565739631653
0.17668570578098297
0.12060903012752533
0.17057256400585175
0.1630474179983139
0.40458497405052185
0.11721926182508469
0.27056482434272766
0.305397093296051
0.13816721737384796
0.3362852931022644
0.20584113895893097
0.18120646476745605
0.22901605069637299
0.15415893495082855
0.19254998862743378
0.24944251775741577
0.242695152759552
0.09640029072761536
0.14943517744541168
0.0136717539280653
0.3076261878013611
0.5491105318069458
0.20275986194610596
0.20713330805301666
0.09293695539236069
0.12053361535072327
0.254810094833374
0.27957451343536377
0.10760936886072159
0.21183894574642181
0.21998538076877594
0.1726962774991989
0.10097905248403549
0.16167564690113068
0.14512541890144348
0.20047496259212494
0.12886978685855865
0.18325968086719513
0.1787523478269577
0.1290966123342514
0.244232639670372
0.11081404983997345
0.11091631650924683
0.14279352128505707
0.05923542007803917
0.1683899611234665
0.20786769688129425
0.10589953511953354
0.11700987815856934
0.1760580688714981
0.17700444161891937
0.1777547150850296
0.2198466658592224
0.3266649544239044
0.12730541825294495
0.16893845796585083
0.2341178059577942
0.1431548297405243
0.23010553419589996
0.10885615646839142
0.14452055096626282
0.14518201351165771
0.2582498788833618
0.18605388700962067
0.14620830118656158
0.09826222062110901
0.20478186011314392
0.27708175778388977
0.21312113106250763
0.23744988441467285
0.17253276705741882
0.19080574810504913
0.14831987023353577
0.18351490795612335
0.17305302619934082
0.1214253231883049
0.11074454337358475
0.15154120326042175
0.13969527184963226
0.12231510132551193
0.18854717910289764
0.07761259377002716
0.1300937831401825
0.23284626007080078
0.03026297688484192
0.11108234524726868
0.16993401944637299
0.20370717346668243
0.22817054390907288
0.19592443108558655
0.18368259072303772
0.1742883324623108
0.20842617750167847
0.20925472676753998
0.0702490508556366
0.2532442808151245
0.09255547821521759
0.17186813056468964
0.14941918849945068
0.21454814076423645
0.07487564533948898
0.16413606703281403
0.213841512799263
0.2062617987394333
0.1745365411043167
0.13242384791374207
0.08080422878265381
0.23373465240001678
0.14044898748397827
0.17818772792816162
0.14447426795959473
0.11618278175592422
0.11703556030988693
0.1905214637517929
0.16986894607543945
0.3085264563560486
0.08039826899766922
0.20341742038726807
0.13714101910591125
0.23763103783130646
0.24195393919944763
0.15244160592556
0.16022628545761108
0.09077566117048264
0.25057291984558105
0.12184033542871475
0.21251963078975677
0.11965986341238022
0.13381776213645935
0.16181300580501556
0.18841902911663055
0.1563234180212021
0.20768168568611145
0.19966912269592285
0.13725821673870087
0.25249534845352173
0.2669258415699005
0.21067960560321808
0.18532608449459076
0.16310307383537292
0.019120531156659126
0.16142752766609192
0.2507515251636505
0.1044262945652008
0.08917518705129623
0.14029903709888458
0.2689458131790161
0.2635660767555237
0.22010871767997742
0.11647681146860123
0.15885823965072632
0.20308680832386017
0.1933681219816208
0.06555210053920746
0.19620025157928467
0.07361403852701187
0.29745692014694214
0.2879140079021454
0.29025325179100037
0.17084352672100067
0.07854798436164856
0.17221860587596893
0.12936021387577057
0.1478324979543686
0.10965230315923691
0.29232239723205566
0.18599706888198853
0.21739408373832703
0.14175951480865479
0.09977979212999344
0.06718973070383072
0.13728198409080505
0.15801680088043213
0.24578775465488434
0.13497479259967804
0.22725307941436768
0.09285885095596313
0.26871567964553833
0.03365835174918175
0.2178536355495453
0.16503506898880005
0.20813681185245514
0.16670511662960052
0.15478456020355225
0.2281969040632248
0.10092641413211823
0.08058785647153854
0.3098140358924866
0.1821085661649704
0.14326387643814087
0.05595976859331131
0.17555490136146545
0.16280128061771393
0.42836111783981323
0.08032733201980591
0.22895459830760956
0.19606931507587433
0.12144113332033157
0.19244873523712158
0.00851644016802311
0.18901538848876953
0.05629780516028404
0.08013806492090225
0.1533157378435135
0.12899959087371826
0.1333824247121811
0.2291637659072876
0.1371212601661682
0.30140119791030884
0.15302886068820953
0.16559343039989471
0.18525290489196777
0.20652975142002106
0.20653174817562103
0.20052912831306458
0.15107449889183044
0.17990191280841827
0.13143804669380188
0.09139209985733032
0.12649895250797272
0.29268261790275574
0.13120396435260773
0.19033001363277435
0.17926371097564697
0.14838407933712006
0.05103379115462303
0.1958562284708023
0.10893111675977707
0.12834398448467255
0.19868767261505127
0.319792777299881
0.47828513383865356
0.23034554719924927
0.17580148577690125
0.13997866213321686
0.17314189672470093
0.25320136547088623
0.1799660325050354
0.21409450471401215
0.18910592794418335
0.23547299206256866
0.27637237310409546
0.0844903513789177
0.09223958104848862
0.20643481612205505
0.1809994876384735
0.12898126244544983
0.14721229672431946
0.1274319887161255
0.23555494844913483
0.11556369811296463
0.18027788400650024
0.33493760228157043
0.2332044094800949
0.10283874720335007
0.2215176671743393
0.22391973435878754
0.17799577116966248
0.1393515169620514
0.02434263750910759
0.10384702682495117
0.14518913626670837
0.24268734455108643
0.0030780346132814884
0.1780450940132141
0.20894663035869598
0.1234651505947113
0.28671354055404663
0.09103858470916748
0.18724538385868073
0.09719887375831604
0.164188414812088
0.16389940679073334
0.19765843451023102
0.1904667615890503
0.09857306629419327
0.19381293654441833
0.3804601728916168
0.31206023693084717
0.16836370527744293
0.053579915314912796
0.17810304462909698
0.23238593339920044
0.17655602097511292
0.20288269221782684
0.1826896369457245
0.12921200692653656
0.018330570310354233
0.20301654934883118
0.13206051290035248
0.17489281296730042
0.13658399879932404
0.3037376403808594
0.1798137128353119
0.15716834366321564
0.14095674455165863
0.22937774658203125
0.2334778755903244
0.20039592683315277
0.1408366858959198
0.07069659233093262
0.1319737583398819
0.12163228541612625
0.3129591643810272
0.14813029766082764
0.17540529370307922
0.21155981719493866
0.38770386576652527
0.19059166312217712
0.4577934741973877
0.132512629032135
0.25712504982948303
0.2661723792552948
0.10706061869859695
0.2253940999507904
0.050168223679065704
0.011230528354644775
0.11976542323827744
0.1509280949831009
0.18411898612976074
0.3429044783115387
0.14085036516189575
0.13070937991142273
0.1747741401195526
0.19772499799728394
0.26843881607055664
0.08454374223947525
0.1624048501253128
0.08874569833278656
0.3172420859336853
0.08780620247125626
0.10781078785657883
0.16827231645584106
0.11198780685663223
0.1447727233171463
0.2327636480331421
0.3552502393722534
0.19906288385391235
0.11637085676193237
0.15662594139575958
0.12742602825164795
0.27197009325027466
0.061554890125989914
0.16615962982177734
0.1270419806241989
0.35455331206321716
0.2666335701942444
0.2418268620967865
0.021801181137561798
0.17176637053489685
0.09359073638916016
0.16409727931022644
0.0777752622961998
0.21630297601222992
0.24330636858940125
0.22574006021022797
0.29874056577682495
0.1077532097697258
0.22656717896461487
0.04133053123950958
0.12616412341594696
0.09669870138168335
0.12210164964199066
0.2485644519329071
0.22409112751483917
0.2229250967502594
0.17447975277900696
0.20502382516860962
0.20319226384162903
0.09280630201101303
0.28816336393356323
0.1153501644730568
0.23565515875816345
0.15996012091636658
0.18469485640525818
0.18720050156116486
0.09259933978319168
0.09248042106628418
0.04374498501420021
0.139102041721344
0.08363379538059235
0.15069271624088287
0.13376158475875854
0.2882370054721832
0.1378447711467743
0.11740770190954208
0.24425725638866425
0.19019804894924164
0.1358332335948944
0.061105553060770035
0.26873651146888733
0.16634227335453033
0.1262248307466507
0.07386776804924011
0.06980380415916443
0.2186177670955658
0.07359190285205841
0.06730282306671143
0.11154122650623322
0.2242012321949005
0.21126863360404968
0.25952041149139404
0.17369040846824646
0.1438286155462265
0.23551668226718903
0.13204821944236755
0.3475536108016968
0.11678289622068405
0.1838674396276474
0.17637652158737183
0.1623297780752182
0.09199054539203644
0.19329975545406342
0.24810093641281128
0.21313320100307465
0.18858245015144348
0.263222873210907
0.22121024131774902
0.23374220728874207
0.18638813495635986
0.23200847208499908
0.08773008733987808
0.22151900827884674
0.014084400609135628
0.17492695152759552
0.21452882885932922
0.2476506233215332
0.18696333467960358
0.09935912489891052
0.1315142959356308
0.25098273158073425
0.16562816500663757
0.06614769250154495
0.13398109376430511
0.18041034042835236
0.21881510317325592
0.308342844247818
0.09026432037353516
0.22717416286468506
0.18908452987670898
0.22060294449329376
0.13858120143413544
0.2671810984611511
0.2453540563583374
0.2343970537185669
0.1889551877975464
0.1841578483581543
0.3312602937221527
0.011382721364498138
0.2024659663438797
0.16240765154361725
0.08148182928562164
0.10201175510883331
0.21354784071445465
0.009172664023935795
0.07816144824028015
0.20184244215488434
0.07879231870174408
0.15955296158790588
0.2702348530292511
0.2582757771015167
0.10247603058815002
0.2530524432659149
0.10673774033784866
0.29502782225608826
0.06560448557138443
0.1079489067196846
0.08052094280719757
0.15367743372917175
0.1360078603029251
0.25383642315864563
0.09385594725608826
0.1600898653268814
0.1678663045167923
0.027436500415205956
0.23580409586429596
0.07330583035945892
0.18449999392032623
0.1462542712688446
0.23424510657787323
0.19862079620361328
0.21764300763607025
0.14814695715904236
0.07522957026958466
0.306645929813385
0.12967169284820557
0.01656743697822094
0.25774142146110535
0.21506592631340027
0.18692851066589355
0.19543150067329407
0.16131380200386047
0.2122085988521576
0.16303493082523346
0.06649511307477951
0.2767391502857208
0.07848808914422989
0.12556813657283783
0.13588491082191467
0.13984939455986023
0.11331256479024887
0.18912522494792938
0.069306381046772
0.22596558928489685
0.06670910120010376
0.23823831975460052
0.45680147409439087
0.13598006963729858
0.15823769569396973
0.2235647439956665
0.20227694511413574
0.155315101146698
0.1339333951473236
0.12931348383426666
0.22713778913021088
0.15305757522583008
0.07118339091539383
0.11605926603078842
0.18757858872413635
0.22669413685798645
0.23665186762809753
0.1690135896205902
0.17688557505607605
0.2082671970129013
0.20435123145580292
0.20777387917041779
0.14169038832187653
0.21948771178722382
0.21274152398109436
0.2117113471031189
0.2114831507205963
0.23007537424564362
0.09298092871904373
0.0963992327451706
0.014781670644879341
0.14662052690982819
0.013152309693396091
0.12434684485197067
0.2329220324754715
0.2572226822376251
0.04572930186986923
0.2092864215373993
0.18838649988174438
0.14160150289535522
0.1786176860332489
0.2122977375984192
0.11914552748203278
0.11337242275476456
0.1662949174642563
0.19840025901794434
0.24458058178424835
0.21617327630519867
0.2853943109512329
0.20481732487678528
0.16900669038295746
0.15790154039859772
0.2321719229221344
0.23952263593673706
0.09506545960903168
0.09547886252403259
0.04910626634955406
0.25771668553352356
0.17911991477012634
0.029825974255800247
0.15588204562664032
0.1379837989807129
0.2858307361602783
0.07286965101957321
0.22314827144145966
0.03187685087323189
0.1739410012960434
0.13184283673763275
0.2716721296310425
0.133345365524292
0.2700805068016052
0.16420480608940125
0.13439184427261353
0.2796822786331177
0.10193885117769241
0.13011837005615234
0.18912813067436218
0.2221488505601883
0.12764599919319153
0.13946294784545898
0.289086252450943
0.06491909921169281
0.11481727659702301
0.18778757750988007
0.12360932677984238
0.18633133172988892
0.16654038429260254
0.18527275323867798
0.1728619933128357
0.08876486122608185
0.15975765883922577
0.2270612269639969
0.1342945098876953
0.1734575480222702
0.13333864510059357
0.12512461841106415
0.2707470655441284
0.26781952381134033
0.09703777730464935
0.197524756193161
0.31358808279037476
0.07110216468572617
0.2014392763376236
0.13574306666851044
0.08389990031719208
0.4104991853237152
0.23139819502830505
0.19054922461509705
0.17864292860031128
0.09817352145910263
0.17206725478172302
0.2555011212825775
0.1731773018836975
0.1668684482574463
0.12121858447790146
0.36202892661094666
0.14567627012729645
0.09812206774950027
0.2949017882347107
0.11309872567653656
0.23438593745231628
0.0763973668217659
0.2801070213317871
0.23660248517990112
0.47179993987083435
0.21013373136520386
0.29828333854675293
0.14684650301933289
0.17756077647209167
0.22054271399974823
0.14267531037330627
0.03452102467417717
0.1565188467502594
0.0449809804558754
0.4225282073020935
0.17313477396965027
0.3989280164241791
0.15640975534915924
0.3224300444126129
0.1992354542016983
0.15378247201442719
0.1653015911579132
0.06998028606176376
0.23470433056354523
0.22472424805164337
0.20513930916786194
0.1320486217737198
0.18113163113594055
0.12766803801059723
0.14992113411426544
0.16990843415260315
0.2328895479440689
0.21312451362609863
0.1225832849740982
0.22470548748970032
0.1586862951517105
0.2249966561794281
0.22895754873752594
0.024230660870671272
0.0360589362680912
0.06304403394460678
0.12414823472499847
0.13887366652488708
0.20195135474205017
0.08029873669147491
0.2388271987438202
0.060434017330408096
0.1530836522579193
0.19560597836971283
0.14243385195732117
0.0990048199892044
0.09597467631101608
0.18163131177425385
0.17928563058376312
0.14256776869297028
0.16855445504188538
0.029688924551010132
0.242301344871521
0.30498719215393066
0.04275203123688698
0.3680989742279053
0.027795927599072456
0.25104883313179016
0.11512383818626404
0.030328096821904182
0.09013089537620544
0.2018350511789322
0.13471761345863342
0.09213487803936005
0.22709186375141144
0.005090228281915188
0.31103944778442383
0.1352238804101944
0.18118655681610107
0.23821058869361877
0.09340380877256393
0.24017950892448425
0.282926470041275
0.16747477650642395
0.15442180633544922
0.15505559742450714
0.13417302072048187
0.24086810648441315
0.18920953571796417
0.15758056938648224
0.17853043973445892
0.053162455558776855
0.15154768526554108
0.08137497305870056
0.2100410908460617
0.09295570850372314
0.12689171731472015
0.277493417263031
0.16128499805927277
0.18200556933879852
0.17794552445411682
0.2695636451244354
0.019472336396574974
0.05333225429058075
0.2597341239452362
0.14647804200649261
0.22782312333583832
0.17883558571338654
0.09792240709066391
0.18541403114795685
0.099454864859581
0.12004368752241135
0.09591791778802872
0.021334055811166763
0.16194942593574524
0.07759004831314087
0.11045101284980774
0.3154893219470978
0.32578712701797485
0.1946096569299698
0.2793551981449127
0.15148988366127014
0.1231774166226387
0.1734405905008316
0.11859986931085587
0.0890047699213028
0.2162909060716629
0.07756838947534561
0.05736337602138519
0.25084197521209717
0.11802712827920914
0.12796524167060852
0.11449750512838364
0.25602540373802185
0.10653845220804214
0.06501530855894089
0.12951548397541046
0.2457810342311859
0.18334421515464783
0.2711651921272278
0.1518273651599884
0.19962061941623688
0.09945428371429443
0.20722255110740662
0.24382349848747253
0.3122922480106354
0.2723201513290405
0.048126909881830215
0.17279280722141266
0.2148878425359726
0.15943726897239685
0.22444191575050354
0.23954041302204132
0.011902925558388233
0.19250506162643433
0.1593659669160843
0.2507721781730652
0.09013193100690842
0.21732090413570404
0.2105368673801422
0.18723726272583008
0.2963915765285492
0.15018300712108612
0.09913167357444763
0.21277733147144318
0.21168754994869232
0.2606586515903473
0.22542159259319305
0.17575320601463318
0.065932996571064
0.12192109227180481
0.19387400150299072
0.13331949710845947
0.28010645508766174
0.05711714178323746
0.10992719233036041
0.17784160375595093
0.14652293920516968
0.2690907120704651
0.1763136088848114
0.16102910041809082
0.1954885572195053
0.16122926771640778
0.19197571277618408
0.19409024715423584
0.24161265790462494
0.21658077836036682
0.13871756196022034
0.12447922676801682
0.12541057169437408
0.1811029016971588
0.05353129655122757
0.11502785980701447
0.3147093653678894
0.12744280695915222
0.19341617822647095
0.24532200396060944
0.1634594053030014
0.2157992273569107
0.10354039818048477
0.25578629970550537
0.06339222192764282
0.2061891108751297
0.17900629341602325
0.1499273031949997
0.17262722551822662
0.2939310371875763
0.12332597374916077
0.32934534549713135
0.3407957851886749
0.17433658242225647
0.12549549341201782
0.05671081691980362
0.11415257304906845
0.2811354696750641
0.17939525842666626
0.050228752195835114
0.21319368481636047
0.11431483924388885
0.09716671705245972
0.11152501404285431
0.1963941901922226
0.05910127982497215
0.11067263036966324
0.1975967288017273
0.16688139736652374
0.053748928010463715
0.11857825517654419
0.024121742695569992
0.20197339355945587
0.21952109038829803
0.1613936722278595
0.1508771777153015
0.051343344151973724
0.17042867839336395
0.025631528347730637
0.14759741723537445
0.26067429780960083
0.127004474401474
0.15847064554691315
0.07880149781703949
0.2783254384994507
0.1438901424407959
0.16869448125362396
0.15325644612312317
0.11518267542123795
0.08948086947202682
0.3295084238052368
0.006193972192704678
0.12419717758893967
0.18896588683128357
0.276589035987854
0.051273517310619354
0.22494710981845856
0.17230279743671417
0.1741100549697876
0.1225307360291481
0.20767183601856232
0.16955147683620453
0.07614980638027191
0.2073630392551422
0.14515283703804016
0.10674503445625305
0.09236516803503036
0.20310483872890472
0.09358736872673035
0.23307453095912933
0.14989136159420013
0.15879958868026733
0.10582724213600159
0.2533055543899536
0.27878326177597046
0.2906365990638733
0.34766483306884766
0.18446587026119232
0.2565006911754608
0.0810474306344986
0.05547895282506943
0.13848257064819336
0.17999526858329773
0.19825109839439392
0.07038862258195877
0.10527996718883514
0.2630542516708374
0.1712954342365265
0.18665270507335663
0.2951858639717102
0.16815607249736786
0.18549829721450806
0.11340667307376862
0.12609906494617462
0.1709417849779129
0.13393659889698029
0.1324472278356552
0.007834184914827347
0.2335001826286316
0.27528151869773865
0.10951236635446548
0.11716959625482559
0.05009642243385315
0.17286695539951324
0.08939782530069351
0.11345373839139938
0.1623121052980423
0.06532929092645645
0.21377642452716827
0.38529863953590393
0.26464858651161194
0.10746989399194717
0.21995747089385986
0.12692102789878845
0.05499907210469246
0.28684717416763306
0.09355773031711578
0.12349209189414978
0.17692682147026062
0.15871074795722961
0.10168087482452393
0.13713906705379486
0.15509097278118134
0.17404037714004517
0.036530058830976486
0.25116679072380066
0.11756835877895355
0.3082778751850128
0.15917284786701202
0.08685948699712753
0.21013812720775604
0.22548416256904602
0.08903605490922928
0.14681147038936615
0.20542536675930023
0.12427658587694168
0.28325316309928894
0.28066468238830566
0.06987418234348297
0.34028661251068115
0.10242997854948044
0.26535332202911377
0.18752747774124146
0.1855899691581726
0.01948400028049946
0.2267836332321167
0.15647368133068085
0.026531271636486053
0.16377009451389313
0.20849095284938812
0.027445770800113678
0.11999465525150299
0.2910163700580597
0.06040900945663452
0.1773919016122818
0.06243603676557541
0.012588581070303917
0.1334623098373413
0.21544498205184937
0.19935613870620728
0.14581790566444397
0.053737133741378784
0.19206656515598297
0.19583390653133392
0.1707085520029068
0.23843176662921906
0.005940618924796581
0.2489548623561859
0.09017753601074219
0.244572713971138
0.1386570781469345
0.24583914875984192
0.17383265495300293
0.021556543186306953
0.16354897618293762
0.2262790948152542
0.07816952466964722
0.22908703982830048
0.25239571928977966
0.22054484486579895
0.24292044341564178
0.06226300820708275
0.019039485603570938
0.26791805028915405
0.18564341962337494
0.10577622801065445
0.12754373252391815
0.21701015532016754
0.1371290236711502
0.1021258682012558
0.0877978503704071
0.22958460450172424
0.27677351236343384
0.07240163534879684
0.13053354620933533
0.24951477348804474
0.2519890367984772
0.1638329029083252
0.0750572457909584
0.028072094544768333
0.1881912797689438
0.36484476923942566
0.09179049730300903
0.16696259379386902
0.24406620860099792
0.17114730179309845
0.1757952868938446
0.2508816719055176
0.21065787971019745
0.18157462775707245
0.244994655251503
0.33678102493286133
0.12632638216018677
0.13328148424625397
0.17059394717216492
0.11899058520793915
0.0828331783413887
0.22141487896442413
0.24813678860664368
0.22372421622276306
0.15031974017620087
0.06538015604019165
0.19468733668327332
0.06739868968725204
0.20434853434562683
0.12404561787843704
0.2878994345664978
0.18573637306690216
0.1136152446269989
0.12052585184574127
0.15302042663097382
0.1283293217420578
0.0986420139670372
0.023752570152282715
0.10604212433099747
0.15380346775054932
0.15751785039901733
0.1506313979625702
0.12312626093626022
0.08480861783027649
0.23751424252986908
0.31560856103897095
0.12366770207881927
0.22604764997959137
0.15920884907245636
0.0949346199631691
0.07966544479131699
0.31599530577659607
0.18545259535312653
0.15506772696971893
0.13784076273441315
0.2765195965766907
0.21751663088798523
0.16961030662059784
0.23048052191734314
0.1736433058977127
0.20148734748363495
0.28925639390945435
0.08279739320278168
0.22104094922542572
0.0856250524520874
0.2191350758075714
0.24709108471870422
0.18474680185317993
0.1825692504644394
0.11468100547790527
0.17893286049365997
0.19697622954845428
0.37069961428642273
0.15357378125190735
0.24768538773059845
0.22521784901618958
0.14982950687408447
0.09443867206573486
0.11565281450748444
0.1939903050661087
0.2043728232383728
0.03600163012742996
0.1171884834766388
0.15470781922340393
0.23125731945037842
0.17692232131958008
0.2560616433620453
0.19053475558757782
0.12985219061374664
0.16836665570735931
0.17952708899974823
0.2783252000808716
0.12914374470710754
0.18929018080234528
0.01605205610394478
0.05115861818194389
0.27672895789146423
0.19643956422805786
0.31686076521873474
0.1499200016260147
0.17268605530261993
0.13527292013168335
0.2673184871673584
0.2264256477355957
0.20030084252357483
0.32424044609069824
0.10610246658325195
0.09754464030265808
0.16574659943580627
0.13401897251605988
0.2205561101436615
0.2064705193042755
0.1871930956840515
0.0604962557554245
0.14622320234775543
0.0426185205578804
0.17721031606197357
0.17019763588905334
0.14414146542549133
0.08055777102708817
0.09660100191831589
0.15979066491127014
0.14228153228759766
0.16803321242332458
0.08109591156244278
0.05475832521915436
0.12066058814525604
0.24498717486858368
0.24755527079105377
0.20065809786319733
0.18669888377189636
0.17082281410694122
0.18854640424251556
0.04197801277041435
0.08530940115451813
0.13350549340248108
0.12895455956459045
0.12289346754550934
0.16496805846691132
0.2863377034664154
0.17037275433540344
0.2079995721578598
0.16085001826286316
0.09619643539190292
0.1711689680814743
0.030749486759305
0.20634999871253967
0.3393941819667816
0.21054783463478088
0.1303747296333313
0.3024810254573822
0.05351035296916962
0.12490199506282806
0.10486091673374176
0.24098265171051025
0.18933922052383423
0.2381919026374817
0.13680227100849152
0.21809247136116028
0.19784551858901978
0.18497197329998016
0.15597055852413177
0.10033141821622849
0.31943145394325256
0.13916854560375214
0.06527271866798401
0.1200183779001236
0.253163605928421
0.0666201040148735
0.06158372759819031
0.2042403668165207
0.1167982965707779
0.15866714715957642
0.1335965096950531
0.11388706415891647
0.271830677986145
0.2119879573583603
0.23431788384914398
0.06612692773342133
0.24932119250297546
0.2079223245382309
0.14176684617996216
0.23139183223247528
0.1981278359889984
0.0583268478512764
0.13697414100170135
0.14767485857009888
0.311817467212677
0.2242242842912674
0.11470865458250046
0.16024509072303772
0.21257531642913818
0.22418102622032166
0.20624913275241852
0.21916621923446655
0.036620136350393295
0.11740142852067947
0.24839621782302856
0.22670817375183105
0.1008099839091301
0.07680235803127289
0.07360158115625381
0.04646768793463707
0.09843547642230988
0.15921182930469513
0.11417848616838455
0.008884241804480553
0.1172155886888504
0.08265834301710129
0.24422356486320496
0.2125217616558075
0.0839625746011734
0.09660610556602478
0.11839662492275238
0.13534586131572723
0.07586007565259933
0.07640313357114792
0.16157886385917664
0.06893478333950043
0.15412767231464386
0.08879595249891281
0.13075873255729675
0.336813360452652
0.20142680406570435
0.09518536925315857
0.10778652876615524
0.17553788423538208
0.17726224660873413
0.1763821691274643
0.24956829845905304
0.06091658025979996
0.13908739387989044
0.22310830652713776
0.1537889689207077
0.19327019155025482
0.12065152078866959
0.18483661115169525
0.012269705533981323
0.17685706913471222
0.0995507538318634
0.20575504004955292
0.24469412863254547
0.12184834480285645
0.24513226747512817
0.0583120658993721
0.02764960378408432
0.2074507623910904
0.194457545876503
0.2020484060049057
0.46906277537345886
0.09651057422161102
0.1467994600534439
0.32340720295906067
0.2245265692472458
0.1034979596734047
0.04497826471924782
0.21369628608226776
0.09125427156686783
0.1092311292886734
0.07691870629787445
0.1487777680158615
0.1191025823354721
0.2313949167728424
0.21941255033016205
0.10507440567016602
0.1634431928396225
0.15105338394641876
0.07198002934455872
0.09783885627985
0.15653444826602936
0.15478315949440002
0.18479008972644806
0.09533296525478363
0.20624275505542755
0.23462918400764465
0.2506488561630249
0.13586121797561646
0.13938161730766296
0.16316869854927063
0.2945656478404999
0.14040541648864746
0.295169472694397
0.23402820527553558
0.08442287892103195
0.011002535000443459
0.17208896577358246
0.13335826992988586
0.214759960770607
0.10649856925010681
0.23041202127933502
0.1768294721841812
0.10751339793205261
0.0898614376783371
0.05546750873327255
0.12803272902965546
0.160211980342865
0.17233778536319733
0.26727595925331116
0.1936720907688141
0.28573286533355713
0.20837457478046417
0.20213420689105988
0.19706448912620544
0.23732982575893402
0.29919636249542236
0.23452824354171753
0.1943129599094391
0.09346798062324524
0.01831023395061493
0.08574763685464859
0.34588494896888733
0.27067819237709045
0.19076362252235413
0.1226106733083725
0.3392917811870575
0.15607179701328278
0.19460542500019073
0.07970426231622696
0.1858295500278473
0.19783461093902588
0.2720458507537842
0.20519526302814484
0.19533108174800873
0.11638947576284409
0.10026582330465317
0.170437291264534
0.18472424149513245
0.11912940442562103
0.018608635291457176
0.23038074374198914
0.2697049677371979
0.16712217032909393
0.22156807780265808
0.08388657867908478
0.5658003687858582
0.15434099733829498
0.07341837137937546
0.23327963054180145
0.28440502285957336
0.2786118984222412
0.29595446586608887
0.15486598014831543
0.17819342017173767
0.3828541934490204
0.23012909293174744
0.18623106181621552
0.19419972598552704
0.16255567967891693
0.3504762053489685
0.083554208278656
0.20114544034004211
0.23240117728710175
0.14322730898857117
0.1802835315465927
0.30207279324531555
0.12805692851543427
0.057613011449575424
0.03721741959452629
0.18332909047603607
0.07593465596437454
0.34058862924575806
0.23544222116470337
0.11303959041833878
0.09032426029443741
0.09065353125333786
0.10589046776294708
0.11151663213968277
0.16343174874782562
0.22347259521484375
0.1207384318113327
0.11496517807245255
0.13548795878887177
0.1566605120897293
0.15795835852622986
0.2848118543624878
0.10975778102874756
0.13577431440353394
0.5959818363189697
0.2682398557662964
0.22184434533119202
0.0805545300245285
0.2670363187789917
0.33103328943252563
0.1752420961856842
0.11404461413621902
0.06151798740029335
0.025880534201860428
0.026811689138412476
0.07468532770872116
0.2216804176568985
0.159613698720932
0.12369625270366669
0.13699974119663239
0.16093480587005615
0.1681714951992035
0.3266143500804901
0.11509799212217331
0.1402263194322586
0.20457012951374054
0.1900734156370163
0.26729491353034973
0.16012418270111084
0.045559197664260864
0.08080483973026276
0.2257751077413559
0.23713822662830353
0.29682594537734985
0.1766083985567093
0.14463204145431519
0.3747360110282898
0.4983864426612854
0.1310553252696991
0.21498487889766693
0.07941587269306183
0.23410403728485107
0.08631657063961029
0.1112804114818573
0.12493440508842468
0.27045774459838867
0.19264820218086243
0.20243050158023834
0.13578170537948608
0.5112928152084351
0.09477215260267258
0.1914048045873642
0.22667688131332397
0.17972512543201447
0.2761307954788208
0.13167507946491241
0.1154998168349266
0.07991944253444672
0.18706677854061127
0.018207907676696777
0.062054142355918884
0.21187405288219452
0.19684386253356934
0.2575932443141937
0.10754270851612091
0.12803323566913605
0.17267806828022003
0.11101647466421127
0.28157779574394226
0.1920846551656723
0.2835003733634949
0.23239071667194366
0.17404040694236755
0.14281223714351654
0.3334459960460663
0.19207996129989624
0.15325897932052612
0.24908266961574554
0.14358851313591003
0.1221434623003006
0.20146100223064423
0.01918722689151764
0.219036266207695
0.13174870610237122
0.26391395926475525
0.18683107197284698
0.20793627202510834
0.1510162651538849
0.19506095349788666
0.3393179178237915
0.2147543877363205
0.08513142913579941
0.14352111518383026
0.08013340830802917
0.12125442177057266
0.17785896360874176
0.14581343531608582
0.14315907657146454
0.2378145158290863
0.16280817985534668
0.16163834929466248
0.16258230805397034
0.20145754516124725
0.23092608153820038
0.030699849128723145
0.1492488831281662
0.20988237857818604
0.24349689483642578
0.0062570758163928986
0.23091556131839752
0.12888701260089874
0.2495834231376648
0.10255733132362366
0.4776085913181305
0.217173233628273
0.18300333619117737
0.23484326899051666
0.211989164352417
0.1939828097820282
0.1550525426864624
0.1439429372549057
0.3088163733482361
0.24976423382759094
0.2730752229690552
0.18895834684371948
0.07672525197267532
0.2573710083961487
0.12569989264011383
0.23056448996067047
0.09285854548215866
0.14539171755313873
0.03929485008120537
0.2507892847061157
0.36271053552627563
0.06232987344264984
0.3580133020877838
0.025290541350841522
0.21529053151607513
0.326658695936203
0.11073847115039825
0.14940965175628662
0.19287410378456116
0.2229522317647934
0.21599146723747253
0.06401292979717255
0.2224910855293274
0.1129678264260292
0.2172701060771942
0.11201551556587219
0.10802758485078812
0.14577831327915192
0.13388368487358093
0.06952488422393799
0.041094742715358734
0.21517086029052734
0.2393241971731186
0.261528879404068
0.21232281625270844
0.10439316183328629
0.1252099871635437
0.23529833555221558
0.07488086074590683
0.12937061488628387
0.22199827432632446
0.17716360092163086
0.06023022532463074
0.27158814668655396
0.12107789516448975
0.31926435232162476
0.15882660448551178
0.07100126892328262
0.11965183913707733
0.23941321671009064
0.3192024230957031
0.1898684948682785
0.12054093182086945
0.20398513972759247
0.15493610501289368
0.20963013172149658
0.15454354882240295
0.09099773317575455
0.25502029061317444
0.29957178235054016
0.10159210860729218
0.20978029072284698
0.22774638235569
0.2185070514678955
0.05974961817264557
0.2751372456550598
0.09476903825998306
0.12132243812084198
0.2129407674074173
0.07765672355890274
0.07805699110031128
0.09592614322900772
0.2762824594974518
0.2470892369747162
0.1722440868616104
0.18355531990528107
0.28780779242515564
0.12589184939861298
0.13559171557426453
0.12431348115205765
0.10627198219299316
0.07658117264509201
0.18976090848445892
0.24801871180534363
0.26028212904930115
0.20618018507957458
0.17001159489154816
0.14907269179821014
0.312104731798172
0.19503548741340637
0.1657269299030304
0.21166981756687164
0.12716862559318542
0.0859534740447998
0.10043802112340927
0.18586912751197815
0.13841140270233154
0.1038564071059227
0.16678589582443237
0.229395791888237
0.1498752385377884
0.1541077345609665
0.19172203540802002
0.08580953627824783
0.06660456210374832
0.13589352369308472
0.011973712593317032
0.08992195129394531
0.14448842406272888
0.013947420753538609
0.02394752949476242
0.1778608113527298
0.22072595357894897
0.018876340240240097
0.10998482257127762
0.1837119609117508
0.18244534730911255
0.14481602609157562
0.1750067174434662
0.12106281518936157
0.13718602061271667
0.1955263465642929
0.22921496629714966
0.19064931571483612
0.19949620962142944
0.2515711486339569
0.16001369059085846
0.1428758054971695
0.22302278876304626
0.20010480284690857
0.24838536977767944
0.049272313714027405
0.2269565910100937
0.12655594944953918
0.10416717082262039
0.13882717490196228
0.1677664816379547
0.057480908930301666
0.16152910888195038
0.10496463626623154
0.08778122812509537
0.11876458674669266
0.2509298026561737
0.22458471357822418
0.2536655366420746
0.4164421260356903
0.16651847958564758
0.2983381450176239
0.10064391046762466
0.09873580932617188
0.10446933656930923
0.24021360278129578
0.4028695523738861
0.15862858295440674
0.1183505579829216
0.17512235045433044
0.21276149153709412
0.12179581075906754
0.1607035994529724
0.22753940522670746
0.04571183770895004
0.047157928347587585
0.13384196162223816
0.04256858676671982
0.11867394298315048
0.12251755595207214
0.20649342238903046
0.22016245126724243
0.06617807596921921
0.2146093100309372
0.24760086834430695
0.31464388966560364
0.07103054970502853
0.29150786995887756
0.19768105447292328
0.1340130716562271
0.1519901603460312
0.05259324610233307
0.23654897511005402
0.24079003930091858
0.07687941193580627
0.2867039740085602
0.1943800300359726
0.14413988590240479
0.3696175813674927
0.02156713977456093
0.29760926961898804
0.22036655247211456
0.18503820896148682
0.1250823587179184
0.16488008201122284
0.18501269817352295
0.1272398680448532
0.18283061683177948
0.1282234936952591
0.1136760339140892
0.1158398985862732
0.24314306676387787
0.18408553302288055
0.08333488553762436
0.19883646070957184
0.2454596310853958
0.03423064947128296
0.1654004454612732
0.19706273078918457
0.25657838582992554
0.09081559628248215
0.06934977322816849
0.15371836721897125
0.08799102902412415
0.28032416105270386
0.17959098517894745
0.11985454708337784
0.08212731033563614
0.049783334136009216
0.1659700572490692
0.19337262213230133
0.003460681065917015
0.11035449057817459
0.1327337771654129
0.10729080438613892
0.1707363873720169
0.14592555165290833
0.3801790177822113
0.4052993357181549
0.20745256543159485
0.15318799018859863
0.25308382511138916
0.28234440088272095
0.41945770382881165
0.1726379245519638
0.2601609230041504
0.15386204421520233
0.23202215135097504
0.06394463032484055
0.08070850372314453
0.15271972119808197
0.021558085456490517
0.23497584462165833
0.19462093710899353
0.12038159370422363
0.07323533296585083
0.12724727392196655
0.14460976421833038
0.03234822675585747
0.1058078408241272
0.17346353828907013
0.1843092292547226
0.18515567481517792
0.11230780929327011
0.19281692802906036
0.2331787794828415
0.24692507088184357
0.39984768629074097
0.24020130932331085
0.1638806164264679
0.16788658499717712
0.23119966685771942
0.11143090575933456
0.09873569756746292
0.1990295648574829
0.17064836621284485
0.2292439341545105
0.10209885239601135
0.06056849658489227
0.15040278434753418
0.005016285926103592
0.17464181780815125
0.07435134053230286
0.19178085029125214
0.16820649802684784
0.13225676119327545
0.3088885247707367
0.1976759284734726
0.1050945445895195
0.1457185298204422
0.11874890327453613
0.06848873943090439
0.05125002562999725
0.16628509759902954
0.22324958443641663
0.15787707269191742
0.17479965090751648
0.11620040982961655
0.2645893096923828
0.08912570774555206
0.22990648448467255
0.30892252922058105
0.21744570136070251
0.3007415235042572
0.20911218225955963
0.17807383835315704
0.113128162920475
0.19414010643959045
0.20929421484470367
0.23273393511772156
0.10028545558452606
0.26635539531707764
0.27573204040527344
0.25453904271125793
0.11282407492399216
0.2087133228778839
0.17190398275852203
0.15189200639724731
0.07241500169038773
0.18041284382343292
0.21588274836540222
0.25934508442878723
0.20880870521068573
0.0944480374455452
0.1857677400112152
0.1756986379623413
0.17318089306354523
0.17743736505508423
0.16488945484161377
0.24766996502876282
0.22092269361019135
0.11005834490060806
0.19124719500541687
0.06362184882164001
0.07264825701713562
0.0919024720788002
0.24472330510616302
0.22918367385864258
0.1751137226819992
0.18336090445518494
0.23973357677459717
0.11264967918395996
0.20754501223564148
0.20962877571582794
0.08531266450881958
0.23848769068717957
0.17119425535202026
0.20159319043159485
0.1099107638001442
0.18484772741794586
0.12847788631916046
0.09269417077302933
0.17528501152992249
0.35649019479751587
0.181382417678833
0.2083617001771927
0.1280830055475235
0.08826132863759995
0.05589833855628967
0.1791670024394989
0.08890701085329056
0.08642414212226868
0.0855792909860611
0.08323046565055847
0.23776128888130188
0.010406872257590294
0.10773675888776779
0.14055970311164856
0.12820011377334595
0.06051577627658844
0.17226393520832062
0.14720822870731354
0.3554494380950928
0.17247052490711212
0.12003394961357117
0.2525227665901184
0.19696171581745148
0.1997644454240799
0.22188696265220642
0.3503877520561218
0.20079530775547028
0.17033468186855316
0.03634803369641304
0.12652601301670074
0.24036695063114166
0.12441784143447876
0.28452369570732117
0.53822922706604
0.17718662321567535
0.1546984612941742
0.09861987829208374
0.1710660308599472
0.025602256879210472
0.2788209319114685
0.19613847136497498
0.10214488953351974
0.14713160693645477
0.385730504989624
0.19851720333099365
0.13227131962776184
0.07235037535429001
0.09148122370243073
0.1962224394083023
0.04776720330119133
0.22102691233158112
0.1896163821220398
0.27112922072410583
0.2353188544511795
0.19362764060497284
0.21866846084594727
0.20346200466156006
0.18044224381446838
0.2513290047645569
0.17774058878421783
0.14594712853431702
0.15679492056369781
0.19776517152786255
0.18091867864131927
0.13604384660720825
0.20030516386032104
0.026891684159636497
0.20459391176700592
0.1253613829612732
0.11545494198799133
0.1530267596244812
0.2280135452747345
0.12833943963050842
0.39817747473716736
0.21306224167346954
0.1872505098581314
0.1556587666273117
0.17381925880908966
0.044749915599823
0.1635877788066864
0.08127690106630325
0.21793928742408752
0.20165130496025085
0.13391651213169098
0.12895670533180237
0.2852092385292053
0.164194718003273
0.30210304260253906
0.3237537145614624
0.18763603270053864
0.17847007513046265
0.11822789907455444
0.15748292207717896
0.09441665560007095
0.24143709242343903
0.2752021253108978
0.25728803873062134
0.19700554013252258
0.24556753039360046
0.09963412582874298
0.1836681365966797
0.24981479346752167
0.16070646047592163
0.07934516668319702
0.10104889422655106
0.23369069397449493
0.2510332465171814
0.1296330839395523
0.059376828372478485
0.04451661929488182
0.105439692735672
0.1859871745109558
0.21683970093727112
0.14672167599201202
0.29084378480911255
0.16442623734474182
0.1159747913479805
0.3405293822288513
0.2081901729106903
0.20487789809703827
0.3011372685432434
0.16342642903327942
0.13447372615337372
0.2102949470281601
0.01434984989464283
0.17110280692577362
0.16819825768470764
0.030428137630224228
0.10580085963010788
0.01731172204017639
0.07417578250169754
0.15393885970115662
0.16471578180789948
0.20607949793338776
0.046078529208898544
0.26684966683387756
0.09129014611244202
0.24884572625160217
0.21650122106075287
0.13484030961990356
0.2523637115955353
0.2959022521972656
0.1807016283273697
0.08403234928846359
0.2089296579360962
0.2030450850725174
0.1558024138212204
0.08224929869174957
0.09360979497432709
0.006211921572685242
0.2773136794567108
0.3594120144844055
0.09104399383068085
0.10486485064029694
0.1990041881799698
0.13830044865608215
0.20364788174629211
0.20690195262432098
0.17968863248825073
0.1647750586271286
0.17660807073116302
0.186062753200531
0.1452665776014328
0.2770921587944031
0.1020703911781311
0.1865430474281311
0.18424205482006073
0.095881387591362
0.05765045806765556
0.10810384154319763
0.3145298957824707
0.235676571726799
0.12707306444644928
0.20409385859966278
0.1154465451836586
0.333553671836853
0.1552048772573471
0.13225576281547546
0.19199758768081665
0.09225362539291382
0.14351578056812286
0.26643624901771545
0.20703372359275818
0.18206049501895905
0.0919923260807991
0.12194827944040298
0.13724979758262634
0.24967080354690552
0.15438707172870636
0.12207848578691483
0.24737046658992767
0.23853959143161774
0.16495302319526672
0.07795411348342896
0.06139863282442093
0.24489007890224457
0.0751461386680603
0.3050782084465027
0.09322411566972733
0.1622982770204544
0.11901978403329849
0.27979782223701477
0.23883287608623505
0.15700176358222961
0.0641331747174263
0.2655378580093384
0.133139967918396
0.24795211851596832
0.15948018431663513
0.14976413547992706
0.09352815896272659
0.13595296442508698
0.13462239503860474
0.21892333030700684
0.12988634407520294
0.22323301434516907
0.09091988205909729
0.06732869148254395
0.10516638308763504
0.17356696724891663
0.2687147557735443
0.0987214595079422
0.10179784893989563
0.0515296645462513
0.04320273548364639
0.21186456084251404
0.26975470781326294
0.3389137089252472
0.20045994222164154
0.2727421820163727
0.19983521103858948
0.2050618678331375
0.12146037071943283
0.1485198438167572
0.2061377763748169
0.29134538769721985
0.1881847381591797
0.1445026993751526
0.17463497817516327
0.15120436251163483
0.25981757044792175
0.15601758658885956
0.09777745604515076
0.13134713470935822
0.2001236230134964
0.13734304904937744
0.040132664144039154
0.1306038349866867
0.14111343026161194
0.1845267415046692
0.20902514457702637
0.02185007743537426
0.19043701887130737
0.22768276929855347
0.278887003660202
0.20772862434387207
0.13041985034942627
0.14326712489128113
0.15148529410362244
0.1943366378545761
0.17895296216011047
0.12308604270219803
0.0793512761592865
0.10118972510099411
0.22875532507896423
0.10021013766527176
0.10225411504507065
0.11578942090272903
0.2013854831457138
0.2831527888774872
0.20796065032482147
0.13324302434921265
0.16645725071430206
0.09862076491117477
0.09922588616609573
0.17530958354473114
0.1416161209344864
0.1534384787082672
0.21613171696662903
0.27774661779403687
0.1250995248556137
0.11713142693042755
0.2076347917318344
0.17848505079746246
0.10053477436304092
0.13628213107585907
0.2586997449398041
0.19857439398765564
0.2100440114736557
0.13536034524440765
0.11181044578552246
0.21074256300926208
0.10259267687797546
0.03256947919726372
0.12265360355377197
0.10413949936628342
0.1288251131772995
0.16157694160938263
0.11610108613967896
0.1426897943019867
0.23898620903491974
0.2332785427570343
0.07913036644458771
0.19807294011116028
0.2468298226594925
0.14440728724002838
0.20756743848323822
0.236938938498497
0.21299737691879272
0.02953309379518032
0.09199202805757523
0.1109616607427597
0.1716890037059784
0.06862575560808182
0.12632571160793304
0.013223336078226566
0.2643573582172394
0.09925679117441177
0.11363955587148666
0.20213143527507782
0.29283607006073
0.059475500136613846
0.1276986002922058
0.0771777331829071
0.22421026229858398
0.07056070864200592
0.15605612099170685
0.21109291911125183
0.08569726347923279
0.1932247281074524
0.21642887592315674
0.17457358539104462
0.4505932331085205
0.11638081818819046
0.1361144483089447
0.20621997117996216
0.20819084346294403
0.20584213733673096
0.19878943264484406
0.2543877959251404
0.21472817659378052
0.01419993955641985
0.13484756648540497
0.12762704491615295
0.19740080833435059
0.17999711632728577
0.08034313470125198
0.07503274828195572
0.1650627702474594
0.1765744835138321
0.0919138565659523
0.11386896669864655
0.22333578765392303
0.10259850323200226
0.12311174720525742
0.26908451318740845
0.12099756300449371
0.08605335652828217
0.16695523262023926
0.16849873960018158
0.12092422693967819
0.25666171312332153
0.21818353235721588
0.12929460406303406
0.1570165753364563
0.15708714723587036
0.09339239448308945
0.24763406813144684
0.111533023416996
0.06910336017608643
0.11555314809083939
0.16037362813949585
0.1503356546163559
0.1240949034690857
0.20667476952075958
0.13202986121177673
0.02250409871339798
0.005059957504272461
0.10940629243850708
0.057254642248153687
0.26978373527526855
0.23331212997436523
0.21425336599349976
0.16216208040714264
0.1866140514612198
0.1736467033624649
0.17976027727127075
0.224037766456604
0.23189982771873474
0.20901770889759064
0.1646488755941391
0.08565258234739304
0.0883050486445427
0.08510195463895798
0.29797375202178955
0.217239648103714
0.24516373872756958
0.2572656571865082
0.17898015677928925
0.1931566745042801
0.21220266819000244
0.26571863889694214
0.19158552587032318
0.23210597038269043
0.13314464688301086
0.13658137619495392
0.2175082117319107
0.1112067773938179
0.19855687022209167
0.2162051796913147
0.19611141085624695
0.10788726061582565
0.01535867340862751
0.10615137964487076
0.14076301455497742
0.2460867166519165
0.13282954692840576
0.23025646805763245
0.18212373554706573
0.1930207461118698
0.0910196527838707
0.09089013189077377
0.10249090194702148
0.1882365643978119
0.1770324558019638
0.177994042634964
0.17621321976184845
0.09613973647356033
0.03170265257358551
0.18452376127243042
0.1573985368013382
0.2360827624797821
0.17265023291110992
0.16192176938056946
0.11058911681175232
0.5808340907096863
0.17618516087532043
0.16589781641960144
0.2572791278362274
0.17579811811447144
0.1675526648759842
0.1780589520931244
0.21669970452785492
0.13770917057991028
0.13011100888252258
0.07005710899829865
0.2592287063598633
0.05176881328225136
0.2250598520040512
0.16930969059467316
0.18512389063835144
0.09874268621206284
0.25608623027801514
0.1077156811952591
0.1633358895778656
0.056498099118471146
0.17391961812973022
0.09223391860723495
0.10136324167251587
0.11809583008289337
0.16013403236865997
0.09956645965576172
0.2289992868900299
0.018303949385881424
0.1786828488111496
0.1742512434720993
0.1336308866739273
0.13495810329914093
0.16171328723430634
0.12540559470653534
0.06958553194999695
0.05713536590337753
0.05837171524763107
0.20159605145454407
0.18076983094215393
0.1486455798149109
0.12735334038734436
0.13456159830093384
0.11756602674722672
0.1689096838235855
0.041281744837760925
0.01571047492325306
0.23927709460258484
0.18380218744277954
0.20207031071186066
0.1648777574300766
0.26137277483940125
0.12368304282426834
0.15800823271274567
0.042005717754364014
0.10881610214710236
0.1972315013408661
0.25797373056411743
0.18063856661319733
0.13633690774440765
0.22845828533172607
0.3868185877799988
0.18604369461536407
0.17651772499084473
0.1923873871564865
0.21906451880931854
0.17197424173355103
0.2927396297454834
0.24114783108234406
0.037278249859809875
0.12944868206977844
0.214974507689476
0.07756925374269485
0.23115509748458862
0.11391229182481766
0.2988574504852295
0.12359671294689178
0.086832195520401
0.25454360246658325
0.1829097867012024
0.1847033053636551
0.23692147433757782
0.29536932706832886
0.2135193645954132
0.21891455352306366
0.18850642442703247
0.2539592981338501
0.18113568425178528
0.04324273765087128
0.13514955341815948
0.25869208574295044
0.2480175644159317
0.0900256335735321
0.16445785760879517
0.03103775531053543
0.18929162621498108
0.011178942397236824
0.12741123139858246
0.0032762433402240276
0.11802837997674942
0.10424373298883438
0.16276614367961884
0.26629582047462463
0.21796353161334991
0.19968627393245697
0.13761557638645172
0.17438092827796936
0.2738429009914398
0.2732754647731781
0.15629428625106812
0.21295948326587677
0.16391156613826752
0.23353806138038635
0.2217865288257599
0.2512194514274597
0.17302076518535614
0.1385732740163803
0.13573674857616425
0.13690251111984253
0.18921761214733124
0.2097833752632141
0.01682991534471512
0.1523725390434265
0.0806448683142662
0.17426855862140656
0.10602903366088867
0.17534618079662323
0.159743070602417
0.12321976572275162
0.23121216893196106
0.04093699902296066
0.025742100551724434
0.21204857528209686
0.16179439425468445
0.2957598865032196
0.24890463054180145
0.19952408969402313
0.18426968157291412
0.24844197928905487
0.2119649201631546
0.08772449195384979
0.30578938126564026
0.226338192820549
0.3312278687953949
0.18961681425571442
0.17175385355949402
0.20069192349910736
0.14156216382980347
0.3481438159942627
0.15100762248039246
0.19357894361019135
0.26643553376197815
0.2238999456167221
0.16268780827522278
0.1255856454372406
0.27021360397338867
0.22942613065242767
0.17200931906700134
0.1687108427286148
0.08009210228919983
0.1221197322010994
0.30491381883621216
0.16546525061130524
0.2153286635875702
0.23530426621437073
0.24923135340213776
0.15738463401794434
0.19832369685173035
0.16953495144844055
0.08416926860809326
0.32552337646484375
0.19107693433761597
0.2266044318675995
0.21590586006641388
0.2541995346546173
0.16200551390647888
0.06930477917194366
0.12539595365524292
0.18702296912670135
0.11359734833240509
0.24150331318378448
0.21582655608654022
0.079215869307518
0.24991825222969055
0.12823815643787384
0.1649535894393921
0.06926687806844711
0.1931666135787964
0.03679228946566582
0.15471896529197693
0.0707908570766449
0.41676846146583557
0.15099795162677765
0.16743899881839752
0.36567994952201843
0.06237930431962013
0.2189733237028122
0.17680197954177856
0.15359355509281158
0.10931110382080078
0.24110057950019836
0.24337182939052582
0.19461382925510406
0.014244578778743744
0.1824624389410019
0.29098960757255554
0.22916868329048157
0.13747379183769226
0.17586635053157806
0.17411309480667114
0.11220908910036087
0.06414809077978134
0.2663881182670593
0.21612650156021118
0.3503148853778839
0.2667279541492462
0.1048920750617981
0.2756776511669159
0.16047298908233643
0.21597839891910553
0.05752098560333252
0.1977628767490387
0.20080450177192688
0.255922794342041
0.1713574230670929
0.17359106242656708
0.1956082284450531
0.14157065749168396
0.2021288126707077
0.18910114467144012
0.10596261918544769
0.12715958058834076
0.12240994721651077
0.10352063924074173
0.11673146486282349
0.09811745584011078
0.11931457370519638
0.1225828155875206
0.16743601858615875
0.07748465240001678
0.18098817765712738
0.12423523515462875
0.21196448802947998
0.11966022849082947
0.008921392261981964
0.17430976033210754
0.18294160068035126
0.19862112402915955
0.09210171550512314
0.09841502457857132
0.20196138322353363
0.13858118653297424
0.2523234784603119
0.12875422835350037
0.06240321323275566
0.1332431584596634
0.062242936342954636
0.1910417675971985
0.16930951178073883
0.17766055464744568
0.21979066729545593
0.2119007557630539
0.0399036705493927
0.23693454265594482
0.11760648339986801
0.21973201632499695
0.14591020345687866
0.3040805757045746
0.1492418497800827
0.08917755633592606
0.22451892495155334
0.21126136183738708
0.14840009808540344
0.21272458136081696
0.2479793131351471
0.1443973183631897
0.14789657294750214
0.08000725507736206
0.27274656295776367
0.19422654807567596
0.07117939740419388
0.24891354143619537
0.1305333971977234
0.17016109824180603
0.11599010974168777
0.22379170358181
0.0631609782576561
0.13437524437904358
0.25558069348335266
0.13045789301395416
0.14557313919067383
0.1966273933649063
0.1891293227672577
0.22962164878845215
0.07185713946819305
0.14806973934173584
0.11129434406757355
0.14703482389450073
0.07242246717214584
0.0727960616350174
0.12559767067432404
0.02357575297355652
0.17540977895259857
0.23152601718902588
0.3047233521938324
0.18473955988883972
0.21306386590003967
0.1589190661907196
0.0738571286201477
0.01700727455317974
0.09458287805318832
0.0897093415260315
0.1731228232383728
0.007924026809632778
0.21890991926193237
0.08869467675685883
0.25698617100715637
0.11473517119884491
0.14918696880340576
0.1557179093360901
0.24801769852638245
0.14171724021434784
0.0931946188211441
0.16534145176410675
0.25088533759117126
0.17297308146953583
0.18817488849163055
0.260532408952713
0.18200641870498657
0.18723219633102417
0.19321167469024658
0.0964394137263298
0.16271084547042847
0.12182627618312836
0.213584765791893
0.1451682448387146
0.1056724339723587
0.04487822204828262
0.0973120704293251
0.09581619501113892
0.23644059896469116
0.21109576523303986
0.12062093615531921
0.24824555218219757
0.11207357048988342
0.20928435027599335
0.1968458890914917
0.2715704143047333
0.06875905394554138
0.18255774676799774
0.5081713795661926
0.3653664290904999
0.09085822105407715
0.10731091350317001
0.2014271467924118
0.19403551518917084
0.42565253376960754
0.11583127081394196
0.2442074418067932
0.26396116614341736
0.16755789518356323
0.07018143683671951
0.13986609876155853
0.12387722730636597
0.16056561470031738
0.17566359043121338
0.19486193358898163
0.3305802047252655
0.24268998205661774
0.12025158107280731
0.12850439548492432
0.22063031792640686
0.19368435442447662
0.14104540646076202
0.17887407541275024
0.08957425504922867
0.11377023160457611
0.20618467032909393
0.23584209382534027
0.23961544036865234
0.10843423008918762
0.18062618374824524
0.23342254757881165
0.1316061168909073
0.1577470600605011
0.17190837860107422
0.07265385240316391
0.09055459499359131
0.2789720892906189
0.14118675887584686
0.0627371072769165
0.2609288990497589
0.22207625210285187
0.13066789507865906
0.15247508883476257
0.13976748287677765
0.18247514963150024
0.19877849519252777
0.3379012644290924
0.1650250405073166
0.20683303475379944
0.18324878811836243
0.1844559907913208
0.10044005513191223
0.16053637862205505
0.254928320646286
0.19608891010284424
0.10790002346038818
0.10879005491733551
0.08490294218063354
0.17410831153392792
0.15450604259967804
0.09705726057291031
0.19430920481681824
0.10844669491052628
0.13849201798439026
0.2881544828414917
0.2243427038192749
0.08218319714069366
0.11321006715297699
0.29038432240486145
0.08827855437994003
0.2238803654909134
0.18114924430847168
0.2008453607559204
0.22370478510856628
0.19824834167957306
0.10912609100341797
0.21920742094516754
0.18469053506851196
0.10813254117965698
0.17785321176052094
0.3381879925727844
0.06316278874874115
0.06231986731290817
0.14430242776870728
0.17693479359149933
0.22571147978305817
0.09846428036689758
0.12380151450634003
0.14590151607990265
0.1370062679052353
0.26462846994400024
0.2272643893957138
0.20119528472423553
0.23458248376846313
0.20518247783184052
0.17738595604896545
0.2634490430355072
0.12388896942138672
0.28143414855003357
0.20697830617427826
0.1989540457725525
0.1790917068719864
0.1064654290676117
0.16378259658813477
0.03908929228782654
0.2005850374698639
0.07463584095239639
0.06292064487934113
0.29925456643104553
0.1562299132347107
0.1376124620437622
0.1753310263156891
0.26291969418525696
0.19572915136814117
0.2778396010398865
0.1437995284795761
0.1857355684041977
0.12846609950065613
0.2083429992198944
0.1627226024866104
0.11516112089157104
0.14109072089195251
0.1630985140800476
0.16018804907798767
0.07789789885282516
0.11087224632501602
0.08994217962026596
0.17821522057056427
0.3303886651992798
0.15248596668243408
0.20086385309696198
0.3011589050292969
0.09743951261043549
0.17763102054595947
0.19312459230422974
0.17583990097045898
0.01965823583304882
0.08808436244726181
0.051926515996456146
0.2129882425069809
0.18540532886981964
0.40497541427612305
0.11028845608234406
0.11715581268072128
0.08160342276096344
0.16262470185756683
0.17332503199577332
0.06347405165433884
0.14567239582538605
0.06984131783246994
0.20815257728099823
0.283291757106781
0.1499633640050888
0.17155908048152924
0.11769773066043854
0.012515006586909294
0.16133517026901245
0.1516367793083191
0.09078115969896317
0.13453751802444458
0.2207646369934082
0.1293121576309204
0.1322380006313324
0.11430273950099945
0.21086011826992035
0.15076269209384918
0.13797453045845032
0.18423128128051758
0.023132050409913063
0.12064018100500107
0.13643069565296173
0.193441241979599
0.2575293481349945
0.25199615955352783
0.15091471374034882
0.27149391174316406
0.4026927947998047
0.1975172758102417
0.11249887198209763
0.20690034329891205
0.09501048177480698
0.18702003359794617
0.21232962608337402
0.05280502140522003
0.1073153167963028
0.19498717784881592
0.10630155354738235
0.20991000533103943
0.10735251009464264
0.23851488530635834
0.1613554209470749
0.10835772752761841
0.18705865740776062
0.1481781154870987
0.13064773380756378
0.2053336352109909
0.11058946698904037
0.13986684381961823
0.16195423901081085
0.35649141669273376
0.1717514991760254
0.16494779288768768
0.08396004885435104
0.11967995762825012
0.16834622621536255
0.12303431332111359
0.1759434938430786
0.10278725624084473
0.09486784040927887
0.12505795061588287
0.13466736674308777
0.05990494787693024
0.22075574100017548
0.1741895079612732
0.1722084879875183
0.0969524160027504
0.041875001043081284
0.34696510434150696
0.07223513722419739
0.23252040147781372
0.17317581176757812
0.1702812761068344
0.3347221314907074
0.14720717072486877
0.19665904343128204
0.151132732629776
0.19487354159355164
0.16934241354465485
0.10193686187267303
0.14176641404628754
0.17289212346076965
0.18405462801456451
0.18202020227909088
0.18646980822086334
0.13103865087032318
0.24266965687274933
0.16048221290111542
0.11705152690410614
0.2534869611263275
0.10298914462327957
0.07653804123401642
0.11059985309839249
0.16795068979263306
0.1899190992116928
0.12383517622947693
0.1426638513803482
0.13419793546199799
0.18812161684036255
0.11048048734664917
0.017787814140319824
0.201864093542099
0.06859604269266129
0.19073739647865295
0.07608510553836823
0.17292046546936035
0.16854993999004364
0.15164723992347717
0.1490659862756729
0.5303856730461121
0.014411069452762604
0.2476249635219574
0.06979764252901077
0.18398647010326385
0.1604740470647812
0.27394405007362366
0.18941394984722137
0.11683856695890427
0.2575838565826416
0.1605187952518463
0.16420020163059235
0.15053394436836243
0.11832982301712036
0.06427817791700363
0.09556637704372406
0.17694374918937683
0.1519933044910431
0.15623272955417633
0.014792384579777718
0.12229077517986298
0.0832795724272728
0.13335208594799042
0.10664767771959305
0.1392589509487152
0.009148008190095425
0.09935485571622849
0.24142475426197052
0.161554217338562
0.10942451655864716
0.14716464281082153
0.06885727494955063
0.1492970883846283
0.299380362033844
0.34874433279037476
0.16406318545341492
0.2102636694908142
0.08876947313547134
0.1795634925365448
0.27903732657432556
0.20831046998500824
0.2474803477525711
0.1329558789730072
0.3441833257675171
0.18676991760730743
0.11231234669685364
0.19419588148593903
0.021490540355443954
0.2743304371833801
0.15366190671920776
0.14750343561172485
0.20055268704891205
0.23167642951011658
0.16999590396881104
0.2405312955379486
0.16024014353752136
0.1391434520483017
0.13414715230464935
0.16178332269191742
0.12386199831962585
0.1636403650045395
0.20581680536270142
0.0774652361869812
0.16102398931980133
0.19599895179271698
0.1197151467204094
0.09259040653705597
0.04927143082022667
0.044876232743263245
0.13007378578186035
0.17715546488761902
0.17626039683818817
0.06406470388174057
0.16638854146003723
0.22210635244846344
0.3157743215560913
0.22031506896018982
0.044234659522771835
0.07196027040481567
0.2114173322916031
0.0667714923620224
0.23875759541988373
0.07902463525533676
0.1409657895565033
0.13159188628196716
0.10992886871099472
0.12927751243114471
0.27693814039230347
0.19807159900665283
0.1808609962463379
0.23338429629802704
0.11962227523326874
0.08757287263870239
0.13676032423973083
0.1456875205039978
0.140921488404274
0.11779028177261353
0.06892088055610657
0.14918404817581177
0.1709866225719452
0.31869062781333923
0.1483161300420761
0.15361788868904114
0.17775462567806244
0.15405799448490143
0.22047065198421478
0.10464099794626236
0.15658758580684662
0.11257418990135193
0.14525099098682404
0.2388906031847
0.31918036937713623
0.11469621956348419
0.10505931079387665
0.26014444231987
0.018855800852179527
0.1820279210805893
0.11850058287382126
0.1711200624704361
0.12192858755588531
0.13746409118175507
0.11927289515733719
0.23654139041900635
0.2018185406923294
0.09619951248168945
0.1419602334499359
0.30717867612838745
0.19559836387634277
0.06895826011896133
0.211744487285614
0.1879165917634964
0.22408029437065125
0.13221895694732666
0.30939701199531555
0.1519715040922165
0.2564050257205963
0.1449592411518097
0.09420448541641235
0.161964550614357
0.1700131595134735
0.12418704479932785
0.20798298716545105
0.13788464665412903
0.14185011386871338
0.14970698952674866
0.07979188114404678
0.2238258421421051
0.11066686362028122
0.12955667078495026
0.08329005539417267
0.25415921211242676
0.32483795285224915
0.2334970086812973
0.22292077541351318
0.2679162919521332
0.1233118548989296
0.12924747169017792
0.16635021567344666
0.08484465628862381
0.2539128065109253
0.2110513299703598
0.14501935243606567
0.17855384945869446
0.14157535135746002
0.2502776086330414
0.15948760509490967
0.07863228768110275
0.24232381582260132
0.14224843680858612
0.1683313399553299
0.08023706078529358
0.1754344403743744
0.056335899978876114
0.15530690550804138
0.08392637968063354
0.2581452429294586
0.06924417614936829
1.065471887588501
0.18941810727119446
0.26231032609939575
0.17408937215805054
0.26097989082336426
0.29297444224357605
0.2489534318447113
0.14183484017848969
0.14553451538085938
0.20629018545150757
0.23032942414283752
0.2074800282716751
0.24664421379566193
0.19398225843906403
0.10354394465684891
0.1493116021156311
0.2245476096868515
0.17661555111408234
0.19097425043582916
0.17284217476844788
0.14040333032608032
0.10789962857961655
0.2182491272687912
0.3344682455062866
0.1396338939666748
0.27793648838996887
0.18962256610393524
0.1321149468421936
0.2028486728668213
0.13764424622058868
0.18873275816440582
0.11309219151735306
0.05614740401506424
0.2356092929840088
0.1593950092792511
0.10130937397480011
0.2396872192621231
0.17181001603603363
0.25742921233177185
0.18910548090934753
0.15201817452907562
0.14819347858428955
0.22975777089595795
0.13613098859786987
0.24145039916038513
0.21786072850227356
0.1291666179895401
0.20393986999988556
0.08182697743177414
0.10485273599624634
0.14499394595623016
0.33439770340919495
0.07462979853153229
0.29634496569633484
0.05842237547039986
0.1923379749059677
0.23285436630249023
0.20360517501831055
0.1760927140712738
0.06313424557447433
0.18174543976783752
0.13869145512580872
0.21280039846897125
0.20252448320388794
0.09521740674972534
0.20122715830802917
0.1909116953611374
0.20656852424144745
0.09453868120908737
0.09980309754610062
0.20214717090129852
0.15306700766086578
0.033225834369659424
0.1005939245223999
0.07809996604919434
0.27710235118865967
0.25760626792907715
0.09769994765520096
0.15488311648368835
0.23821549117565155
0.133800208568573
0.1255524456501007
0.17306680977344513
0.0925738662481308
0.11185382306575775
0.20800046622753143
0.1022554263472557
0.08489418774843216
0.1574283242225647
0.1255570352077484
0.16273163259029388
0.18245646357536316
0.14951655268669128
0.14760969579219818
0.0693485215306282
0.03704896941781044
0.21012674272060394
0.07187901437282562
0.18105736374855042
0.13200104236602783
0.28309881687164307
0.24230872094631195
0.054832689464092255
0.24766159057617188
0.17136552929878235
0.070899598300457
0.2767275273799896
0.1819460093975067
0.1027597039937973
0.13508956134319305
0.07929276674985886
0.19955866038799286
0.21096040308475494
0.09452642500400543
0.21585100889205933
0.03876401111483574
0.27602723240852356
0.16263718903064728
0.2678355872631073
0.16975371539592743
0.2113468497991562
0.1466425210237503
0.16434189677238464
0.13850535452365875
0.224686861038208
0.09825953841209412
0.04332303628325462
0.09526359289884567
0.1876053512096405
0.2949156165122986
0.09479223936796188
0.09279976040124893
0.10995902866125107
0.05662579461932182
0.24503932893276215
0.19152168929576874
0.06842215359210968
0.2638911008834839
0.22198739647865295
0.2422337681055069
0.26706212759017944
0.2528032660484314
0.24066923558712006
0.2307702600955963
0.12069641798734665
0.1690327227115631
0.11864504218101501
0.18557973206043243
0.07751865684986115
0.22909782826900482
0.15739616751670837
0.12670931220054626
0.3528832793235779
0.11197023093700409
0.1155252680182457
0.10002386569976807
0.2242216318845749
0.17440436780452728
0.06956768780946732
0.15233975648880005
0.10308719426393509
0.13961657881736755
0.12120679020881653
0.09950258582830429
0.16042418777942657
0.20863164961338043
0.09553144872188568
0.16627076268196106
0.23302845656871796
0.10372501611709595
0.04873594641685486
0.22007429599761963
0.29268455505371094
0.1931188702583313
0.23616433143615723
0.10091307759284973
0.13578946888446808
0.12146812677383423
0.10320599377155304
0.2104807049036026
0.20647020637989044
0.06977861374616623
0.10928758233785629
0.3361489474773407
0.2252923846244812
0.12232605367898941
0.18194614350795746
0.0982527956366539
0.21148301661014557
0.26496773958206177
0.1778315007686615
0.116807721555233
0.2263399362564087
0.35292989015579224
0.1801440268754959
0.10720031708478928
0.059373050928115845
0.1888459473848343
0.10822850465774536
0.197732612490654
0.32223841547966003
0.12224812060594559
0.17816759645938873
0.11374647170305252
0.08804647624492645
0.20809251070022583
0.38839244842529297
0.15670892596244812
0.20195084810256958
0.17762312293052673
0.20133401453495026
0.23074877262115479
0.1806619018316269
0.1455531269311905
0.1966889202594757
0.10632443428039551
0.10526987165212631
0.13073980808258057
0.2737385034561157
0.0769214853644371
0.019594257697463036
0.2085946947336197
0.09071818739175797
0.1283370405435562
0.13134053349494934
0.11402428895235062
0.1384456902742386
0.1606547236442566
0.07283211499452591
0.220890074968338
0.21324998140335083
0.20975902676582336
0.3550693094730377
0.2043551802635193
0.12267623096704483
0.13703030347824097
0.18694068491458893
0.40406477451324463
0.1652122586965561
0.20056338608264923
0.11189490556716919
0.03199886530637741
0.2812439203262329
0.28264763951301575
0.029874857515096664
0.23249882459640503
0.14856679737567902
0.20746023952960968
0.05808727443218231
0.08491209149360657
0.20194759964942932
0.09978175163269043
0.11337915807962418
0.11088749766349792
0.17823445796966553
0.06082545220851898
0.28160908818244934
0.5465841889381409
0.1359640508890152
0.054355867207050323
0.4854380190372467
0.1352161169052124
0.12274536490440369
0.11127737164497375
0.0665125921368599
0.19790056347846985
0.3580321967601776
0.14508633315563202
0.05702565610408783
0.056146636605262756
0.017086192965507507
0.1803313046693802
0.16463550925254822
0.04333752766251564
0.11714518070220947
0.2737320363521576
0.17906147241592407
0.21163159608840942
0.1955430954694748
0.19362293183803558
0.2137656956911087
0.16408298909664154
0.28205934166908264
0.20617613196372986
0.20494665205478668
0.12553399801254272
0.1088651642203331
0.28813228011131287
0.2095983922481537
0.19308605790138245
0.22965797781944275
0.24419839680194855
0.09650687128305435
0.18140137195587158
0.11072731763124466
0.0777333676815033
0.39334285259246826
0.18772776424884796
0.18599607050418854
0.20504431426525116
0.06564120948314667
0.26787763833999634
0.16352367401123047
0.24961629509925842
0.01629548706114292
0.13265596330165863
0.1902497112751007
0.10854947566986084
0.14256983995437622
0.24742592871189117
0.015458900481462479
0.12663531303405762
0.07416355609893799
0.2404531091451645
0.3419910669326782
0.131114661693573
0.15500734746456146
0.20441463589668274
0.06625629961490631
0.16869735717773438
0.15915097296237946
0.19212888181209564
0.23649047315120697
0.2207498401403427
0.17206192016601562
0.19541744887828827
0.10030023008584976
0.12264951318502426
0.2717280387878418
0.29775920510292053
0.09354423731565475
0.09616880118846893
0.16962392628192902
0.07061368227005005
0.24856066703796387
0.0690900981426239
0.057850249111652374
0.1626681536436081
0.1828325241804123
0.2496548891067505
0.13676652312278748
0.19537761807441711
0.305373877286911
0.19179204106330872
0.3260132670402527
0.0962170958518982
0.14873096346855164
0.13253556191921234
0.08244960010051727
0.1318625807762146
0.30816319584846497
0.24987635016441345
0.1654699146747589
0.028956403955817223
0.24245893955230713
0.203690767288208
0.08567950874567032
0.2591985762119293
0.15352189540863037
0.1480187326669693
0.14382462203502655
0.1355561912059784
0.218173548579216
0.11319846659898758
0.2185468077659607
0.15205897390842438
0.09101598709821701
0.271302193403244
0.19001458585262299
0.1421852558851242
0.15653035044670105
0.2870883643627167
0.1892566978931427
0.18720148503780365
0.19844941794872284
0.25177237391471863
0.25978192687034607
0.11111801117658615
0.20694123208522797
0.23321856558322906
0.231336772441864
0.2888469099998474
0.21337121725082397
0.03558386489748955
0.0141921890899539
0.06992029398679733
0.167575865983963
0.08172178268432617
0.2446037232875824
0.19390079379081726
0.10157185792922974
0.17860443890094757
0.11438639461994171
0.10139801353216171
0.29201561212539673
0.1913558691740036
0.0959738940000534
0.14994925260543823
0.09880226105451584
0.19250157475471497
0.12739872932434082
0.08351173996925354
0.0771147832274437
0.15694659948349
0.008122017607092857
0.10256210714578629
0.1783902645111084
0.0901980847120285
0.05476125329732895
0.11405400931835175
0.1671125739812851
0.21464227139949799
0.08047088980674744
0.10308526456356049
0.20814083516597748
0.09718258678913116
0.28962424397468567
0.23692187666893005
0.18087393045425415
0.21898387372493744
0.09395448118448257
0.18528291583061218
0.06264083087444305
0.1361064314842224
0.26170289516448975
0.20988371968269348
0.1707308292388916
0.18313893675804138
0.10392221808433533
0.11832184344530106
0.17388777434825897
0.20761823654174805
0.1907947063446045
0.33123311400413513
0.23668240010738373
0.19299860298633575
0.08184564858675003
0.1689980924129486
0.015263386070728302
0.1181083545088768
0.47763699293136597
0.1654869019985199
0.13601849973201752
0.17150749266147614
0.11787901073694229
0.18689341843128204
0.03880053013563156
0.11530530452728271
0.08288788795471191
0.1759319007396698
0.0789654552936554
0.14677247405052185
0.22062654793262482
0.1948581337928772
0.1367027908563614
0.1698571890592575
0.33496296405792236
0.2090890109539032
0.2209232747554779
0.17950934171676636
0.11952672898769379
0.16892094910144806
0.08756327629089355
0.10138560086488724
0.19525641202926636
0.2155226469039917
0.021005045622587204
0.23113897442817688
0.13920147716999054
0.17735955119132996
0.17595946788787842
0.29365861415863037
0.05387934669852257
0.159848153591156
0.16234973073005676
0.2649039030075073
0.1382465362548828
0.16323579847812653
0.20536285638809204
0.06942959874868393
0.052069805562496185
0.09822433441877365
0.18620920181274414
0.3144988417625427
0.17422173917293549
0.362247109413147
0.13762755692005157
0.15020814538002014
0.12100078165531158
0.21351119875907898
0.21163560450077057
0.02845562808215618
0.1694212406873703
0.16570810973644257
0.13049528002738953
0.2513173818588257
0.15487292408943176
0.3328832983970642
0.260502427816391
0.18049019575119019
0.23319172859191895
0.21621045470237732
0.26528000831604004
0.07410582900047302
0.06030634045600891
0.18443810939788818
0.10129335522651672
0.24584437906742096
0.08639384806156158
0.27642565965652466
0.26865336298942566
0.287914514541626
0.09204026311635971
0.16436655819416046
0.18783831596374512
0.21396490931510925
0.28304633498191833
0.11924877017736435
0.08213865756988525
0.10381297767162323
0.14321169257164001
0.08119194209575653
0.1324683278799057
0.11446807533502579
0.07755479216575623
0.12108615785837173
0.16685642302036285
0.12372080236673355
0.11901344358921051
0.16371291875839233
0.23318497836589813
0.11441519856452942
0.06796105951070786
0.11718594282865524
0.22669513523578644
0.1363973617553711
0.16505679488182068
0.11796657741069794
0.15312181413173676
0.16678954660892487
0.2870008945465088
0.13877958059310913
0.10549062490463257
0.18486735224723816
0.3248618245124817
0.15668663382530212
0.12837614119052887
0.28919878602027893
0.14954128861427307
0.14396613836288452
0.11101379245519638
0.025032592937350273
0.21735987067222595
0.015802748501300812
0.2059982866048813
0.2927432358264923
0.16574421525001526
0.5053537487983704
0.1537778079509735
0.12364357709884644
0.16984403133392334
0.23149533569812775
0.1364363729953766
0.18561029434204102
0.06609426438808441
0.22932451963424683
0.12742188572883606
0.2720583379268646
0.2790801227092743
0.2564091980457306
0.26347240805625916
0.3238106071949005
0.25623857975006104
0.0876689925789833
0.20377621054649353
0.13658054172992706
0.08477189391851425
0.16189144551753998
0.2083178013563156
0.2512846291065216
0.18744869530200958
0.24363727867603302
0.23381328582763672
0.0640082061290741
0.24237078428268433
0.14995580911636353
0.16789090633392334
0.2652280330657959
0.23480984568595886
0.2588329017162323
0.20695553719997406
0.15219305455684662
0.12335985898971558
0.18917571008205414
0.25073903799057007
0.10721579194068909
0.15505251288414001
0.13235123455524445
0.07434752583503723
0.1920812427997589
0.10484132915735245
0.31048721075057983
0.1571635901927948
0.24820441007614136
0.31212303042411804
0.15690506994724274
0.19633464515209198
0.1733776330947876
0.1598776876926422
0.23775477707386017
0.03696368262171745
0.12571288645267487
0.16063269972801208
0.15333475172519684
0.1508815586566925
0.2370968461036682
0.09892329573631287
0.17115016281604767
0.16345374286174774
0.12838244438171387
0.15554280579090118
0.11227787286043167
0.23029613494873047
0.18363416194915771
0.07470963895320892
0.3503792881965637
0.09655862301588058
0.07570614665746689
0.11194620281457901
0.14623665809631348
0.20262902975082397
0.008200273849070072
0.24304287135601044
0.016165705397725105
0.21689903736114502
0.13815627992153168
0.23170021176338196
0.16529476642608643
0.19058255851268768
0.2583189308643341
0.12468624114990234
0.1298758089542389
0.06124083325266838
0.41369467973709106
0.17650170624256134
0.09452167898416519
0.07092953473329544
0.16794681549072266
0.22434447705745697
0.1822991967201233
0.17195458710193634
0.24955704808235168
0.1754423975944519
0.12488880753517151
0.18223753571510315
0.19237010180950165
0.16854889690876007
0.2728312611579895
0.21915538609027863
0.14905987679958344
0.12821991741657257
0.16660071909427643
0.18054403364658356
0.24295002222061157
0.14036604762077332
0.24954134225845337
0.1995163857936859
0.27289384603500366
0.14665697515010834
0.28791046142578125
0.15412834286689758
0.2599947452545166
0.08569085597991943
0.0977877527475357
0.1796375811100006
0.10996018350124359
0.17162194848060608
0.06495511531829834
0.26275038719177246
0.15758611261844635
0.2628161311149597
0.1976734697818756
0.24665313959121704
0.18686099350452423
0.06278859823942184
0.04810134321451187
0.24612711369991302
0.13166984915733337
0.22784477472305298
0.21910232305526733
0.20233386754989624
0.27509182691574097
0.16581112146377563
0.23255760967731476
0.11747343838214874
0.17861990630626678
0.1728314608335495
0.23944087326526642
0.08932018280029297
0.10121620446443558
0.39199507236480713
0.20146223902702332
0.05945908650755882
0.16228093206882477
0.18545471131801605
0.24468736350536346
0.21108193695545197
0.14443793892860413
0.12186342477798462
0.17118889093399048
0.20198768377304077
0.09670260548591614
0.029029155150055885
0.09266120940446854
0.045731883496046066
0.17703410983085632
0.13646161556243896
0.09545794874429703
0.17783136665821075
0.059438660740852356
0.16264067590236664
0.172122523188591
0.2242099493741989
0.10045118629932404
0.1974964439868927
0.1714698076248169
0.05062289535999298
0.1443844884634018
0.0547538585960865
0.1415174901485443
0.23005688190460205
0.22425606846809387
0.2147095501422882
0.11034207046031952
0.1440218836069107
0.16104552149772644
0.2664596736431122
0.30085885524749756
0.2023041993379593
0.1504453867673874
0.20175163447856903
0.2536846995353699
0.056600749492645264
0.09519655257463455
0.14106543362140656
0.09345750510692596
0.173529252409935
0.23010607063770294
0.10355285555124283
0.20452359318733215
0.011953361332416534
0.24679262936115265
0.22743278741836548
0.08162962645292282
0.2233002483844757
0.1958266645669937
0.22374199330806732
0.23478804528713226
0.14899873733520508
0.2264309823513031
0.21003326773643494
0.08502685278654099
0.1107327863574028
0.13736777007579803
0.19562585651874542
0.022366361692547798
0.11445663124322891
0.2895141541957855
0.13766218721866608
0.06849560886621475
0.021045608446002007
0.0904371589422226
0.11013244092464447
0.1368539035320282
0.1775672286748886
0.08495544642210007
0.23578479886054993
0.06610646843910217
0.2261590212583542
0.3370714783668518
0.2019081711769104
0.03828449547290802
0.14114157855510712
0.1898268163204193
0.12741340696811676
0.1457258015871048
0.18033473193645477
0.12913727760314941
0.09925488382577896
0.10486014932394028
0.12717802822589874
0.13048310577869415
0.23352444171905518
0.14092840254306793
0.2815355062484741
0.09128189086914062
0.11485463380813599
0.07239247858524323
0.19289261102676392
0.014971458353102207
0.19297170639038086
0.10721858590841293
0.24163664877414703
0.14958232641220093
0.018865380436182022
0.14588600397109985
0.224317729473114
0.1818510890007019
0.21137621998786926
0.17052890360355377
0.11543963849544525
0.1437510848045349
0.1092255562543869
0.2595134973526001
0.17339232563972473
0.2302243560552597
0.09917900711297989
0.1501527726650238
0.015552850440144539
0.13184139132499695
0.16066418588161469
0.14854612946510315
0.16190701723098755
0.1638573408126831
0.26343655586242676
0.1509092152118683
0.2615797519683838
0.18581514060497284
0.18237268924713135
0.1747627556324005
0.1745726764202118
0.1867651641368866
0.1012936607003212
0.3911145031452179
0.20307068526744843
0.18326711654663086
0.047753605991601944
0.159799724817276
0.11322204768657684
0.12526826560497284
0.11595926433801651
0.22990089654922485
0.2530151605606079
0.24355526268482208
0.19097544252872467
0.1811881959438324
0.20356188714504242
0.1372355818748474
0.14418162405490875
0.1074095219373703
0.13389162719249725
0.0899859368801117
0.17334038019180298
0.08178074657917023
0.24669811129570007
0.26517948508262634
0.01564519666135311
0.09537961333990097
0.11302885413169861
0.1340516358613968
0.19338734447956085
0.20037046074867249
0.08611470460891724
0.1960894912481308
0.12846486270427704
0.15095652639865875
0.15136821568012238
0.12430087476968765
0.22153493762016296
0.21901091933250427
0.19215314090251923
0.16306985914707184
0.20809012651443481
0.11013790220022202
0.09221818298101425
0.08794912695884705
0.08472933620214462
0.044947367161512375
0.21886934340000153
0.1017492488026619
0.28014838695526123
0.1578233689069748
0.21169669926166534
0.1227860152721405
0.16976872086524963
0.17972461879253387
0.17499084770679474
0.07770274579524994
0.29866817593574524
0.18136191368103027
0.22724664211273193
0.2209715098142624
0.17357902228832245
0.1896965652704239
0.1996431052684784
0.19165611267089844
0.1596147119998932
0.15942488610744476
0.07338637858629227
0.17549976706504822
0.14911282062530518
0.13173408806324005
0.2553883492946625
0.042322054505348206
0.08023036271333694
0.08685237169265747
0.11168944090604782
0.05462665483355522
0.06201847642660141
0.1826377958059311
0.15868058800697327
0.05522143840789795
0.227340430021286
0.22065116465091705
0.16620655357837677
0.1598568558692932
0.18484967947006226
0.03454969823360443
0.17234034836292267
0.20480084419250488
0.1999264359474182
0.3155096769332886
0.16076597571372986
0.015690229833126068
0.27648603916168213
0.15274696052074432
0.15788999199867249
0.09280799329280853
0.12119407951831818
0.2203654795885086
0.1462339460849762
0.2986380457878113
0.09251566231250763
0.24768173694610596
0.1522514373064041
0.16415095329284668
0.08955690264701843
0.13293007016181946
0.2350607067346573
0.10357365757226944
0.12254773080348969
0.3014395833015442
0.1731356978416443
0.16194777190685272
0.24605020880699158
0.08090721815824509
0.07307196408510208
0.30830079317092896
0.08258437365293503
0.1295892894268036
0.1487889587879181
0.25537025928497314
0.12388786673545837
0.13947993516921997
0.13007213175296783
0.14021024107933044
0.10522618889808655
0.2325129359960556
0.11280638724565506
0.13723070919513702
0.0339643731713295
0.09424512833356857
0.25969237089157104
0.137783020734787
0.2817046344280243
0.2571125626564026
0.2507358491420746
0.20998716354370117
0.1337697058916092
0.1025584265589714
0.25148847699165344
0.15920273959636688
0.2544993758201599
0.03996419906616211
0.1449289470911026
0.032192617654800415
0.14521639049053192
0.08749173581600189
0.19286179542541504
0.17271935939788818
0.09326142072677612
0.14675384759902954
0.11269855499267578
0.22710882127285004
0.20257416367530823
0.06900236010551453
0.30079543590545654
0.20984622836112976
0.20438294112682343
0.3294103145599365
0.20930027961730957
0.0850265771150589
0.14562340080738068
0.10628548264503479
0.17926932871341705
0.18060307204723358
0.20407584309577942
0.2135365754365921
0.21837136149406433
0.2854187488555908
0.22357600927352905
0.19084446132183075
0.17930850386619568
0.1514975130558014
0.19267116487026215
0.1252739578485489
0.14541220664978027
0.2406214475631714
0.08471303433179855
0.23348893225193024
0.16519378125667572
0.1600237637758255
0.10798999667167664
0.13374696671962738
0.2699214220046997
0.051084280014038086
0.11815480142831802
0.08473295718431473
0.2207111120223999
0.13491755723953247
0.06806240230798721
0.13103707134723663
0.12938082218170166
0.19765505194664001
0.15668512880802155
0.017221542075276375
0.21028178930282593
0.2658601701259613
0.22040556371212006
0.30952200293540955
0.1964465081691742
0.16159982979297638
0.21238982677459717
0.20246270298957825
0.13710518181324005
0.23737728595733643
0.15641795098781586
0.10725715011358261
0.2516224682331085
0.12286972999572754
0.30706986784935
0.1453695446252823
0.16835525631904602
0.024723539128899574
0.16701941192150116
0.16376358270645142
0.16372083127498627
0.1979803740978241
0.1105666235089302
0.23856398463249207
0.13618534803390503
0.16569551825523376
0.1383160501718521
0.1532333940267563
0.07161009311676025
0.1913626790046692
0.15447832643985748
0.16000528633594513
0.2055758386850357
0.1277700960636139
0.13774558901786804
0.24767200648784637
0.16654030978679657
0.2930406928062439
0.0904131531715393
0.1839427500963211
0.20886491239070892
0.052031829953193665
0.17701837420463562
0.12872560322284698
0.1651628613471985
0.2305489182472229
0.026658054441213608
0.1427478939294815
0.11992145329713821
0.06947222352027893
0.20721228420734406
0.1225508600473404
0.14938263595104218
0.17216856777668
0.1150248795747757
0.2352726310491562
0.09107363969087601
0.18679805099964142
0.11134575307369232
0.19455930590629578
0.10847897082567215
0.21164247393608093
0.06471049040555954
0.1486775130033493
0.20749424397945404
0.1824992150068283
0.22438842058181763
0.07933494448661804
0.14443178474903107
0.19540317356586456
0.09704571962356567
0.18516410887241364
0.13721346855163574
0.1312299519777298
0.1379919797182083
0.1281232237815857
0.3215020000934601
0.1774500012397766
0.2756131887435913
0.25202128291130066
0.17448227107524872
0.16726069152355194
0.12363754212856293
0.17355787754058838
0.3403599262237549
0.1527664214372635
0.2239595353603363
0.2080518752336502
0.12884238362312317
0.20745019614696503
0.14628219604492188
0.19049695134162903
0.3081250488758087
0.15980292856693268
0.09064913541078568
0.10705362260341644
0.21046270430088043
0.16632826626300812
0.1405722051858902
0.23554816842079163
0.06027280539274216
0.20773574709892273
0.18505457043647766
0.08630063384771347
0.1949615627527237
0.15387974679470062
0.17241567373275757
0.3481697738170624
0.39984768629074097
0.04667654633522034
0.18705087900161743
0.2736241817474365
0.13337713479995728
0.2687325179576874
0.09968230128288269
0.1944703608751297
0.17644721269607544
0.20019778609275818
0.2243194729089737
0.18026897311210632
0.10227154940366745
0.10228978097438812
0.20928388833999634
0.09173383563756943
0.20363113284111023
0.19266319274902344
0.08894890546798706
0.17969949543476105
0.09156352281570435
0.16362865269184113
0.23065143823623657
0.049587640911340714
0.2835374176502228
0.0777411237359047
0.09832823276519775
0.00951711181551218
0.1469312608242035
0.41416820883750916
0.09673057496547699
0.1259511113166809
0.058443862944841385
0.12436960637569427
0.20818530023097992
0.3602079153060913
0.19112242758274078
0.071318618953228
0.1907322108745575
0.12765736877918243
0.1989293247461319
0.20446455478668213
0.18245968222618103
0.26588135957717896
0.22331339120864868
0.3091367185115814
0.16484665870666504
0.11483403295278549
0.11967357248067856
0.1631408929824829
0.17081567645072937
0.19465044140815735
0.079913429915905
0.08132685720920563
0.2065860480070114
0.07870063185691833
0.09525850415229797
0.18435101211071014
0.28625500202178955
0.1889052391052246
0.1055135652422905
0.09747373312711716
0.17952682077884674
0.0892787054181099
0.2240842580795288
0.09768620133399963
0.19235605001449585
0.07156253606081009
0.1491135209798813
0.16917061805725098
0.11072633415460587
0.18993079662322998
0.10840512067079544
0.1219911277294159
0.17927908897399902
0.11384505778551102
0.20408512651920319
0.07662050426006317
0.2597558796405792
0.1746995747089386
0.053451232612133026
0.36410999298095703
0.039775777608156204
0.23364946246147156
0.28392115235328674
0.08732332289218903
0.13408367335796356
0.15626993775367737
0.18590454757213593
0.133815735578537
0.1302911937236786
0.22713758051395416
0.19897609949111938
0.17597654461860657
0.10441382229328156
0.15509578585624695
0.1659487634897232
0.19162589311599731
0.18937668204307556
0.011308185756206512
0.09794896841049194
0.10106589645147324
0.1609077900648117
0.2036052644252777
0.1765868365764618
0.19508253037929535
0.1594582051038742
0.12416475266218185
0.19471493363380432
0.02175234630703926
0.09994108974933624
0.03439317271113396
0.1882939338684082
0.23518909513950348
0.21300286054611206
0.20469605922698975
0.28122907876968384
0.17923907935619354
0.2081279158592224
0.2296120971441269
0.25492367148399353
0.20961426198482513
0.21505844593048096
0.18256546556949615
0.11482147127389908
0.21150164306163788
0.21423158049583435
0.1154802143573761
0.21212519705295563
0.12947691977024078
0.1584063619375229
0.1342160999774933
0.2249414473772049
0.13660873472690582
0.18194782733917236
0.22941990196704865
0.2260013073682785
0.0467054545879364
0.20714247226715088
0.25758466124534607
0.11167393624782562
0.06519535183906555
0.21885672211647034
0.1839454174041748
0.1849360466003418
0.08882138878107071
0.13630348443984985
0.053231131285429
0.1353791207075119
0.16907469928264618
0.1651686429977417
0.24282245337963104
0.17782853543758392
0.22188980877399445
0.0908547043800354
0.1865130364894867
0.18026350438594818
0.22076275944709778
0.0951293557882309
0.14128443598747253
0.24489134550094604
0.2155405730009079
0.18314145505428314
0.02370995283126831
0.11021465808153152
0.1541932225227356
0.12807630002498627
0.10699529200792313
0.17507334053516388
0.3104736804962158
0.27273908257484436
0.2022663950920105
0.286563515663147
0.0398855023086071
0.17470338940620422
0.11074336618185043
0.2385072559118271
0.24264512956142426
0.18764188885688782
0.22849398851394653
0.14069359004497528
0.1291991025209427
0.2665291428565979
0.18148565292358398
0.23363161087036133
0.18057353794574738
0.21538306772708893
0.10190635174512863
0.12671159207820892
0.15680745244026184
0.20663976669311523
0.18390338122844696
0.0073501053266227245
0.12073121219873428
0.07642975449562073
0.27052608132362366
0.07966584712266922
0.2555970251560211
0.303171843290329
0.17697665095329285
0.1468673050403595
0.2637683153152466
0.14537793397903442
0.1729477196931839
0.16561710834503174
0.15333686769008636
0.29382240772247314
0.016414016485214233
0.16498211026191711
0.10529077053070068
0.16616752743721008
0.257790207862854
0.1480829119682312
0.18132878839969635
0.30594000220298767
0.2740355432033539
0.22041544318199158
0.07250546663999557
0.28367945551872253
0.14229129254817963
0.1373445987701416
0.1303422749042511
0.13004982471466064
0.11229227483272552
0.2267460823059082
0.12816961109638214
0.09932050853967667
0.2649095356464386
0.09660203009843826
0.14332662522792816
0.25945258140563965
0.04732485115528107
0.15884286165237427
0.18920829892158508
0.1775660365819931
0.064117431640625
0.13596953451633453
0.10617008060216904
0.1168731153011322
0.19932040572166443
0.18914110958576202
0.15032868087291718
0.06476162374019623
0.11413121223449707
0.17659637331962585
0.11005044728517532
0.047709591686725616
0.1748887002468109
0.37467557191848755
0.2919647991657257
0.21891893446445465
0.22718657553195953
0.11163438111543655
0.23992347717285156
0.179687961935997
0.1846957504749298
0.20410844683647156
0.2803018391132355
0.14746132493019104
0.20607076585292816
0.18612496554851532
0.1729654222726822
0.27742743492126465
0.3040813207626343
0.1878707855939865
0.33408695459365845
0.15772520005702972
0.20992760360240936
0.10652335733175278
0.07741532474756241
0.26203855872154236
0.13818404078483582
0.1627955287694931
0.302407830953598
0.08034972101449966
0.04008817300200462
0.1625138521194458
0.20535100996494293
0.13652603328227997
0.2164711356163025
0.29095518589019775
0.2098078578710556
0.1250937283039093
0.11510861665010452
0.12677057087421417
0.25796282291412354
0.10188066214323044
0.2269936054944992
0.1379583179950714
0.20972831547260284
0.17448678612709045
0.20719359815120697
0.22128300368785858
0.19711320102214813
0.18966621160507202
0.21367564797401428
0.2457248568534851
0.011812414973974228
0.23846447467803955
0.27828899025917053
0.3115408718585968
0.21166662871837616
0.38342413306236267
0.1908750683069229
0.1534675806760788
0.2719047963619232
0.030085664242506027
0.1773458570241928
0.17375117540359497
0.10317791253328323
0.010096343234181404
0.20750795304775238
0.09870254993438721
0.09560918062925339
0.34444770216941833
0.11376533657312393
0.23506779968738556
0.23227627575397491
0.2121879905462265
0.1610519140958786
0.06709586083889008
0.0800437182188034
0.026582222431898117
0.1068321093916893
0.2809116840362549
0.1852853149175644
0.11453218758106232
0.16533370316028595
0.15819978713989258
0.2466796338558197
0.11087474226951599
0.1962892860174179
0.09924672544002533
0.1258661448955536
0.17632190883159637
0.13925769925117493
0.0784900113940239
0.20335565507411957
0.25008532404899597
0.08161602914333344
0.21160423755645752
0.09921005368232727
0.1051015555858612
0.14831221103668213
0.15257808566093445
0.25293317437171936
0.17943669855594635
0.0937732458114624
0.18030329048633575
0.19786709547042847
0.2741502523422241
0.13126184046268463
0.10506805777549744
0.15420794486999512
0.07191617041826248
0.006067582406103611
0.2043033391237259
0.1538192480802536
0.2048695832490921
0.0664384588599205
0.39418449997901917
0.13090869784355164
0.23255936801433563
0.104392409324646
0.12779109179973602
0.11105842143297195
0.00611074548214674
0.17835523188114166
0.24734458327293396
0.018699003383517265
0.136172816157341
0.09275976568460464
0.054340213537216187
0.12106700241565704
0.10018652677536011
0.1707436889410019
0.09713499993085861
0.18517132103443146
0.14023292064666748
0.24887533485889435
0.21101687848567963
0.15348702669143677
0.16147591173648834
0.17578408122062683
0.3688131868839264
0.21371616423130035
0.07138877362012863
0.05027494207024574
0.08363460749387741
0.1580754965543747
0.15957193076610565
0.16007530689239502
0.339170902967453
0.21710895001888275
0.18853646516799927
0.19278888404369354
0.11116359382867813
0.19175785779953003
0.35284826159477234
0.12181127071380615
0.10769269615411758
0.14774344861507416
0.2482890784740448
0.14865447580814362
0.14194336533546448
0.03690927475690842
0.12297343462705612
0.1605333685874939
0.2337401807308197
0.1694297343492508
0.17493104934692383
0.1355823576450348
0.11190561205148697
0.1845230758190155
0.10486286878585815
0.10865622013807297
0.2680213451385498
0.20156444609165192
0.2142501175403595
0.22521953284740448
0.1684914231300354
0.1784072071313858
0.0980745255947113
0.15757295489311218
0.20365135371685028
0.07378828525543213
0.014226461760699749
0.27811866998672485
0.04312346503138542
0.13155682384967804
0.17129004001617432
0.11800504475831985
0.1338898092508316
0.08756018429994583
0.14568506181240082
0.2094057947397232
0.14578351378440857
0.16627569496631622
0.17105139791965485
0.08613648265600204
0.35451939702033997
0.1459842473268509
0.1935024857521057
0.10998325794935226
0.04072583466768265
0.15106350183486938
0.09331180155277252
0.1572929471731186
0.1722651720046997
0.24333614110946655
0.268883615732193
0.27550268173217773
0.2229742407798767
0.23258642852306366
0.19451437890529633
0.1960899382829666
0.1226171925663948
0.194175124168396
0.06030518561601639
0.2217431217432022
0.028198324143886566
0.05794253572821617
0.0760427713394165
0.13613341748714447
0.005719516426324844
0.10716184228658676
0.1314951777458191
0.009326999075710773
0.1990138292312622
0.26265236735343933
0.29192665219306946
0.20513185858726501
0.2294870764017105
0.4282064139842987
0.0591779500246048
0.12318725138902664
0.15828336775302887
0.15456946194171906
0.2135312557220459
0.21558909118175507
0.11282800137996674
0.1335706263780594
0.18931135535240173
0.23753514885902405
0.1432594656944275
0.1742425262928009
0.13782936334609985
0.25911086797714233
0.11158976703882217
0.11415734142065048
0.09585650265216827
0.06985722482204437
0.2378123253583908
0.3379952013492584
0.08138568699359894
0.18401917815208435
0.13207487761974335
0.19036051630973816
0.16669519245624542
0.11350879073143005
0.10555489361286163
0.24380308389663696
0.14084383845329285
0.14195288717746735
0.08914478123188019
0.18154145777225494
0.13034048676490784
0.17061130702495575
0.205133318901062
0.1737261861562729
0.10305091738700867
0.24354323744773865
0.21932987868785858
0.154091015458107
0.12154539674520493
0.21695691347122192
0.32745617628097534
0.036762088537216187
0.32662761211395264
0.15088731050491333
0.08321551978588104
0.14720800518989563
0.11888580024242401
0.09186679869890213
0.18845170736312866
0.19741415977478027
0.22572539746761322
0.21474261581897736
0.13975735008716583
0.19605574011802673
0.2405714988708496
0.040435679256916046
0.3438611328601837
0.24800969660282135
0.14582763612270355
0.18236815929412842
0.09552525728940964
0.23787400126457214
0.0726504772901535
0.060654960572719574
0.1742689609527588
0.20052115619182587
0.09070660173892975
0.22675451636314392
0.2686315178871155
0.07859023660421371
0.11055053025484085
0.1709994524717331
0.17897877097129822
0.20675145089626312
0.23993167281150818
0.15704694390296936
0.07748883962631226
0.018395179882645607
0.4909285306930542
0.19164907932281494
0.2017626315355301
0.21080288290977478
0.09583543986082077
0.23709046840667725
0.1463765799999237
0.19966042041778564
0.09204451739788055
0.1838219165802002
0.10586600005626678
0.1820307970046997
0.18261297047138214
0.2347673624753952
0.23964329063892365
0.19146746397018433
0.1059284657239914
0.1926773488521576
0.14391125738620758
0.11531602591276169
0.18004749715328217
0.07351817935705185
0.12248504906892776
0.45923376083374023
0.1744505912065506
0.15358632802963257
0.11963777989149094
0.17328763008117676
0.14790523052215576
0.17826059460639954
0.11597168445587158
0.11871890723705292
0.207351952791214
0.29819974303245544
0.23071403801441193
0.163589745759964
0.21486029028892517
0.2177933305501938
0.02818499132990837
0.1690254658460617
0.11900174617767334
0.08035210520029068
0.212056502699852
0.13072167336940765
0.3695874810218811
0.10764238983392715
0.12404068559408188
0.2359786033630371
0.13201044499874115
0.2575502097606659
0.1888047456741333
0.211552694439888
0.097648024559021
0.12242051959037781
0.15074221789836884
0.24143680930137634
0.15153798460960388
0.18768523633480072
0.23391573131084442
0.08397131413221359
0.12574994564056396
0.37541502714157104
0.20341745018959045
0.19955313205718994
0.11410757154226303
0.10583582520484924
0.11758468300104141
0.33358776569366455
0.2593095898628235
0.09189119935035706
0.2019212543964386
0.26587894558906555
0.13981537520885468
0.20923972129821777
0.19572165608406067
0.1377025991678238
0.15540660917758942
0.1311718374490738
0.20366398990154266
0.16989727318286896
0.22655096650123596
0.17030684649944305
0.25114360451698303
0.19930990040302277
0.06587230414152145
0.12197340279817581
0.21596933901309967
0.20537827908992767
0.1328534185886383
0.09421160072088242
0.3560643196105957
0.32854071259498596
0.1578691452741623
0.05908552184700966
0.09796079248189926
0.1434389352798462
0.19172541797161102
0.12688465416431427
0.22958508133888245
0.2129056602716446
0.12936639785766602
0.15153412520885468
0.3708263635635376
0.1549489051103592
0.11664636433124542
0.23505334556102753
0.38088053464889526
0.2849358916282654
0.22412683069705963
0.18319618701934814
0.13467799127101898
0.1408018320798874
0.15808065235614777
0.17456020414829254
0.23778076469898224
0.18126894533634186
0.10539411008358002
0.2637958228588104
0.09010770171880722
0.22417132556438446
0.0880165696144104
0.21322894096374512
0.1364063173532486
0.07820165902376175
0.20673850178718567
0.06712556630373001
0.24365873634815216
0.1093076691031456
0.1310168355703354
0.24267929792404175
0.09988736361265182
0.07268151640892029
0.07958294451236725
0.20995958149433136
0.013231123797595501
0.13820156455039978
0.04710531607270241
0.22843727469444275
0.23529964685440063
0.1613542139530182
0.10683851689100266
0.17274580895900726
0.19276268780231476
0.2250785380601883
0.16955672204494476
0.20922042429447174
0.13414236903190613
0.13690318167209625
0.18443940579891205
0.07362117618322372
0.22561445832252502
0.18516477942466736
0.19268736243247986
0.1158708930015564
0.28771159052848816
0.1949489265680313
0.2621508240699768
0.27916333079338074
0.10708580911159515
0.31863993406295776
0.18430225551128387
0.18078240752220154
0.11849861592054367
0.14473079144954681
0.22805680334568024
0.035009827464818954
0.016275130212306976
0.11231482028961182
0.14561963081359863
0.14362429082393646
0.1549685299396515
0.3572593331336975
0.08655980229377747
0.25463926792144775
0.19649924337863922
0.1791914999485016
0.1490720808506012
0.013371394947171211
0.17596837878227234
0.10331811755895615
0.18753643333911896
0.027156269177794456
0.12488409131765366
0.06762994080781937
0.1697385460138321
0.250460684299469
0.3121466338634491
0.15783779323101044
0.026780907064676285
0.17676964402198792
0.25526824593544006
0.16795222461223602
0.16044442355632782
0.1997000277042389
0.03505207970738411
0.18476511538028717
0.2383618801832199
0.18546606600284576
0.17920181155204773
0.18521133065223694
0.21187394857406616
0.08240822702646255
0.19983811676502228
0.2759785056114197
0.22429001331329346
0.22529993951320648
0.16256767511367798
0.2397947758436203
0.15587235987186432
0.19032466411590576
0.0956297442317009
0.1386173814535141
0.12417914718389511
0.22691205143928528
0.08172638714313507
0.150618776679039
0.23824338614940643
0.15833021700382233
0.15504421293735504
0.12342998385429382
0.08510785549879074
0.16628576815128326
0.08116770535707474
0.2502587139606476
0.2925166189670563
0.16634398698806763
0.019871965050697327
0.22712580859661102
0.12221790850162506
0.08243925124406815
0.08789467811584473
0.19013702869415283
0.1332939863204956
0.1997584104537964
0.18633335828781128
0.09894266724586487
0.07429419457912445
0.14484626054763794
0.2734939754009247
0.16070951521396637
0.2812524139881134
0.21988974511623383
0.24605754017829895
0.29921361804008484
0.0838286280632019
0.23878741264343262
0.16485163569450378
0.24200007319450378
0.22956539690494537
0.0803869366645813
0.2699747085571289
0.20872274041175842
0.16247975826263428
0.17003409564495087
0.04483439773321152
0.011458214372396469
0.08673009276390076
0.0643186941742897
0.24217857420444489
0.21852201223373413
0.12410807609558105
0.12725427746772766
0.19455593824386597
0.16305886209011078
0.12803418934345245
0.09151145815849304
0.05247560143470764
0.24458646774291992
0.16620519757270813
0.1612202227115631
0.13159869611263275
0.25542446970939636
0.22625797986984253
0.16638106107711792
0.021270878612995148
0.10339170694351196
0.24101926386356354
0.1972036063671112
0.21395303308963776
0.21602393686771393
0.12638753652572632
0.11437015235424042
0.07847175002098083
0.16378259658813477
0.17357522249221802
0.07174596190452576
0.20671162009239197
0.31921154260635376
0.09855597466230392
0.11599873006343842
0.013058184646070004
0.08086282014846802
0.1416090875864029
0.18345454335212708
0.06748026609420776
0.20906400680541992
0.12179449200630188
0.24985937774181366
0.13908372819423676
0.20975860953330994
0.14635372161865234
0.185237318277359
0.1625286489725113
0.22370600700378418
0.11512027680873871
0.08420258015394211
0.16359765827655792
0.12673820555210114
0.21058660745620728
0.2640659511089325
0.14217890799045563
0.1340886354446411
0.21501095592975616
0.1876789629459381
0.1052105724811554
0.11765456944704056
0.128841832280159
0.19697223603725433
0.16921411454677582
0.17075440287590027
0.012613320723176003
0.13386303186416626
0.12117551267147064
0.11967769265174866
0.1267048567533493
0.31646761298179626
0.2461855113506317
0.15314342081546783
0.16410182416439056
0.09919025003910065
0.1428307145833969
0.16316567361354828
0.23034119606018066
0.14431896805763245
0.1572226881980896
0.19052526354789734
0.10105825960636139
0.06507338583469391
0.22229823470115662
0.09864282608032227
0.10276509076356888
0.19414669275283813
0.09345850348472595
0.16523267328739166
0.18981683254241943
0.20299941301345825
0.1911618858575821
0.0321357399225235
0.16739235818386078
0.14005282521247864
0.19754379987716675
0.08525700867176056
0.10115288943052292
0.2590706944465637
0.05886775627732277
0.1464385837316513
0.0786983072757721
0.12086242437362671
0.18326418101787567
0.07390719652175903
0.07767248898744583
0.2608032822608948
0.15258260071277618
0.38801097869873047
0.10398735105991364
0.02946433052420616
0.14451733231544495
0.2981940507888794
0.22303998470306396
0.1597207486629486
0.09134209156036377
0.11538185924291611
0.16718372702598572
0.1857912838459015
0.015103224664926529
0.05292404070496559
0.14570997655391693
0.1776018589735031
0.16066397726535797
0.21987080574035645
0.20501191914081573
0.08633505553007126
0.09613431990146637
0.12071594595909119
0.1996588408946991
0.18876515328884125
0.12625400722026825
0.4042676091194153
0.13707594573497772
0.0755191296339035
0.18527047336101532
0.13156652450561523
0.11621571332216263
0.23677238821983337
0.18289059400558472
0.08523380011320114
0.19836322963237762
0.18153953552246094
0.08640597760677338
0.09832721203565598
0.12204895913600922
0.08402784913778305
0.27508822083473206
0.027405019849538803
0.13815796375274658
0.20373806357383728
0.14714691042900085
0.1680760532617569
0.20556792616844177
0.14633437991142273
0.12211734056472778
0.03293260559439659
0.021947849541902542
0.24557821452617645
0.1511310338973999
0.21079276502132416
0.10779456794261932
0.06887728720903397
0.2699478566646576
0.1442584991455078
0.01223071664571762
0.14350610971450806
0.22550645470619202
0.1352645307779312
0.25821587443351746
0.23377728462219238
0.1255026012659073
0.20911109447479248
0.01863594725728035
0.33630943298339844
0.17753401398658752
0.11432162672281265
0.10243824869394302
0.13057994842529297
0.18369555473327637
0.18461893498897552
0.13129658997058868
0.1584981381893158
0.29412809014320374
0.14137804508209229
0.1394941359758377
0.330086886882782
0.09494168311357498
0.135664165019989
0.15859544277191162
0.11061760783195496
0.23028342425823212
0.04151466488838196
0.09569504112005234
0.03170638531446457
0.2754361629486084
0.12717752158641815
0.005204681772738695
0.32211053371429443
0.30248865485191345
0.2666800916194916
0.24632661044597626
0.25346291065216064
0.15046533942222595
0.1933135837316513
0.17876383662223816
0.04758699983358383
0.17575772106647491
0.24220319092273712
0.26477351784706116
0.11307107657194138
0.13781411945819855
0.18334797024726868
0.14770305156707764
0.20522437989711761
0.09391271322965622
0.11210157722234726
0.224154531955719
0.21201807260513306
0.27915123105049133
0.19398339092731476
0.2488304227590561
0.18824061751365662
0.11464738100767136
0.18269339203834534
0.12576206028461456
0.10374272614717484
0.17959199845790863
0.11508242040872574
0.1879543662071228
0.12384047359228134
0.1515434831380844
0.16876612603664398
0.3187426030635834
0.09799638390541077
0.4763406813144684
0.05993996560573578
0.24910102784633636
0.14533652365207672
0.10924064368009567
0.24647697806358337
0.2212541103363037
0.15269184112548828
0.20614999532699585
0.26419028639793396
0.20371130108833313
0.22413533926010132
0.23635222017765045
0.2075800597667694
0.15961813926696777
0.1472053825855255
0.17530414462089539
0.17940391600131989
0.17658111453056335
0.13693101704120636
0.24990780651569366
0.1507987380027771
0.2552032470703125
0.19738009572029114
0.1640641689300537
0.025178875774145126
0.1357453614473343
0.278394877910614
0.17620617151260376
0.11919014900922775
0.03631399944424629
0.24654078483581543
0.2618420124053955
0.21820244193077087
0.11920447647571564
0.21415768563747406
0.21583610773086548
0.21880009770393372
0.20925447344779968
0.2328004688024521
0.23120036721229553
0.193349227309227
0.17065411806106567
0.09952942281961441
0.2040109634399414
0.17317290604114532
0.16524097323417664
0.11528405547142029
0.10801365226507187
0.16066871583461761
0.1188642829656601
0.19716987013816833
0.08259060978889465
0.1240571066737175
0.21246366202831268
0.20331022143363953
0.1806616634130478
0.14101390540599823
0.32893452048301697
0.193650484085083
0.07537195831537247
0.06120677292346954
0.25361502170562744
0.10625401884317398
0.0592426098883152
0.15529245138168335
0.26967301964759827
0.07234148681163788
0.20912648737430573
0.18665292859077454
0.0802396684885025
0.10878171026706696
0.24126732349395752
0.31031689047813416
0.1668170690536499
0.180686816573143
0.07832298427820206
0.05376264825463295
0.057688888162374496
0.25661978125572205
0.21421556174755096
0.07980004698038101
0.1248193085193634
0.19017986953258514
0.283670574426651
0.10751448571681976
0.15919825434684753
0.211175799369812
0.20393963158130646
0.11133389919996262
0.11215675622224808
0.1640416979789734
0.14365126192569733
0.21291643381118774
0.19594861567020416
0.07175364345312119
0.007638129405677319
0.13236553966999054
0.16685380041599274
0.04676097258925438
0.04931018128991127
0.28422898054122925
0.21764639019966125
0.08237481862306595
0.2235153317451477
0.19368907809257507
0.16907618939876556
0.03351607918739319
0.11248712986707687
0.14532776176929474
0.18570944666862488
0.18409328162670135
0.038948412984609604
0.14676916599273682
0.07295116037130356
0.16577567160129547
0.20803801715373993
0.13829855620861053
0.2652464509010315
0.1986042559146881
0.06913286447525024
0.077551931142807
0.13961249589920044
0.07327353209257126
0.11894182115793228
0.1749759167432785
0.20088990032672882
0.152533158659935
0.29581230878829956
0.091380774974823
0.27966052293777466
0.25334614515304565
0.12539227306842804
0.21346785128116608
0.17586497962474823
0.15137720108032227
0.17855744063854218
0.27619123458862305
0.043268851935863495
0.19811764359474182
0.15937472879886627
0.23995468020439148
0.22832505404949188
0.16379234194755554
0.14727139472961426
0.13862313330173492
0.0969880148768425
0.16753742098808289
0.22177115082740784
0.11069235950708389
0.1080697625875473
0.04699696972966194
0.09615543484687805
0.11909083276987076
0.1722598373889923
0.0074719758704304695
0.3366931974887848
0.17782503366470337
0.43663662672042847
0.2532478868961334
0.13744837045669556
0.18316330015659332
0.11925315111875534
0.22826065123081207
0.19004704058170319
0.06221076473593712
0.33408886194229126
0.1645691841840744
0.14382211863994598
0.15746793150901794
0.1500590592622757
0.09672027081251144
0.2228003740310669
0.2667587101459503
0.1542760133743286
0.19123564660549164
0.2169656753540039
0.11261312663555145
0.12774839997291565
0.14289158582687378
0.10184497386217117
0.07870564609766006
0.05088939145207405
0.3681807219982147
0.19576960802078247
0.0967329889535904
0.07264125347137451
0.1370130181312561
0.20276328921318054
0.26436150074005127
0.27376776933670044
0.14301033318042755
0.21680882573127747
0.16213253140449524
0.1371050924062729
0.12389925867319107
0.3575180470943451
0.07530034333467484
0.12958157062530518
0.20781353116035461
0.1753922551870346
0.16836108267307281
0.08839638531208038
0.21616604924201965
0.33229222893714905
0.18452705442905426
0.26224514842033386
0.14207063615322113
0.1054476946592331
0.21918010711669922
0.16790926456451416
0.24611105024814606
0.09738236665725708
0.16018547117710114
0.19099165499210358
0.07485877722501755
0.17504552006721497
0.21898746490478516
0.25549450516700745
0.13495254516601562
0.1979660540819168
0.2855192720890045
0.15704095363616943
0.23213766515254974
0.1659303456544876
0.0871003270149231
0.23373036086559296
0.046202946454286575
0.11951260268688202
0.13702915608882904
0.12536635994911194
0.15930208563804626
0.19939449429512024
0.20961414277553558
0.0976671501994133
0.27675142884254456
0.14871548116207123
0.1642322987318039
0.043869275599718094
0.21527986228466034
0.08337804675102234
0.22230172157287598
0.21848803758621216
0.19515447318553925
0.15487147867679596
0.12655867636203766
0.31983664631843567
0.12079086899757385
0.19704705476760864
0.12543226778507233
0.07582532614469528
0.07842295616865158
0.21384353935718536
0.14908556640148163
0.1711948662996292
0.2945913076400757
0.1813105344772339
0.12197782099246979
0.39965158700942993
0.06653910130262375
0.13056762516498566
0.146516352891922
0.12297526746988297
0.13390624523162842
0.12006058543920517
0.157871276140213
0.18074575066566467
0.027714544907212257
0.09963105618953705
0.14874866604804993
0.015161118470132351
0.07214201241731644
0.17587286233901978
0.08492865413427353
0.1323811262845993
0.10558934509754181
0.25726473331451416
0.35768526792526245
0.1089223101735115
0.13291162252426147
0.10493602603673935
0.17834176123142242
0.20607027411460876
0.17157167196273804
0.0736735537648201
0.04230170324444771
0.4165807366371155
0.18325471878051758
0.06354745477437973
0.17569558322429657
0.09633757919073105
0.20051951706409454
0.16840721666812897
0.16238439083099365
0.13792622089385986
0.20365890860557556
0.23039577901363373
0.14601823687553406
0.27002567052841187
0.1213267371058464
0.1566852182149887
0.19140920042991638
0.1824045181274414
0.24442702531814575
0.14458970725536346
0.04288896918296814
0.13025784492492676
0.07457664608955383
0.06889152526855469
0.010993821546435356
0.29344719648361206
0.14859336614608765
0.05325786769390106
0.07065875083208084
0.23803114891052246
0.1456660032272339
0.2602958381175995
0.2383039891719818
0.253639280796051
0.09834646433591843
0.0908784568309784
0.14905592799186707
0.24727118015289307
0.10767140984535217
0.20017123222351074
0.15888115763664246
0.19412173330783844
0.17564764618873596
0.21353918313980103
0.12160544097423553
0.1386069357395172
0.08067643642425537
0.17235730588436127
0.1892419457435608
0.057606007903814316
0.24893224239349365
0.1331648826599121
0.16114293038845062
0.16601811349391937
0.11359327286481857
0.19701115787029266
0.08420751988887787
0.08512682467699051
0.08562634885311127
0.24459491670131683
0.35400113463401794
0.05978412553668022
0.184798002243042
0.09674875438213348
0.2003108412027359
0.2453799843788147
0.09280211478471756
0.24110828340053558
0.19334301352500916
0.11027078330516815
0.18692296743392944
0.185562402009964
0.19126084446907043
0.129070445895195
0.42536744475364685
0.2007981389760971
0.13952228426933289
0.11494319140911102
0.2276810109615326
0.043283406645059586
0.20147207379341125
0.02034606784582138
0.17738986015319824
0.16471408307552338
0.21118339896202087
0.21034422516822815
0.1698671281337738
0.21757005155086517
0.3426316976547241
0.16685356199741364
0.06875573843717575
0.22034631669521332
0.22034578025341034
0.1430881917476654
0.2030727118253708
0.14049531519412994
0.22211940586566925
0.1993710994720459
0.3173545002937317
0.2488556206226349
0.1165754497051239
0.1625310629606247
0.2375914603471756
0.28298333287239075
0.04568915069103241
0.10990957915782928
0.17467822134494781
0.13375477492809296
0.1371995359659195
0.16929446160793304
0.28253310918807983
0.22718647122383118
0.10480059683322906
0.16640925407409668
0.21680082380771637
0.18276891112327576
0.19844429194927216
0.16611437499523163
0.281430184841156
0.2526639401912689
0.10438566654920578
0.22229117155075073
0.10104440897703171
0.12253056466579437
0.10899017751216888
0.2934547960758209
0.08024036139249802
0.2028619796037674
0.25176140666007996
0.16986623406410217
0.319465309381485
0.14958880841732025
0.07994038611650467
0.13550643622875214
0.10617178678512573
0.24348486959934235
0.15372401475906372
0.3252706527709961
0.09476206451654434
0.188723623752594
0.1748245805501938
0.10099821537733078
0.15409018099308014
0.13138198852539062
0.20569778978824615
0.04581354558467865
0.16216012835502625
0.09079419821500778
0.038081809878349304
0.12120603024959564
0.10719811916351318
0.1740996390581131
0.15179003775119781
0.027652975171804428
0.25870630145072937
0.049006395041942596
0.06925777345895767
0.1172877848148346
0.1972527801990509
0.06262176483869553
0.14892032742500305
0.08356506377458572
0.36080804467201233
0.21792122721672058
0.08574569225311279
0.26586905121803284
0.07036973536014557
0.1912357062101364
0.3208586275577545
0.17673707008361816
0.11847348511219025
0.1443348377943039
0.3333101272583008
0.22457243502140045
0.0844898447394371
0.18323372304439545
0.20616568624973297
0.27990537881851196
0.14521177113056183
0.18036572635173798
0.14785657823085785
0.23333701491355896
0.131058469414711
0.13200467824935913
0.22252728044986725
0.11337026208639145
0.44285207986831665
0.08315927535295486
0.25446805357933044
0.1012284904718399
0.1269790083169937
0.18509091436862946
0.024692995473742485
0.23084403574466705
0.17314447462558746
0.02252085693180561
0.21404209733009338
0.19206830859184265
0.13929997384548187
0.06345558911561966
0.24524490535259247
0.11052573472261429
0.30004727840423584
0.13255494832992554
0.38528120517730713
0.22138027846813202
0.12267256528139114
0.14400458335876465
0.1474122852087021
0.010310240089893341
0.12847276031970978
0.05028723180294037
0.030866282060742378
0.10247838497161865
0.2723826766014099
0.18620336055755615
0.1783454269170761
0.24318887293338776
0.19834649562835693
0.14264295995235443
0.2582150995731354
0.13649000227451324
0.2894536554813385
0.1981908679008484
0.17986421287059784
0.26412951946258545
0.18183310329914093
0.1316375434398651
0.15389305353164673
0.0872776210308075
0.12112288177013397
0.19661056995391846
0.059789612889289856
0.10833925753831863
0.3170916438102722
0.08313979208469391
0.236558198928833
0.1939937174320221
0.14910617470741272
0.2068524807691574
0.2580847144126892
0.20144252479076385
0.10586488246917725
0.09377758949995041
0.1816871017217636
0.07937189936637878
0.10639844834804535
0.11247869580984116
0.09477102011442184
0.22112099826335907
0.1122271716594696
0.11438781023025513
0.19907693564891815
0.2122153788805008
0.18356873095035553
0.22546601295471191
0.17403961718082428
0.19514326751232147
0.0752488225698471
0.15337827801704407
0.22038866579532623
0.12464827299118042
0.17992517352104187
0.16122597455978394
0.09089287370443344
0.15448667109012604
0.10799042880535126
0.20421697199344635
0.06350990384817123
0.1234142854809761
0.21222372353076935
0.26753517985343933
0.17272622883319855
0.17432358860969543
0.1961873322725296
0.21615679562091827
0.38112834095954895
0.09095331281423569
0.2905292510986328
0.26676225662231445
0.1370929330587387
0.19689080119132996
0.220524400472641
0.22667530179023743
0.15065768361091614
0.05460217967629433
0.012406444177031517
0.17955268919467926
0.12891581654548645
0.2659273147583008
0.16916635632514954
0.0546879805624485
0.16509701311588287
0.2401963174343109
0.2771133780479431
0.1415921300649643
0.16716717183589935
0.09632492810487747
0.19447119534015656
0.08009752631187439
0.15072886645793915
0.31355929374694824
0.1665002703666687
0.11542917788028717
0.08532237261533737
0.16207142174243927
0.12775690853595734
0.13610832393169403
0.2923799753189087
0.22272108495235443
0.26108312606811523
0.23233109712600708
0.0814983919262886
0.17294619977474213
0.13903386890888214
0.21579104661941528
0.1594628393650055
0.09418273717164993
0.07247982919216156
0.30254948139190674
0.09077992290258408
0.23262885212898254
0.2194383144378662
0.23503577709197998
0.01598287932574749
0.248373344540596
0.10625758022069931
0.1880982518196106
0.13518601655960083
0.22992537915706635
0.023314816877245903
0.20472800731658936
0.10123477876186371
0.16452018916606903
0.13437677919864655
0.09997643530368805
0.17986264824867249
0.14609329402446747
0.16590823233127594
0.07060068845748901
0.1787736415863037
0.14643444120883942
0.07025761157274246
0.3089185953140259
0.15466375648975372
0.21839766204357147
0.04911358654499054
0.4024309813976288
0.20682033896446228
0.23208625614643097
0.008873850107192993
0.17005126178264618
0.15501689910888672
0.0940663143992424
0.012101331725716591
0.11015711724758148
0.37468811869621277
0.2572551965713501
0.1106204017996788
0.17832042276859283
0.05725659802556038
0.10782131552696228
0.24246273934841156
0.2754083573818207
0.1982496976852417
0.1419641375541687
0.019703742116689682
0.1774108111858368
0.20224791765213013
0.1719067096710205
0.24609215557575226
0.016921523958444595
0.22227433323860168
0.1844092309474945
0.23121485114097595
0.19553561508655548
0.1713392287492752
0.15235337615013123
0.20888838171958923
0.14048437774181366
0.016865838319063187
0.23975297808647156
0.09096237272024155
0.18618357181549072
0.23227259516716003
0.24537207186222076
0.1850520819425583
0.1457505226135254
0.1871282458305359
0.22219803929328918
0.22629158198833466
0.1945561319589615
0.08636297285556793
0.013727329671382904
0.15735502541065216
0.137830451130867
0.2195754498243332
0.07912394404411316
0.06940241903066635
0.19927991926670074
0.1568504124879837
0.14114198088645935
0.14263246953487396
0.12771564722061157
0.07560904324054718
0.11190703511238098
0.2390221655368805
0.08560384809970856
0.18222634494304657
0.10186931490898132
0.17060747742652893
0.1673325002193451
0.06962935626506805
0.08601982891559601
0.23108448088169098
0.18556095659732819
0.19925004243850708
0.15147128701210022
0.2366907149553299
0.24572432041168213
0.15361589193344116
0.12332595139741898
0.14822308719158173
0.1900484710931778
0.21695077419281006
0.27598729729652405
0.08854657411575317
0.0383126363158226
0.16909784078598022
0.10454627126455307
0.17003068327903748
0.15111172199249268
0.1751173585653305
0.1519046127796173
0.12487662583589554
0.2195863276720047
0.19305768609046936
0.12451907992362976
0.16776344180107117
0.18118682503700256
0.17802794277668
0.1831607222557068
0.18518808484077454
0.20575857162475586
0.11810282617807388
0.16468559205532074
0.15696029365062714
0.09282476454973221
0.09586325287818909
0.11996245384216309
0.11042487621307373
0.4574035406112671
0.08796128630638123
0.1453852504491806
0.14695093035697937
0.07701476663351059
0.22102339565753937
0.16474010050296783
0.22006697952747345
0.05435997620224953
0.26741650700569153
0.216074138879776
0.10085020959377289
0.15021546185016632
0.17559866607189178
0.12364713102579117
0.08351825177669525
0.18594583868980408
0.14257533848285675
0.0244333203881979
0.054183006286621094
0.16752219200134277
0.28348439931869507
0.2461225986480713
0.21205204725265503
0.08769050985574722
0.2030663639307022
0.20543131232261658
0.12206799536943436
0.17794345319271088
0.1967274397611618
0.19166363775730133
0.10445638000965118
0.16639013588428497
0.21034252643585205
0.23322612047195435
0.09319573640823364
0.22333872318267822
0.034307628870010376
0.1261872500181198
0.027698880061507225
0.1381402462720871
0.1586540937423706
0.014708321541547775
0.08428321778774261
0.18456818163394928
0.0513235367834568
0.17465752363204956
0.2790769040584564
0.10048419237136841
0.01001540757715702
0.24980409443378448
0.01530664972960949
0.14761635661125183
0.14035159349441528
0.07566383481025696
0.19250056147575378
0.1593087762594223
0.203712597489357
0.19210229814052582
0.06904132664203644
0.16523078083992004
0.09283026307821274
0.12389583885669708
0.13293865323066711
0.18545764684677124
0.06869853287935257
0.13743121922016144
0.20069360733032227
0.06662362813949585
0.029324572533369064
0.11910589039325714
0.1854722499847412
0.11563985794782639
0.24148091673851013
0.23364393413066864
0.24530841410160065
0.19955067336559296
0.022810429334640503
0.1845896691083908
0.239445298910141
0.08059480041265488
0.16804423928260803
0.2563121020793915
0.25521352887153625
0.1429898887872696
0.1093943789601326
0.06456301361322403
0.1502794772386551
0.1133512407541275
0.14714296162128448
0.24852244555950165
0.22208386659622192
0.18928493559360504
0.24615530669689178
0.09646149724721909
0.14757786691188812
0.10665275156497955
0.3468136787414551
0.20166178047657013
0.13368761539459229
0.09071051329374313
0.18763859570026398
0.17417187988758087
0.10397010296583176
0.3132697641849518
0.043873902410268784
0.16872583329677582
0.07063715904951096
0.23713721334934235
0.27816182374954224
0.14731265604496002
0.15482307970523834
0.13466739654541016
0.32486021518707275
0.2454330176115036
0.18478398025035858
0.20855005085468292
0.11138390749692917
0.1507485806941986
0.21898028254508972
0.032073166221380234
0.09213952720165253
0.19925294816493988
0.223934143781662
0.29217714071273804
0.025574948638677597
0.2764844000339508
0.26506638526916504
0.1834682673215866
0.10800395905971527
0.24359527230262756
0.15667931735515594
0.10996326059103012
0.21455532312393188
0.07029636949300766
0.2044478803873062
0.2619389593601227
0.1578051745891571
0.12467841058969498
0.226188525557518
0.17427781224250793
0.16677036881446838
0.11776229739189148
0.1212419793009758
0.07150575518608093
0.10380496084690094
0.10335169732570648
0.22271977365016937
0.19428719580173492
0.241018146276474
0.2505396902561188
0.13252004981040955
0.26108425855636597
0.1385398656129837
0.1189027801156044
0.1533532589673996
0.19678333401679993
0.043053384870290756
0.16972309350967407
0.053125470876693726
0.25109490752220154
0.3026973605155945
0.2834261357784271
0.25271615386009216
0.2232966423034668
0.21418558061122894
0.07435907423496246
0.14789873361587524
0.0985870361328125
0.05243542790412903
0.19641178846359253
0.18175330758094788
0.12125182896852493
0.18313346803188324
0.1861741840839386
0.09844768047332764
0.2250916063785553
0.14072491228580475
0.17341265082359314
0.07578756660223007
0.1016048863530159
0.1798914670944214
0.22869643568992615
0.1919119507074356
0.16857975721359253
0.14879240095615387
0.19777555763721466
0.14946489036083221
0.1439691185951233
0.29960599541664124
0.22070549428462982
0.053704895079135895
0.013429406099021435
0.17617471516132355
0.20362412929534912
0.10548848658800125
0.1494866907596588
0.14911001920700073
0.13313277065753937
0.02084225043654442
0.08339343219995499
0.09391257911920547
0.23716644942760468
0.16632993519306183
0.037151362746953964
0.016909930855035782
0.17656703293323517
0.11628630757331848
0.01030235830694437
0.23450329899787903
0.122064970433712
0.06224522739648819
0.1362529844045639
0.3151249587535858
0.13598284125328064
0.20328572392463684
0.26769137382507324
0.18697653710842133
0.21883442997932434
0.22276067733764648
0.1866762638092041
0.08755341172218323
0.06210875138640404
0.19097721576690674
0.1901465505361557
0.10035282373428345
0.16326302289962769
0.14483220875263214
0.19107024371623993
0.4949474036693573
0.09015046805143356
0.18504659831523895
0.1881452053785324
0.21181948482990265
0.2635769546031952
0.33691221475601196
0.11029540747404099
0.22106091678142548
0.1119048073887825
0.1927177757024765
0.06643926352262497
0.08160337805747986
0.06563860923051834
0.14018112421035767
0.1369083821773529
0.19516611099243164
0.20552170276641846
0.09637004137039185
0.21979066729545593
0.11014076322317123
0.12074083834886551
0.25942516326904297
0.1850348860025406
0.13482828438282013
0.29946190118789673
0.1644165813922882
0.2256419062614441
0.12136507779359818
0.19183366000652313
0.17212259769439697
0.2577120363712311
0.181864932179451
0.19106310606002808
0.20493094623088837
0.11908919364213943
0.2395438253879547
0.15087370574474335
0.16844838857650757
0.11480262130498886
0.1937340795993805
0.09561030566692352
0.07169845700263977
0.146564781665802
0.25942766666412354
0.12487591803073883
0.2868897318840027
0.14448586106300354
0.16338343918323517
0.015937065705657005
0.17371422052383423
0.09829828888177872
0.24267339706420898
0.17945587635040283
0.1531791388988495
0.1372060477733612
0.12848737835884094
0.031409263610839844
0.25505566596984863
0.26827752590179443
0.19929131865501404
0.17404359579086304
0.11914592236280441
0.1341303288936615
0.06886012107133865
0.16327491402626038
0.21811982989311218
0.2515209913253784
0.543769896030426
0.1084149032831192
0.08469986170530319
0.29369959235191345
0.2066129744052887
0.18293850123882294
0.22266586124897003
0.08323050290346146
0.15031173825263977
0.08653276413679123
0.18376599252223969
0.06068900227546692
0.21598419547080994
