1.1647233963012695
0.703478217124939
0.24559222161769867
0.1651262640953064
0.09476900100708008
0.21375709772109985
0.1740562468767166
0.17087480425834656
0.16526296734809875
0.12830577790737152
0.14962731301784515
0.09372492879629135
0.2594597637653351
0.26479142904281616
0.14563477039337158
0.32356229424476624
0.17606696486473083
0.20901721715927124
0.07638811320066452
0.19001290202140808
0.12753243744373322
0.10872964560985565
0.048578448593616486
0.1321313977241516
0.28952327370643616
0.2991526126861572
0.052482396364212036
0.06062687933444977
0.19692286849021912
0.20016559958457947
0.12905244529247284
0.14694851636886597
0.2717326581478119
0.2232038676738739
0.06858980655670166
0.23488907516002655
0.11631804704666138
0.20829004049301147
0.17883336544036865
0.18087127804756165
0.18344374001026154
0.08505740016698837
0.1382216364145279
0.1578645259141922
0.04441877454519272
0.18519042432308197
0.11748487502336502
0.2883742153644562
0.07180926203727722
0.1383150964975357
0.06816436350345612
0.13169412314891815
0.13592958450317383
0.16264504194259644
0.11448390036821365
0.11278156191110611
0.14312028884887695
0.08413241803646088
0.3121291995048523
0.09077319502830505
0.30975282192230225
0.267583429813385
0.19514714181423187
0.0951300710439682
0.2319747805595398
0.07319434732198715
0.2782982885837555
0.13737553358078003
0.19162482023239136
0.11252725124359131
0.19202673435211182
0.18612070381641388
0.08463842421770096
0.0822145864367485
0.25957992672920227
0.09088414907455444
0.12959985435009003
0.10504648089408875
0.21104823052883148
0.14791223406791687
0.1311909705400467
0.06330669671297073
0.09950266778469086
0.11638861149549484
0.16233599185943604
0.4306167960166931
0.15980805456638336
0.21132032573223114
0.19385045766830444
0.3388236463069916
0.06932321935892105
0.10639406740665436
0.14127938449382782
0.26010552048683167
0.1186535432934761
0.041554998606443405
0.22779890894889832
0.3341313898563385
0.12413875758647919
0.03903593868017197
0.25839442014694214
0.20244073867797852
0.14300908148288727
0.154941126704216
0.16394256055355072
0.32123619318008423
0.17496618628501892
0.2512698173522949
0.14403791725635529
0.07983642816543579
0.08824174106121063
0.17575135827064514
0.291544646024704
0.2049030363559723
0.2998921871185303
0.1649569869041443
0.1963900923728943
0.21108439564704895
0.07665713131427765
0.12780867516994476
0.11366992443799973
0.1221352145075798
0.2878747582435608
0.12541349232196808
0.10179856419563293
0.1945227086544037
0.06596004962921143
0.28359270095825195
0.14856362342834473
0.18753384053707123
0.1193290576338768
0.19902744889259338
0.16310861706733704
0.1540640890598297
0.06426794081926346
0.19070936739444733
0.07691901922225952
0.08506456017494202
0.16703295707702637
0.09637964516878128
0.13491331040859222
0.09753861278295517
0.20818373560905457
0.15884391963481903
0.1402386724948883
0.25848180055618286
0.11412131786346436
0.14381791651248932
0.06568288058042526
0.11366825550794601
0.1637403815984726
0.21972496807575226
0.5171757340431213
0.19673499464988708
0.06635875254869461
0.107993945479393
0.15189680457115173
0.1297587752342224
0.05089195445179939
0.19106918573379517
0.07039161771535873
0.011222483590245247
0.010246516205370426
0.20714260637760162
0.22018016874790192
0.17884881794452667
0.24651439487934113
0.2044963240623474
0.32066309452056885
0.1089169904589653
0.2367737889289856
0.17114263772964478
0.1967325359582901
0.116000697016716
0.3093406856060028
0.2500087022781372
0.2462264895439148
0.18094168603420258
0.13281932473182678
0.2186245322227478
0.12971526384353638
0.12906479835510254
0.1329355388879776
0.17673733830451965
0.25972357392311096
0.21436308324337006
0.14507317543029785
0.13181661069393158
0.222524955868721
0.1548686921596527
0.18209339678287506
0.16426287591457367
0.10263194888830185
0.17362284660339355
0.18142163753509521
0.11924073100090027
0.2092588245868683
0.15831933915615082
0.13477058708667755
0.2573975920677185
0.30240771174430847
0.20285281538963318
0.15931135416030884
0.15034830570220947
0.11466164141893387
0.201522558927536
0.2722342610359192
0.2575925588607788
0.05023769661784172
0.11770901083946228
0.22484338283538818
0.22140075266361237
0.02814161404967308
0.28934934735298157
0.2428211122751236
0.30045872926712036
0.13351568579673767
0.07291636615991592
0.30215102434158325
0.11736391484737396
0.10941233485937119
0.14500105381011963
0.07039963454008102
0.16881003975868225
0.21893440186977386
0.09318501502275467
0.16396987438201904
0.2043444663286209
0.14804063737392426
0.17509345710277557
0.10738109052181244
0.12042108178138733
0.13077577948570251
0.028184985741972923
0.13226917386054993
0.19655528664588928
0.18709981441497803
0.2985381782054901
0.19601140916347504
0.06848010420799255
0.21653364598751068
0.23491452634334564
0.16874025762081146
0.1374334841966629
0.17383421957492828
0.1381736397743225
0.11248235404491425
0.2971884310245514
0.1818101853132248
0.244431272149086
0.21350131928920746
0.23036126792430878
0.23775720596313477
0.1543058156967163
0.1752678006887436
0.06835264712572098
0.14348310232162476
0.1637580394744873
0.11546894907951355
0.2577539086341858
0.16440920531749725
0.1650683730840683
0.2666721045970917
0.2036944031715393
0.24368706345558167
0.25783148407936096
0.2721702456474304
0.16087307035923004
0.13624261319637299
0.20765267312526703
0.10363418608903885
0.1099260225892067
0.2116098552942276
0.23333926498889923
0.0770362839102745
0.19657497107982635
0.2255442589521408
0.3023556172847748
0.18214355409145355
0.06703492999076843
0.17370352149009705
0.2222951352596283
0.07022645324468613
0.059158459305763245
0.12762793898582458
0.169348806142807
0.10433430969715118
0.20710013806819916
0.14418654143810272
0.3067462146282196
0.2404930740594864
0.02211027964949608
0.26189595460891724
0.21126405894756317
0.1308612823486328
0.15592527389526367
0.12356901168823242
0.2515602111816406
0.28738394379615784
0.1834452599287033
0.13156962394714355
0.20634199678897858
0.22436782717704773
0.15031445026397705
0.08755224943161011
0.13400328159332275
0.09767381101846695
0.1483834981918335
0.1122773140668869
0.04915505647659302
0.188753142952919
0.011651369743049145
0.09247203916311264
0.056307367980480194
0.16021311283111572
0.20037361979484558
0.22097967565059662
0.17859351634979248
0.13306714594364166
0.19459940493106842
0.1697293519973755
0.19794341921806335
0.1918669492006302
0.24882274866104126
0.12051229178905487
0.15677928924560547
0.1888061910867691
0.2438180297613144
0.04316377639770508
0.2843300998210907
0.16032452881336212
0.22612866759300232
0.2004237323999405
0.1442692130804062
0.10696855187416077
0.3376917541027069
0.10278964042663574
0.11989234387874603
0.17532745003700256
0.19121235609054565
0.23986241221427917
0.21028421819210052
0.1222977414727211
0.15138281881809235
0.06731333583593369
0.15856488049030304
0.19710977375507355
0.0937327891588211
0.19177071750164032
0.023646030575037003
0.26124683022499084
0.06834699213504791
0.2156560868024826
0.2898687720298767
0.16826052963733673
0.2945605516433716
0.16647924482822418
0.14848355948925018
0.044395219534635544
0.39014944434165955
0.1598479449748993
0.21798235177993774
0.157673180103302
0.19927597045898438
0.21440133452415466
0.11014512926340103
0.2133350819349289
0.24921807646751404
0.2229129821062088
0.04999621957540512
0.17830516397953033
0.14881440997123718
0.20883023738861084
0.2898833155632019
0.22313013672828674
0.06004459038376808
0.20372898876667023
0.23288960754871368
0.2050723433494568
0.23354902863502502
0.16365022957324982
0.13459011912345886
0.250436931848526
0.1590643674135208
0.1419205218553543
0.1102873757481575
0.16777963936328888
0.011202936060726643
0.18327713012695312
0.10896450281143188
0.09795092046260834
0.22537215054035187
0.19920732080936432
0.24094164371490479
0.10843503475189209
0.14619773626327515
0.15497846901416779
0.03920722007751465
0.26840439438819885
0.1337762176990509
0.17602187395095825
0.14008678495883942
0.24825537204742432
0.08760040253400803
0.1020829901099205
0.1923873871564865
0.28475743532180786
0.2317010760307312
0.231333389878273
0.2385713905096054
0.2430947870016098
0.11139177531003952
0.21704864501953125
0.10484156012535095
0.2862533926963806
0.2185543179512024
0.22866733372211456
0.318835973739624
0.19970110058784485
0.408207505941391
0.31167203187942505
0.22840146720409393
0.2818121314048767
0.11710501462221146
0.315174400806427
0.17784562706947327
0.14444120228290558
0.21018069982528687
0.19302216172218323
0.1474745124578476
0.2844211757183075
0.10864344239234924
0.11937937885522842
0.3968769311904907
0.21152529120445251
0.3059028089046478
0.12235818058252335
0.15032729506492615
0.1560409814119339
0.08569888770580292
0.3396926522254944
0.20775161683559418
0.21378175914287567
0.09307117015123367
0.22880157828330994
0.18591976165771484
0.20587359368801117
0.20929302275180817
0.16034245491027832
0.19008024036884308
0.1537492573261261
0.1595374345779419
0.13636082410812378
0.14564037322998047
0.11336129158735275
0.11609294265508652
0.19755879044532776
0.10006234049797058
0.0034128495026379824
0.21613384783267975
0.1523694545030594
0.08106791973114014
0.10849747061729431
0.18422789871692657
0.12846077978610992
0.12520572543144226
0.037137795239686966
0.22593945264816284
0.21366280317306519
0.2035638988018036
0.22506588697433472
0.21473366022109985
0.10284756869077682
0.23978324234485626
0.06426899880170822
0.11486921459436417
0.0789143294095993
0.1982855349779129
0.00740087078884244
0.22666692733764648
0.14436806738376617
0.0923323854804039
0.11258017271757126
0.01704316958785057
0.2644909620285034
0.1693478226661682
0.08529647439718246
0.22707213461399078
0.13807718455791473
0.15265758335590363
0.07615529000759125
0.1459018737077713
0.2040456384420395
0.1783384531736374
0.23869432508945465
0.1782834827899933
0.15601220726966858
0.2673620879650116
0.13058637082576752
0.16830869019031525
0.06530098617076874
0.15151792764663696
0.2405346930027008
0.36456993222236633
0.1694546937942505
0.16806037724018097
0.046865854412317276
0.27831703424453735
0.21301132440567017
0.05722369626164436
0.13762642443180084
0.1006167009472847
0.08531033992767334
0.2672056555747986
0.16082613170146942
0.1668558269739151
0.12716156244277954
0.08788654953241348
0.11414909362792969
0.17087367177009583
0.18939748406410217
0.2251053750514984
0.22065818309783936
0.034546561539173126
0.2482234686613083
0.12116795033216476
0.16628161072731018
0.14938803017139435
0.20625613629817963
0.20104439556598663
0.21449878811836243
0.22322341799736023
0.26778680086135864
0.24678921699523926
0.09836569428443909
0.2793535888195038
0.24332572519779205
0.14148525893688202
0.18046718835830688
0.17283464968204498
0.2604895830154419
0.16429826617240906
0.09971535205841064
0.520241916179657
0.23330654203891754
0.2672467827796936
0.08330363780260086
0.23531071841716766
0.014029244892299175
0.12763938307762146
0.17841282486915588
0.023919032886624336
0.13547982275485992
0.2252965122461319
0.18721091747283936
0.20070315897464752
0.22853215038776398
0.16418816149234772
0.18277835845947266
0.22434356808662415
0.11138347536325455
0.18053361773490906
0.14995260536670685
0.24372510612010956
0.1812705546617508
0.13470576703548431
0.14691627025604248
0.217171311378479
0.25868451595306396
0.12917329370975494
0.15207912027835846
0.16076862812042236
0.12612533569335938
0.2548242211341858
0.20104311406612396
0.22319358587265015
0.20794042944908142
0.2666639983654022
0.2068461924791336
0.17660169303417206
0.23835526406764984
0.2605081796646118
0.04769226908683777
0.03521228954195976
0.21812106668949127
0.13782618939876556
0.42878660559654236
0.27040064334869385
0.034650567919015884
0.08888798952102661
0.31330007314682007
0.10884806513786316
0.08612678200006485
0.15864108502864838
0.11091657727956772
0.08586323261260986
0.1389072835445404
0.13790908455848694
0.12716615200042725
0.08793506026268005
0.06762345135211945
0.15994349122047424
0.213160902261734
0.13578762114048004
0.008206389844417572
0.2535427510738373
0.043256353586912155
0.060216642916202545
0.1470358520746231
0.08334292471408844
0.10126534849405289
0.145009383559227
0.1501869410276413
0.07518737763166428
0.12308507412672043
0.13423393666744232
0.23776090145111084
0.2238207906484604
0.299820214509964
0.19127722084522247
0.14548704028129578
0.2186925709247589
0.1264307051897049
0.008373563177883625
0.0262079369276762
0.08837027102708817
0.21335631608963013
0.2944056987762451
0.1544303596019745
0.17034293711185455
0.1561829149723053
0.21029183268547058
0.20771722495555878
0.1360337883234024
0.21394774317741394
0.12604935467243195
0.2556183934211731
0.07050439715385437
0.21980366110801697
0.24448426067829132
0.152673602104187
0.17055030167102814
0.25002768635749817
0.22171556949615479
0.12714050710201263
0.13065283000469208
0.1871177703142166
0.12220007926225662
0.019767777994275093
0.16980493068695068
0.23704108595848083
0.1152057871222496
0.17154550552368164
0.17257021367549896
0.09577017277479172
0.12616679072380066
0.10602068156003952
0.008294784463942051
0.0020596212707459927
0.1841239631175995
0.27889901399612427
0.16422726213932037
0.1586165875196457
0.1437695324420929
0.0855899453163147
0.1611568182706833
0.09008517116308212
0.020364606752991676
0.10995481163263321
0.17263667285442352
0.15776191651821136
0.09833672642707825
0.18874889612197876
0.1068231463432312
0.09198484569787979
0.1393364667892456
0.13886982202529907
0.1852346956729889
0.21892645955085754
0.18881192803382874
0.16243934631347656
0.12457996606826782
0.11770094931125641
0.08923520892858505
0.1935986876487732
0.07635729014873505
0.15256041288375854
0.1167648509144783
0.23275038599967957
0.13613684475421906
0.37386512756347656
0.3578587472438812
0.1892077624797821
0.2771415710449219
0.11285444349050522
0.2193422019481659
0.17919981479644775
0.23223747313022614
0.25589999556541443
0.1987922489643097
0.19592012465000153
0.17891468107700348
0.2153102457523346
0.19581134617328644
0.10151165723800659
0.05868663638830185
0.0741891860961914
0.2358289211988449
0.3482113182544708
0.0971771627664566
0.1967644989490509
0.13831956684589386
0.26710519194602966
0.18796291947364807
0.1837460696697235
0.22190527617931366
0.16944018006324768
0.09278659522533417
0.12078230828046799
0.12198927998542786
0.09929805994033813
0.13345882296562195
0.2606159746646881
0.15571682155132294
0.13321097195148468
0.05437827110290527
0.04919689893722534
0.10645695775747299
0.13709022104740143
0.23219214379787445
0.20225407183170319
0.030198603868484497
0.12831823527812958
0.15326067805290222
0.25833451747894287
0.18781255185604095
0.049453068524599075
0.21797704696655273
0.18754376471042633
0.10817625373601913
0.1612296998500824
0.15730318427085876
0.15130078792572021
0.2340015321969986
0.2435072660446167
0.10380718111991882
0.05701533704996109
0.08195499330759048
0.25715702772140503
0.21033790707588196
0.15397517383098602
0.09234040230512619
0.27714183926582336
0.11822211742401123
0.07603707164525986
0.1940656453371048
0.2663845419883728
0.22165629267692566
0.08729449659585953
0.2103850394487381
0.020096052438020706
0.29675859212875366
0.13964904844760895
0.16074495017528534
0.1331499069929123
0.06396644562482834
0.17582152783870697
0.10152346640825272
0.0899624228477478
0.20544439554214478
0.2238805592060089
0.2206198126077652
0.18787238001823425
0.0972810760140419
0.1995038539171219
0.10205287486314774
0.19547101855278015
0.1707090586423874
0.05503161996603012
0.05227590724825859
0.24106653034687042
0.1251302808523178
0.06836361438035965
0.0807923749089241
0.19877539575099945
0.17921467125415802
0.22332915663719177
0.1970512419939041
0.16606515645980835
0.08641505241394043
0.11801385879516602
0.11617659777402878
0.14520733058452606
0.13333821296691895
0.21126756072044373
0.15745937824249268
0.0670531615614891
0.05148995667695999
0.10979492217302322
0.22617937624454498
0.11177796125411987
0.15423065423965454
0.011649866588413715
0.2643187642097473
0.13343766331672668
0.01667311042547226
0.09043467789888382
0.22528238594532013
0.2652722895145416
0.13813376426696777
0.12525084614753723
0.12001150846481323
0.059470564126968384
0.13513390719890594
0.11863189935684204
0.09175118058919907
0.16951681673526764
0.16415999829769135
0.08150538057088852
0.0419636033475399
0.15378710627555847
0.08491715043783188
0.07411724328994751
0.24883826076984406
0.15189366042613983
0.18316029012203217
0.1368345022201538
0.08445687592029572
0.1797133982181549
0.24224501848220825
0.16162773966789246
0.16049611568450928
0.04095831140875816
0.21043293178081512
0.12097980082035065
0.24957484006881714
0.20155572891235352
0.17752034962177277
0.08082013577222824
0.13153919577598572
0.11762747913599014
0.3306617736816406
0.1606786996126175
0.2522165775299072
0.19906887412071228
0.06100815162062645
0.17443794012069702
0.1776302009820938
0.08976186811923981
0.27333709597587585
0.18733787536621094
0.19932059943675995
0.1725599467754364
0.14964160323143005
0.20555239915847778
0.1736569106578827
0.2713843584060669
0.23771727085113525
0.10779041796922684
0.15348388254642487
0.15687264502048492
0.3637169599533081
0.17542947828769684
0.1692093163728714
0.15531282126903534
0.19779354333877563
0.09475742280483246
0.0023771412670612335
0.065548375248909
0.16166630387306213
0.1398957371711731
0.13910192251205444
0.17033690214157104
0.27185678482055664
0.06784074753522873
0.2521161437034607
0.10188740491867065
0.11681783944368362
0.1652827113866806
0.2341606318950653
0.07412589341402054
0.010103721171617508
0.218333899974823
0.01817212998867035
0.2803715467453003
0.07852642983198166
0.16182196140289307
0.20737488567829132
0.01854110136628151
0.021531660109758377
0.3071659803390503
0.04602929949760437
0.08921709656715393
0.15048182010650635
0.10003510117530823
0.18775209784507751
0.2526620626449585
0.13589634001255035
0.15085166692733765
0.21420836448669434
0.11372454464435577
0.09119515866041183
0.14488688111305237
0.17773810029029846
0.11519530415534973
0.11464859545230865
0.11130177229642868
0.16000865399837494
0.19101740419864655
0.2136363387107849
0.12256790697574615
0.04303622618317604
0.15349411964416504
0.09280291944742203
0.20412541925907135
0.14206278324127197
0.1620599776506424
0.09297724813222885
0.1970502734184265
0.1290256828069687
0.03979933261871338
0.1403743028640747
0.20968252420425415
0.1550675928592682
0.2027219533920288
0.1879502534866333
0.10374002158641815
0.1785203516483307
0.03436023369431496
0.1952669620513916
0.19121238589286804
0.3197086751461029
0.2926368713378906
0.12571310997009277
0.0771709606051445
0.13358934223651886
0.1733391284942627
0.3439168632030487
0.1363576352596283
0.2304711788892746
0.34120431542396545
0.2086641490459442
0.11739780753850937
0.1580141931772232
0.17422844469547272
0.2399975210428238
0.2909088730812073
0.05926761403679848
0.16341421008110046
0.12454093992710114
0.14054003357887268
0.15249469876289368
0.039710842072963715
0.25625181198120117
0.15231351554393768
0.1224660649895668
0.12560705840587616
0.19084608554840088
0.09971816837787628
0.10840696096420288
0.24757739901542664
0.20895035564899445
0.07982523739337921
0.049834609031677246
0.22409740090370178
0.022867076098918915
0.19103337824344635
0.14985725283622742
0.13763417303562164
0.12014508992433548
0.11650851368904114
0.1522875279188156
0.12275554984807968
0.23688159883022308
0.2304411381483078
0.19825588166713715
0.10749359428882599
0.003022958990186453
0.10192285478115082
0.09590542316436768
0.18279753625392914
0.13808293640613556
0.2685036063194275
0.19694946706295013
0.0075501915998756886
0.04432665556669235
0.15320797264575958
0.1584225296974182
0.15816903114318848
0.11507902294397354
0.08568985760211945
0.14370153844356537
0.15766674280166626
0.0664403885602951
0.08400122821331024
0.17085371911525726
0.07168663293123245
0.005823200102895498
0.15449753403663635
0.14929252862930298
0.14269278943538666
0.14155028760433197
0.07654142379760742
0.2107500284910202
0.16188594698905945
0.14361095428466797
0.1972806453704834
0.275722473859787
0.018628321588039398
0.07851952314376831
0.15645727515220642
0.3392922580242157
0.10038197040557861
0.12979134917259216
0.01885724626481533
0.20179830491542816
0.19266867637634277
0.17057563364505768
0.12457045167684555
0.17384104430675507
0.0267353393137455
0.01092110201716423
0.04577890783548355
0.04991357773542404
0.1775529533624649
0.0701277032494545
0.07485964149236679
0.29009053111076355
0.10247935354709625
0.13430391252040863
0.10423017293214798
0.1306433528661728
0.13440795242786407
0.22379930317401886
0.19987966120243073
0.19329309463500977
0.1531025618314743
0.08441206067800522
0.20096053183078766
0.10949032008647919
0.16062584519386292
0.10306747257709503
0.16097314655780792
0.10121425241231918
0.5774701833724976
0.08775246143341064
0.13529781997203827
0.152563214302063
0.24853171408176422
0.27505260705947876
0.05560983717441559
0.01602078601717949
0.14311456680297852
0.12909236550331116
0.1513713300228119
0.08492058515548706
0.10332202911376953
0.15330255031585693
0.13068360090255737
0.14048217236995697
0.0026994901709258556
0.16140760481357574
0.10815169662237167
0.2984274923801422
0.2696136236190796
0.09161149710416794
0.23969748616218567
0.01278933696448803
0.10480199754238129
0.18231670558452606
0.013371128588914871
0.16728806495666504
0.16089479625225067
0.061727024614810944
0.08978170901536942
0.1248374804854393
0.015350114554166794
0.1349593549966812
0.09483622759580612
0.17952746152877808
0.12614935636520386
0.08349089324474335
0.21504661440849304
0.008833643049001694
0.04971281439065933
0.20717714726924896
0.32297518849372864
0.10883083194494247
0.11851253360509872
0.1446383148431778
0.26787564158439636
0.16415107250213623
0.18487873673439026
0.10306037962436676
0.0779249370098114
0.1794254034757614
0.17984600365161896
0.2551913559436798
0.17434680461883545
0.21478162705898285
0.08833162486553192
0.06765223294496536
0.25087589025497437
0.18010269105434418
0.1711415946483612
0.1276932656764984
0.19569548964500427
0.2956767678260803
0.1702781319618225
0.07191555202007294
0.13669443130493164
0.3103663921356201
0.19673368334770203
0.003932851366698742
0.13357232511043549
0.07102019339799881
0.2610427439212799
1.1870207786560059
0.18347874283790588
0.32601144909858704
0.23558418452739716
0.21311625838279724
0.3161975145339966
0.132985457777977
0.08827946335077286
0.13336454331874847
0.2808026075363159
0.12637443840503693
0.10031799972057343
0.14916926622390747
0.18235673010349274
0.10901276767253876
0.07653096318244934
0.05295147746801376
0.11521708965301514
0.08176529407501221
0.11372309178113937
0.17407497763633728
0.15616296231746674
0.05210380628705025
0.10364987701177597
0.274507999420166
0.09349330514669418
0.10420656204223633
0.18162645399570465
0.13499575853347778
0.0846623107790947
0.11129225045442581
0.19555236399173737
0.19374147057533264
0.25296831130981445
0.21468333899974823
0.11265718936920166
0.9726433753967285
0.14298224449157715
0.09398840367794037
0.10883788019418716
0.18062719702720642
0.10354386270046234
0.23821984231472015
0.1534004807472229
0.07054505497217178
0.169745072722435
0.1397460252046585
0.015591626986861229
0.047285694628953934
0.19549106061458588
0.17872300744056702
0.11829681694507599
0.14481616020202637
0.07792610675096512
0.17125967144966125
0.22331200540065765
0.08319073915481567
0.11868161708116531
0.14641912281513214
0.1316332221031189
0.17043232917785645
0.12818294763565063
0.24435774981975555
0.1056060642004013
0.008411291055381298
0.12831322848796844
0.13822197914123535
0.13726282119750977
0.008154544979333878
0.14795902371406555
0.09204131364822388
0.21779173612594604
0.18206031620502472
0.0948847085237503
0.1450830101966858
0.05882103368639946
0.13674476742744446
0.14869475364685059
0.05677708983421326
0.19399724900722504
0.0822589248418808
0.19649164378643036
0.25798681378364563
0.14528518915176392
0.15133129060268402
0.13738521933555603
0.20453786849975586
0.23504403233528137
0.18967725336551666
0.14038248360157013
0.20965155959129333
0.2403748631477356
0.11433151364326477
0.15133489668369293
0.2177598923444748
0.17032189667224884
0.25493133068084717
0.06065433472394943
0.030701270326972008
0.17505429685115814
0.10096093267202377
0.20234012603759766
0.11162283271551132
0.17880146205425262
0.13992789387702942
0.13136111199855804
0.08215705305337906
0.2451474666595459
0.1904720664024353
0.08437327295541763
0.14097657799720764
0.1570175290107727
0.1760253608226776
0.010735539719462395
0.19884420931339264
0.15037095546722412
0.11655917763710022
0.3461571931838989
0.13151440024375916
0.18814367055892944
0.16935910284519196
0.20223863422870636
0.16424928605556488
0.11781051754951477
0.08336237818002701
0.11028469353914261
0.1950434446334839
0.1471160352230072
0.2473524957895279
0.16801542043685913
0.11798960715532303
0.06770773977041245
0.27462491393089294
0.09926343709230423
0.1621822863817215
0.17844538390636444
0.13297663629055023
0.12526637315750122
0.12529325485229492
0.19767600297927856
0.10251330584287643
0.19341756403446198
0.17665745317935944
0.13562676310539246
0.17884421348571777
0.15610072016716003
0.1738360971212387
0.05022185668349266
0.14513128995895386
0.18733154237270355
0.15712259709835052
0.18078561127185822
0.10576166957616806
0.15777626633644104
0.16012413799762726
0.14962221682071686
0.33383360505104065
0.06785906851291656
0.049242712557315826
0.1207910031080246
0.25928807258605957
0.28797969222068787
0.09018756449222565
0.24155548214912415
0.1362309604883194
0.1637892723083496
0.08018606156110764
0.10693946480751038
0.16683414578437805
0.13295316696166992
0.20431900024414062
0.05146133154630661
0.06988656520843506
0.13512976467609406
0.09496206045150757
0.008543097414076328
0.185439333319664
0.13270972669124603
0.03898879885673523
0.1430571973323822
0.13521991670131683
0.16652750968933105
0.18030667304992676
0.03426877781748772
0.1362776756286621
0.06935910880565643
0.15452848374843597
0.13871417939662933
0.20553936064243317
0.28206440806388855
0.12217231839895248
0.09739352017641068
0.19183586537837982
0.10275709629058838
0.1646004021167755
0.15507453680038452
0.08389212936162949
0.24080315232276917
0.09503380954265594
0.07754696160554886
0.19471806287765503
0.08917737752199173
0.1638953685760498
0.11136966198682785
0.26826730370521545
0.121598981320858
0.15839362144470215
0.11630770564079285
0.18600092828273773
0.07749028503894806
0.13765695691108704
0.05475177615880966
0.15580172836780548
0.17286689579486847
0.10808918625116348
0.08582510054111481
0.10797186940908432
0.3053627014160156
0.14871343970298767
0.12865951657295227
0.2446940392255783
0.04172593355178833
0.1019195169210434
0.06571123003959656
0.09146959334611893
0.12978388369083405
0.49969011545181274
0.08186449110507965
0.17501187324523926
0.30015403032302856
0.23721052706241608
0.0964314192533493
0.36190298199653625
0.1683875322341919
0.2495509386062622
0.1693253368139267
0.19933466613292694
0.2391064614057541
0.12582464516162872
0.17128132283687592
0.15526419878005981
0.2905910015106201
0.07777990400791168
0.10600840300321579
0.12386950105428696
0.06800942122936249
0.1341700404882431
0.22200924158096313
0.1901877224445343
0.1502363085746765
0.08944126218557358
0.15526151657104492
0.05259964242577553
0.1712850034236908
0.10452785342931747
0.2039310783147812
0.09362898766994476
0.2091299593448639
0.1716296225786209
0.14940372109413147
0.05935328081250191
0.18221154808998108
0.10134740173816681
0.0021926104091107845
0.003158815437927842
0.07809102535247803
0.22653162479400635
0.06961681693792343
0.13600201904773712
0.050203677266836166
0.23971830308437347
0.09855377674102783
0.14657124876976013
0.13644328713417053
0.3031274676322937
0.16331817209720612
0.2792973816394806
0.21139641106128693
0.18482708930969238
0.17621244490146637
0.19291731715202332
0.09872519224882126
0.10856059938669205
0.16783854365348816
0.15970146656036377
0.15788480639457703
0.13018929958343506
0.030629822984337807
0.2246394008398056
0.1914415955543518
0.011061092838644981
0.15322329103946686
0.1033753901720047
0.07144805043935776
0.10224727541208267
0.05676071718335152
0.14323146641254425
0.1048872247338295
0.4054776430130005
0.16419149935245514
0.2691905200481415
0.1525605171918869
0.26772022247314453
0.1096833124756813
0.12884621322155
0.04404563084244728
0.12362010031938553
0.09649080038070679
0.20014479756355286
0.09605763852596283
0.05580935254693031
0.1637328714132309
0.17649169266223907
0.21850410103797913
0.07901372760534286
0.1366252601146698
0.1981390416622162
0.2313949465751648
0.030967289581894875
0.1350584179162979
0.24007809162139893
0.19664104282855988
0.15743917226791382
0.3538092076778412
0.12886780500411987
0.09885282814502716
0.10500284284353256
0.1771499514579773
0.18820016086101532
0.11646993458271027
0.14778149127960205
0.21162149310112
0.06547828763723373
0.15676112473011017
0.1362309604883194
0.04410265386104584
0.056697700172662735
0.2558515965938568
0.18370522558689117
0.17555193603038788
0.26096048951148987
0.09253647178411484
0.08435038477182388
0.01110432855784893
0.14932796359062195
0.09346479922533035
0.0446108914911747
0.08027936518192291
0.14910423755645752
0.1914084255695343
0.059528838843107224
0.10793569684028625
0.15690405666828156
0.14644114673137665
0.15019011497497559
0.1074441447854042
0.11900172382593155
0.12484704703092575
0.012973448261618614
0.20185783505439758
0.14963911473751068
0.18033601343631744
0.17793506383895874
0.07837212085723877
0.1128767654299736
0.10154996812343597
0.08995474129915237
0.04046698659658432
0.1399488002061844
0.10154464095830917
0.21125513315200806
0.23347559571266174
0.1299317628145218
0.07104973495006561
0.08313973248004913
0.026539478451013565
0.23895511031150818
0.17469893395900726
0.17027395963668823
0.13757950067520142
0.182438462972641
0.2812250852584839
0.22877907752990723
0.07408881932497025
0.11558954417705536
0.05169495567679405
0.1234016939997673
0.01125635951757431
0.15766586363315582
0.08837058395147324
0.13154292106628418
0.27667200565338135
0.07764426618814468
0.09803111106157303
0.13537226617336273
0.11988825350999832
0.023392928764224052
0.252608984708786
0.06719790399074554
0.12945042550563812
0.002265394665300846
0.1466342806816101
0.18456466495990753
0.10164427757263184
0.2175585776567459
0.16259214282035828
0.08194246888160706
0.06683364510536194
0.014567587524652481
0.15086820721626282
0.06998468190431595
0.06879370659589767
0.13048870861530304
0.06036711111664772
0.16326899826526642
0.11366590112447739
0.1243734285235405
0.1577533334493637
0.15007753670215607
0.053661707788705826
0.014872022904455662
0.15961115062236786
0.07727042585611343
0.08820219337940216
0.34034818410873413
0.07108239829540253
0.13865792751312256
0.08444727212190628
0.18318210542201996
0.19055084884166718
0.1627950817346573
0.03225689008831978
0.17191685736179352
0.24670042097568512
0.15007996559143066
0.06602860242128372
0.1546989232301712
0.16807660460472107
0.11407060921192169
0.09047295153141022
0.08531929552555084
0.08708789199590683
0.06523951143026352
0.10509175807237625
0.14438962936401367
0.2858020067214966
0.06288782507181168
0.07685123383998871
0.1473008543252945
0.03657316416501999
0.10190574824810028
0.2155049741268158
0.2048826813697815
0.09680894762277603
0.11811478435993195
0.13153687119483948
0.15942934155464172
0.157869353890419
0.0053276680409908295
0.09573835879564285
0.163696750998497
0.12969614565372467
0.06475689262151718
0.09244059771299362
0.11440006643533707
0.15049511194229126
0.2022867202758789
0.0641268715262413
0.10106454789638519
0.5565580725669861
0.2942329943180084
0.19619441032409668
0.047432657331228256
0.11141359061002731
0.10433737933635712
0.2162739485502243
0.04386021941900253
0.1901591718196869
0.10859677940607071
0.0998876616358757
0.08856572210788727
0.09325758367776871
0.15503381192684174
0.1575574278831482
0.09430103749036789
0.09288462996482849
0.1409447193145752
0.10464392602443695
0.2033344805240631
0.0411018505692482
0.08089250326156616
0.13092006742954254
0.20150598883628845
0.1774914264678955
0.24885156750679016
0.142103374004364
0.1133471429347992
0.016239408403635025
0.14393112063407898
0.06452306360006332
0.24729157984256744
0.23708617687225342
0.08976135402917862
0.23723682761192322
0.12041371315717697
0.16741707921028137
0.14488667249679565
0.18416814506053925
0.04134249687194824
0.08325322717428207
0.10016787797212601
0.1451241374015808
0.07163114845752716
0.11172474920749664
0.18875694274902344
0.24394482374191284
0.21697361767292023
0.10351550579071045
0.123430535197258
0.20885127782821655
0.17379334568977356
0.22002121806144714
0.23830844461917877
0.17417968809604645
0.18416158854961395
0.1883608102798462
0.2389315962791443
0.24209420382976532
0.19966930150985718
0.19417940080165863
0.05462643876671791
0.07320291548967361
0.16204479336738586
0.1243799477815628
0.010243326425552368
0.18540650606155396
0.09695456922054291
0.2214936465024948
0.13005708158016205
0.053110163658857346
0.18976598978042603
0.07535777240991592
0.004482403863221407
0.11284801363945007
0.19576580822467804
0.1114661768078804
0.3032021224498749
0.14304600656032562
0.1148882731795311
0.2548295855522156
0.2497304379940033
0.12346773594617844
0.12649670243263245
0.17536567151546478
0.11585060507059097
0.12384502589702606
0.23020701110363007
0.11615904420614243
0.15396688878536224
0.05648612976074219
0.3200201988220215
0.23969867825508118
0.04720083996653557
0.0873599499464035
0.1516445130109787
0.2714304029941559
0.14607426524162292
0.06936676055192947
0.10822229087352753
0.3928270936012268
0.1847926676273346
0.2256477326154709
0.2024012804031372
0.197198748588562
0.14308877289295197
0.2376139760017395
0.05239488556981087
0.16215310990810394
0.21707536280155182
0.18132427334785461
0.1471807360649109
0.08146393299102783
0.18780739605426788
0.06133028492331505
0.07188542932271957
0.12507031857967377
0.1930030882358551
0.1599922627210617
0.07433130592107773
0.09819722920656204
0.16192549467086792
0.05187869071960449
0.19107353687286377
0.13285422325134277
0.16612575948238373
0.0774458572268486
0.011966865509748459
0.08371176570653915
0.1226842924952507
0.1730819046497345
0.03815335035324097
0.17897579073905945
0.21426182985305786
0.14696799218654633
0.13911455869674683
0.009655104950070381
0.09751998633146286
0.06274853646755219
0.06255048513412476
0.18616053462028503
0.1199050024151802
0.20364634692668915
0.10991034656763077
0.0848296582698822
0.5769522786140442
0.10260723531246185
0.11949092894792557
0.05077562481164932
0.23880819976329803
0.15163859724998474
0.17537979781627655
0.09101183712482452
0.08513173460960388
0.14883415400981903
0.2212752252817154
0.009271372109651566
0.17665842175483704
0.12013544142246246
0.1986556351184845
0.0936972126364708
0.2051955908536911
0.6858639717102051
0.2320232093334198
0.12829463183879852
0.051623035222291946
0.15858004987239838
0.0759267583489418
0.22382645308971405
0.2562495172023773
0.16936612129211426
0.13533031940460205
0.15414248406887054
0.24439707398414612
0.11451676487922668
0.1502772718667984
0.11301372945308685
0.14380738139152527
0.08281522989273071
0.0840492770075798
0.13678444921970367
0.11931460350751877
0.004315873607993126
0.11775389313697815
0.14767079055309296
0.16652850806713104
0.14470545947551727
0.16262614727020264
0.05469252169132233
0.0734102800488472
0.12172224372625351
0.07806041836738586
0.12202749401330948
0.09808748215436935
0.11868420243263245
0.14180311560630798
0.14002588391304016
0.108624666929245
0.12029963731765747
0.06063075736165047
0.060356609523296356
0.13841386139392853
0.1770448535680771
0.045436710119247437
0.13857030868530273
0.15317845344543457
0.22495977580547333
0.05293635278940201
0.06634540855884552
0.12984450161457062
0.23783525824546814
0.20667116343975067
0.08312129974365234
0.1447146087884903
0.16601845622062683
0.10989820957183838
0.1884640008211136
0.11096037924289703
0.1410122811794281
0.14611874520778656
0.09253337979316711
0.1441851109266281
0.054455362260341644
0.04798750951886177
0.018766876310110092
0.1963285207748413
0.12876178324222565
0.21343746781349182
0.1382787972688675
0.06519339978694916
0.13977612555027008
0.11844589561223984
0.1785534918308258
0.006400866433978081
0.15082599222660065
0.12084457278251648
0.02412763051688671
0.2273508757352829
0.12289594113826752
0.27040207386016846
0.1397932469844818
0.1591200977563858
0.012393541634082794
0.06379862874746323
0.11502695828676224
0.07873660326004028
0.14994990825653076
0.018675699830055237
0.16946280002593994
0.17670093476772308
0.038366131484508514
0.40697288513183594
0.1921016275882721
0.12868621945381165
0.13647110760211945
0.03125689923763275
0.118683360517025
0.16692906618118286
0.025167370215058327
0.23920007050037384
0.08261638879776001
0.08283793926239014
0.05269571393728256
0.1489800661802292
0.15833985805511475
0.056967511773109436
0.12552735209465027
0.1028093621134758
0.24389182031154633
0.15655021369457245
0.166640967130661
0.06638281047344208
0.2423902153968811
0.22239921987056732
0.1300128549337387
0.1496436893939972
0.1275186687707901
0.40514054894447327
0.06083867698907852
0.030816983431577682
0.13380344212055206
0.1664002239704132
0.26812413334846497
0.1096259355545044
0.114681176841259
0.2844060957431793
0.28617921471595764
0.08564208447933197
0.1459302008152008
0.1444527804851532
0.17563402652740479
0.3164433240890503
0.30084869265556335
0.17763186991214752
0.11513882875442505
0.15903060138225555
0.1093575730919838
0.19279256463050842
0.13186702132225037
0.1140395775437355
0.1613006740808487
0.1547657698392868
0.17430537939071655
0.2714938223361969
0.12442021816968918
0.15434393286705017
0.1296926885843277
0.1650257557630539
0.16800521314144135
0.09357598423957825
0.20707204937934875
0.07825905084609985
0.10233583301305771
0.1649913340806961
0.1780664622783661
0.05962948501110077
0.27861863374710083
0.12545877695083618
0.06534506380558014
0.22918742895126343
0.21195174753665924
0.10539589077234268
0.23968341946601868
0.04932685196399689
0.14543986320495605
0.2463141679763794
0.08024222403764725
0.05881977081298828
0.10922660678625107
0.2066243290901184
0.17070353031158447
0.05627400800585747
0.10884229093790054
0.16375717520713806
0.012618789449334145
0.17522591352462769
0.19743728637695312
0.15936484932899475
0.03126832842826843
0.08426319062709808
0.13634446263313293
0.06295154988765717
0.004393463023006916
0.14034126698970795
0.04701567068696022
0.016606438905000687
0.1699950098991394
0.0069588469341397285
0.1446700245141983
0.0786973237991333
0.16825135052204132
0.17790989577770233
0.06926750391721725
0.2728975713253021
0.12101652473211288
0.12132100760936737
0.002204655669629574
0.13082005083560944
0.1059524416923523
0.36142703890800476
0.07990674674510956
0.1782751977443695
0.25642403960227966
0.1079222708940506
0.23187632858753204
0.11873457580804825
0.2072751522064209
0.15701039135456085
0.21295687556266785
0.04950258880853653
0.11587981134653091
0.08978234231472015
0.22604002058506012
0.09525449573993683
0.0826912671327591
0.05896379053592682
0.15235096216201782
0.0880897268652916
0.05687959864735603
0.056874968111515045
0.4165377616882324
0.1116173043847084
0.20411467552185059
0.028208483010530472
0.10471270978450775
0.12719056010246277
0.20059284567832947
0.24281325936317444
0.16102825105190277
0.12216945737600327
0.02550136111676693
0.10029403865337372
0.15090347826480865
0.19329552352428436
0.1376597285270691
0.1831378936767578
0.09743182361125946
0.11952470988035202
0.08734315633773804
0.24283014237880707
0.2812788784503937
0.1265260875225067
0.15089885890483856
0.16163994371891022
0.1291532665491104
0.057166438549757004
0.07533127069473267
0.02798234485089779
0.1321147233247757
0.17358608543872833
0.0597209669649601
0.18545424938201904
0.13855136930942535
0.14774847030639648
0.022022977471351624
0.0975126326084137
0.09218306094408035
0.16248010098934174
0.08094506710767746
0.10804002732038498
0.04842352867126465
0.07171682268381119
0.11843584477901459
0.07282358407974243
0.11422280967235565
0.17763318121433258
0.0799609050154686
0.07355684787034988
0.04561622068285942
0.1495785415172577
0.1439942568540573
0.1227879524230957
0.24868756532669067
0.13077928125858307
0.14584210515022278
0.13298432528972626
0.1519622802734375
0.14914163947105408
0.1671532839536667
0.004945456050336361
0.20293740928173065
0.17694047093391418
0.12992024421691895
0.15680477023124695
0.09610559791326523
0.10551570355892181
0.31937944889068604
0.1683908998966217
0.14416395127773285
0.09222472459077835
0.1671881079673767
0.09609290957450867
0.1985825151205063
0.15736806392669678
0.05361524596810341
0.17350992560386658
0.156428724527359
0.11041345447301865
0.07225316017866135
0.1590050458908081
0.10521852970123291
0.19036445021629333
0.3031650483608246
0.1837121844291687
0.18673281371593475
0.17888818681240082
0.0046643223613500595
0.053514543920755386
0.07226713001728058
0.028303690254688263
0.04934230446815491
0.10324179381132126
0.0961870402097702
0.08438368141651154
0.2772747278213501
0.12804363667964935
0.14226654171943665
0.2171497792005539
0.18303455412387848
0.09519777446985245
0.10337647795677185
0.20830902457237244
0.11438700556755066
0.04172545671463013
0.05787190422415733
0.1778259128332138
0.010232039727270603
0.11102726310491562
0.09076060354709625
0.0465342253446579
0.12778696417808533
0.5687074661254883
0.13865205645561218
0.13938705623149872
0.44890928268432617
0.1865200400352478
0.1446264088153839
0.10673670470714569
0.15069445967674255
0.06367500126361847
0.1872754544019699
0.15010683238506317
0.016780346632003784
0.18232662975788116
0.1116429939866066
0.22843754291534424
0.39819207787513733
0.18215905129909515
0.1753944605588913
0.21151602268218994
0.17362159490585327
0.0823393389582634
0.11176075041294098
0.09145122766494751
0.15109507739543915
0.08373129367828369
0.1543000042438507
0.11108309030532837
0.16787365078926086
0.17408135533332825
0.2233021855354309
0.3711897134780884
0.16409027576446533
0.1758001148700714
0.09256652742624283
0.4381319582462311
0.17484286427497864
0.1976422518491745
0.09718374907970428
0.12591134011745453
0.15420500934123993
0.1831742227077484
0.14858880639076233
0.08810953795909882
0.06426361203193665
0.11886792629957199
0.3691137433052063
0.04267251119017601
0.09452226758003235
0.21666255593299866
0.12010832875967026
0.15400448441505432
0.22348733246326447
0.09416163712739944
0.12019035220146179
0.2161094695329666
0.11819933354854584
0.08621703088283539
0.09448888152837753
0.17191895842552185
0.11069168895483017
0.3808402717113495
0.13675616681575775
0.05764782056212425
0.1503397673368454
0.15547579526901245
0.08543913811445236
0.09883340448141098
0.14540313184261322
0.28859513998031616
0.14552868902683258
0.1030653715133667
0.15355999767780304
0.1844325214624405
0.1332874894142151
0.09372048825025558
0.12084038555622101
0.14211158454418182
0.09134390950202942
0.06429649144411087
0.00530107319355011
0.0707436352968216
0.07467210292816162
0.10253624618053436
0.09232387691736221
0.10692965239286423
0.11189696192741394
0.09905431419610977
0.29113003611564636
0.08163207769393921
0.2605542242527008
0.10963317006826401
0.17592144012451172
0.24389737844467163
0.14676792919635773
0.19558823108673096
0.0516662672162056
0.20278359949588776
0.20123466849327087
0.05756711959838867
0.02443641796708107
0.08896216750144958
0.15529422461986542
0.13957253098487854
0.30510592460632324
0.22647061944007874
0.1411929875612259
0.1130450963973999
0.06849166750907898
0.17586824297904968
0.17392489314079285
0.09680625051259995
0.14410756528377533
0.08893033117055893
0.13148757815361023
0.2171621471643448
0.04450201988220215
0.1668073683977127
0.17187634110450745
0.14649534225463867
0.05208054184913635
0.5187286734580994
0.13682781159877777
0.16954413056373596
0.08797087520360947
0.062227364629507065
0.19425062835216522
0.06935383379459381
0.10783042013645172
0.09806963056325912
0.06772419810295105
0.03641938790678978
0.19151411950588226
0.2427879273891449
0.0646621510386467
0.14311067759990692
0.1667843461036682
0.18901671469211578
0.2741091549396515
0.19040077924728394
0.04155738279223442
0.14786005020141602
0.003174746409058571
0.28100961446762085
0.19763420522212982
0.1384432315826416
0.1290019452571869
0.2015174925327301
0.1300441175699234
0.12954434752464294
0.21749979257583618
0.12405930459499359
0.11978825181722641
0.1791103184223175
0.022551748901605606
0.17028293013572693
0.05005461350083351
0.04757419228553772
0.23857387900352478
0.23282285034656525
0.10031025856733322
0.10190190374851227
0.07072499394416809
0.16384369134902954
0.05643877759575844
0.20211073756217957
0.13176599144935608
0.1229146420955658
0.15874935686588287
0.19801931083202362
0.17334280908107758
0.12684543430805206
0.21096685528755188
0.11556585133075714
0.15958909690380096
0.02558782696723938
0.12698043882846832
0.19743093848228455
0.09954476356506348
0.24815352261066437
0.15489733219146729
0.13109497725963593
0.07315918803215027
0.15371733903884888
0.013066351413726807
0.05009651184082031
0.1916447877883911
0.07713251560926437
0.04770178720355034
0.05396175757050514
0.1667695939540863
0.17208139598369598
0.1904432773590088
0.10410424321889877
0.14360003173351288
0.06774166226387024
0.10063493251800537
0.14334183931350708
0.17005328834056854
0.26669102907180786
0.16928358376026154
0.0571843646466732
0.13613484799861908
0.15972498059272766
0.08952194452285767
0.07546692341566086
0.09107173979282379
0.1225239560008049
0.14950484037399292
0.23019534349441528
0.11871212720870972
0.13313135504722595
0.11282940208911896
0.09436874091625214
0.14961954951286316
0.009760432876646519
0.14232425391674042
0.17769144475460052
0.17147476971149445
0.12707272171974182
0.09145215898752213
0.03181806206703186
0.09767178446054459
0.19407744705677032
0.12282406538724899
0.15742704272270203
0.1283702552318573
0.035519737750291824
0.11053293198347092
0.16538450121879578
0.1368400752544403
0.1435040831565857
0.11801286041736603
0.19873404502868652
0.634231448173523
0.1466900110244751
0.24456296861171722
0.16688193380832672
0.1843515932559967
0.2764223515987396
0.13622726500034332
0.1725107878446579
0.22137899696826935
0.2095360904932022
0.12358428537845612
0.13821205496788025
0.13325749337673187
0.08878833055496216
0.156015545129776
0.08413559943437576
0.21754220128059387
0.07422801852226257
0.239860400557518
0.20086674392223358
0.15403956174850464
0.1794784516096115
0.22256185114383698
0.08893807977437973
0.12223664671182632
0.17851974070072174
0.1717730611562729
0.23294572532176971
0.14666317403316498
0.1489516794681549
0.19809597730636597
0.0768212303519249
0.12618403136730194
0.1790347695350647
0.0738033577799797
0.17991380393505096
0.17054317891597748
0.08120876550674438
0.21635514497756958
0.1471213698387146
0.10246996581554413
0.20000460743904114
0.026421526446938515
0.1761181503534317
0.02560046687722206
0.14046849310398102
0.1378636658191681
0.27658453583717346
0.11957484483718872
0.17632754147052765
0.08901772648096085
0.1736690253019333
0.003403160721063614
0.15113189816474915
0.06862600147724152
0.2289392501115799
0.12381871789693832
0.20390160381793976
0.05923670530319214
0.1927347034215927
0.1102704405784607
0.11179733276367188
0.11353780329227448
0.07173048704862595
0.22397011518478394
0.16216188669204712
0.16509763896465302
0.11377076804637909
0.09901250153779984
0.13973763585090637
0.271870881319046
0.13551290333271027
0.10010576993227005
0.032310470938682556
0.12527471780776978
0.05408133193850517
0.10610213130712509
0.0986054316163063
0.05232563987374306
0.010516651906073093
0.04869755357503891
0.05010533332824707
0.21405929327011108
0.17078323662281036
0.18821074068546295
0.05156083405017853
0.2228359878063202
0.1988462507724762
0.21036294102668762
0.06401358544826508
0.1379217654466629
0.066826231777668
0.10470166057348251
0.14892761409282684
0.2670464813709259
0.1130158007144928
0.27854594588279724
0.13020800054073334
0.1281840205192566
0.15885992348194122
0.08501744270324707
0.13230760395526886
0.10799124091863632
0.09339895844459534
0.17818835377693176
0.05469698831439018
0.05043021962046623
0.09067260473966599
0.15881097316741943
0.06019778177142143
0.19000689685344696
0.11129145324230194
0.14197862148284912
0.17413128912448883
0.21639731526374817
0.11550647765398026
0.2596712112426758
0.12329022586345673
0.10212856531143188
0.05494377762079239
0.20167097449302673
0.17515318095684052
0.12163610011339188
0.1612752079963684
0.14298544824123383
0.18139678239822388
0.10260248184204102
0.12077542394399643
0.1291535645723343
0.17345242202281952
0.1208353117108345
0.018820101395249367
0.06562191247940063
0.1105726882815361
0.2531531751155853
0.13855795562267303
0.08918967843055725
0.1968419998884201
0.15110473334789276
0.07226935029029846
0.3045516312122345
0.18525439500808716
0.09285539388656616
0.02258126065135002
0.1398499310016632
0.09677978605031967
0.11229019612073898
0.12531758844852448
0.15979774296283722
0.1726774275302887
0.07941240072250366
0.018041351810097694
0.028192251920700073
0.042943648993968964
0.04941365495324135
0.19835443794727325
0.11643549054861069
0.19903965294361115
0.18453198671340942
0.13548347353935242
0.010356771759688854
0.04593399539589882
0.16059933602809906
0.11047008633613586
0.10462457686662674
0.18137483298778534
0.12674641609191895
0.1303572803735733
0.12064986675977707
0.10664857923984528
0.1621425747871399
0.12739887833595276
0.09587769955396652
0.12577302753925323
0.21384674310684204
0.38980740308761597
0.042844124138355255
0.15497593581676483
0.030972402542829514
0.051256388425827026
0.2290208786725998
0.13914287090301514
0.09792977571487427
0.12470642477273941
0.047201212495565414
0.18983761966228485
0.22802554070949554
0.12441527843475342
0.30244216322898865
0.04577741026878357
0.106981061398983
0.13113974034786224
0.11045452952384949
0.1411939114332199
0.13402605056762695
0.14060428738594055
0.20988605916500092
0.13666456937789917
0.2333725243806839
0.08709810674190521
0.28407636284828186
0.09406567364931107
0.058169782161712646
0.10720882564783096
0.16713771224021912
0.07489492744207382
0.08104435354471207
0.048193540424108505
0.135877326130867
0.03379000723361969
0.12748391926288605
0.0960967168211937
0.1626666784286499
0.08445686101913452
0.0720026046037674
0.05602860823273659
0.22248758375644684
0.202985018491745
0.050705280154943466
0.09646086394786835
0.2823622524738312
0.18932285904884338
0.16687090694904327
0.06086397171020508
0.19513191282749176
0.07837499678134918
0.48901450634002686
0.17880697548389435
0.14217796921730042
0.18900573253631592
0.2596152722835541
0.15052387118339539
0.03661518171429634
0.06633610278367996
0.19757358729839325
0.05216195061802864
0.06748107075691223
0.14632545411586761
0.1460457146167755
0.06793811917304993
0.06945742666721344
0.2276918739080429
0.12398584932088852
0.08104105293750763
0.2659309506416321
0.5427889823913574
0.10187731683254242
0.13929273188114166
0.1536623239517212
0.11695533990859985
0.145689457654953
0.16498196125030518
0.11361841857433319
0.06430739164352417
0.1167491003870964
0.07639577239751816
0.1592608392238617
0.13159175217151642
0.15564705431461334
0.0939505472779274
0.17340323328971863
0.14114777743816376
0.1338077336549759
0.23417864739894867
0.23472897708415985
0.07788730412721634
0.19085854291915894
0.13178867101669312
0.1633475124835968
0.08272488415241241
0.005605809390544891
0.2882995903491974
0.2872242331504822
0.09154197573661804
0.0607905313372612
0.1082172691822052
0.11678123474121094
0.18484769761562347
0.14147333800792694
0.1589590460062027
0.17427287995815277
0.1320369839668274
0.10411041229963303
0.11032643169164658
0.2714753746986389
0.1461191028356552
0.4080238938331604
0.2480224370956421
0.13392995297908783
0.09975883364677429
0.15863816440105438
0.13191187381744385
0.179813414812088
0.27800947427749634
0.08141341805458069
0.14390544593334198
0.06248269975185394
0.08035646378993988
0.11082357168197632
0.13573499023914337
0.11269649118185043
0.1641002893447876
0.01208414975553751
0.1147180050611496
0.13099394738674164
0.1840609759092331
0.20401614904403687
0.09568075835704803
0.03920373693108559
0.1691378802061081
0.020188892260193825
0.07610046863555908
0.16955605149269104
0.17655856907367706
0.1807611584663391
0.14698348939418793
0.06671439111232758
0.13805793225765228
0.14077576994895935
0.11498625576496124
0.20266865193843842
0.12199155986309052
0.011198889464139938
0.4431604743003845
0.1279219388961792
0.1161159947514534
0.08190666884183884
0.11557897925376892
0.16974791884422302
0.06839049607515335
0.11097530275583267
0.15208874642848969
0.25635451078414917
0.19474460184574127
0.1422397494316101
0.05943513289093971
0.3977939784526825
0.10958930850028992
0.07797916233539581
0.14895913004875183
0.09839838743209839
0.1455499529838562
0.07437128573656082
0.1089342013001442
0.19940216839313507
0.10432802140712738
0.11544004827737808
0.004569173324853182
0.04242512583732605
0.08200368285179138
0.2133503258228302
0.05542954429984093
0.11182349920272827
0.09941442310810089
0.08676759153604507
0.04029715061187744
0.21908050775527954
0.43530622124671936
0.05626688897609711
0.1694667488336563
0.1462138146162033
0.26623380184173584
0.17598721385002136
0.107604019343853
0.16200950741767883
0.07956743240356445
0.06544848531484604
0.054299287497997284
0.24702662229537964
0.18894743919372559
0.22441096603870392
0.13625547289848328
0.1943756341934204
0.03160359337925911
0.17040567100048065
0.1596011072397232
0.18842142820358276
0.03114432282745838
0.04750261455774307
0.06326233595609665
0.1417914777994156
0.05587153881788254
0.03913344442844391
0.12133130431175232
0.03771357610821724
0.10531921684741974
0.05434296280145645
0.23546896874904633
0.15254712104797363
0.10067052394151688
0.33755889534950256
0.11258110404014587
0.16686828434467316
0.15145201981067657
0.09704432636499405
0.1185266301035881
0.12185140699148178
0.2124072164297104
0.2720482051372528
0.09089294821023941
0.17861852049827576
0.04800610989332199
0.10033313184976578
0.004735974594950676
0.0043270583264529705
0.11846379190683365
0.06561791896820068
0.19777871668338776
0.0029132443014532328
0.1735503375530243
0.08540444076061249
0.05322756990790367
0.1264813244342804
0.2538277506828308
0.16780629754066467
0.217841237783432
0.101709745824337
0.09236396849155426
0.042629580944776535
0.06853369623422623
0.08143164962530136
0.12043622881174088
0.07194803655147552
0.12566807866096497
0.05124398320913315
0.11126482486724854
0.10860303789377213
0.2244579792022705
0.3890160620212555
0.06278400123119354
0.10884298384189606
0.12031668424606323
0.07188541442155838
0.07343677431344986
0.17523342370986938
0.0748153105378151
0.04404759407043457
0.31530895829200745
0.280129611492157
0.08670496195554733
0.11708582192659378
0.34500065445899963
0.16273947060108185
0.09020289778709412
0.03671446815133095
0.1939365118741989
0.13346152007579803
0.1538321077823639
0.17635375261306763
0.09218216687440872
0.25273996591567993
0.23687590658664703
0.08477718383073807
0.1311306208372116
0.13925154507160187
0.08802813291549683
0.1369577944278717
0.15763737261295319
0.04166744649410248
0.1409580409526825
0.11648090928792953
0.15917463600635529
0.07144597172737122
0.08302363008260727
0.13292595744132996
0.07148512452840805
0.16544082760810852
0.050640009343624115
0.1837860345840454
0.26680946350097656
0.20338132977485657
0.11802145838737488
0.09541640430688858
0.03861602395772934
0.054980698972940445
0.1339799016714096
0.20471325516700745
0.08122045546770096
0.07640817016363144
0.10499989986419678
0.10909397155046463
0.11497011035680771
0.1311943382024765
0.1886148899793625
0.05057886987924576
0.03214360028505325
0.09241977334022522
0.13195674121379852
0.08177867531776428
0.1771671622991562
0.26477017998695374
0.2344529926776886
0.0845898911356926
0.15178388357162476
0.10127942264080048
0.11628136038780212
0.11343257874250412
0.13385319709777832
0.03165169805288315
0.10707485675811768
0.1180231124162674
0.17100991308689117
0.08411461859941483
0.031708188354969025
0.1426941305398941
0.12916383147239685
0.005570454988628626
0.16712474822998047
0.12103185057640076
0.22218234837055206
0.07715389877557755
0.1858348846435547
0.23264463245868683
0.14324235916137695
0.056585803627967834
0.2656813859939575
0.20202122628688812
0.17158091068267822
0.21050141751766205
0.07641405612230301
0.14408014714717865
0.11533688753843307
0.2556525468826294
0.10114522278308868
0.1461428701877594
0.13379879295825958
0.06949615478515625
0.12316948920488358
0.09885705262422562
0.14345218241214752
0.09384846687316895
0.10757115483283997
0.0720459446310997
0.24221378564834595
0.07687369734048843
0.2612456977367401
0.0034983521327376366
0.0929783508181572
0.17972369492053986
0.12466583400964737
0.19618697464466095
0.14089836180210114
0.145184725522995
0.18522901833057404
0.09708874672651291
0.18249747157096863
0.1672956496477127
0.11834067106246948
0.06365285813808441
0.13118340075016022
0.14154183864593506
0.11086251586675644
0.21500539779663086
0.14550310373306274
0.0325140543282032
0.1452636867761612
0.063753142952919
0.08608844131231308
0.16400419175624847
0.1776905655860901
0.11197692900896072
0.09055062383413315
0.17878639698028564
0.1001109704375267
0.04845511168241501
0.10034772008657455
0.135780930519104
0.0828259065747261
0.05355513468384743
0.07076659798622131
0.07759065926074982
0.05070814862847328
0.3029632866382599
0.08241017907857895
0.07462034374475479
0.0738293007016182
0.13995252549648285
0.13039784133434296
0.016824839636683464
0.22086025774478912
0.16831989586353302
0.00508325919508934
0.14082129299640656
0.14746639132499695
0.3851522207260132
0.21545898914337158
0.17479842901229858
0.07721492648124695
0.09946537762880325
0.45607200264930725
0.13915510475635529
0.11228188127279282
0.15277767181396484
0.08355795592069626
0.12787073850631714
0.07632432878017426
0.10760780423879623
0.08454447239637375
0.08670434355735779
0.15904726088047028
0.12165720760822296
0.15437553822994232
0.14310672879219055
0.00192014139611274
0.15206123888492584
0.0392526313662529
0.039785318076610565
0.21114535629749298
0.12482933700084686
0.1195276528596878
0.12397688627243042
0.1348613202571869
0.05122434347867966
0.23233434557914734
0.11022897064685822
0.08668728917837143
0.13521862030029297
0.12558768689632416
0.18641585111618042
0.15844987332820892
0.0016570548759773374
0.47025176882743835
0.05185059830546379
0.12345414608716965
0.24137845635414124
0.0020392099395394325
0.008522736839950085
0.15227386355400085
0.10708224028348923
0.36531099677085876
0.1634269803762436
0.11308929324150085
0.12593023478984833
0.0670367032289505
0.20500779151916504
0.11690441519021988
0.06975358724594116
0.11704514175653458
0.08547290414571762
0.1948709487915039
0.08341647684574127
0.18887051939964294
0.16841377317905426
0.15032435953617096
0.07518167793750763
0.11607865989208221
0.06318390369415283
0.12995317578315735
0.13389189541339874
0.4964972734451294
0.16323038935661316
0.0062487926334142685
0.0947158932685852
0.00663497019559145
0.10571756958961487
0.07823127508163452
0.12583449482917786
0.07700541615486145
0.10323675721883774
0.10384337604045868
0.10530993342399597
0.18507304787635803
0.12802773714065552
0.0653175562620163
0.03795578330755234
0.08539270609617233
0.2005404531955719
0.10612057149410248
0.26877108216285706
0.1660938262939453
0.1762293428182602
0.12323614209890366
0.17492926120758057
0.08752299845218658
0.15333698689937592
0.21622520685195923
0.17650564014911652
0.04754471406340599
0.08017486333847046
0.04678734019398689
0.0944686084985733
0.10657139122486115
0.32030972838401794
0.13680681586265564
0.3317107558250427
0.17614419758319855
0.05089122802019119
0.2722254693508148
0.23171907663345337
0.11721266806125641
0.27452707290649414
0.07042812556028366
0.043386828154325485
0.16095219552516937
0.0676460862159729
0.06518740206956863
0.17032919824123383
0.27730146050453186
0.12428276985883713
0.17911562323570251
0.05669941380620003
0.06571624428033829
0.3414333462715149
0.12774339318275452
0.0304708369076252
0.1465620994567871
0.08459196984767914
0.1277199685573578
0.06637943536043167
0.18615993857383728
0.16866831481456757
0.027707111090421677
0.04237883910536766
0.12277989834547043
0.24090427160263062
0.1829056441783905
0.15724784135818481
0.24383367598056793
0.12933629751205444
0.18779794871807098
0.1719992607831955
0.13240866363048553
0.14743441343307495
0.10223377496004105
0.12458658963441849
0.12133151292800903
0.10557354986667633
0.0042549604550004005
0.0730023980140686
0.1247374638915062
0.03680134937167168
0.0035618399269878864
0.12232110649347305
0.12056474387645721
0.16723008453845978
0.09624666720628738
0.20115724205970764
0.15370111167430878
0.21852219104766846
0.10115435719490051
0.06878910213708878
0.17401178181171417
0.13965745270252228
0.1447281688451767
0.0884556844830513
0.12630677223205566
0.06443307548761368
0.0889287143945694
0.13117246329784393
0.1666325181722641
0.12795521318912506
0.060265250504016876
0.06485495716333389
0.10645963996648788
0.043606311082839966
0.3545420467853546
0.08714592456817627
0.15997111797332764
0.22894549369812012
0.2727784216403961
0.04795709624886513
0.1525263488292694
0.14544013142585754
0.11812324821949005
0.06213235855102539
0.05044674500823021
0.2142583429813385
0.2341141253709793
0.15000806748867035
0.17175668478012085
0.05724872276186943
0.14036811888217926
0.10864631086587906
0.0884506106376648
0.1119496077299118
0.15872663259506226
0.05390756204724312
0.21617233753204346
0.08398757874965668
0.18183095753192902
0.27201980352401733
0.1269514411687851
0.22179806232452393
0.07858556509017944
0.2193756401538849
0.11298055946826935
0.10821156948804855
0.11384828388690948
0.14077943563461304
0.13467106223106384
0.06749949604272842
0.09029679000377655
0.052163563668727875
0.15700948238372803
0.36212506890296936
0.18190792202949524
0.020661702379584312
0.11402546614408493
0.09850015491247177
0.14601171016693115
0.07187698781490326
0.11791433393955231
0.09388646483421326
0.11191746592521667
0.07575000822544098
0.07552215456962585
0.08546128869056702
0.09525943547487259
0.1352117955684662
0.05393306165933609
0.10888698697090149
0.1208815649151802
0.3287673592567444
0.18377986550331116
0.13264378905296326
0.07960149645805359
0.059915412217378616
0.03713027760386467
0.10697104036808014
0.10741130262613297
0.08253028988838196
0.12763749063014984
0.05421116203069687
0.1577979177236557
0.1332579255104065
0.2206161469221115
0.06445527076721191
0.09573899209499359
0.2008766233921051
0.13137885928153992
0.05017029494047165
0.15082848072052002
0.11176370829343796
0.17162182927131653
0.14878322184085846
0.1017230674624443
0.12489157915115356
0.192664235830307
0.0841510072350502
0.11482957750558853
0.30651187896728516
0.07348637282848358
0.04506099596619606
0.08990680426359177
0.1708652228116989
0.09657210856676102
0.11981213092803955
0.08306397497653961
0.22791554033756256
0.11490824073553085
0.09553665667772293
0.06389220803976059
0.14934059977531433
0.051629748195409775
0.19121506810188293
0.06319861859083176
0.1112731546163559
0.09491787105798721
0.11912161856889725
0.07782141864299774
0.24160060286521912
0.13958020508289337
0.17265065014362335
0.2693865895271301
0.17086391150951385
0.21517007052898407
0.1427963823080063
0.08233954012393951
0.11942508816719055
0.11635581403970718
0.180894136428833
0.053055789321660995
0.12653440237045288
0.15717124938964844
0.28878799080848694
0.09004891663789749
0.21402563154697418
0.08998069912195206
0.034847743809223175
0.11968312412500381
0.04804397001862526
0.09655587375164032
0.06571456044912338
0.08129124343395233
0.09380657225847244
0.23980166018009186
0.23853589594364166
0.0608561709523201
0.3402451276779175
0.050193484872579575
0.1392682045698166
0.09427662938833237
0.045900437980890274
0.33075594902038574
0.21702104806900024
0.1344652771949768
0.15160514414310455
0.07487700879573822
0.17903412878513336
0.12320263683795929
0.03879924491047859
0.22864866256713867
0.30351170897483826
0.12419579178094864
0.09777917712926865
0.12136758863925934
0.11632268875837326
0.1723470836877823
0.09873999655246735
0.07514683902263641
0.26528260111808777
0.0911588966846466
0.07121125608682632
0.17763736844062805
0.09556315839290619
0.26895856857299805
0.05153099447488785
0.07916104048490524
0.010115733370184898
0.09790705144405365
0.2655279338359833
0.1297609508037567
0.04226105660200119
0.21481718122959137
0.09193285554647446
0.21380403637886047
0.2375001460313797
0.016457848250865936
0.19091925024986267
0.059266600757837296
0.38298872113227844
0.24147489666938782
0.24067682027816772
0.06006684526801109
0.13520947098731995
0.1224529817700386
0.16397228837013245
0.1537364274263382
0.21708399057388306
0.14880137145519257
0.3599170744419098
0.1834777295589447
0.16434195637702942
0.2240225374698639
0.019456423819065094
0.14262621104717255
0.010903471149504185
0.09218917787075043
0.07498476654291153
0.06238963082432747
0.06378217041492462
0.24009805917739868
0.04987354576587677
0.0811748057603836
0.12938696146011353
0.15776394307613373
0.03326696157455444
0.2841980457305908
0.11056496202945709
0.12620826065540314
0.3064321279525757
0.08785232901573181
0.18518377840518951
0.12767650187015533
0.10831687599420547
0.15580375492572784
0.04384413734078407
0.06459939479827881
0.23486243188381195
0.17615240812301636
0.0719679594039917
0.0405501089990139
0.08179470896720886
0.17590686678886414
0.11435401439666748
0.11855249851942062
0.1721465140581131
0.11378004401922226
0.09353405237197876
0.1669192612171173
0.08697730302810669
0.15352065861225128
0.34294992685317993
0.15139015018939972
0.09945667535066605
0.08360151946544647
0.10797636955976486
0.11678548157215118
0.049425046890974045
0.19337418675422668
0.15186330676078796
0.08865895867347717
0.05702140927314758
0.05873744189739227
0.16097769141197205
0.08968067914247513
0.03087184578180313
0.15449413657188416
0.1640680879354477
0.1501397341489792
0.13431116938591003
0.07770423591136932
0.08426032960414886
0.32339030504226685
0.1368953138589859
0.10740797221660614
0.06175621971487999
0.1993698626756668
0.12531626224517822
0.07332821935415268
0.10843769460916519
0.02630445547401905
0.17068885266780853
0.2149181365966797
0.07129873335361481
0.16878516972064972
0.13878650963306427
0.04497840255498886
0.10597558319568634
0.12386419624090195
0.05866101756691933
0.0499483160674572
0.08300097286701202
0.31564566493034363
0.07678856700658798
0.18763333559036255
0.09834469854831696
0.10371585190296173
0.1330249160528183
0.10782121121883392
0.1060536578297615
0.03985367342829704
0.05016184598207474
0.08678373694419861
0.1178395077586174
0.14293886721134186
0.1516055315732956
0.142954483628273
0.11289163678884506
0.07757400721311569
0.13455168902873993
0.1630329191684723
0.0600670725107193
0.16013945639133453
0.05110371857881546
0.04622650519013405
0.07591374963521957
0.09375467896461487
0.1643695831298828
0.05535054951906204
0.16375568509101868
0.0460137203335762
0.13225401937961578
0.10335773229598999
0.1198301687836647
0.06049970164895058
0.13639751076698303
0.07216126471757889
0.3233465552330017
0.07633187621831894
0.11381886899471283
0.08354790508747101
0.10831110924482346
0.09743037819862366
0.19064365327358246
0.24545982480049133
0.05980684608221054
0.10759605467319489
0.04167763143777847
0.047223467379808426
0.17456640303134918
0.14871826767921448
0.13763247430324554
0.16235461831092834
0.19634079933166504
0.14832596480846405
0.05474867671728134
0.1171504333615303
0.14072056114673615
0.09981374442577362
0.12194442003965378
0.20633089542388916
0.058785878121852875
0.15902799367904663
0.12910330295562744
0.09741239249706268
0.24887579679489136
0.14830036461353302
0.09831192344427109
0.13357146084308624
0.09509292989969254
0.16986091434955597
0.04275090619921684
0.1553165316581726
0.2793739140033722
0.0766342356801033
0.1304921954870224
0.1112092137336731
0.19497095048427582
0.15170685946941376
0.09675285220146179
0.0877596065402031
0.046473871916532516
0.1556035429239273
0.1043369397521019
0.09327598661184311
0.006147794425487518
0.05531139299273491
0.09522178769111633
0.26774269342422485
0.35500577092170715
0.3663196563720703
0.034497085958719254
0.05825353041291237
0.12403400242328644
0.03461592271924019
0.03670860081911087
0.11505869776010513
0.16694290935993195
0.08120505511760712
0.07940096408128738
0.15406343340873718
0.07791419327259064
0.06917647272348404
0.061014506965875626
0.07487118244171143
0.09240064769983292
0.045445095747709274
0.08648592978715897
0.1901458501815796
0.01193967554718256
0.1489953100681305
0.2008165568113327
0.14477233588695526
0.03262748196721077
0.02391922101378441
0.11769768595695496
0.128866508603096
0.0594506599009037
0.2528952658176422
0.3138369917869568
0.11631669104099274
0.05533421039581299
0.08971242606639862
0.0780840516090393
0.24967874586582184
0.06946893781423569
0.12275703996419907
0.07708054035902023
0.06932882964611053
0.19983896613121033
0.07720332592725754
0.12927041947841644
0.11045251786708832
0.13980711996555328
0.14448194205760956
0.24803724884986877
0.054550740867853165
0.0997927337884903
0.10040675103664398
0.007738084532320499
0.04730914160609245
0.012626112438738346
0.11174722760915756
0.09988557547330856
0.07676395773887634
0.25612810254096985
0.15896393358707428
0.22935089468955994
0.09230329841375351
0.031330741941928864
0.2229018211364746
0.14539197087287903
0.04863622039556503
0.06516779959201813
0.3081314265727997
0.23776832222938538
0.10171200335025787
0.1711692214012146
0.17551714181900024
0.12768182158470154
0.1899738609790802
0.21212366223335266
0.22665339708328247
0.11074453592300415
0.18426983058452606
0.18492916226387024
0.16716009378433228
0.18765763938426971
0.025320934131741524
0.14731380343437195
0.08447401225566864
0.07147593796253204
0.23063990473747253
0.18315410614013672
0.17417436838150024
0.14854666590690613
0.09161488711833954
0.13395912945270538
0.04883376881480217
0.16366173326969147
0.0025841067545115948
0.010307523421943188
0.03510863333940506
0.0037753614597022533
0.22014345228672028
0.17791104316711426
0.13723112642765045
0.08924456685781479
0.19836567342281342
0.11235195398330688
0.06017201766371727
0.06862494349479675
0.22239916026592255
0.21571573615074158
0.1027345359325409
0.09207245707511902
0.05231675133109093
0.10638416558504105
0.1125945970416069
0.15893378853797913
0.2144971787929535
0.09656976908445358
0.23668430745601654
0.13243818283081055
0.10481731593608856
0.17653705179691315
0.004726003389805555
0.06623297929763794
0.07548506557941437
0.2984103858470917
0.12613046169281006
0.06480421125888824
0.06450976431369781
0.14969760179519653
0.10676521807909012
0.04472441226243973
0.07126966863870621
0.3009023666381836
0.05335645005106926
0.11108468472957611
0.048718392848968506
0.12209554016590118
0.19699637591838837
0.040937792509794235
0.04351741075515747
0.17832240462303162
0.1865358054637909
0.09857987612485886
0.08553434163331985
0.20158377289772034
0.07086102664470673
0.10283281654119492
0.09205428510904312
0.08526365458965302
0.10375946015119553
0.2595372796058655
0.02116503193974495
0.1957709640264511
0.10288013517856598
0.09767062962055206
0.12792609632015228
0.25184744596481323
0.1250365823507309
0.06668733060359955
0.11073068529367447
0.16627560555934906
0.08721555769443512
0.06199561059474945
0.13035644590854645
0.05241711810231209
0.0445670522749424
0.10135284066200256
0.16060304641723633
0.16104379296302795
0.011730684898793697
0.021587230265140533
0.14664268493652344
0.3023378551006317
0.029194027185440063
0.20306138694286346
0.1286955326795578
0.28739991784095764
0.1262187659740448
0.006004088558256626
0.029866617172956467
0.14326411485671997
0.21719296276569366
0.14078813791275024
0.16945183277130127
0.17283178865909576
0.28489139676094055
0.2534981071949005
0.09942042827606201
0.2039150595664978
0.16069002449512482
0.2141239196062088
0.08551741391420364
0.16818076372146606
0.13519486784934998
0.022504335269331932
0.01648206263780594
0.2351018488407135
0.48359620571136475
0.21504241228103638
0.20449279248714447
0.11315052211284637
0.1074376031756401
0.13974294066429138
0.18398426473140717
0.04053332284092903
0.16700991988182068
0.10016822814941406
0.08630094677209854
0.07559090852737427
0.19544368982315063
0.12534372508525848
0.12419285625219345
0.07306493073701859
0.15314628183841705
0.06892448663711548
0.1447276920080185
0.08578204363584518
0.07367656379938126
0.2594023644924164
0.17140091955661774
0.25061142444610596
0.012595567852258682
0.1505800038576126
0.08142677694559097
0.2354416847229004
0.08971664309501648
0.10041466355323792
0.033782318234443665
0.09941378235816956
0.301367849111557
0.10452278703451157
0.1569226086139679
0.05692654475569725
0.14658738672733307
0.1664806604385376
0.16013167798519135
0.047190915793180466
0.06959488242864609
0.13266272842884064
0.08814908564090729
0.09039143472909927
0.12339183688163757
0.13178743422031403
0.12269773334264755
0.0019232156919315457
0.11818017065525055
0.10121393948793411
0.057921674102544785
0.12789620459079742
0.1660608947277069
0.18294240534305573
0.07101476937532425
0.1379723846912384
0.2039167881011963
0.10278405994176865
0.10830047726631165
0.19986200332641602
0.109550841152668
0.13875415921211243
0.14796292781829834
0.03940700739622116
0.09905640035867691
0.15503372251987457
0.1436212807893753
0.16081465780735016
0.19738546013832092
0.10219357907772064
0.10461066663265228
0.13783815503120422
0.0652773529291153
0.08856185525655746
0.08837361633777618
0.1028030589222908
0.08595269918441772
0.11360771954059601
0.049336180090904236
0.08102688938379288
0.31421959400177
0.11252105981111526
0.22391289472579956
0.13808736205101013
0.07807105779647827
0.10963308811187744
0.040504198521375656
0.3243294060230255
0.12517733871936798
0.12094786018133163
0.16150020062923431
0.0992429181933403
0.0687708631157875
0.035869285464286804
0.1893693506717682
0.1765306442975998
0.1574009209871292
0.07674872875213623
0.14557461440563202
0.20449626445770264
0.058539099991321564
0.06949187815189362
0.3011268973350525
0.13492700457572937
0.13191503286361694
0.0670444667339325
0.12004361301660538
0.0979616567492485
0.09373008459806442
0.2864421308040619
0.08579272031784058
0.09995602071285248
0.1485525369644165
0.09117788821458817
0.09099831432104111
0.20248542726039886
0.0222612377256155
0.14930252730846405
0.0774242952466011
0.16490697860717773
0.29154181480407715
0.12579885125160217
0.11085770279169083
0.1263091266155243
0.14561286568641663
0.08628334850072861
0.14101457595825195
0.05144365131855011
0.10443218052387238
0.1313810646533966
0.0946606993675232
0.24268797039985657
0.2204681783914566
0.13072630763053894
0.06437426805496216
0.13760271668434143
0.10438257455825806
0.1517387330532074
0.1149207279086113
0.2268771231174469
0.030206939205527306
0.08201786130666733
0.04785514622926712
0.1342076063156128
0.1724790632724762
0.33788132667541504
0.06589054316282272
0.29064473509788513
0.05399629846215248
0.1547170877456665
0.1104067713022232
0.17024096846580505
0.21377281844615936
0.12334698438644409
0.12069308012723923
0.13056614995002747
0.24938566982746124
0.11018864065408707
0.07380467653274536
0.14250768721103668
0.18265780806541443
0.0645715594291687
0.025796636939048767
0.17708227038383484
0.1146346926689148
0.019384155049920082
0.08780372142791748
0.07876051962375641
0.12312816083431244
0.2901986539363861
0.12197063863277435
0.3358341455459595
0.08240918070077896
0.07989288121461868
0.10622846335172653
0.037440378218889236
0.16050374507904053
0.10590608417987823
0.09687536954879761
0.09861592203378677
0.23122422397136688
0.19862017035484314
0.18372589349746704
0.14012230932712555
0.1764126867055893
0.1278480887413025
0.16965444386005402
0.08969517052173615
0.03734962269663811
0.11309482902288437
0.05885689705610275
0.018307100981473923
0.05446804687380791
0.13932719826698303
0.057845260947942734
0.10539034008979797
0.35554635524749756
0.07412339001893997
0.026334382593631744
0.08597150444984436
0.28537312150001526
0.12121853232383728
0.060246922075748444
0.1093740239739418
0.05300835892558098
0.12474126368761063
0.05590328201651573
0.05192868411540985
0.30223414301872253
0.16742441058158875
0.10865912586450577
0.07766300439834595
0.125687837600708
0.08036225289106369
0.10278269648551941
0.1334218829870224
0.12877723574638367
0.2440132200717926
0.13514311611652374
0.16514985263347626
0.16151438653469086
0.07960738241672516
0.07694776356220245
0.0303802490234375
0.17799675464630127
0.1217196062207222
0.148161843419075
0.08506595343351364
0.060455046594142914
0.1559288501739502
0.1389787197113037
0.06967954337596893
0.12313494831323624
0.059507548809051514
0.06983496993780136
0.11506951600313187
0.623072624206543
0.118926040828228
0.20829926431179047
0.101968914270401
0.08949583768844604
0.167916938662529
0.13061726093292236
0.17909912765026093
0.10418003052473068
0.1672106236219406
0.14378531277179718
0.14433765411376953
0.19276770949363708
0.09849971532821655
0.13748259842395782
0.05517709255218506
0.07136153429746628
0.07775380462408066
0.029101166874170303
0.06662504374980927
0.09897101670503616
0.08548945933580399
0.10092593729496002
0.11007748544216156
0.06955698877573013
0.20188626646995544
0.44641923904418945
0.08102891594171524
0.069371297955513
0.16132313013076782
0.08567067235708237
0.06864146143198013
0.0903567224740982
0.12570948898792267
0.09619694948196411
0.14495998620986938
0.1889037787914276
0.13762825727462769
0.004054763820022345
0.20599038898944855
0.19172748923301697
0.08467696607112885
0.1258116066455841
0.136066734790802
0.09175238013267517
0.07534068077802658
0.21394193172454834
0.09393592923879623
0.0035204626619815826
0.22352199256420135
0.09374265372753143
0.10222265869379044
0.12829557061195374
0.2042984813451767
0.15896077454090118
0.09890281409025192
0.17331989109516144
0.14566272497177124
0.18621551990509033
0.14519429206848145
0.08123821765184402
0.0024603931233286858
0.13483184576034546
0.09176582098007202
0.09931770712137222
0.11337200552225113
0.17357893288135529
0.0893019363284111
0.3327995836734772
0.17666545510292053
0.11383518576622009
0.11086621135473251
0.038474686443805695
0.14533057808876038
0.08016548305749893
0.25015124678611755
0.1554262936115265
0.2081916779279709
0.09760486334562302
0.05322195962071419
0.11266664415597916
0.12559223175048828
0.10602070391178131
0.15763536095619202
0.05651453137397766
0.08896545320749283
0.15258938074111938
0.20075401663780212
0.04561895132064819
0.13381896913051605
0.1588321030139923
0.09966553002595901
0.02671932429075241
0.22014661133289337
0.14184580743312836
0.13836120069026947
0.2400088757276535
0.059743572026491165
0.009862280450761318
0.13651274144649506
0.056549668312072754
0.2622809410095215
0.07815958559513092
0.21262741088867188
0.20100951194763184
0.05900430679321289
0.25689104199409485
0.06329754739999771
0.17286917567253113
0.22737842798233032
0.24359124898910522
0.13117220997810364
0.11850797384977341
0.1296638697385788
0.1374465525150299
0.1875871866941452
0.20093974471092224
0.1847539246082306
0.18078137934207916
0.08841846883296967
0.18828432261943817
0.024769064038991928
0.1269039809703827
0.2649804353713989
0.1346869319677353
0.14127303659915924
0.14106543362140656
0.13456471264362335
0.17424942553043365
0.14356718957424164
0.13357634842395782
0.13311932981014252
0.06865120679140091
0.10990311205387115
0.07066421210765839
0.2621600031852722
0.22436712682247162
0.15443174540996552
0.2283984273672104
0.3195473551750183
0.1703464686870575
0.11175373196601868
0.04018811509013176
0.1400488018989563
0.17268691956996918
0.06645709276199341
0.07936378568410873
0.247285395860672
0.11166990548372269
0.10579031705856323
0.07788913697004318
0.12096910923719406
0.39095669984817505
0.0406695157289505
0.3215739130973816
0.03363296017050743
0.11643994599580765
0.0752246230840683
0.14889198541641235
0.12972290813922882
0.059266671538352966
0.10421571880578995
0.10171984136104584
0.09020828455686569
0.005279624368995428
0.12004613131284714
0.3278828263282776
0.14813049137592316
0.04132187366485596
0.1397751122713089
0.12050262838602066
0.16938231885433197
0.09740374982357025
0.054204147309064865
0.1541953980922699
0.06049032509326935
0.08980190753936768
0.19556358456611633
0.08658106625080109
0.09814835339784622
0.2204112708568573
0.1712171882390976
0.07587853074073792
0.09023535251617432
0.05571819841861725
0.07487165182828903
0.15585090219974518
0.18520866334438324
0.11535245180130005
0.20784126222133636
0.11139648407697678
0.20200206339359283
0.07689440995454788
0.11876560002565384
0.2459690272808075
0.059347495436668396
0.13917188346385956
0.09081781655550003
0.07940364629030228
0.1675008237361908
0.05044698342680931
0.10381510108709335
0.08222687244415283
0.16483722627162933
0.04200761392712593
0.058213971555233
0.08033902943134308
0.1569375991821289
0.0733313262462616
0.08529508858919144
0.07001326233148575
0.11545637249946594
0.05593819171190262
0.21748769283294678
0.08835697919130325
0.15671223402023315
0.2739242911338806
0.1410432606935501
0.14803627133369446
0.05911289528012276
0.1972266435623169
0.19626784324645996
0.08578793704509735
0.2658710479736328
0.09273547679185867
0.07885697484016418
0.07713054865598679
0.20744037628173828
0.3477429449558258
0.18048055469989777
0.16947244107723236
0.022695941850543022
0.03272544965147972
0.2743951976299286
0.11072669923305511
0.34726324677467346
0.13540911674499512
0.12145751714706421
0.06583862006664276
0.06621971726417542
0.0953606516122818
0.09750775247812271
0.1577865481376648
0.07532025873661041
0.09060831367969513
0.10586613416671753
0.07473203539848328
0.13804391026496887
0.05576346814632416
0.04771833121776581
0.08573083579540253
0.09661996364593506
0.07435166090726852
0.10689514130353928
0.1626734435558319
0.11821084469556808
0.03168012201786041
0.03590559959411621
0.22407840192317963
0.10208714753389359
0.12073354423046112
0.09948580712080002
0.05678761005401611
0.10338012874126434
0.12405851483345032
0.16364029049873352
0.07641896605491638
0.10048391669988632
0.11254265904426575
0.06017286702990532
0.13575533032417297
0.06267327070236206
0.07859885692596436
0.1552918255329132
0.038793954998254776
0.045763369649648666
0.18940402567386627
0.11896213889122009
0.08658021688461304
0.06736984848976135
0.10042230784893036
0.03889324516057968
0.07444296032190323
0.11592815816402435
0.1261959969997406
0.118220254778862
0.2016141414642334
0.028109466657042503
0.213377445936203
0.18134555220603943
0.07790518552064896
0.09315212070941925
0.07597311586141586
0.11034387350082397
0.08464009314775467
0.19142469763755798
0.1924743801355362
0.13684649765491486
0.08814176917076111
0.047258056700229645
0.09222379326820374
0.14022523164749146
0.18184107542037964
0.08190831542015076
0.13304942846298218
0.3604191243648529
0.03632630780339241
0.09196826070547104
0.20331650972366333
0.05020079016685486
0.16120387613773346
0.05193523317575455
0.10103986412286758
0.1872352957725525
0.11690821498632431
0.16040168702602386
0.2267109751701355
0.17299698293209076
0.09970006346702576
0.19100184738636017
0.23547114431858063
0.1249447762966156
0.18373166024684906
0.1149059534072876
0.11749977618455887
0.136759951710701
0.09112249314785004
0.1920444816350937
0.04376092180609703
0.1568976193666458
0.063951775431633
0.050922758877277374
0.12155085802078247
0.22768869996070862
0.18059109151363373
0.09669632464647293
0.23383058607578278
0.26459240913391113
0.24392706155776978
0.07977220416069031
0.2552781105041504
0.09594560414552689
0.053659819066524506
0.13080447912216187
0.06822744756937027
0.11791127920150757
0.13462649285793304
0.08690797537565231
0.19699785113334656
0.03768566623330116
0.035936396569013596
0.1672251969575882
0.07318572700023651
0.09517329186201096
0.08574528992176056
0.05705372616648674
0.16836687922477722
0.0017472893232479692
0.07803679257631302
0.2999592125415802
0.13536874949932098
0.04634638875722885
0.24734482169151306
0.17554225027561188
0.17617623507976532
0.05769804120063782
0.09670209139585495
0.14721597731113434
0.19289256632328033
0.18986603617668152
0.07016897201538086
0.16782169044017792
0.06284473091363907
0.05310454219579697
0.27463847398757935
0.19107027351856232
0.2330816239118576
0.19218383729457855
0.07740040868520737
0.1669997125864029
0.06449265033006668
0.18236790597438812
0.1240423247218132
0.1361454278230667
0.11581495404243469
0.1553482860326767
0.14950034022331238
0.2400944083929062
0.20774756371974945
0.2783556580543518
0.18387238681316376
0.17423534393310547
0.036728113889694214
0.06882437318563461
0.05014309287071228
0.15024231374263763
0.1546323150396347
0.03874300420284271
0.1810835748910904
0.06580311059951782
0.054110947996377945
0.22287048399448395
0.1344510018825531
0.2108774483203888
0.1530413180589676
0.0834030881524086
0.1137932613492012
0.40994665026664734
0.21620959043502808
0.005969163961708546
0.06936044991016388
0.10428019613027573
0.16028013825416565
0.07569557428359985
0.17126905918121338
0.3082699477672577
0.16921834647655487
0.09452591836452484
0.20334690809249878
0.13909851014614105
0.1257714182138443
0.17451132833957672
0.1120881736278534
0.12330779433250427
0.19497092068195343
0.10960611701011658
0.06298577785491943
0.13238473236560822
0.05450304225087166
0.07253947108983994
0.09938197582960129
0.10964474827051163
0.07175930589437485
0.11289922147989273
0.012208661064505577
0.14390458166599274
0.12348883599042892
0.3801092207431793
0.08257447183132172
0.08022112399339676
0.13247725367546082
0.11817163228988647
0.02719961293041706
0.13153572380542755
0.08884454518556595
0.14502057433128357
0.12649710476398468
0.013814137317240238
0.18182909488677979
0.0810966044664383
0.058604076504707336
0.1040269061923027
0.05877147614955902
0.1359129101037979
0.11181990057229996
0.0320645347237587
0.051796235144138336
0.07939025014638901
0.08836223185062408
0.610862672328949
0.03416061773896217
0.06188182160258293
0.10171647369861603
0.12083812803030014
0.10201804339885712
0.137496680021286
0.01156993955373764
0.1075931042432785
0.022649355232715607
0.18569885194301605
0.10071463882923126
0.21478049457073212
0.15581783652305603
0.08111783862113953
0.05180113762617111
0.07147669047117233
0.179758220911026
0.19581939280033112
0.1705193817615509
0.09257645159959793
0.14525799453258514
0.16940753161907196
0.004356586840003729
0.20489616692066193
0.09090595692396164
0.08651424199342728
0.13756752014160156
0.09193582832813263
0.15702210366725922
0.06888678669929504
0.1184016764163971
0.1241995245218277
0.11970318108797073
0.12393195927143097
0.09735261648893356
0.09642667323350906
0.13253799080848694
0.13911055028438568
0.0015812469646334648
0.14523231983184814
0.17795085906982422
0.11307390034198761
0.04019884765148163
0.15594099462032318
0.06720416992902756
0.24042384326457977
0.1573013961315155
0.08275239169597626
0.10071399062871933
0.09658525139093399
0.09437025338411331
0.1754153072834015
0.24263526499271393
0.18922165036201477
0.09833399951457977
0.09851590543985367
0.27093636989593506
0.07284241914749146
0.10754450410604477
0.213481605052948
0.21161425113677979
0.07029496133327484
0.022185392677783966
0.09230772405862808
0.11548372358083725
0.14014697074890137
0.16606324911117554
0.06585714221000671
0.052910421043634415
0.05460359901189804
0.0696866363286972
0.08172804117202759
0.02089811861515045
0.1565438061952591
0.040011074393987656
0.0716865286231041
0.07384214550256729
0.1179438978433609
0.1413431614637375
0.21080996096134186
0.09619779139757156
0.03745753690600395
0.18830576539039612
0.04387381300330162
0.06828287243843079
0.023676814511418343
0.09042870998382568
0.08048079907894135
0.03490166366100311
0.10985306650400162
0.11039722710847855
0.017943209037184715
0.16216148436069489
0.07781592756509781
0.1291539967060089
0.04190956428647041
0.15705204010009766
0.1578264832496643
0.11421667039394379
0.12422961741685867
0.0826687440276146
0.12028487026691437
0.05645393207669258
0.14501884579658508
0.020268622785806656
0.07203556597232819
0.15286581218242645
0.08643075823783875
0.10926628112792969
0.09070494025945663
0.1063050925731659
0.16643008589744568
0.17554277181625366
0.17921197414398193
0.10343348979949951
0.11443062871694565
0.15355715155601501
0.14262206852436066
0.057829637080430984
0.10888820886611938
0.09723573178052902
0.2084377557039261
0.03720787912607193
0.048983436077833176
0.03719997778534889
0.01429810095578432
0.14092780649662018
0.08273828774690628
0.05784161388874054
0.1369621455669403
0.07050737738609314
0.09796609729528427
0.12106144428253174
0.08273985236883163
0.09052646905183792
0.07834674417972565
0.1272091567516327
0.002538156695663929
0.03269246220588684
0.10490240901708603
0.0546606108546257
0.12199121713638306
0.0036987948697060347
0.029482178390026093
0.09269309043884277
0.1617240160703659
0.10883771628141403
0.07584083080291748
0.11919087916612625
0.09081103652715683
0.10551703721284866
0.04284943640232086
0.1378852277994156
0.13590259850025177
0.0774872750043869
0.036254629492759705
0.10798098891973495
0.03151797503232956
0.15750157833099365
0.14920848608016968
0.14541898667812347
0.03864912688732147
0.06708431243896484
0.19682109355926514
0.08516213297843933
0.04661749675869942
0.16050691902637482
0.14726503193378448
0.16921882331371307
0.07176503539085388
0.06885972619056702
0.050725191831588745
0.16115529835224152
0.005124417133629322
0.04455963522195816
0.2052888125181198
0.15896324813365936
0.05240340158343315
0.06441061198711395
0.003858474548906088
0.039078086614608765
0.057268768548965454
0.2734537124633789
0.08222600817680359
0.06512335687875748
0.1253613978624344
0.16072742640972137
0.1585380733013153
0.08978813141584396
0.05670556426048279
0.15713980793952942
0.22524036467075348
0.08799527585506439
0.2671407461166382
0.2598274350166321
0.25429970026016235
0.11626896262168884
0.18648479878902435
0.11419101804494858
0.0921599343419075
0.21137890219688416
0.26742613315582275
0.10989470034837723
0.08616040647029877
0.016648536548018456
0.019198117777705193
0.10072781145572662
0.1648261398077011
0.0475180521607399
0.10012175142765045
0.02941148169338703
0.07289594411849976
0.07469899952411652
0.05649099498987198
0.13680994510650635
0.0918772965669632
0.13185548782348633
0.13110478222370148
0.14456218481063843
0.06964170187711716
0.10489064455032349
0.07326221466064453
0.10038653761148453
0.06448212265968323
0.14221899211406708
0.1301032155752182
0.11210376024246216
0.07499867677688599
0.10266805440187454
0.19361768662929535
0.14312103390693665
0.07519924640655518
0.07816572487354279
0.11060310155153275
0.08838639408349991
0.1439143717288971
0.03155755251646042
0.0291570033878088
0.0716538280248642
0.10774832963943481
0.08431710302829742
0.11398371309041977
0.026166191324591637
0.14403721690177917
0.1580943614244461
0.054337311536073685
0.12058217078447342
0.1143416240811348
0.20452404022216797
0.13967162370681763
0.12924836575984955
0.08387179672718048
0.08691181242465973
0.0013737843837589025
0.16236016154289246
0.14884863793849945
0.09300944209098816
0.11739297211170197
0.1400865614414215
0.05789196491241455
0.0032101210672408342
0.24523545801639557
0.05863943323493004
0.13877511024475098
0.16674849390983582
0.0879865363240242
0.27047187089920044
0.15157847106456757
0.178986057639122
0.4835551977157593
0.07702919095754623
0.10384421050548553
0.08186592906713486
0.10624531656503677
0.1409546136856079
0.08806614577770233
0.14979267120361328
0.1326877921819687
0.11317209899425507
0.11216825246810913
0.140738382935524
0.1410069763660431
0.0896555557847023
0.11004292219877243
0.004925264976918697
0.1380080133676529
0.06437793374061584
0.07549826055765152
0.150702565908432
0.046551793813705444
0.03745049983263016
0.09623749554157257
0.1387125849723816
0.04962566867470741
0.14279183745384216
0.07212883979082108
0.15555056929588318
0.09980641305446625
0.057028766721487045
0.0036238697357475758
0.18539054691791534
0.08818662166595459
0.14299975335597992
0.3462284803390503
0.11193767189979553
0.05772178992629051
0.14130060374736786
0.04541042447090149
0.1552460789680481
0.15271779894828796
0.07585546374320984
0.10127720236778259
0.3664293587207794
0.266330748796463
0.04188336059451103
0.11768079549074173
0.17251738905906677
0.11011573672294617
0.12366250902414322
0.10250265896320343
0.11599394679069519
0.06611397117376328
0.09304804354906082
0.1471470594406128
0.12476355582475662
0.10991593450307846
0.18644730746746063
0.1835186928510666
0.01820947416126728
0.15488223731517792
0.010731179267168045
0.10528168082237244
0.09534957259893417
0.06688708066940308
0.12266568094491959
0.17756548523902893
0.10138221085071564
0.18379950523376465
0.0328010655939579
0.06135134771466255
0.07541777193546295
0.11317706853151321
0.13566820323467255
0.13122621178627014
0.17153015732765198
0.16346335411071777
0.05806780979037285
0.15489275753498077
0.26044079661369324
0.17453838884830475
0.11544768512248993
0.08523552864789963
0.20343780517578125
0.10181762278079987
0.1687198281288147
0.08676537871360779
0.22402477264404297
0.15370553731918335
0.033987369388341904
0.17214635014533997
0.08259952813386917
0.08370732516050339
0.2777795195579529
0.14095625281333923
0.06057501956820488
0.6481968760490417
0.11328238248825073
0.08847403526306152
0.14496082067489624
0.06087743490934372
0.27545350790023804
0.12604652345180511
0.05541015788912773
0.09803099185228348
0.15615804493427277
0.08377613872289658
0.19047501683235168
0.10142575204372406
0.13134081661701202
0.10031692683696747
0.1411173790693283
0.08833533525466919
0.24115677177906036
0.061079543083906174
0.12312439829111099
0.06650923937559128
0.14153054356575012
0.03192630410194397
0.0847405269742012
0.027238434180617332
0.11777599155902863
0.055740248411893845
0.02164679393172264
0.1010458841919899
0.1580667793750763
0.1505841612815857
0.16841721534729004
0.07736611366271973
0.10254427790641785
0.11062630265951157
0.20129476487636566
0.3323235809803009
0.17168334126472473
0.10885289311408997
0.14710311591625214
0.039787184447050095
0.07731935381889343
0.08173587173223495
0.1732426881790161
0.1347821056842804
0.16067808866500854
0.04105725139379501
0.151179239153862
0.15764611959457397
0.24813508987426758
0.12259331345558167
0.04115277901291847
0.14548318088054657
0.13886430859565735
0.21423250436782837
0.11203206330537796
0.09090405702590942
0.1384405940771103
0.10340818017721176
0.11355571448802948
0.12561282515525818
0.05146133899688721
0.01566823199391365
0.25133225321769714
0.09628941118717194
0.13852787017822266
0.3639509081840515
0.03191499039530754
0.13958679139614105
0.20773601531982422
0.06001630425453186
0.18401440978050232
0.1231614202260971
0.05407455563545227
0.06827401369810104
0.1425078958272934
0.1049136221408844
0.07449066638946533
0.08439803868532181
0.30766767263412476
0.03591747581958771
0.07021427899599075
0.10062901675701141
0.11715507507324219
0.17467378079891205
0.11451724171638489
0.15860487520694733
0.2205856442451477
0.04108494520187378
0.07481291890144348
0.18263649940490723
0.2790795564651489
0.09593995660543442
0.06988473236560822
0.11560249328613281
0.17563295364379883
0.08960427343845367
0.1268240362405777
0.09489864856004715
0.14468568563461304
0.058132342994213104
0.08044594526290894
0.11855454742908478
0.05709212273359299
0.08247114717960358
0.04579707607626915
0.3482430577278137
0.0949806421995163
0.0690508484840393
0.0884125605225563
0.07286963611841202
0.09465198218822479
0.15436753630638123
0.07998283207416534
0.07516200840473175
0.19390800595283508
0.1012960821390152
0.022638265043497086
0.13009138405323029
0.13439303636550903
0.07992900907993317
0.022112326696515083
0.04644620791077614
0.060701578855514526
0.16563403606414795
0.19978100061416626
0.1873573660850525
0.06347927451133728
0.15448102355003357
0.28734466433525085
0.27582719922065735
0.07705914229154587
0.04972204193472862
0.12442201375961304
0.14059746265411377
0.20114663243293762
0.0711783915758133
0.09560547769069672
0.04860026389360428
0.17245155572891235
0.1078057587146759
0.1377243846654892
0.019969917833805084
0.009779120795428753
0.14718741178512573
0.13354907929897308
0.08741194754838943
0.03882022574543953
0.24574889242649078
0.12301594018936157
0.11845654249191284
0.002220838563516736
0.09543068706989288
0.19465535879135132
0.15897881984710693
0.08590295165777206
0.1608046591281891
0.2571057081222534
0.1625559777021408
0.05116623640060425
0.17070981860160828
0.010808659717440605
0.13962450623512268
0.1303253471851349
0.07292395830154419
0.0662449523806572
0.2384853959083557
0.23242799937725067
0.10108868032693863
0.1291733682155609
0.023892108350992203
0.08489769697189331
0.04907488450407982
0.19397786259651184
0.15466849505901337
0.10012856125831604
0.0709831714630127
0.15379726886749268
0.04729534313082695
0.09214025735855103
0.09208314120769501
0.18668906390666962
0.13049787282943726
0.10684608668088913
0.07399943470954895
0.08436688035726547
0.1167527437210083
0.039047084748744965
0.07477866858243942
0.10945990681648254
0.050451457500457764
0.056651100516319275
0.07803848385810852
0.03761284425854683
0.08665964007377625
0.07622592151165009
0.22237388789653778
0.06485295295715332
0.09073323011398315
0.1588377207517624
0.09641200304031372
0.16053403913974762
0.15426301956176758
0.05021229386329651
0.10256734490394592
0.05575165897607803
0.06277558207511902
0.16664406657218933
0.19807873666286469
0.003979727625846863
0.0708361268043518
0.01546226255595684
0.5603781342506409
0.07125459611415863
0.12544913589954376
0.17450211942195892
0.10332521051168442
0.05826534330844879
0.049423035234212875
0.17337404191493988
0.008027387782931328
0.26538726687431335
0.054365403950214386
0.12357531487941742
0.08628437668085098
0.06289345026016235
0.0663342997431755
0.0791856124997139
0.11392214149236679
0.15366651117801666
0.10402755439281464
0.12100096046924591
0.10584209859371185
0.27082106471061707
0.26114147901535034
0.149308443069458
0.10815711319446564
0.11741715669631958
0.13668277859687805
0.04372751712799072
0.1165367066860199
0.04635715112090111
0.07021210342645645
0.036701750010252
0.11557268351316452
0.05530350282788277
0.13983841240406036
0.09281793981790543
0.0940871387720108
0.1811244785785675
0.10059181600809097
0.26048794388771057
0.17308329045772552
0.05581860989332199
0.08414368331432343
0.07289738208055496
0.1617150902748108
0.08713853359222412
0.05324069410562515
0.12023358047008514
0.20137330889701843
0.10853178054094315
0.06766345351934433
0.32899343967437744
0.07962236553430557
0.18058237433433533
0.09080994129180908
0.19844509661197662
0.06421752274036407
0.059456922113895416
0.1337786614894867
0.12789015471935272
0.11610617488622665
0.1745319366455078
0.08459021896123886
0.13938887417316437
0.10230758786201477
0.05126652494072914
0.08002126216888428
0.12234437465667725
0.06253854930400848
0.08912521600723267
0.12548546493053436
0.0907289907336235
0.05933847278356552
0.0856080949306488
0.05970717966556549
0.197977215051651
0.14010536670684814
0.1041155457496643
0.16551588475704193
0.40773844718933105
0.10316184163093567
0.1386685073375702
0.19833016395568848
0.03140786662697792
0.08319143205881119
0.19699899852275848
0.11687877029180527
0.14219637215137482
0.17878596484661102
0.13470834493637085
0.07896583527326584
0.11666661500930786
0.05852237716317177
0.24354197084903717
0.12587973475456238
0.11381946504116058
0.0963071659207344
0.23906469345092773
0.11441630125045776
0.09947457164525986
0.20598463714122772
0.1074489876627922
0.11827554553747177
0.10757461190223694
0.060201603919267654
0.10358427464962006
0.07095939666032791
0.21271997690200806
0.08978459984064102
0.12203778326511383
0.1542784720659256
0.15832780301570892
0.0904584750533104
0.02255101501941681
0.11385524272918701
0.07738087326288223
0.06681405007839203
0.0850922167301178
0.16127172112464905
0.0962473526597023
0.1498461365699768
0.13549698889255524
0.07000328600406647
0.03559292107820511
0.16654083132743835
0.05039873346686363
0.010413222014904022
0.18194766342639923
0.04672665894031525
0.15338103473186493
0.1062980517745018
0.12166906148195267
0.066561259329319
0.17563165724277496
0.056543055921792984
0.11999230831861496
0.06033610552549362
0.09049195051193237
0.1493716984987259
0.1904364675283432
0.1187196746468544
0.23243208229541779
0.0963163673877716
0.10354043543338776
0.13471157848834991
0.1773831844329834
0.16800010204315186
0.11986538767814636
0.041194893419742584
0.03599735349416733
0.11310220509767532
0.16067782044410706
0.198871910572052
0.1454271525144577
0.15099385380744934
0.01748441532254219
0.2142726629972458
0.12643638253211975
0.16073563694953918
0.05642276257276535
0.04371301829814911
0.14507411420345306
0.21714717149734497
0.2137448489665985
0.05312572047114372
0.19999462366104126
0.10423462092876434
0.11130460351705551
0.06299914419651031
0.13691774010658264
0.10303792357444763
0.028956469148397446
0.07456343621015549
0.18693630397319794
0.017687611281871796
0.2008102685213089
0.07332274317741394
0.06416434049606323
0.16022934019565582
0.06802896410226822
0.11713527888059616
0.05618900805711746
0.11684203147888184
0.027597928419709206
0.1783149689435959
0.002514344174414873
0.05268600210547447
0.14399319887161255
0.17776226997375488
0.5884385704994202
0.1791982501745224
0.18712443113327026
0.0904863104224205
0.11143241822719574
0.016768625006079674
0.023121600970625877
0.020278263837099075
0.11284007877111435
0.150762140750885
0.06367731094360352
0.11381901055574417
0.12271806597709656
0.1605953425168991
0.10510487109422684
0.11959400773048401
0.12704044580459595
0.06651300936937332
0.2742878794670105
0.1366209089756012
0.18762390315532684
0.024769572541117668
0.10910600423812866
0.06739237904548645
0.07611225545406342
0.09665094316005707
0.03586076945066452
0.2453812062740326
0.09821612387895584
0.17222829163074493
0.14187899231910706
0.1589745730161667
0.000560999265871942
0.18925051391124725
0.0991772934794426
0.05338076874613762
0.10252480208873749
0.15627340972423553
0.18851669132709503
0.29732537269592285
0.04196232184767723
0.03333476185798645
0.1450301855802536
0.0863281860947609
0.0445321761071682
0.08406994491815567
0.0952376201748848
0.05134998634457588
0.07362443208694458
0.1480158567428589
0.020739857107400894
0.10951630026102066
0.048117440193891525
0.11060413718223572
0.049170639365911484
0.08378974348306656
0.1177607923746109
0.1607358157634735
0.2022072970867157
0.08970965445041656
0.06786248832941055
0.015290506184101105
0.08051621168851852
0.11501767486333847
0.05771000310778618
0.061972517520189285
0.057816386222839355
0.07758583128452301
0.11486034840345383
0.021806197240948677
0.041565243154764175
0.03529722988605499
0.1311018317937851
0.02857903018593788
0.11411341279745102
0.1795695722103119
0.11099575459957123
0.25824928283691406
0.14970152080059052
0.10370556265115738
0.0781695544719696
0.08670932054519653
0.019661789759993553
0.228645458817482
0.1354079395532608
0.13882885873317719
0.04543735831975937
0.028933003544807434
0.05986390635371208
0.12096814811229706
0.11581418663263321
0.2322964072227478
0.11627083271741867
0.10756924003362656
0.26090767979621887
0.030353298410773277
0.1316927969455719
0.09747669845819473
0.03568438068032265
0.1001390889286995
0.05649140104651451
0.5574631690979004
0.09200993180274963
0.17213867604732513
0.03845442086458206
0.05386454612016678
0.15260164439678192
0.1903030127286911
0.3328343331813812
0.20854011178016663
0.11855027079582214
0.21423210203647614
0.06261717528104782
0.06839524209499359
0.11348732560873032
0.16808439791202545
0.1253252625465393
0.1171000525355339
0.12093602120876312
0.1366596817970276
0.130608469247818
0.11318240314722061
0.07024996727705002
0.1751888245344162
0.14574989676475525
0.15487785637378693
0.1764431893825531
0.11600865423679352
0.16765505075454712
0.05940433219075203
0.1487826108932495
0.11293137073516846
0.10740852355957031
0.15696445107460022
0.15678907930850983
0.16900081932544708
0.1524052917957306
0.0608159638941288
0.06331375986337662
0.13298211991786957
0.14307905733585358
0.04265763983130455
0.09130144864320755
0.10130716860294342
0.19283044338226318
0.15917493402957916
0.07044509798288345
0.1188105046749115
0.04509781673550606
0.02530089020729065
0.005919953342527151
0.05605984106659889
0.11802856624126434
0.17327459156513214
0.152044415473938
0.11134457588195801
0.15364982187747955
0.18396659195423126
0.07700859010219574
0.18925553560256958
0.09213483333587646
0.13269543647766113
0.1347968429327011
0.1931723803281784
0.10565244406461716
0.17952048778533936
0.1205667182803154
0.11219765245914459
0.10934442281723022
0.11236955970525742
0.14013640582561493
0.034650739282369614
0.031097814440727234
0.04537009820342064
0.09759838879108429
0.09072428941726685
0.07572537660598755
0.13660863041877747
0.05868534743785858
0.04464435204863548
0.08062978088855743
0.18955321609973907
0.09383071213960648
0.04385851323604584
0.07014356553554535
0.09360846132040024
0.06850416958332062
0.17897596955299377
0.0893438309431076
0.11250940710306168
0.07686756551265717
0.06058622524142265
0.18549661338329315
0.09654151648283005
0.113055020570755
0.07895790040493011
0.08537019044160843
0.06528826057910919
0.11158806830644608
0.18627384305000305
0.07854801416397095
0.09322888404130936
0.11655069887638092
0.12155523896217346
0.04476119205355644
0.09964045882225037
0.08104649186134338
0.09298411756753922
0.10756678879261017
0.0414545014500618
0.17491647601127625
0.02219383977353573
0.106090247631073
0.041924089193344116
0.12384894490242004
0.21133282780647278
0.07009642571210861
0.095062255859375
0.04639792442321777
0.03617735207080841
0.09664995223283768
0.1185230240225792
0.08411476016044617
0.10071276873350143
0.05815387889742851
0.06074908748269081
0.023996274918317795
0.09672728180885315
0.3141827881336212
0.06464087963104248
0.21771378815174103
0.09680748730897903
0.14995235204696655
0.06413985788822174
0.07552666962146759
0.12833578884601593
0.0054057007655501366
0.0911862775683403
0.04679221659898758
0.25923481583595276
0.11002369225025177
0.07806165516376495
0.11536402255296707
0.0062513696029782295
0.02763589844107628
0.04824411869049072
0.2238585203886032
0.09360657632350922
0.07234282046556473
0.13809753954410553
0.10014230757951736
0.09208446741104126
0.19416913390159607
0.052148666232824326
0.005442654713988304
0.12909910082817078
0.08333352953195572
0.005574262700974941
0.1278478354215622
0.12358403205871582
0.06721080094575882
0.3897588849067688
0.1482856720685959
0.0816931426525116
0.12880542874336243
0.11347159743309021
0.25092512369155884
0.08687123656272888
0.1872989982366562
0.09698314219713211
0.09005541354417801
0.16243873536586761
0.03901948034763336
0.1032368391752243
0.06199325993657112
0.041574928909540176
0.09589182585477829
0.05991590768098831
0.134565070271492
0.12360461801290512
0.09536030143499374
0.1298612654209137
0.14272810518741608
0.16793450713157654
0.15696093440055847
0.03244970738887787
0.015112104825675488
0.027994990348815918
0.1965889185667038
0.11256862431764603
0.05829210206866264
0.14097896218299866
0.1286582201719284
0.17720092833042145
0.18415820598602295
0.3162279725074768
0.0654127299785614
0.10397033393383026
0.1830330491065979
0.22888587415218353
0.1470816284418106
0.145704448223114
0.45126256346702576
0.2601762115955353
0.12647344172000885
0.007706239819526672
0.1416778266429901
0.24918203055858612
0.11781314015388489
0.025535114109516144
0.07179117947816849
0.11235930025577545
0.09190744161605835
0.13151291012763977
0.16094739735126495
0.04314803704619408
0.18208260834217072
0.09600391238927841
0.1988970935344696
0.09673211723566055
0.20042000710964203
0.14123207330703735
0.05208110436797142
0.13906005024909973
0.058736030012369156
0.04832449555397034
0.13317327201366425
0.05061602219939232
0.28157851099967957
0.05804932862520218
0.11049780994653702
0.12554289400577545
0.08065430819988251
0.10551956295967102
0.2795090973377228
0.1988976001739502
0.1824457049369812
0.4395211637020111
0.04484403505921364
0.1300491839647293
0.13707533478736877
0.01770615577697754
0.10834130644798279
0.15583787858486176
0.12672555446624756
0.1430487185716629
0.043682072311639786
0.08810894191265106
0.16573187708854675
0.18209140002727509
0.054617077112197876
0.0020270738750696182
0.1558143049478531
0.20992450416088104
0.12118863314390182
0.05651448667049408
0.1020396426320076
0.0923609510064125
0.10131543129682541
0.15652835369110107
0.10047870129346848
0.16378594934940338
0.12061266601085663
0.09288384020328522
0.11615930497646332
0.06584072858095169
0.0828259140253067
0.08743178099393845
0.2130633294582367
0.14112041890621185
0.08663956820964813
0.12632086873054504
0.09546297043561935
0.12990789115428925
0.15325190126895905
0.2406860738992691
0.16058741509914398
0.03938004747033119
0.043998777866363525
0.07642436027526855
0.13145866990089417
0.2096688598394394
0.1956835389137268
0.44521957635879517
0.09129679948091507
0.12437254190444946
0.16243642568588257
0.08378145098686218
0.009152581915259361
0.09016173332929611
0.10912024229764938
0.17380240559577942
0.16323786973953247
0.13284072279930115
0.259468138217926
0.1577332317829132
0.001728925621137023
0.060088686645030975
0.08619431406259537
0.047517191618680954
0.1795618236064911
0.14748935401439667
0.1550149917602539
0.06343605369329453
0.15038900077342987
0.146366149187088
0.26574763655662537
0.03513522818684578
0.18474453687667847
0.15440836548805237
0.16881972551345825
0.0610697939991951
0.09480643272399902
0.1573711782693863
0.28740501403808594
0.1304386556148529
0.0199534073472023
0.2299128919839859
0.19774852693080902
0.2181064784526825
0.13920627534389496
0.11293298006057739
0.23606644570827484
0.0517565943300724
0.12645792961120605
0.06970490515232086
0.08117202669382095
0.20560294389724731
0.1595335751771927
0.14600595831871033
0.08922550827264786
0.1580774039030075
0.09428533166646957
0.11510816961526871
0.10922294110059738
0.10185158252716064
0.14397385716438293
0.12339825928211212
0.17761294543743134
0.018410582095384598
0.05291936546564102
0.022278523072600365
0.3204544484615326
0.07937079668045044
0.07107848674058914
0.07874448597431183
0.1317150592803955
0.07124923914670944
0.11209150403738022
0.07061392068862915
0.05660216137766838
0.09058429300785065
0.06900656968355179
0.03480536863207817
0.20846974849700928
0.10184701532125473
0.15453852713108063
0.15952569246292114
0.07464604824781418
0.05700400099158287
0.14103055000305176
0.14324381947517395
0.1621723473072052
0.12955103814601898
0.034195076674222946
0.12372686713933945
0.007873112335801125
0.09061505645513535
0.04417011886835098
0.4057488739490509
0.04795590788125992
0.12956362962722778
0.12148314714431763
0.08507929742336273
0.09432031214237213
0.0029570695478469133
0.06117173284292221
0.16571301221847534
0.23376251757144928
0.1334630846977234
0.10095003247261047
0.08331269025802612
0.042224373668432236
0.13468854129314423
0.11798576265573502
0.10594785213470459
0.03335006535053253
0.048600487411022186
0.40415096282958984
0.058888521045446396
0.03794950246810913
0.04178269952535629
0.222822368144989
0.08165987581014633
0.1448870599269867
0.1640438437461853
0.12270057201385498
0.11361400783061981
0.05855805054306984
0.01158668752759695
0.08209353685379028
0.17795003950595856
0.13622581958770752
0.3487835228443146
0.10153556615114212
0.253138929605484
0.12174379080533981
0.15657880902290344
0.14230918884277344
0.10882751643657684
0.09701929241418839
0.06917206943035126
0.11840538680553436
0.09911096096038818
0.041814398020505905
0.12864454090595245
0.1172892153263092
0.07109805196523666
0.03677220642566681
0.052107322961091995
0.13619354367256165
0.19732169806957245
0.05840209871530533
0.13837401568889618
0.11765914410352707
0.15890178084373474
0.004323977045714855
0.12741829454898834
0.14204250276088715
0.10787012428045273
0.17298035323619843
0.16176488995552063
0.13935637474060059
0.12705792486667633
0.10325103253126144
0.10865636169910431
0.10768692940473557
0.16800792515277863
0.08720502257347107
0.0888899564743042
0.10171181708574295
0.08459670841693878
0.12050037831068039
0.07875183969736099
0.06599607318639755
0.120857834815979
0.07404594123363495
0.047185249626636505
0.06361206620931625
0.07916919142007828
0.008045780472457409
0.0721256360411644
0.0800146535038948
0.06727694720029831
0.10118058323860168
0.056012704968452454
0.11392434686422348
0.06761286407709122
0.07406725734472275
0.14344581961631775
0.06814590841531754
0.07202748209238052
0.11061086505651474
0.07016848027706146
0.1802464723587036
0.09961985051631927
0.12034378200769424
0.010145444422960281
0.12126544117927551
0.13865426182746887
0.09176957607269287
0.10204983502626419
0.06998798996210098
0.10656078904867172
0.16543614864349365
0.03575489670038223
0.12637631595134735
0.0828741267323494
0.22646552324295044
0.06315954029560089
0.17333143949508667
0.12351162731647491
0.1022845134139061
0.1657373458147049
0.07183409482240677
0.4854259192943573
0.0891931802034378
0.10279395431280136
0.08485350012779236
0.32087019085884094
0.34137722849845886
0.13838595151901245
0.07324853539466858
0.057410381734371185
0.0612003356218338
0.21759653091430664
0.21161557734012604
0.13017454743385315
0.09421283006668091
0.09372952580451965
0.11293282359838486
0.14191439747810364
0.17919321358203888
0.14387425780296326
0.1309271901845932
0.12189564108848572
0.11853606253862381
0.09566213190555573
0.07368133962154388
0.15359628200531006
0.14859452843666077
0.11776769906282425
0.10270953923463821
0.17859327793121338
0.12305884808301926
0.13366107642650604
0.11718186736106873
0.04692228510975838
0.008322654291987419
0.12329764664173126
0.09550150483846664
0.08108722418546677
0.03374744579195976
0.1161496564745903
0.04397016391158104
0.12344539165496826
0.10687603056430817
0.11573335528373718
0.045516639947891235
0.14705036580562592
0.08028552681207657
0.2244705855846405
0.19439472258090973
0.30610349774360657
0.11474147439002991
0.15018810331821442
0.04708545282483101
0.06131865456700325
0.09860465675592422
0.09554588049650192
0.10724195092916489
0.0604797825217247
0.1546059250831604
0.08742602914571762
0.02879488654434681
0.14447906613349915
0.11560534685850143
0.050116926431655884
0.0728154256939888
0.15119245648384094
0.12634103000164032
0.13433106243610382
0.02991744689643383
0.10083562880754471
0.0026645148172974586
0.15403924882411957
0.10445135086774826
0.14545592665672302
0.02968522720038891
0.08428732305765152
0.08441624045372009
0.13794384896755219
0.11287622153759003
0.07364168763160706
0.13180559873580933
0.19221846759319305
0.14556851983070374
0.10136652737855911
0.05392291396856308
0.12999801337718964
0.17316032946109772
0.09163278341293335
0.45484018325805664
0.19737409055233002
0.0580691397190094
0.09415445476770401
0.20488819479942322
0.10763174295425415
0.12473384290933609
0.2317408174276352
0.15404479205608368
0.173733189702034
0.015028687193989754
0.10251124203205109
0.13174518942832947
0.09572360664606094
0.1356537640094757
0.07149849832057953
0.16826029121875763
0.2535553276538849
0.12961427867412567
0.09030831605195999
0.23870249092578888
0.13706617057323456
0.11038210242986679
0.12159299850463867
0.08542299270629883
0.05299612879753113
0.32629042863845825
0.0899536982178688
0.1329708993434906
0.05115881934762001
0.2021530270576477
0.20471087098121643
0.1623925417661667
0.09401677548885345
0.11625810712575912
0.0023947814479470253
0.058030012995004654
0.13903580605983734
0.1549965888261795
0.042732223868370056
0.11207135766744614
0.08068070560693741
0.035997338593006134
0.04443392902612686
0.15402857959270477
0.14842595160007477
0.24338985979557037
0.06856968253850937
0.43691346049308777
0.05298393592238426
0.1307598352432251
0.09170512855052948
0.20505639910697937
0.07137679308652878
0.04366803169250488
0.6456273198127747
0.11810769140720367
0.1066516637802124
0.17388677597045898
0.058915335685014725
0.07641870528459549
0.07773575186729431
0.1083538755774498
0.055941108614206314
0.16323304176330566
0.21474497020244598
0.31813985109329224
0.139501690864563
0.09815894067287445
0.01930973306298256
0.1357869952917099
0.09537293016910553
0.09157976508140564
0.12756164371967316
0.17200247943401337
0.1293584406375885
0.20351910591125488
0.08245088160037994
0.11812377721071243
0.137708842754364
0.08894196152687073
0.05074593052268028
0.1040225550532341
0.13773368299007416
0.08905988186597824
0.0855991542339325
0.18820621073246002
0.08306015282869339
0.049783021211624146
0.08018612861633301
0.12472191452980042
0.2170131653547287
0.1898372918367386
0.12481334805488586
0.11178703606128693
0.09146985411643982
0.05366181582212448
0.03953016176819801
0.08066634833812714
0.1205030158162117
0.07558514922857285
0.1010662242770195
0.04111933335661888
0.22413930296897888
0.2935532033443451
0.05576261132955551
0.10478989779949188
0.15296807885169983
0.08299337327480316
0.1563086211681366
0.13148128986358643
0.10040032863616943
0.050527557730674744
0.14052698016166687
0.14776673913002014
0.13767379522323608
0.18615517020225525
0.08146053552627563
0.10280432552099228
0.22158841788768768
0.11216331273317337
0.25255218148231506
0.11273711174726486
0.05972806364297867
0.2462385594844818
0.12802676856517792
0.047121644020080566
0.3767623007297516
0.3080441951751709
0.06359618902206421
0.08679407089948654
0.19349853694438934
0.1416291743516922
0.15765154361724854
0.06515275686979294
0.10786834359169006
0.19319979846477509
0.11151181161403656
0.017056899145245552
0.14880535006523132
0.15852360427379608
0.11552608758211136
0.13477741181850433
0.10543480515480042
0.061808474361896515
0.07736074924468994
0.007886350154876709
0.2618853449821472
0.06513860076665878
0.004009038209915161
0.25572195649147034
0.05670635402202606
0.058435555547475815
0.047452427446842194
0.19994179904460907
0.15608055889606476
0.10182372480630875
0.12273842841386795
0.2525739371776581
0.19609962403774261
0.08728189021348953
0.05993259325623512
0.006080285180360079
0.08470185846090317
0.1533670872449875
0.09160707890987396
0.21216174960136414
0.09519442170858383
0.07286161929368973
0.1276492178440094
0.09528511017560959
0.21795472502708435
0.19728033244609833
0.09771550446748734
0.1397264152765274
0.17550128698349
0.040972065180540085
0.04919084534049034
0.329447865486145
0.1010541319847107
0.0861254408955574
0.17007721960544586
0.09653989970684052
0.10832847654819489
0.12107524275779724
0.06902458518743515
0.05986057594418526
0.11881133913993835
0.10970045626163483
0.17264467477798462
0.13996870815753937
0.14782513678073883
0.09056232869625092
0.1377410888671875
0.15982456505298615
0.1134793758392334
0.059889230877161026
0.12340676039457321
0.053075533360242844
0.055051758885383606
0.11732231080532074
0.14217448234558105
0.1288154274225235
0.22915855050086975
0.19721978902816772
0.06708072125911713
0.1301773339509964
0.056813422590494156
0.03452109172940254
0.13209715485572815
0.1734730452299118
0.14127881824970245
0.11452395468950272
0.13893768191337585
0.0367254875600338
0.04193074628710747
0.1395520120859146
0.06491053104400635
0.16435541212558746
0.008920261636376381
0.01199875958263874
0.21415577828884125
0.28795701265335083
0.16031864285469055
0.09913476556539536
0.032805394381284714
0.04255785793066025
0.06748705357313156
0.06821627169847488
0.13986344635486603
0.06515244394540787
0.14062738418579102
0.06601554900407791
0.05042468383908272
0.16203078627586365
0.1176842674612999
0.1483486294746399
0.11955731362104416
0.13817700743675232
0.0785384476184845
0.19920645654201508
0.06513088196516037
0.3155386745929718
0.0662485733628273
0.080489382147789
0.13508956134319305
0.1604386866092682
0.13015612959861755
0.1216578260064125
0.07824667543172836
0.07050976902246475
0.20337307453155518
0.08867444097995758
0.09845613688230515
0.03472050279378891
0.07040221989154816
0.12075749039649963
0.09438071399927139
0.09947600215673447
0.14320912957191467
0.003668372519314289
0.07826831191778183
0.10178440809249878
0.044120822101831436
0.20207901298999786
0.13285061717033386
0.1602296233177185
0.1712128072977066
0.07913444191217422
0.13844986259937286
0.09978553652763367
0.1422063708305359
0.09996738284826279
0.038791101425886154
0.12040120363235474
0.08472839742898941
0.0978827252984047
0.08988330513238907
0.500420331954956
0.22731976211071014
0.06788215786218643
0.1566867232322693
0.17920643091201782
0.09322965890169144
0.08803459256887436
0.08535999804735184
0.05648990347981453
0.17743806540966034
0.10253991186618805
0.1049666702747345
0.1023571565747261
0.09464423358440399
0.1976582258939743
0.09527291357517242
0.02245170809328556
0.04077240079641342
0.16422854363918304
0.23774951696395874
0.04191208630800247
0.1287984997034073
0.06962624192237854
0.22163310647010803
0.16795465350151062
0.17621657252311707
0.0035055410116910934
0.17348819971084595
0.07365263998508453
0.3075702488422394
0.17321060597896576
0.05939513444900513
0.1244540885090828
0.04596937075257301
0.07707017660140991
0.1097278743982315
0.07180113345384598
0.15046104788780212
0.13169005513191223
0.11727197468280792
0.23478181660175323
0.0849098414182663
0.17609508335590363
0.10992579162120819
0.15108880400657654
0.13077914714813232
0.07387394458055496
0.09704500436782837
0.050607651472091675
0.10426508635282516
0.1486126333475113
0.1059141680598259
0.12310429662466049
0.1701170951128006
0.11103467643260956
0.19008785486221313
0.17497625946998596
0.1487710326910019
0.10506422817707062
0.17891132831573486
0.07698497176170349
0.09846902638673782
0.16650906205177307
0.18944993615150452
0.07209493219852448
0.05751257762312889
0.05419301241636276
0.08580764383077621
0.1425875872373581
0.3898200988769531
0.02543150633573532
0.16017651557922363
0.0029191167559474707
0.08719414472579956
0.12260372191667557
0.06423614174127579
0.046080492436885834
0.04047100245952606
0.1078394427895546
0.062201518565416336
0.07042745500802994
0.06873665750026703
0.09742296487092972
0.1292223483324051
0.1703808754682541
0.08737928420305252
0.15430696308612823
0.07285688072443008
0.11291295289993286
0.10444450378417969
0.031666290014982224
0.10093925893306732
0.1453561633825302
0.09402947872877121
0.14255528151988983
0.07556196302175522
0.14855633676052094
0.1143023744225502
0.09956039488315582
0.0723307728767395
0.09208839386701584
0.11347641050815582
0.08583544939756393
0.096307173371315
0.1504853367805481
0.07346171885728836
0.07512523233890533
0.11047346144914627
0.08961944282054901
0.4800754487514496
0.19418343901634216
0.07966852188110352
0.1252707690000534
0.22430679202079773
0.0387311615049839
0.10083667188882828
0.25235968828201294
0.02478153631091118
0.06800694018602371
0.11176130920648575
0.32813647389411926
0.386357843875885
0.012371735647320747
0.08942072838544846
0.00921386107802391
0.1545286774635315
0.09379826486110687
0.09369589388370514
0.1330263316631317
0.14782482385635376
0.1800103783607483
0.07790493965148926
0.09818156063556671
0.06899025291204453
0.15172596275806427
0.1276884227991104
0.17037314176559448
0.13545474410057068
0.1372583508491516
0.0022358999121934175
0.06504163891077042
0.1234901025891304
0.04349092021584511
0.03188798204064369
0.1671958714723587
0.047693584114313126
0.047764379531145096
0.13666334748268127
0.04855850711464882
0.04438508674502373
0.10471341758966446
0.06405548006296158
0.08730107545852661
0.17780368030071259
0.10705577582120895
0.03242097422480583
0.16499555110931396
0.13747568428516388
0.13921040296554565
0.07005468010902405
0.11479200422763824
0.03887498378753662
0.05064323917031288
0.10430729389190674
0.07175914943218231
0.06737010926008224
0.3798130750656128
0.1843162477016449
0.1517128199338913
0.22396881878376007
0.10196849703788757
0.11424527317285538
0.09377649426460266
0.06174015626311302
0.06779758632183075
0.22917598485946655
0.09698250144720078
0.13612696528434753
0.1354408711194992
0.011189681477844715
0.16915789246559143
0.1172606572508812
0.07811078429222107
0.04043417423963547
0.13630062341690063
0.11080319434404373
0.20717591047286987
0.07929553836584091
0.10902778804302216
0.11739290505647659
0.025720296427607536
0.1144605204463005
0.10478858649730682
0.1280767321586609
0.07938827574253082
0.005561209283769131
0.10053993761539459
0.13471472263336182
0.0649070292711258
0.0913776382803917
0.18336200714111328
0.11391332745552063
0.24971354007720947
0.09822685271501541
0.11891423910856247
0.06524129956960678
0.33171385526657104
0.09796085953712463
0.25735968351364136
0.129805788397789
0.18665416538715363
0.08486189693212509
0.1035257950425148
0.17194697260856628
0.17492666840553284
0.05842955410480499
0.08361632376909256
0.004499032162129879
0.22040435671806335
0.05850781127810478
0.1486588716506958
0.03394750878214836
0.040073640644550323
0.2438967376947403
0.0028700935654342175
0.21090947091579437
0.14980703592300415
0.1106186956167221
0.2935052812099457
0.1137361004948616
0.00676332414150238
0.1948481798171997
0.23250263929367065
0.11062892526388168
0.0773666650056839
0.08808848261833191
0.1771225482225418
0.06328041851520538
0.03484030440449715
0.09368117898702621
0.07559587806463242
0.0891261175274849
0.3927779197692871
0.13898947834968567
0.1798248440027237
0.05408266559243202
0.10968813300132751
0.18157951533794403
0.04449283331632614
0.0579722560942173
0.10572265088558197
0.10849306732416153
0.1303251087665558
0.102328822016716
0.16112303733825684
0.11423499137163162
0.19519232213497162
0.19439125061035156
0.11701377481222153
0.12634465098381042
0.06292292475700378
0.1524132490158081
0.13990913331508636
0.202933669090271
0.14712652564048767
0.1416737288236618
0.08086668699979782
0.05928107723593712
0.17549018561840057
0.1217544749379158
0.0321035236120224
0.1100652888417244
0.1835392713546753
0.17077623307704926
0.008274257183074951
0.054249562323093414
0.3536119759082794
0.21178434789180756
0.0014488123124465346
0.05592146888375282
0.15317921340465546
0.17203207314014435
0.09512848407030106
0.07507369667291641
0.12900607287883759
0.04592778533697128
0.04452313855290413
0.09760871529579163
0.25622281432151794
0.15359005331993103
0.055151574313640594
0.12909851968288422
0.18712645769119263
0.15258929133415222
0.22367385029792786
0.08802126348018646
0.2466508448123932
0.028312379494309425
0.14387589693069458
0.10679995268583298
0.0432116724550724
0.11050853878259659
0.11052855104207993
0.14758099615573883
0.06677758693695068
0.15985612571239471
0.11577676981687546
0.0641733705997467
0.08228033035993576
0.08518093079328537
0.21187657117843628
0.1311430037021637
0.1368931233882904
0.06847046315670013
0.1335490494966507
0.07691286504268646
0.132233127951622
0.13692890107631683
0.05733642727136612
0.10310663282871246
0.09075702726840973
0.10788676142692566
0.07824980467557907
0.10835931450128555
0.11008479446172714
0.2257198840379715
0.30195850133895874
0.18737506866455078
0.09171558171510696
0.31218281388282776
0.0802062600851059
0.28604018688201904
0.1001502126455307
0.09307404607534409
0.1112278625369072
0.12842871248722076
0.09640825539827347
0.13852111995220184
0.502183735370636
0.5320479869842529
0.02666252851486206
0.09673385322093964
0.05186755582690239
0.07113704085350037
0.15575769543647766
0.05066361650824547
0.1061219871044159
0.3784676790237427
0.0904228538274765
0.29288914799690247
0.13631394505500793
0.09083593636751175
0.04366112872958183
0.1495349109172821
0.0824257880449295
0.13582828640937805
0.0712694525718689
0.022115517407655716
0.039475373923778534
0.04504445940256119
0.0794389471411705
0.3149324357509613
0.014079321175813675
0.06560118496417999
0.10074999928474426
0.14431436359882355
0.22195404767990112
0.007017364259809256
0.052140381187200546
0.19091172516345978
0.08799584209918976
0.10893269628286362
0.14385083317756653
0.09298162162303925
0.05960969626903534
0.053635481745004654
0.11709671467542648
0.09930739551782608
0.13078546524047852
0.11592160165309906
0.1310577094554901
0.1263009011745453
0.08891323208808899
0.10727847367525101
0.07845622301101685
0.25605878233909607
0.09477459639310837
0.16848580539226532
0.05812090262770653
0.12734892964363098
0.21483702957630157
0.06746887415647507
0.038485441356897354
0.09162578731775284
0.12427853047847748
0.3194425106048584
0.08012787997722626
0.04235413670539856
0.07956363260746002
0.02448585256934166
0.2151278555393219
0.026051698252558708
0.10529465228319168
0.21215122938156128
0.1453389823436737
0.17981934547424316
0.07879284024238586
0.1376499980688095
0.06582887470722198
0.005798783153295517
0.28639474511146545
0.13435021042823792
0.006123932544142008
0.24826249480247498
0.12308535724878311
0.11368061602115631
0.15428827702999115
0.10615348070859909
0.30978327989578247
0.28342384099960327
0.07300890982151031
0.03238359093666077
0.08243854343891144
0.09959889203310013
0.09915102273225784
0.045336030423641205
0.07479220628738403
0.12554363906383514
0.022254707291722298
0.12984144687652588
0.13194532692432404
0.2196246087551117
0.1812928169965744
0.07961563020944595
0.24955113232135773
0.08816258609294891
0.2096421867609024
0.15316124260425568
0.11769571155309677
0.17649723589420319
0.055613063275814056
0.11079494655132294
0.13023629784584045
0.16789725422859192
0.03741573914885521
0.09722588211297989
0.13153588771820068
0.06087547913193703
0.10483099520206451
0.29457730054855347
0.10547883808612823
0.10656427592039108
0.02882346324622631
0.23487506806850433
0.10666272044181824
0.15255434811115265
0.1217920184135437
0.005317691247910261
0.07079574465751648
0.056407611817121506
0.19786542654037476
0.02312418632209301
0.08479975908994675
0.04521724209189415
0.13692525029182434
0.16909292340278625
0.08645551651716232
0.04656307026743889
0.17815092206001282
0.08060948550701141
0.22330671548843384
0.07031631469726562
0.11440156400203705
0.03373699262738228
0.24793893098831177
0.11488272249698639
0.12690535187721252
0.06596511602401733
0.03905687481164932
0.02311927080154419
0.18692530691623688
0.14388974010944366
0.26514774560928345
0.08473427593708038
0.044610846787691116
0.0998140200972557
0.13114863634109497
0.10564298927783966
0.009948217310011387
0.03288182616233826
0.0707317590713501
0.19621606171131134
0.15382984280586243
0.050122395157814026
0.054405901581048965
0.042511433362960815
0.09090479463338852
0.16349008679389954
0.22961841523647308
0.0876123234629631
0.20524771511554718
0.11692959070205688
0.07718246430158615
0.1203634962439537
0.19355221092700958
0.16197402775287628
0.1229730173945427
0.33054807782173157
0.17391273379325867
0.05946870893239975
0.09127643704414368
0.14791825413703918
0.02368013560771942
0.2135757952928543
0.2197776734828949
0.03527992218732834
0.23897521197795868
0.06487608700990677
0.025749394670128822
0.20364144444465637
0.0873524397611618
0.08121706545352936
0.0062628271989524364
0.0862843245267868
0.08079645782709122
0.10295677930116653
0.0627596378326416
0.22277459502220154
0.10782793909311295
0.04350878670811653
0.07614797353744507
0.0972733125090599
0.13551625609397888
0.1370769888162613
0.006960830185562372
0.007239207625389099
0.23970381915569305
0.10580158978700638
0.07392195612192154
0.0993727594614029
0.07167946547269821
0.07466492801904678
0.21264129877090454
0.08045998960733414
0.21284186840057373
0.058037854731082916
0.00275429361499846
0.07912765443325043
0.1286865919828415
0.0016947630792856216
0.032425664365291595
0.0012489386135712266
0.20792672038078308
0.09141462296247482
0.11988489329814911
0.10265682637691498
0.05126234516501427
0.16295553743839264
0.05014440417289734
0.10405689477920532
0.10867880284786224
0.09247631579637527
0.07823605090379715
0.12120307236909866
0.05342051759362221
0.286664754152298
0.255319207906723
0.1819976419210434
0.1223481297492981
0.17672111093997955
0.04979624226689339
0.051772043108940125
0.08586062490940094
0.10393055528402328
0.00170192401856184
0.1557355374097824
0.19024862349033356
0.07554266601800919
0.041761476546525955
0.1158098429441452
0.08316256105899811
0.052509605884552
0.13698408007621765
0.06321243941783905
0.2048342525959015
0.09931597858667374
0.08686738461256027
0.07090558111667633
0.09441927820444107
0.12269633263349533
0.033233657479286194
0.11050986498594284
0.1426108479499817
0.261060506105423
0.10414772480726242
0.07069778442382812
0.15865308046340942
0.0857575461268425
0.07941288501024246
0.03465116024017334
0.05639206990599632
0.34008586406707764
0.09773540496826172
0.13272736966609955
0.33939328789711
0.04765445739030838
0.31463366746902466
0.18319745361804962
0.1406947821378708
0.18324337899684906
0.03919078782200813
0.3232783079147339
0.10549461841583252
0.07510741800069809
0.10472974926233292
0.13076747953891754
0.16894949972629547
0.12253862619400024
0.13923706114292145
0.1003739982843399
0.11003068089485168
0.13010244071483612
0.13392554223537445
0.11559682339429855
0.08364704251289368
0.08611637353897095
0.07542938739061356
0.08833859860897064
0.14285553991794586
0.1386936604976654
0.12083763629198074
0.10700123757123947
0.12641148269176483
0.02375049702823162
0.10343123972415924
0.11805656552314758
0.08230765908956528
0.17547643184661865
0.10087430477142334
0.18036945164203644
0.11965609341859818
0.14437270164489746
0.05192948877811432
0.12984749674797058
0.04172371327877045
0.12885603308677673
0.09777411818504333
0.014622347429394722
0.05364467576146126
0.1547609120607376
0.04868285357952118
0.14405958354473114
0.16015969216823578
0.1144053190946579
0.05224810168147087
0.3722967505455017
0.13028326630592346
0.19417865574359894
0.136988565325737
0.00325983134098351
0.11283974349498749
0.2640862762928009
0.10992007702589035
0.12745293974876404
0.1273694932460785
0.1505223959684372
0.036270320415496826
0.18440456688404083
0.12350538372993469
0.0605151392519474
0.0517878383398056
0.29911333322525024
0.0986388772726059
0.14059224724769592
0.046146687120199203
0.1227860078215599
0.12416189908981323
0.05260805785655975
0.12862788140773773
0.23863409459590912
0.10910508036613464
0.25024956464767456
0.23255906999111176
0.1257590800523758
0.10724551975727081
0.06493235379457474
0.08112164586782455
0.14581400156021118
0.32242557406425476
0.0929231271147728
0.11215517669916153
0.06131330132484436
0.1489630788564682
0.1474837064743042
0.17986278235912323
0.14095863699913025
0.1647568792104721
0.015475932508707047
0.19449879229068756
0.14529338479042053
0.04606328159570694
0.09618359804153442
0.07173296064138412
0.19991081953048706
0.07263806462287903
0.09121856838464737
0.13730287551879883
0.12925352156162262
0.06480513513088226
0.10481435060501099
0.047576311975717545
0.07817903161048889
0.022203950211405754
0.2577337622642517
0.14410795271396637
0.14723925292491913
0.16868315637111664
0.03931116312742233
0.06916560977697372
0.09361661225557327
0.03299713879823685
0.09373120963573456
0.012880455702543259
0.11329630762338638
0.008657095953822136
0.1162182092666626
0.13693614304065704
0.08198384195566177
0.14265577495098114
0.0940166711807251
0.1075279638171196
0.12030661106109619
0.12882883846759796
0.09350644052028656
0.07381846755743027
0.06921879947185516
0.09997767210006714
0.08570650964975357
0.0545133501291275
0.18299631774425507
0.25306108593940735
0.3106014132499695
0.1281583458185196
0.10153698921203613
0.017674461007118225
0.1524098664522171
0.11497998237609863
0.0581364743411541
0.1253461390733719
0.003953222651034594
0.2796698212623596
0.07511216402053833
0.01730881817638874
0.21413278579711914
0.05852462351322174
0.2666778862476349
0.09038566052913666
0.020233187824487686
0.1648658663034439
0.10824558138847351
0.1630750447511673
0.04434172809123993
0.159452423453331
0.1425529271364212
0.08291351050138474
0.14108288288116455
0.1465841382741928
0.15007784962654114
0.09454762935638428
0.1340738832950592
0.06869838386774063
0.07486964762210846
0.0785590410232544
0.00834993552416563
0.11225144565105438
0.45735248923301697
0.024139463901519775
0.052832357585430145
0.004056938458234072
0.09986244887113571
0.03033457137644291
0.15384261310100555
0.1456175148487091
0.10970016568899155
0.13813665509223938
0.0293782576918602
0.017100270837545395
0.07266281545162201
0.2623306214809418
0.14579705893993378
0.11263573169708252
0.25034958124160767
0.008050655014812946
0.14308930933475494
0.002858963329344988
0.28476738929748535
0.11467905342578888
0.14258155226707458
0.1045634001493454
0.19723282754421234
0.15276803076267242
0.1159643679857254
0.09319141507148743
0.06475068628787994
0.05057103931903839
0.08981145918369293
0.05319179594516754
0.17705614864826202
0.07624202966690063
0.08726835995912552
0.08382713049650192
0.06526323407888412
0.010527440346777439
0.026700641959905624
0.16635173559188843
0.04106190800666809
0.13157793879508972
0.04487152025103569
0.06766296178102493
0.01901853457093239
0.06074513867497444
0.006817033514380455
0.03289946913719177
0.11771979182958603
0.1074373722076416
0.05703754723072052
0.11485067009925842
0.16614602506160736
0.18875665962696075
0.02572602406144142
0.058139994740486145
0.13800859451293945
0.05288788676261902
0.0334930345416069
0.07652938365936279
0.03352072462439537
0.09425965696573257
0.08245442062616348
0.3234100937843323
0.05004766583442688
0.07160569727420807
0.12469863146543503
0.09404639899730682
0.21392054855823517
0.22639228403568268
0.10955704003572464
0.13184939324855804
0.08646348118782043
0.034325577318668365
0.05819585546851158
0.029345493763685226
0.0739041268825531
0.07640340179204941
0.0657895877957344
0.001082104630768299
0.16990134119987488
0.14130903780460358
0.06379339843988419
0.15366391837596893
0.04127809405326843
0.1009911298751831
0.11061720550060272
0.096234031021595
0.16449719667434692
0.06253506243228912
0.03662016987800598
0.10939659178256989
0.024301117286086082
0.04375195875763893
0.10735336691141129
0.12788933515548706
0.09217766672372818
0.016818033531308174
0.45038658380508423
0.13969199359416962
0.11488112807273865
0.22886991500854492
0.11905055493116379
0.10386301577091217
0.12973953783512115
0.046257805079221725
0.16542792320251465
0.05204199627041817
0.19016282260417938
0.09902814775705338
0.0915629118680954
0.34006041288375854
0.07553359121084213
0.08112679421901703
0.0660434365272522
0.06327637284994125
0.2403814047574997
0.0696290135383606
0.17332948744297028
0.22248056530952454
0.1552802473306656
0.091823048889637
0.23063454031944275
0.059950124472379684
0.038413457572460175
0.08653568476438522
0.1203446313738823
0.08048171550035477
0.14898791909217834
0.05231581628322601
0.17772293090820312
0.08831749856472015
0.050164781510829926
0.12470728158950806
0.1371106058359146
0.07863137871026993
0.03678136691451073
0.15683613717556
0.08451741188764572
0.07646560668945312
0.1257658153772354
0.05918845534324646
0.012513159774243832
0.07724835723638535
0.2364596128463745
0.054906126111745834
0.06364979594945908
0.015341073274612427
0.10763870179653168
0.16075687110424042
0.11963827908039093
0.010067317634820938
0.10857585072517395
0.10275677591562271
0.317155659198761
0.07209374755620956
0.09235820919275284
0.12394443899393082
0.05412449315190315
0.15682242810726166
0.11743153631687164
0.07214836776256561
0.1048165112733841
0.06596162915229797
0.0015869815833866596
0.17954321205615997
0.08072193711996078
0.08284441381692886
0.19354946911334991
0.16580140590667725
0.13459080457687378
0.06240808218717575
0.12230827659368515
0.10940913110971451
0.13394439220428467
0.04884243384003639
0.04683942347764969
0.11948235332965851
0.20586778223514557
0.11932427436113358
0.163564071059227
0.07468307018280029
0.08182766288518906
0.08053179085254669
0.10456740856170654
0.07276733219623566
0.054956912994384766
0.13040466606616974
0.28019681572914124
0.15908709168434143
0.023163964971899986
0.11499037593603134
0.1487388014793396
0.19377443194389343
0.0711003839969635
0.008648897521197796
0.17039763927459717
0.1353713870048523
0.12445070594549179
0.1921045035123825
0.037156842648983
0.08657914400100708
0.026444392278790474
0.04905550181865692
0.009761463850736618
0.14034509658813477
0.1800486296415329
0.049518369138240814
0.19057992100715637
0.1075296700000763
0.16682055592536926
0.15390558540821075
0.04299390688538551
0.08382339030504227
0.14846161007881165
0.013846885412931442
0.25811174511909485
0.11506866663694382
0.020091567188501358
0.05719614401459694
0.10913779586553574
0.13628453016281128
0.11418700218200684
0.08088978379964828
0.15798699855804443
0.14438742399215698
0.10829222202301025
0.17770200967788696
0.10810466855764389
0.1294446587562561
0.023477938026189804
0.1481938511133194
0.07111107558012009
0.09907464683055878
0.11644475162029266
0.05063502490520477
0.06155188009142876
0.053010404109954834
0.1205197423696518
0.07170690596103668
0.026587307453155518
0.05523153394460678
0.19155271351337433
0.043361369520425797
0.10587545484304428
0.06716876477003098
0.1199856773018837
0.058020371943712234
0.05906670540571213
0.09989888221025467
0.05429871007800102
0.1212356686592102
0.10362011939287186
0.139277383685112
0.06488282233476639
0.1256714016199112
0.1285599321126938
0.07177165895700455
0.09100271761417389
0.2122841775417328
0.3422987163066864
0.07052379846572876
0.07888882607221603
0.16597649455070496
0.08096615225076675
0.11138995736837387
0.11355400085449219
0.08319766819477081
0.07212349772453308
0.10360404849052429
0.10957827419042587
0.1646495908498764
0.09132172167301178
0.12167207896709442
0.18383722007274628
0.2560358941555023
0.09819634258747101
0.3573702871799469
0.13650572299957275
0.2830794155597687
0.11320441216230392
0.1484087109565735
0.0817142054438591
0.023545337840914726
0.07334057241678238
0.04471460357308388
0.05031841620802879
0.04231993481516838
0.11427650600671768
0.028949372470378876
0.07019352912902832
0.11884701997041702
0.026150207966566086
0.15942727029323578
0.1563425064086914
0.05702070891857147
0.003447754541411996
0.1436658501625061
0.08504737913608551
0.17684996128082275
0.03353780880570412
0.1194383054971695
0.1176062747836113
0.159866601228714
0.16604024171829224
0.21863634884357452
0.07123471796512604
0.07978260517120361
0.07960014045238495
0.03787481412291527
0.12516894936561584
0.22862687706947327
0.07303767651319504
0.005364442244172096
0.13400395214557648
0.06882541626691818
0.051423780620098114
0.08533771336078644
0.12373029440641403
0.10013364255428314
0.09772881865501404
0.07523182779550552
0.15055838227272034
0.1772666573524475
0.0737072303891182
0.0614587664604187
0.11878468096256256
0.18313682079315186
0.08397023379802704
0.052853770554065704
0.03364698961377144
0.0556623600423336
0.03243646398186684
0.10503710806369781
0.08961959183216095
0.0668409913778305
0.14576871693134308
0.09877607226371765
0.03655151650309563
0.06159074977040291
0.09333091974258423
0.07816266268491745
0.08227856457233429
0.1816861480474472
0.16835767030715942
0.17371000349521637
0.2255869060754776
0.2977730333805084
0.13747355341911316
0.08804644644260406
0.04557271674275398
0.003704552538692951
0.04828161001205444
0.12081880867481232
0.05135802924633026
0.08184967190027237
0.08787167072296143
0.13100215792655945
0.23974725604057312
0.17014658451080322
0.06034133955836296
0.1637028008699417
0.12081905454397202
0.18704599142074585
0.06482763588428497
0.09398673474788666
0.20166461169719696
0.17615921795368195
0.10701395571231842
0.2169760912656784
0.25477537512779236
0.1139337569475174
0.09025382250547409
0.011731106787919998
0.0935945063829422
0.10627001523971558
0.0454169400036335
0.15676231682300568
0.12546101212501526
0.08890869468450546
0.08894640952348709
0.036959026008844376
0.10121994465589523
0.09683704376220703
0.12526798248291016
0.1750648468732834
0.08966820687055588
0.06403260678052902
0.08687923103570938
0.12064634263515472
0.003473397344350815
0.08552457392215729
0.005370955914258957
0.09333287924528122
0.08025925606489182
0.11756253242492676
0.21295763552188873
0.15493544936180115
0.20704254508018494
0.32721278071403503
0.03327687829732895
0.05712669715285301
0.11405345797538757
0.23133443295955658
0.08949748426675797
0.10402901470661163
0.20117077231407166
0.1059800311923027
0.08920606225728989
0.04939619451761246
0.059542953968048096
0.13767769932746887
0.07128613442182541
0.07843325287103653
0.08493608236312866
0.23979733884334564
0.1447184830904007
0.10958466678857803
0.007542886771261692
0.05666053667664528
0.1230279877781868
0.2958815395832062
0.03406492620706558
0.07313317805528641
0.056760285049676895
0.05486205220222473
0.13631600141525269
0.12078213691711426
0.27518990635871887
0.11130934953689575
0.1416414976119995
0.11559560894966125
0.2302514612674713
0.12775027751922607
0.07172726839780807
0.14589878916740417
0.07769129425287247
0.1920478492975235
0.10228847712278366
0.06856294721364975
0.11822271347045898
0.07192400842905045
0.24869683384895325
0.07903923094272614
0.2266564816236496
0.04997968673706055
0.14574287831783295
0.1518653780221939
0.07547346502542496
0.08526445180177689
0.011934198439121246
0.027087703347206116
0.13333621621131897
0.05167368799448013
0.14927777647972107
0.21204090118408203
0.1438736915588379
0.25751757621765137
0.10464563965797424
0.1901940107345581
0.10810353606939316
0.11997556686401367
0.22708067297935486
0.06932716071605682
0.0926995500922203
0.17928802967071533
0.09776204079389572
0.04937506839632988
0.17886647582054138
0.47009044885635376
0.10325867682695389
0.23189860582351685
0.04312881454825401
0.019343528896570206
0.10990847647190094
0.18861132860183716
0.06143440306186676
0.08220748603343964
0.13551856577396393
0.10080514848232269
0.07055608928203583
0.14525112509727478
0.19686289131641388
0.11958934366703033
0.10249417275190353
0.023673763498663902
0.03062351420521736
0.15403366088867188
0.060263603925704956
0.0067779626697301865
0.11469312012195587
0.21730145812034607
0.11127717047929764
0.17698708176612854
0.036551523953676224
0.10288695245981216
0.13519982993602753
0.09312273561954498
0.07958491891622543
0.022946881130337715
0.14081478118896484
0.07388226687908173
0.1445089727640152
0.1121429055929184
0.08219888806343079
0.1735067069530487
0.07637811452150345
0.20791877806186676
0.05824629217386246
0.1992143839597702
0.08196158707141876
0.1315230429172516
0.2545294165611267
0.23134386539459229
0.10301358252763748
0.044962357729673386
0.15645846724510193
0.11054186522960663
0.13484618067741394
0.19579698145389557
0.06424375623464584
0.11028610914945602
0.11952117830514908
0.37504541873931885
0.10093172639608383
0.1471627801656723
0.10183442384004593
0.0977296307682991
0.08752505481243134
0.15089565515518188
0.1305036097764969
0.08077644556760788
0.1357695758342743
0.08141963183879852
0.14750288426876068
0.028071561828255653
0.1079852506518364
0.11500603705644608
0.0726262778043747
0.05085437372326851
0.04708530753850937
0.08876820653676987
0.06428138166666031
0.10958315432071686
0.10016872733831406
0.09700273722410202
0.20421242713928223
0.018546434119343758
0.15740305185317993
0.07952886819839478
0.10304486751556396
0.039589181542396545
0.025797002017498016
0.15731415152549744
0.11274047940969467
0.07486598193645477
0.18833830952644348
0.13303230702877045
0.24943807721138
0.1487484574317932
0.084810271859169
0.08440671861171722
0.21809986233711243
0.1447203904390335
0.03362803906202316
0.06960465013980865
0.12190348654985428
0.17503491044044495
0.24436891078948975
0.10193540900945663
0.12243999540805817
0.10552724450826645
0.06302476674318314
0.12410227209329605
0.0941082015633583
0.12740552425384521
0.07850796729326248
0.12373468279838562
0.17372927069664001
0.0722934752702713
0.05057704448699951
0.17557337880134583
0.10113952308893204
0.06875234097242355
0.08994653820991516
0.11126021295785904
0.10479846596717834
0.2690703868865967
0.2029341608285904
0.04203392192721367
0.11549229919910431
0.07151421904563904
0.08375861495733261
0.20778454840183258
0.04670409858226776
0.06735976040363312
0.17063194513320923
0.055411092936992645
0.26350587606430054
0.17439010739326477
0.08151542395353317
0.0632529929280281
0.20313581824302673
0.05417534336447716
0.07132730633020401
0.08757609128952026
0.1212080791592598
0.27685099840164185
0.1538606882095337
0.12126371264457703
0.1825883835554123
0.09403032064437866
0.041718363761901855
0.1982622742652893
0.06539679318666458
0.02740447036921978
0.16389751434326172
0.05449762940406799
0.12043562531471252
0.17300404608249664
0.07924016565084457
0.19589565694332123
0.18442490696907043
0.1473081111907959
0.09388799220323563
0.05353790521621704
0.10256754606962204
0.009127294644713402
0.09647700935602188
0.09096580743789673
0.09507015347480774
0.12370850890874863
0.12308068573474884
0.06978708505630493
0.26084935665130615
0.05292663723230362
0.09581489115953445
0.02511531114578247
0.15570220351219177
0.2622162997722626
0.21655341982841492
0.08965294808149338
0.03859861195087433
0.09390068054199219
0.1113392636179924
0.08424302190542221
0.0744166374206543
0.042149078100919724
0.10244448482990265
0.07206300646066666
0.010703169740736485
0.05774180218577385
0.11668794602155685
0.2025260478258133
0.09040948003530502
0.33178022503852844
0.1422891914844513
0.09202129393815994
0.4692152738571167
0.0880439355969429
0.10208073258399963
0.12884363532066345
0.11523587256669998
0.17373283207416534
0.090290367603302
0.16207517683506012
0.21103635430335999
0.14688418805599213
0.07768411189317703
0.08446496725082397
0.15578356385231018
0.1778637021780014
0.11578509211540222
0.05079294368624687
0.12998303771018982
0.055283717811107635
0.11428765952587128
0.20249255001544952
0.20024514198303223
0.0388435460627079
0.07522086054086685
0.0779118537902832
0.13482892513275146
0.25352248549461365
0.09840987622737885
0.0029081087559461594
0.11174006015062332
0.06698338687419891
0.05289166793227196
0.08985676616430283
0.11375792324542999
0.16326700150966644
0.13598734140396118
0.28401368856430054
0.15383683145046234
0.07021110504865646
0.11253495514392853
0.14668181538581848
0.11288458108901978
0.2216346561908722
0.16565270721912384
0.1086990162730217
0.3182542622089386
0.12204409390687943
0.31380417943000793
0.09570808708667755
0.3206055760383606
0.22653836011886597
0.06304183602333069
0.07407204806804657
0.23971842229366302
0.13617151975631714
0.10590851306915283
0.3080005347728729
0.06568944454193115
0.09562772512435913
0.06025799363851547
0.13738490641117096
0.12062853574752808
0.0670732855796814
0.06513317674398422
0.14098085463047028
0.13029102981090546
0.09806062281131744
0.18314923346042633
0.07098928093910217
0.138039693236351
0.18319843709468842
0.0786166712641716
0.16664837300777435
0.01179382111877203
0.03439345210790634
0.08577581495046616
0.04805316776037216
0.11936469376087189
0.07133951038122177
0.09118128567934036
0.04130605608224869
0.07015211880207062
0.005640049930661917
0.0738091766834259
0.035788193345069885
0.0894690603017807
0.1490965038537979
0.0024004823062568903
0.15294218063354492
0.03850797191262245
0.2203887403011322
0.1163305938243866
0.08573368936777115
0.05802198871970177
0.10593441128730774
0.14241866767406464
0.12635624408721924
0.05508833006024361
0.13783249258995056
0.05791214108467102
0.07680517435073853
0.17339633405208588
0.13587157428264618
0.05670441314578056
0.1744968444108963
0.004625247325748205
0.013462964445352554
0.038704872131347656
0.18025729060173035
0.04979567229747772
0.0239301398396492
0.4503304660320282
0.3452027440071106
0.17532801628112793
0.0838458463549614
0.11721567809581757
0.1050429716706276
0.11899466067552567
0.16852104663848877
0.16213691234588623
0.03870121017098427
0.17468979954719543
0.04064274951815605
0.07364536821842194
0.11714303493499756
0.1434466540813446
0.13006466627120972
0.1292254477739334
0.09625745564699173
0.13648679852485657
0.1298149973154068
0.23570889234542847
0.1625402867794037
0.19433699548244476
0.08864502608776093
0.13249610364437103
0.1484406590461731
0.05100588500499725
0.02508632093667984
0.19700151681900024
0.11604442447423935
0.1327163279056549
0.10073728859424591
0.012941034510731697
0.1716020256280899
0.17535744607448578
0.12825937569141388
0.23275472223758698
0.06214988976716995
0.101548932492733
0.09871165454387665
0.02715555764734745
0.03973769024014473
0.04517746716737747
0.20450198650360107
0.03173138201236725
0.06976114958524704
0.027408452704548836
0.08500707894563675
0.009910941123962402
0.08032910525798798
0.13189831376075745
0.1773318350315094
0.1216810792684555
0.0603066012263298
0.012730129063129425
0.08780504018068314
0.10524928569793701
0.08669240027666092
0.11913757771253586
0.11872558295726776
0.10116972774267197
0.09806324541568756
0.13648571074008942
0.18697044253349304
0.12225989997386932
0.04846595600247383
0.11472166329622269
0.21553418040275574
0.1150110736489296
0.12575121223926544
0.19499510526657104
0.12332791835069656
0.008940797299146652
0.08531665056943893
0.10298159718513489
0.19543755054473877
0.14610254764556885
0.08124884963035583
0.004978840239346027
0.09820008277893066
0.17585623264312744
0.027624819427728653
0.07909329235553741
0.015754839405417442
0.06987553089857101
0.11334223300218582
0.08520744740962982
0.0018067328492179513
0.13368357717990875
0.15150810778141022
0.12015458941459656
0.032722700387239456
0.18392688035964966
0.10481597483158112
0.11782066524028778
0.13859239220619202
0.04300999268889427
0.05046481639146805
0.0257499348372221
0.0959484651684761
0.12375611811876297
0.1286671757698059
0.06881309300661087
0.12251617759466171
0.18107235431671143
0.07020092755556107
0.21744775772094727
0.23213908076286316
0.0017417120980098844
0.085553377866745
0.19463130831718445
0.11929663270711899
0.08799023926258087
0.2968624234199524
0.00471899937838316
0.1532076746225357
0.1898881196975708
0.08582940697669983
0.14738836884498596
0.10824097692966461
0.2513183057308197
0.04928881302475929
0.027318522334098816
0.2229103147983551
0.1429690569639206
0.23608699440956116
0.12369252741336823
0.12718404829502106
0.06374136358499527
0.11095939576625824
0.02259468473494053
0.2282271534204483
0.10516833513975143
0.06057232245802879
0.11567816883325577
0.15449374914169312
0.10400016605854034
0.2067776918411255
0.16336983442306519
0.06234876438975334
0.31334561109542847
0.02268790267407894
0.04727362096309662
0.06096113845705986
0.2030474990606308
0.1425919383764267
0.15069611370563507
0.17913754284381866
0.13144749402999878
0.24871039390563965
0.12866930663585663
0.07252988964319229
0.13697603344917297
0.16217848658561707
0.1522255688905716
0.11245789378881454
0.18748043477535248
0.07957976311445236
0.09051472693681717
0.042090512812137604
0.14791670441627502
0.08343982696533203
0.11586309224367142
0.09613710641860962
0.10905109345912933
0.1696399599313736
0.06440364569425583
0.10404889285564423
0.06305674463510513
0.1167130097746849
0.07811105996370316
0.09656528383493423
0.07497753947973251
0.024970918893814087
0.10578656196594238
0.0765906572341919
0.10965230315923691
0.10823698341846466
0.07760956138372421
0.05828579515218735
0.0976925641298294
0.2269764244556427
0.0675036832690239
0.0842563658952713
0.0436389185488224
0.2531348764896393
0.1338559240102768
0.16682808101177216
0.06973341107368469
0.30645766854286194
0.18249057233333588
0.13126134872436523
0.15562719106674194
0.010634770616889
0.1363123506307602
0.05095024034380913
0.10964126884937286
0.15847106277942657
0.17655403912067413
0.0824817642569542
0.1299566626548767
0.05595092475414276
0.14501820504665375
0.0044586570002138615
0.10721223056316376
0.12594632804393768
0.15390926599502563
0.1446750909090042
0.10693039745092392
0.15023256838321686
0.10045085847377777
0.05798405781388283
0.08227363973855972
0.06350845098495483
0.0994892343878746
0.0365632101893425
0.18620188534259796
0.19067402184009552
0.09833812713623047
0.08023326843976974
0.003201084677129984
0.08475247770547867
0.11290638893842697
0.04492603614926338
0.15759719908237457
0.17130596935749054
0.2114151269197464
0.09057268500328064
0.11685968935489655
0.07732079178094864
0.1817556470632553
0.09352991729974747
0.11070829629898071
0.28720515966415405
0.056853536516427994
0.1371450126171112
0.07527535408735275
0.03457214683294296
0.0867820680141449
0.05064968764781952
0.030440691858530045
0.14592021703720093
0.06421397626399994
0.08124575018882751
0.06980883330106735
0.15969884395599365
0.1544492393732071
0.18633073568344116
0.03664605692028999
0.20121219754219055
0.13343985378742218
0.055125635117292404
0.09789685159921646
0.23998361825942993
0.136081263422966
0.06098933890461922
0.05161450058221817
0.17725753784179688
0.06911570578813553
0.009027481079101562
0.10726752877235413
0.1533793956041336
0.10216350108385086
0.07877865433692932
0.05852866545319557
0.06075287237763405
0.29533958435058594
0.04705554246902466
0.17704664170742035
0.1630742847919464
0.04821992665529251
0.04575316980481148
0.09281114488840103
0.06031084433197975
0.0612444132566452
0.10186371952295303
0.06476695090532303
0.0780697837471962
0.11512155085802078
0.08932030200958252
0.0497872494161129
0.1374439150094986
0.025410519912838936
0.08079628646373749
0.17670723795890808
0.21682366728782654
0.10416092723608017
0.11254003643989563
0.18821299076080322
0.0291511882096529
0.0009891845984384418
0.14312539994716644
0.0388280525803566
0.22421079874038696
0.09203942865133286
0.048866983503103256
0.007350524887442589
0.13033200800418854
0.1512317657470703
0.09668748825788498
0.0287012942135334
0.13398240506649017
0.07487127184867859
0.18158835172653198
0.11406117677688599
0.12537001073360443
0.032161399722099304
0.04280030354857445
0.17996886372566223
0.19062572717666626
0.14023371040821075
0.13880452513694763
0.008035975508391857
0.05333876237273216
0.27434203028678894
0.17027302086353302
0.10979431122541428
0.07422203570604324
0.029935194179415703
0.17432202398777008
0.06000624597072601
0.012582439929246902
0.08400393277406693
0.04722026363015175
0.1448948234319687
0.19908419251441956
0.10269207507371902
0.10763919353485107
0.08741553127765656
0.005242259241640568
0.050736162811517715
0.0805869773030281
0.13766145706176758
0.1855684518814087
0.13441982865333557
0.01471252553164959
0.016525300219655037
0.07044821232557297
0.08374223113059998
0.18009008467197418
0.13557662069797516
0.12865445017814636
0.20173414051532745
0.024729039520025253
0.21234148740768433
0.003689004573971033
0.036168307065963745
0.058398596942424774
0.04420441389083862
0.16356408596038818
0.13483230769634247
0.1435154527425766
0.41171178221702576
0.0016584254335612059
0.10063224285840988
0.11292441189289093
0.03336264193058014
0.0646774023771286
0.17181815207004547
0.03564799576997757
0.09140027314424515
0.09214572608470917
0.2802838087081909
0.08483314514160156
0.008347206749022007
0.053079549223184586
0.03703194111585617
0.0706331878900528
0.1423484832048416
0.44407519698143005
0.0658709779381752
0.1449175924062729
0.08062952011823654
0.2007707804441452
0.34996095299720764
0.07908791303634644
0.13635534048080444
0.06652503460645676
0.08686259388923645
0.054536253213882446
0.1570790559053421
0.1431865692138672
0.05655301362276077
0.12253297865390778
0.06876199692487717
0.14084072411060333
0.04239521920681
0.11656896024942398
0.1570967733860016
0.09713242202997208
0.07961057126522064
0.07803565263748169
0.02822795696556568
0.0646350234746933
0.08304222673177719
0.20106355845928192
0.27467280626296997
0.07911229133605957
0.06325308978557587
0.12339183688163757
0.11748280376195908
0.16001860797405243
0.16798847913742065
0.1977905035018921
0.20352387428283691
0.03229593113064766
0.211753249168396
0.13969002664089203
0.17439255118370056
0.08382026106119156
0.18708071112632751
0.1067412793636322
0.19690068066120148
0.12686671316623688
0.1717432737350464
0.14246594905853271
0.08819904923439026
0.24993577599525452
0.07642346620559692
0.027179665863513947
0.12662425637245178
0.11582598835229874
0.09750906378030777
0.18680652976036072
0.03091164119541645
0.16391178965568542
0.0624728724360466
0.09655708819627762
0.11818733811378479
0.3729681372642517
0.10732363164424896
0.1269553005695343
0.14734569191932678
0.11223430186510086
0.20175783336162567
0.028764838352799416
0.07705337554216385
0.21658405661582947
0.03182661160826683
0.04337204620242119
0.04118100181221962
0.11160293221473694
0.06858037412166595
0.04549054428935051
0.05641314387321472
0.13641618192195892
0.12336263060569763
0.3161218762397766
0.19161608815193176
0.15155328810214996
0.14147843420505524
0.14368848502635956
0.14346492290496826
0.13432343304157257
0.1330675333738327
0.0530620776116848
0.1588832288980484
0.11640656739473343
0.10274732857942581
0.11853443831205368
0.1915528029203415
0.07847210764884949
0.0911175012588501
0.09933041036128998
0.07393529266119003
0.11582981795072556
0.13864487409591675
0.014896554872393608
0.05090876296162605
0.07661733776330948
0.14790934324264526
0.1514802724123001
0.056843794882297516
0.056105244904756546
0.11266123503446579
0.0675962045788765
0.1627371907234192
0.14551152288913727
0.1021716520190239
0.2234640270471573
0.11528993397951126
0.05167502537369728
0.12035385519266129
0.099464051425457
0.14338651299476624
0.13542041182518005
0.09766876697540283
0.050483498722314835
0.1354139745235443
0.13923482596874237
0.1998288631439209
0.22308193147182465
0.09149065613746643
0.07062909752130508
0.1054433062672615
0.07492141425609589
0.08320821076631546
0.22386913001537323
0.13809679448604584
0.13616439700126648
0.13346898555755615
0.034412287175655365
0.2220490276813507
0.2915385067462921
0.10569192469120026
0.15943643450737
0.12981855869293213
0.22418411076068878
0.2013721615076065
0.13098467886447906
0.12897931039333344
0.10066332668066025
0.0309575404971838
0.19738565385341644
0.18808290362358093
0.08208978176116943
0.1033998355269432
0.03373795002698898
0.2521183490753174
0.1332252323627472
0.006392030976712704
0.06406008452177048
0.09678146243095398
0.12224961817264557
0.13833360373973846
0.18928614258766174
0.17597322165966034
0.09503085911273956
0.100385382771492
0.08630046248435974
0.28600019216537476
0.13289399445056915
0.10156773775815964
0.0996590256690979
0.09560181945562363
0.17074796557426453
0.07534506916999817
0.40134963393211365
0.11066784709692001
0.14225143194198608
0.11268589645624161
0.07650492340326309
0.0038192663341760635
0.030322767794132233
0.1716466248035431
0.06998974829912186
0.20549216866493225
0.11130277067422867
0.099247045814991
0.08057866990566254
0.06227731332182884
0.20157234370708466
0.06939596682786942
0.030380619689822197
0.08857231587171555
0.22149550914764404
0.01666136458516121
0.21485009789466858
0.148769348859787
0.021525999531149864
0.14227686822414398
0.19862467050552368
0.14097200334072113
0.07152257859706879
0.09325482696294785
0.10560186207294464
0.11377034336328506
0.10692041367292404
0.09344691783189774
0.0422540046274662
0.11253134161233902
0.03996137157082558
0.14239832758903503
0.12754304707050323
0.12333878874778748
0.2293398082256317
0.04509361833333969
0.06389755010604858
0.1390702724456787
0.116702139377594
0.13541987538337708
0.09410809725522995
0.13935613632202148
0.16316518187522888
0.039340756833553314
0.10714744031429291
0.07935281097888947
0.0725918859243393
0.15956979990005493
0.15632402896881104
0.20753897726535797
0.03297722339630127
0.15335527062416077
0.19043058156967163
0.07623620331287384
0.1206587702035904
0.070464126765728
0.08829902112483978
0.018023863434791565
0.03475835919380188
0.21016088128089905
0.06717241555452347
0.19967056810855865
0.15203514695167542
0.09323891252279282
0.13904640078544617
0.14510414004325867
0.19579260051250458
0.07144326716661453
0.20196181535720825
0.1787148267030716
0.0464470311999321
0.058452069759368896
0.0748290941119194
0.004030708223581314
0.0630154088139534
0.04643493518233299
0.11262722313404083
0.24257758259773254
0.04722696170210838
0.25763365626335144
0.07778864353895187
0.08439690619707108
0.1446782499551773
0.04969054087996483
0.1494835615158081
0.05832210183143616
0.15729548037052155
0.2129080891609192
0.0923294648528099
0.21752512454986572
0.018743284046649933
0.14627672731876373
0.17193029820919037
0.10408257693052292
0.10478509962558746
0.09764255583286285
0.3007248044013977
0.03437406197190285
0.007232451345771551
0.04657254368066788
0.04278971254825592
0.03816621005535126
0.1125548928976059
0.11737948656082153
0.04600537568330765
0.008704153820872307
0.13738524913787842
0.08791014552116394
0.08961931616067886
0.12417271733283997
0.27287957072257996
0.09861496835947037
0.03754929453134537
0.07646159082651138
0.0903855413198471
0.014401684515178204
0.14268337190151215
0.05787010118365288
0.06481443345546722
0.08812375366687775
0.10188507288694382
0.038345642387866974
0.08458343893289566
0.0697418749332428
0.09059683978557587
0.003001703880727291
0.07764539867639542
0.1994704157114029
0.052681174129247665
0.0670560896396637
0.1962260752916336
0.12202448397874832
0.1038808822631836
0.19469965994358063
0.04592559486627579
0.08918385207653046
0.07211713492870331
0.08681851625442505
0.17045265436172485
0.07269584387540817
0.04862454906105995
0.1099356859922409
0.13540436327457428
0.1003965511918068
0.07004182040691376
0.12436980754137039
0.05781591311097145
0.04276431351900101
0.15239673852920532
0.1282658576965332
0.05673656612634659
0.11964385211467743
0.08919353038072586
0.0981786772608757
0.1511511504650116
0.08792562782764435
0.2177937775850296
0.08071306347846985
0.09940484166145325
0.03201461583375931
0.16874796152114868
0.04463682323694229
0.08233474940061569
0.15992024540901184
0.0004208018654026091
0.1582856923341751
0.21743689477443695
0.09408295899629593
0.09890376776456833
0.16497983038425446
0.034942641854286194
0.0734269991517067
0.14213861525058746
0.06314495205879211
0.04513303562998772
0.2234261929988861
0.17328079044818878
0.122226782143116
0.19079075753688812
0.05802975594997406
0.12184099853038788
0.03553101420402527
0.057148754596710205
0.03912073373794556
0.19164986908435822
0.12218683958053589
0.10270257294178009
0.05992751568555832
0.10658306628465652
0.07322883605957031
0.014966710470616817
0.08369724452495575
0.002656206488609314
0.18139411509037018
0.07960351556539536
0.04974573478102684
0.11460938304662704
0.08804240822792053
0.0965069904923439
0.21606042981147766
0.03641030937433243
0.03885190561413765
0.10713258385658264
0.05650929734110832
0.037453118711709976
0.09050552546977997
0.18240191042423248
0.05782953277230263
0.07567305862903595
0.07848316431045532
0.14945264160633087
0.14399132132530212
0.04921617731451988
0.06238643079996109
0.04829808697104454
0.08902060240507126
0.08844000846147537
0.15501487255096436
0.1038382351398468
0.18310584127902985
0.14141157269477844
0.03408634290099144
0.11707302182912827
0.05046957731246948
0.1549636870622635
0.24198894202709198
0.0665958970785141
0.07283257693052292
0.08937905728816986
0.1196838989853859
0.0608762763440609
0.12835033237934113
0.054595697671175
0.045564793050289154
0.14510086178779602
0.11318683624267578
0.18672771751880646
0.1254434436559677
0.21319468319416046
0.06621663272380829
0.13448922336101532
0.07650572061538696
0.2274017333984375
0.12789377570152283
0.1951630860567093
0.19101853668689728
0.11590392142534256
0.062038931995630264
0.13839340209960938
0.24174216389656067
0.0651625320315361
0.09433180838823318
0.044718462973833084
0.043486837297677994
0.1312895566225052
0.1690063327550888
0.09406223893165588
0.06755100935697556
0.15525032579898834
0.15738734602928162
0.06986737251281738
0.13453271985054016
0.022680064663290977
0.004686607979238033
0.060121022164821625
0.09661051630973816
0.09246959537267685
0.07072380185127258
0.04493970051407814
0.025676462799310684
0.08370475471019745
0.00574297271668911
0.09376056492328644
0.14852575957775116
0.037326741963624954
0.025073951110243797
0.1097961962223053
0.06438584625720978
0.12867920100688934
0.06761527061462402
0.09784606099128723
0.14182864129543304
0.046415288001298904
0.14993910491466522
0.1179676502943039
0.062450069934129715
0.4281075596809387
0.15694734454154968
0.12026835978031158
0.1672026515007019
0.03681052103638649
0.08200079202651978
0.09348620474338531
0.12223666906356812
0.176884725689888
0.1083143875002861
0.24042756855487823
0.07419818639755249
0.027166076004505157
0.022413192316889763
0.0917770117521286
0.1956784427165985
0.06082671135663986
0.1458207219839096
0.12431073188781738
0.12786054611206055
0.017270291224122047
0.08718034625053406
0.1251918226480484
0.0823027640581131
0.1863231062889099
0.08654552698135376
0.08970541507005692
0.09627515822649002
0.1122707799077034
0.013449413701891899
0.06023215502500534
0.1004466637969017
0.019609015434980392
0.07009916752576828
0.08919042348861694
0.12738873064517975
0.05362163856625557
0.041977737098932266
0.07073717564344406
0.22956761717796326
0.07502533495426178
0.056052275002002716
0.09858080744743347
0.10207981616258621
0.29938122630119324
0.20165300369262695
0.11249032616615295
0.08083613216876984
0.11674022674560547
0.10916326195001602
0.09264779835939407
0.3688708245754242
0.09407263249158859
0.04669341444969177
0.12708404660224915
0.06384628266096115
0.0560305155813694
0.080259308218956
0.15155129134655
0.17813226580619812
0.0400257334113121
0.02949516661465168
0.07665709406137466
0.07031115144491196
0.1704404205083847
0.11294615268707275
0.0473533570766449
0.04154055938124657
0.08750712126493454
0.20806531608104706
0.10464674234390259
0.17053541541099548
0.11373429000377655
0.05717100948095322
0.1563175469636917
0.07579761743545532
0.2453973889350891
0.08465515822172165
0.05822256579995155
0.07061542570590973
0.15183748304843903
0.13710880279541016
0.09785976260900497
0.1565122753381729
0.06173607334494591
0.14852996170520782
0.05809316411614418
0.17549540102481842
0.07618619501590729
0.06503161042928696
0.046007897704839706
0.11880695074796677
0.08760850131511688
0.1335134357213974
0.23112787306308746
0.33482375741004944
0.12424422800540924
0.07472206652164459
0.15072320401668549
0.27534008026123047
0.13397438824176788
0.2863617539405823
0.029717596247792244
0.19680577516555786
0.0362592488527298
0.04862280189990997
0.2095976322889328
0.041525647044181824
0.12892544269561768
0.07518883794546127
0.12188689410686493
0.021302156150341034
0.17065082490444183
0.1308385282754898
0.06399710476398468
0.09264913946390152
0.19429194927215576
0.33147895336151123
0.1178584098815918
0.14838430285453796
0.09400574117898941
0.1062338575720787
0.15378111600875854
0.16285964846611023
0.10918089747428894
0.17002035677433014
0.1841481775045395
0.03056311048567295
0.1129835695028305
0.12548241019248962
0.038687366992235184
0.06375329941511154
0.12519986927509308
0.04633508622646332
0.06961239874362946
0.10103338956832886
0.12505194544792175
0.06090894713997841
0.225994274020195
0.23725992441177368
0.07893698662519455
0.16072016954421997
0.03660088777542114
0.23531608283519745
0.06744090467691422
0.07864883542060852
0.07087428122758865
0.06182287260890007
0.11679980903863907
0.009114136919379234
0.14451031386852264
0.056479983031749725
0.11165361851453781
0.07601301372051239
0.14610880613327026
0.13184325397014618
0.09829270094633102
0.1345462203025818
0.053352002054452896
0.11770129948854446
0.1372065395116806
0.10014650225639343
0.07307595014572144
0.04053575173020363
0.08899471908807755
0.03685037046670914
0.1154135912656784
0.15747639536857605
0.09921394288539886
0.08909839391708374
0.02969849482178688
0.09690553694963455
0.4114723801612854
0.11533849686384201
0.020506462082266808
0.04846256971359253
0.0672910138964653
0.06964781135320663
0.12127041071653366
0.05778888240456581
0.22926189005374908
0.19493423402309418
0.10337461531162262
0.11081524938344955
0.14333775639533997
0.07672993093729019
0.05410720780491829
0.09082583338022232
0.15078774094581604
0.2223116010427475
0.11216898262500763
0.16683311760425568
0.17783969640731812
0.036587975919246674
0.05889095738530159
0.10318689048290253
0.08181198686361313
0.2808377146720886
0.35571083426475525
0.09948493540287018
0.18436011672019958
0.011637522839009762
0.13136935234069824
0.185188889503479
0.13267570734024048
0.13803412020206451
0.15876121819019318
0.07647570967674255
0.147342711687088
0.048513464629650116
0.2664624750614166
0.11605412513017654
0.12634070217609406
0.03939345106482506
0.06006518751382828
0.0838838443160057
0.0728694275021553
0.04977388307452202
0.07733386009931564
0.07327867299318314
0.05703100562095642
0.07202626764774323
0.07668239623308182
0.19782328605651855
0.0016416986472904682
0.13978959619998932
0.09069158881902695
0.08478748798370361
0.18560627102851868
0.06631089746952057
0.08777308464050293
0.19909176230430603
0.12739156186580658
0.1443970650434494
0.011886783875524998
0.1527787148952484
0.012223484925925732
0.0036772284656763077
0.405396044254303
0.03658055514097214
0.19998973608016968
0.0765116959810257
0.09925417602062225
0.21694667637348175
0.028541281819343567
0.13486476242542267
0.2168840765953064
0.1008363738656044
0.08436418324708939
0.08481571823358536
0.041879843920469284
0.19140209257602692
0.11022760719060898
0.04259805381298065
0.057650867849588394
0.22003041207790375
0.037603508681058884
0.05318932980298996
0.0810961201786995
0.0440937802195549
0.06993453949689865
0.0033032000064849854
0.08499071002006531
0.10106358677148819
0.10070323944091797
0.10706668347120285
0.03227931633591652
0.06825170665979385
0.21666887402534485
0.06501348316669464
0.08726243674755096
0.11199955642223358
0.15345880389213562
0.09332350641489029
0.012608638033270836
0.09109959006309509
0.0207636971026659
0.1460491269826889
0.07613023370504379
0.07050825655460358
0.13855470716953278
0.06967969238758087
0.10052118450403214
0.21354416012763977
0.0676233321428299
0.04433777928352356
0.08592850714921951
0.23979218304157257
0.08162858337163925
0.09312421828508377
0.015867924317717552
0.08786472678184509
0.13793157041072845
0.015552196651697159
0.05418414995074272
0.07670816034078598
0.035106975585222244
0.1693190485239029
0.09072867780923843
0.09111733734607697
0.12323214113712311
0.04655202478170395
0.3098621070384979
0.10984385758638382
0.05685398727655411
0.049567773938179016
0.0979846715927124
0.06260654330253601
0.22855044901371002
0.07032603025436401
0.11078129708766937
0.07750044018030167
0.0714753121137619
0.10016375780105591
0.06632114201784134
0.024546628817915916
0.12596003711223602
0.046356625854969025
0.08528125286102295
0.048851825296878815
0.1477574110031128
0.13703468441963196
0.17108289897441864
0.1030983105301857
0.07947574555873871
0.06932810693979263
0.1207377016544342
0.10919852554798126
0.16683492064476013
0.11345890909433365
0.06879395991563797
0.06698530167341232
0.09144606441259384
0.14332637190818787
0.21817365288734436
0.0359870046377182
0.133121520280838
0.08323048055171967
0.06305254995822906
0.09129519760608673
0.014183592051267624
0.14285407960414886
0.10840960592031479
0.002683504018932581
0.017032485455274582
0.05001101270318031
0.09536060690879822
0.1676061898469925
0.06133817136287689
0.1955908089876175
0.10620756447315216
0.23704403638839722
0.06440246850252151
0.07152731716632843
0.10674239695072174
0.1111438125371933
0.09078500419855118
0.00758868595585227
0.2332184910774231
0.026502778753638268
0.05230383947491646
0.007113912142813206
0.3316158950328827
0.09164690226316452
0.18951505422592163
0.11667341738939285
0.2469015121459961
0.1350080668926239
0.1671999841928482
0.06171809881925583
0.05494144558906555
0.11544651538133621
0.12808790802955627
0.06210430711507797
0.11826735734939575
0.14211247861385345
0.13399232923984528
0.1370551884174347
0.10786908864974976
0.2296302765607834
0.11501671373844147
0.03382827341556549
0.06435493379831314
0.12168198823928833
0.11818896979093552
0.05244538187980652
0.04835662245750427
0.1106942892074585
0.006797684356570244
0.1575184166431427
0.1575331687927246
0.16312864422798157
0.05594920367002487
0.09464406967163086
0.11996998637914658
0.026660576462745667
0.06581166386604309
0.11652226746082306
0.05414986237883568
0.10811739414930344
0.03866444155573845
0.1741095781326294
0.08123931288719177
0.12188119441270828
0.14385655522346497
0.025739271193742752
0.28875502943992615
0.08717826008796692
0.14861543476581573
0.09323906898498535
0.11021798849105835
0.07473018020391464
0.07920370995998383
0.014409455470740795
0.034687042236328125
0.10136222094297409
0.1388484090566635
0.09248850494623184
0.1509275585412979
0.09598934650421143
0.10225175321102142
0.12441418319940567
0.05128476396203041
0.09147318452596664
0.15707562863826752
0.10361580550670624
0.03642604872584343
0.13928449153900146
0.3000449538230896
0.20342399179935455
0.32626768946647644
0.04185419902205467
0.15277372300624847
0.08557724952697754
0.14350387454032898
0.08466648310422897
0.09015204757452011
0.08913899958133698
0.09944675862789154
0.21570320427417755
0.10666243731975555
0.18298448622226715
0.08316534757614136
0.07323106378316879
0.11755362153053284
0.08057260513305664
0.27669939398765564
0.11780862510204315
0.19526521861553192
0.22458527982234955
0.13299572467803955
0.12553666532039642
0.062460511922836304
0.11022962629795074
0.05911199748516083
0.11941772699356079
0.17221835255622864
0.103053517639637
0.15021085739135742
0.09718393534421921
0.14128850400447845
0.06371229887008667
0.07299509644508362
0.12369849532842636
0.027500908821821213
0.09996311366558075
0.13857726752758026
0.08679842948913574
0.11179199814796448
0.09815444052219391
0.07428564131259918
0.09112050384283066
0.03423997759819031
0.05043817311525345
0.0388653464615345
0.08649338036775589
0.08346191048622131
0.04745715856552124
0.06862688809633255
0.06491031497716904
0.09692266583442688
0.041110679507255554
0.1539890468120575
0.05062726140022278
0.032432109117507935
0.14065571129322052
0.0665578693151474
0.24977630376815796
0.0431583933532238
0.11195255815982819
0.048892345279455185
0.1626061052083969
0.25480586290359497
0.05970267206430435
0.0499265193939209
0.08150272816419601
0.06672722101211548
0.09349192678928375
0.052379101514816284
0.004360906779766083
0.04945509880781174
0.1070311889052391
0.0823935717344284
0.06828953325748444
0.10548216104507446
0.30529654026031494
0.0917438343167305
0.09508876502513885
0.19365613162517548
0.3295096457004547
0.1191127672791481
0.05712373927235603
0.015037618577480316
0.12109696865081787
0.035979337990283966
0.1472085565328598
0.0332513228058815
0.10372542589902878
0.14028537273406982
0.03433936461806297
0.15504468977451324
0.12426309287548065
0.08739619702100754
0.07182015478610992
0.09669172018766403
0.1079389750957489
0.11104059964418411
0.0424862764775753
0.1054757609963417
0.02471211925148964
0.10501173138618469
0.2462189644575119
0.11398840695619583
0.0595599040389061
0.13150742650032043
0.14334629476070404
0.18011628091335297
0.08744430541992188
0.08724507689476013
0.10947641730308533
0.10367580503225327
0.05680447444319725
0.1047472208738327
0.0421106331050396
0.09375754743814468
0.027465295046567917
0.05248500406742096
0.09372442960739136
0.36957812309265137
0.21465030312538147
0.15113136172294617
0.1255049854516983
0.09193693846464157
0.1128469780087471
0.012014802545309067
0.19930793344974518
0.1464432328939438
0.1295635849237442
0.06309061497449875
0.10096316039562225
0.1478593349456787
0.1288132220506668
0.059178948402404785
0.09323820471763611
0.19967953860759735
0.10634789615869522
0.09349007904529572
0.08607824146747589
0.20500020682811737
0.08406445384025574
0.1291712075471878
0.08203250169754028
0.20550459623336792
0.09585679322481155
0.1372637301683426
0.1545276939868927
0.07948841899633408
0.09007655829191208
0.05454261600971222
0.03989877551794052
0.06847038120031357
0.057420920580625534
0.10140915960073471
0.06624509394168854
0.11629660427570343
0.11686526238918304
0.1172986701130867
0.18501543998718262
0.2811012864112854
0.08874967694282532
0.10584874451160431
0.15337446331977844
0.13438428938388824
0.10017220675945282
0.16052836179733276
0.10838272422552109
0.11472472548484802
0.043822478502988815
0.0018631163984537125
0.12649162113666534
0.08412279933691025
0.1769711971282959
0.09182459861040115
0.24054478108882904
0.3318750560283661
0.12664012610912323
0.10028529912233353
0.11867710947990417
0.07422205805778503
0.11764281988143921
0.07523968070745468
0.05279064178466797
0.125557079911232
0.04589424654841423
0.09343945980072021
0.026854876428842545
0.13161438703536987
0.05282454937696457
0.07768464833498001
0.057392776012420654
0.14142785966396332
0.025341426953673363
0.0929083302617073
0.037001777440309525
0.3365519344806671
0.0999157577753067
0.07229925692081451
0.0791914239525795
0.2354288548231125
0.13936470448970795
0.06606040894985199
0.1327315717935562
0.12274120002985
0.1120585948228836
0.0678883045911789
0.1465625762939453
0.11639560759067535
0.3281737267971039
0.23214930295944214
0.15922348201274872
0.14749588072299957
0.11483501642942429
0.09693503379821777
0.08493676781654358
0.11513179540634155
0.09989934414625168
0.11196552962064743
0.05755447596311569
0.10418513417243958
0.1927076280117035
0.05353093519806862
0.12780912220478058
0.04142732173204422
0.1646091639995575
0.08025564253330231
0.0472407191991806
0.029211699962615967
0.06423705816268921
0.12499706447124481
0.11754729598760605
0.10337492823600769
0.1487274169921875
0.1090528592467308
0.14057336747646332
0.16968172788619995
0.004610429517924786
0.10137147456407547
0.05369950085878372
0.03890232369303703
0.10631559789180756
0.10966575890779495
0.07227648794651031
0.11677175760269165
0.16851498186588287
0.15745209157466888
0.08131629973649979
0.06374435871839523
0.30147191882133484
0.0895690843462944
0.11576803028583527
0.16308480501174927
0.040321603417396545
0.143576979637146
0.04912835359573364
0.2086455523967743
0.15062616765499115
0.11111679673194885
0.027793552726507187
0.07500719279050827
0.08446447551250458
0.08028439432382584
0.09257323294878006
0.06797662377357483
0.1863664984703064
0.04490817338228226
0.13154646754264832
0.060375627130270004
0.12751729786396027
0.11069254577159882
0.21554498374462128
0.19431418180465698
0.315294474363327
0.06044471636414528
0.074276402592659
0.13421252369880676
0.0915532261133194
0.138187438249588
0.048411596566438675
0.0225871279835701
0.16812972724437714
0.1489184945821762
0.05085993930697441
0.01708686724305153
0.1147814616560936
0.05740447714924812
0.10086556524038315
0.003900617826730013
0.07906198501586914
0.20327772200107574
0.24142567813396454
0.18498514592647552
0.017256909981369972
0.016764646396040916
0.08210718631744385
0.11485685408115387
0.14578600227832794
0.13944874703884125
0.1592164933681488
0.13109654188156128
0.07951565831899643
0.0794699490070343
0.09746527671813965
0.18039342761039734
0.039697661995887756
0.15292707085609436
0.010361487045884132
0.11106523126363754
0.06638748943805695
0.004232605453580618
0.08072993904352188
0.1679418683052063
0.13140688836574554
0.007848256267607212
0.04273131117224693
0.058735888451337814
0.0630483403801918
0.10256461054086685
0.05743829533457756
0.11788634210824966
0.03321409970521927
0.0804942324757576
0.19992059469223022
0.3139451742172241
0.23562714457511902
0.07230976223945618
0.05387550964951515
0.17219364643096924
0.05891212075948715
0.09282918274402618
0.15814770758152008
0.06565961241722107
0.07298388332128525
0.049636803567409515
0.0490894690155983
0.07341551780700684
0.0914449691772461
0.06690475344657898
0.11866576224565506
0.05031688138842583
0.12010922282934189
0.08889549970626831
0.13403105735778809
0.10200700908899307
0.09723903238773346
0.12512657046318054
0.12419828772544861
0.09063536673784256
0.05285562202334404
0.0479777567088604
0.08003726601600647
0.025706440210342407
0.1829742044210434
0.134676992893219
0.1084727868437767
0.06735838204622269
0.08761873096227646
0.0043928250670433044
0.12149026244878769
0.22062912583351135
0.04052574932575226
0.0715041533112526
0.06259304285049438
0.09341322630643845
0.11066048592329025
0.10643687844276428
0.12692201137542725
0.08332691341638565
0.026265015825629234
0.08529749512672424
0.071413554251194
0.11699331551790237
0.12954798340797424
0.030017172917723656
0.09262023121118546
0.10209806263446808
0.122429259121418
0.14232033491134644
0.14598539471626282
0.15951994061470032
0.0006621555075980723
0.04966115206480026
0.06563333421945572
0.06267169862985611
0.10638284683227539
0.027817191556096077
0.10379299521446228
0.1148521900177002
0.014522852376103401
0.10054406523704529
0.09475453197956085
0.13571111857891083
0.07733625918626785
0.1187715157866478
0.1178511306643486
0.08013540506362915
0.11886903643608093
0.13316716253757477
0.05381867289543152
0.027231190353631973
0.12991315126419067
0.06810299307107925
0.10597237199544907
0.1438864767551422
0.15302255749702454
0.0618366040289402
0.10997933894395828
0.11433196812868118
0.15205858647823334
0.06134948134422302
0.035943493247032166
0.11942194402217865
0.08013273775577545
0.05300776660442352
0.04646291956305504
0.0583190992474556
0.08110011368989944
0.02671603299677372
0.11344842612743378
0.0744854211807251
0.07073298841714859
0.13109154999256134
0.32520782947540283
0.07201419025659561
0.09577157348394394
0.11384574323892593
0.12635794281959534
0.1204511821269989
0.29018405079841614
0.060934823006391525
0.22029513120651245
0.08926636725664139
0.07171217352151871
0.06016524136066437
0.05576895549893379
0.16583314538002014
0.06898834556341171
0.5061234831809998
0.05946280062198639
0.16199320554733276
0.12641489505767822
0.09456462413072586
0.058280397206544876
0.03815058618783951
0.14683377742767334
0.06824114918708801
0.11520455032587051
0.12574836611747742
0.0952712893486023
0.04815048724412918
0.12966230511665344
0.11852864176034927
0.006776412017643452
0.10443133115768433
0.10556052625179291
0.09078244864940643
0.08479857444763184
0.09880691766738892
0.1514708697795868
0.2709001302719116
0.45208004117012024
0.150656059384346
0.2345665991306305
0.05978195369243622
0.15680544078350067
0.08477503806352615
0.1595122367143631
0.04144410789012909
0.017618151381611824
0.09150957316160202
0.15082485973834991
0.15182162821292877
0.05821039527654648
0.08610080927610397
0.005541322752833366
0.03738536313176155
0.16211596131324768
0.09530477970838547
0.10527586191892624
0.12421266734600067
0.1800425946712494
0.031324345618486404
0.12536108493804932
0.13654136657714844
0.006698247976601124
0.45688891410827637
0.08279331773519516
0.0903635174036026
0.10777710378170013
0.04308024048805237
0.05049239099025726
0.05168381705880165
0.1341414451599121
0.07204637676477432
0.11640915274620056
0.17688767611980438
0.01998176798224449
0.06651268899440765
0.014430359937250614
0.15186454355716705
0.1528385430574417
0.09615854918956757
0.10070457309484482
0.0748261883854866
0.09085962921380997
0.10193351656198502
0.26108983159065247
0.05494353175163269
0.06771799176931381
0.13227979838848114
0.0315299816429615
0.15305942296981812
0.04103907570242882
0.03686537966132164
0.14485685527324677
0.08108682185411453
0.1143232211470604
0.052947547286748886
0.12676739692687988
0.0417996346950531
0.06425900012254715
0.09938278049230576
0.10814797878265381
0.06126062572002411
0.08547406643629074
0.08904731273651123
0.10828284174203873
0.0022007531952112913
0.1061149388551712
0.1255590170621872
0.027477053925395012
0.05350082367658615
0.06306034326553345
0.07172362506389618
0.08794517815113068
0.10706071555614471
0.18074731528759003
0.08080931752920151
0.08688507974147797
0.14020994305610657
0.09824741631746292
0.11337603628635406
0.04861488565802574
0.10015694051980972
0.04589790478348732
0.046653762459754944
0.14415311813354492
0.3181867003440857
0.07053279876708984
0.14561070501804352
0.08235783129930496
0.051090288907289505
0.11280731111764908
0.04323700815439224
0.05624900385737419
0.054264169186353683
0.07729621976613998
0.04641081020236015
0.11629926413297653
0.05156286433339119
0.024819348007440567
0.09776636958122253
0.10164902359247208
0.07671142369508743
0.1402977555990219
0.041788745671510696
0.05138318985700607
0.04716283082962036
0.0007778913131915033
0.06449555605649948
0.11601496487855911
0.10266651213169098
0.059714049100875854
0.000919584184885025
0.05627545341849327
0.06368973851203918
0.03445865586400032
0.12372734397649765
0.046805255115032196
0.05303917080163956
0.03687853738665581
0.1409873217344284
0.09088554978370667
0.07050321251153946
0.05681976303458214
0.024143407121300697
0.09801998734474182
0.06254813820123672
0.042092882096767426
0.07994066923856735
0.06120689958333969
0.06920050084590912
0.041727494448423386
0.08330265432596207
0.08046078681945801
0.14353176951408386
0.08344390243291855
0.1085263341665268
0.07404448091983795
0.030150974169373512
0.12057149410247803
0.01944139413535595
0.09198886901140213
0.07438298314809799
0.0480571910738945
0.07703438401222229
0.08205270767211914
0.04958569258451462
0.0014838383067399263
0.23030556738376617
0.03683629631996155
0.23567309975624084
0.050495393574237823
0.03231377154588699
0.10298888385295868
0.0152332978323102
0.11977820843458176
0.047943878918886185
0.13458183407783508
0.0621643029153347
0.17965562641620636
0.07593166083097458
0.03662192448973656
0.19152607023715973
0.1543641835451126
0.17555353045463562
0.20231996476650238
0.20303389430046082
0.23315927386283875
0.02656390517950058
0.06587497144937515
0.06370246410369873
0.035000018775463104
0.2880425751209259
0.060295600444078445
0.055377326905727386
0.004942886997014284
0.0679948478937149
0.06957472860813141
0.1314535290002823
0.14133287966251373
0.18027393519878387
0.23705734312534332
0.03327237442135811
0.17338037490844727
0.09859941154718399
0.0849943459033966
0.2605779767036438
0.21225830912590027
0.0849829837679863
0.11300603300333023
0.09926848113536835
0.10930312424898148
0.12000986933708191
0.05704816058278084
0.11309817433357239
0.07745029777288437
0.12506957352161407
0.14444255828857422
0.10032215714454651
0.0718224048614502
0.11422213166952133
0.08694779872894287
0.0008538037654943764
0.02614578790962696
0.24074526131153107
0.07016470283269882
0.08290988206863403
0.10250913351774216
0.13837029039859772
0.1602402925491333
0.001959261018782854
0.18914179503917694
0.17375566065311432
0.06195170804858208
0.1296629160642624
0.1033320426940918
0.1059914380311966
0.010514061897993088
0.2707362771034241
0.09462518990039825
0.08299899101257324
0.06039845570921898
0.131480410695076
0.032283715903759
0.1286437213420868
0.07077240198850632
0.032574255019426346
0.2781047224998474
0.11357603222131729
0.17299357056617737
0.06425807625055313
0.09698978066444397
0.05977002531290054
0.12601633369922638
0.13724581897258759
0.10605916380882263
0.04516220837831497
0.037275176495313644
0.136175274848938
0.04542361944913864
0.01738857664167881
0.04973042756319046
0.022552672773599625
0.1676739901304245
0.05144838988780975
0.10828899592161179
0.05282718315720558
0.10924434661865234
0.06501604616641998
0.0012867479817941785
0.16477295756340027
0.07197493314743042
0.06305279582738876
0.15264111757278442
0.2464371770620346
0.15724797546863556
0.034262169152498245
0.11374050378799438
0.04456396400928497
0.06475110352039337
0.08877259492874146
0.06292304396629333
0.03411245346069336
0.12477943301200867
0.09980490803718567
0.029597492888569832
0.07182611525058746
0.03383738547563553
0.1229393482208252
0.11785430461168289
0.05855010077357292
0.04422639682888985
0.0020554224029183388
0.022250903770327568
0.11387437582015991
0.042629413306713104
0.1124650314450264
0.1598268449306488
0.06005517765879631
0.08636502921581268
0.2717065215110779
0.0575445294380188
0.08833912760019302
0.006247438956052065
0.054321397095918655
0.17193490266799927
0.002118575619533658
0.06190434843301773
0.04893156886100769
0.17516230046749115
0.03181985393166542
0.049208033829927444
0.020231498405337334
0.015267882496118546
0.07585892826318741
0.04614743962883949
0.1558959186077118
0.12503819167613983
0.10795102268457413
0.04255286604166031
0.05009708181023598
0.18279413878917694
0.1361105889081955
0.1507449895143509
0.12607309222221375
0.2712893486022949
0.21310488879680634
0.09229075163602829
0.07586255669593811
0.08262734860181808
0.0559324249625206
0.20915469527244568
0.17439106106758118
0.12053078413009644
0.11413858085870743
0.09320046007633209
0.21772798895835876
0.045248325914144516
0.033496253192424774
0.12906458973884583
0.18017259240150452
0.20053568482398987
0.06805577874183655
0.032836657017469406
0.0680207833647728
0.1738479882478714
0.1091257855296135
0.09197612851858139
0.09077618271112442
0.048258326947689056
0.08389601856470108
0.317037433385849
0.05415643751621246
0.002269050572067499
0.10244125127792358
0.09082580357789993
0.15573832392692566
0.12571458518505096
0.05799341946840286
0.06698749214410782
0.1114741861820221
0.11807895451784134
0.15449738502502441
0.07561787962913513
0.061586543917655945
0.061224162578582764
0.08989883214235306
0.12125242501497269
0.12940895557403564
0.14174991846084595
0.16812729835510254
0.08000867813825607
0.09930259734392166
0.052582692354917526
0.06322996318340302
0.11852839589118958
0.14588536322116852
0.11605938524007797
0.0755460113286972
0.14814062416553497
0.034667495638132095
0.06964905560016632
0.31091615557670593
0.08865685760974884
0.07715049386024475
0.19778349995613098
0.4132746160030365
0.12773855030536652
0.13933929800987244
0.21860212087631226
0.24921934306621552
0.22938935458660126
0.01458428893238306
0.11927493661642075
0.19971677660942078
0.07728183269500732
0.12044025957584381
0.08985738456249237
0.25669795274734497
0.14312738180160522
0.11864360421895981
0.02968122810125351
0.2910977900028229
0.06991290301084518
0.1697925180196762
0.024235639721155167
0.0689515620470047
0.09083828330039978
0.045853905379772186
0.0035821287892758846
0.11420411616563797
0.19168053567409515
0.061972010880708694
0.15489645302295685
0.14908897876739502
0.08824814110994339
0.1362377405166626
0.06373225897550583
0.2879388928413391
0.144887313246727
0.1491912305355072
0.06590860337018967
0.07286478579044342
0.04338541254401207
0.05310250073671341
0.21509572863578796
0.3060176372528076
0.2341926544904709
0.015988744795322418
0.09134048223495483
0.15953294932842255
0.0136240990832448
0.13142076134681702
0.2630736827850342
0.13450871407985687
0.17303414642810822
0.037701256573200226
0.12447023391723633
0.20135559141635895
0.09966762363910675
0.0645340159535408
0.07865744084119797
0.14861449599266052
0.14727245271205902
0.1682792603969574
0.0037939269095659256
0.06639976054430008
0.03335096687078476
0.10383820533752441
0.18675613403320312
0.04290902614593506
0.02574801817536354
0.2512824535369873
0.060178715735673904
0.05188671126961708
0.09085914492607117
0.12388641387224197
0.13265804946422577
0.16015523672103882
0.08837300539016724
0.0031441603787243366
0.06646333634853363
0.04626604914665222
0.07266709953546524
0.0677201971411705
0.09582063555717468
0.07208859175443649
0.0825715884566307
0.052545882761478424
0.11063067615032196
0.0732617974281311
0.12751086056232452
0.06851056218147278
0.0639796331524849
0.06238646060228348
0.11850941926240921
0.24558982253074646
0.14404699206352234
0.12927983701229095
0.12816305458545685
0.09791340678930283
0.019149087369441986
0.10919933021068573
0.10316148400306702
0.12745784223079681
0.11981882899999619
0.15712536871433258
0.12039019167423248
0.23124219477176666
0.05102561041712761
0.19914117455482483
0.07687754929065704
0.20236293971538544
0.09783388674259186
0.15490484237670898
0.05419588088989258
0.0529363714158535
0.05538705736398697
0.21003186702728271
0.07183165848255157
0.10739865154027939
0.17418362200260162
0.11274876445531845
0.15285000205039978
0.11643370985984802
0.10979777574539185
0.07832721620798111
0.16713540256023407
0.11547153443098068
0.18102192878723145
0.12315063923597336
0.1287110447883606
0.1470673382282257
0.11107335984706879
0.0585048571228981
0.21035313606262207
0.06381610780954361
0.30606359243392944
0.08509612828493118
0.0738229975104332
0.018786363303661346
0.14976656436920166
0.09825211763381958
0.06606966257095337
0.10269709676504135
0.04243025183677673
0.14470718801021576
0.05122121796011925
0.011096695438027382
0.11955217272043228
0.05163729190826416
0.12633177638053894
0.11076648533344269
0.15618005394935608
0.06624287366867065
0.06892035156488419
0.1065758466720581
0.14041106402873993
0.1321200132369995
0.17269814014434814
0.05479484051465988
0.20135238766670227
0.052682578563690186
0.1328539252281189
0.07574827969074249
0.031563982367515564
0.14141257107257843
0.08304908871650696
0.19214703142642975
0.07006341964006424
0.044247038662433624
0.04862062260508537
0.09394334256649017
0.17848123610019684
0.09321294724941254
0.09868209064006805
0.011919445358216763
0.18915221095085144
0.0665978491306305
0.023490561172366142
0.23844073712825775
0.1123475506901741
0.11051890254020691
0.06509380042552948
0.0657462403178215
0.06882728636264801
0.122467041015625
0.18161018192768097
0.15709637105464935
0.08820950984954834
0.12200500816106796
0.11595231294631958
0.05497413128614426
0.1544603705406189
0.053814832121133804
0.023670045658946037
0.10622873157262802
0.08013094961643219
0.14424826204776764
0.08362819999456406
0.07103589922189713
0.19910874962806702
0.10541266947984695
0.07505781948566437
0.2144365906715393
0.15629297494888306
0.11270368844270706
0.25841355323791504
0.1244361624121666
0.05618946999311447
0.13522842526435852
0.15765944123268127
0.15419624745845795
0.0034567322582006454
0.09363523125648499
0.1829657405614853
0.08356747031211853
0.07873056828975677
0.10840766131877899
0.05056210979819298
0.12689635157585144
0.08030953258275986
0.18102186918258667
0.14477990567684174
0.035950079560279846
0.03572459518909454
0.15699492394924164
0.05936992168426514
0.17943494021892548
0.08102281391620636
0.1250854879617691
0.16031210124492645
0.0030040359124541283
0.0559258870780468
0.011701177805662155
0.1874302327632904
0.07165613770484924
0.016557062044739723
0.14865051209926605
0.14229562878608704
0.07231438159942627
0.10532674938440323
0.08939199149608612
0.19201219081878662
0.22905120253562927
0.09570137411355972
0.07809009402990341
0.09485327452421188
0.029636988416314125
0.11719419807195663
0.055615320801734924
0.0791311264038086
0.10149704664945602
0.11164750158786774
0.13701634109020233
0.07287318259477615
0.06414178758859634
0.3708459734916687
0.05401020497083664
0.10573557764291763
0.08210189640522003
0.10635855048894882
0.08967628329992294
0.09392476081848145
0.06830067187547684
0.05346604436635971
0.05264252424240112
0.05122298374772072
0.09748958796262741
0.10365653038024902
0.1117795780301094
