1.1647233963012695
0.703478217124939
0.24559222161769867
0.1651262640953064
0.09476900100708008
0.21375709772109985
0.1740562468767166
0.17087480425834656
0.16526296734809875
0.12830577790737152
0.14962731301784515
0.09372492879629135
0.2594597637653351
0.26479142904281616
0.14563477039337158
0.32356229424476624
0.17606696486473083
0.20901721715927124
0.07638811320066452
0.19001290202140808
0.12753243744373322
0.10872964560985565
0.048578448593616486
0.1321313977241516
0.28952327370643616
0.2991526126861572
0.052482396364212036
0.06062687933444977
0.19692286849021912
0.20016559958457947
0.12905244529247284
0.14694851636886597
0.2717326581478119
0.2232038676738739
0.06858980655670166
0.23488907516002655
0.11631804704666138
0.20829004049301147
0.17883336544036865
0.18087127804756165
0.18344374001026154
0.08505740016698837
0.1382216364145279
0.1578645259141922
0.04441877454519272
0.18519042432308197
0.11748487502336502
0.2883742153644562
0.07180926203727722
0.1383150964975357
0.06816436350345612
0.13169412314891815
0.13592958450317383
0.16264504194259644
0.11448390036821365
0.11278156191110611
0.14312028884887695
0.08413241803646088
0.3121291995048523
0.09077319502830505
0.30975282192230225
0.267583429813385
0.19514714181423187
0.0951300710439682
0.2319747805595398
0.07319434732198715
0.2782982885837555
0.13737553358078003
0.19162482023239136
0.11252725124359131
0.19202673435211182
0.18612070381641388
0.08463842421770096
0.0822145864367485
0.25957992672920227
0.09088414907455444
0.12959985435009003
0.10504648089408875
0.21104823052883148
0.14791223406791687
0.1311909705400467
0.06330669671297073
0.09950266778469086
0.11638861149549484
0.16233599185943604
0.4306167960166931
0.15980805456638336
0.21132032573223114
0.19385045766830444
0.3388236463069916
0.06932321935892105
0.10639406740665436
0.14127938449382782
0.26010552048683167
0.1186535432934761
0.041554998606443405
0.22779890894889832
0.3341313898563385
0.12413875758647919
0.03903593868017197
0.25839442014694214
0.20244073867797852
0.14300908148288727
0.154941126704216
0.16394256055355072
0.32123619318008423
0.17496618628501892
0.2512698173522949
0.14403791725635529
0.07983642816543579
0.08824174106121063
0.17575135827064514
0.291544646024704
0.2049030363559723
0.2998921871185303
0.1649569869041443
0.1963900923728943
0.21108439564704895
0.07665713131427765
0.12780867516994476
0.11366992443799973
0.1221352145075798
0.2878747582435608
0.12541349232196808
0.10179856419563293
0.1945227086544037
0.06596004962921143
0.28359270095825195
0.14856362342834473
0.18753384053707123
0.1193290576338768
0.19902744889259338
0.16310861706733704
0.1540640890598297
0.06426794081926346
0.19070936739444733
0.07691901922225952
0.08506456017494202
0.16703295707702637
0.09637964516878128
0.13491331040859222
0.09753861278295517
0.20818373560905457
0.15884391963481903
0.1402386724948883
0.25848180055618286
0.11412131786346436
0.14381791651248932
0.06568288058042526
0.11366825550794601
0.1637403815984726
0.21972496807575226
0.5171757340431213
0.19673499464988708
0.06635875254869461
0.107993945479393
0.15189680457115173
0.1297587752342224
0.05089195445179939
0.19106918573379517
0.07039161771535873
0.011222483590245247
0.010246516205370426
0.20714260637760162
0.22018016874790192
0.17884881794452667
0.24651439487934113
0.2044963240623474
0.32066309452056885
0.1089169904589653
0.2367737889289856
0.17114263772964478
0.1967325359582901
0.116000697016716
0.3093406856060028
0.2500087022781372
0.2462264895439148
0.18094168603420258
0.13281932473182678
0.2186245322227478
0.12971526384353638
0.12906479835510254
0.1329355388879776
0.17673733830451965
0.25972357392311096
0.21436308324337006
0.14507317543029785
0.13181661069393158
0.222524955868721
0.1548686921596527
0.18209339678287506
0.16426287591457367
0.10263194888830185
0.17362284660339355
0.18142163753509521
0.11924073100090027
0.2092588245868683
0.15831933915615082
0.13477058708667755
0.2573975920677185
0.30240771174430847
0.20285281538963318
0.15931135416030884
0.15034830570220947
0.11466164141893387
0.201522558927536
0.2722342610359192
0.2575925588607788
0.05023769661784172
0.11770901083946228
0.22484338283538818
0.22140075266361237
0.02814161404967308
0.28934934735298157
0.2428211122751236
0.30045872926712036
0.13351568579673767
0.07291636615991592
0.30215102434158325
0.11736391484737396
0.10941233485937119
0.14500105381011963
0.07039963454008102
0.16881003975868225
0.21893440186977386
0.09318501502275467
0.16396987438201904
0.2043444663286209
0.14804063737392426
0.17509345710277557
0.10738109052181244
0.12042108178138733
0.13077577948570251
0.028184985741972923
0.13226917386054993
0.19655528664588928
0.18709981441497803
0.2985381782054901
0.19601140916347504
0.06848010420799255
0.21653364598751068
0.23491452634334564
0.16874025762081146
0.1374334841966629
0.17383421957492828
0.1381736397743225
0.11248235404491425
0.2971884310245514
0.1818101853132248
0.244431272149086
0.21350131928920746
0.23036126792430878
0.23775720596313477
0.1543058156967163
0.1752678006887436
0.06835264712572098
0.14348310232162476
0.1637580394744873
0.11546894907951355
0.2577539086341858
0.16440920531749725
0.1650683730840683
0.2666721045970917
0.2036944031715393
0.24368706345558167
0.25783148407936096
0.2721702456474304
0.16087307035923004
0.13624261319637299
0.20765267312526703
0.10363418608903885
0.1099260225892067
0.2116098552942276
0.23333926498889923
0.0770362839102745
0.19657497107982635
0.2255442589521408
0.3023556172847748
0.18214355409145355
0.06703492999076843
0.17370352149009705
0.2222951352596283
0.07022645324468613
0.059158459305763245
0.12762793898582458
0.169348806142807
0.10433430969715118
0.20710013806819916
0.14418654143810272
0.3067462146282196
0.2404930740594864
0.02211027964949608
0.26189595460891724
0.21126405894756317
0.1308612823486328
0.15592527389526367
0.12356901168823242
0.2515602111816406
0.28738394379615784
0.1834452599287033
0.13156962394714355
0.20634199678897858
0.22436782717704773
0.15031445026397705
0.08755224943161011
0.13400328159332275
0.09767381101846695
0.1483834981918335
0.1122773140668869
0.04915505647659302
0.188753142952919
0.011651369743049145
0.09247203916311264
0.056307367980480194
0.16021311283111572
0.20037361979484558
0.22097967565059662
0.17859351634979248
0.13306714594364166
0.19459940493106842
0.1697293519973755
0.19794341921806335
0.1918669492006302
0.24882274866104126
0.12051229178905487
0.15677928924560547
0.1888061910867691
0.2438180297613144
0.04316377639770508
0.2843300998210907
0.16032452881336212
0.22612866759300232
0.2004237323999405
0.1442692130804062
0.10696855187416077
0.3376917541027069
0.10278964042663574
0.11989234387874603
0.17532745003700256
0.19121235609054565
0.23986241221427917
0.21028421819210052
0.1222977414727211
0.15138281881809235
0.06731333583593369
0.15856488049030304
0.19710977375507355
0.0937327891588211
0.19177071750164032
0.023646030575037003
0.26124683022499084
0.06834699213504791
0.2156560868024826
0.2898687720298767
0.16826052963733673
0.2945605516433716
0.16647924482822418
0.14848355948925018
0.044395219534635544
0.39014944434165955
0.1598479449748993
0.21798235177993774
0.157673180103302
0.19927597045898438
0.21440133452415466
0.11014512926340103
0.2133350819349289
0.24921807646751404
0.2229129821062088
0.04999621957540512
0.17830516397953033
0.14881440997123718
0.20883023738861084
0.2898833155632019
0.22313013672828674
0.06004459038376808
0.20372898876667023
0.23288960754871368
0.2050723433494568
0.23354902863502502
0.16365022957324982
0.13459011912345886
0.250436931848526
0.1590643674135208
0.1419205218553543
0.1102873757481575
0.16777963936328888
0.011202936060726643
0.18327713012695312
0.10896450281143188
0.09795092046260834
0.22537215054035187
0.19920732080936432
0.24094164371490479
0.10843503475189209
0.14619773626327515
0.15497846901416779
0.03920722007751465
0.26840439438819885
0.1337762176990509
0.17602187395095825
0.14008678495883942
0.24825537204742432
0.08760040253400803
0.1020829901099205
0.1923873871564865
0.28475743532180786
0.2317010760307312
0.231333389878273
0.2385713905096054
0.2430947870016098
0.11139177531003952
0.21704864501953125
0.10484156012535095
0.2862533926963806
0.2185543179512024
0.22866733372211456
0.318835973739624
0.19970110058784485
0.408207505941391
0.31167203187942505
0.22840146720409393
0.2818121314048767
0.11710501462221146
0.315174400806427
0.17784562706947327
0.14444120228290558
0.21018069982528687
0.19302216172218323
0.1474745124578476
0.2844211757183075
0.10864344239234924
0.11937937885522842
0.3968769311904907
0.21152529120445251
0.3059028089046478
0.12235818058252335
0.15032729506492615
0.1560409814119339
0.08569888770580292
0.3396926522254944
0.20775161683559418
0.21378175914287567
0.09307117015123367
0.22880157828330994
0.18591976165771484
0.20587359368801117
0.20929302275180817
0.16034245491027832
0.19008024036884308
0.1537492573261261
0.1595374345779419
0.13636082410812378
0.14564037322998047
0.11336129158735275
0.11609294265508652
0.19755879044532776
0.10006234049797058
0.0034128495026379824
0.21613384783267975
0.1523694545030594
0.08106791973114014
0.10849747061729431
0.18422789871692657
0.12846077978610992
0.12520572543144226
0.037137795239686966
0.22593945264816284
0.21366280317306519
0.2035638988018036
0.22506588697433472
0.21473366022109985
0.10284756869077682
0.23978324234485626
0.06426899880170822
0.11486921459436417
0.0789143294095993
0.1982855349779129
0.00740087078884244
0.22666692733764648
0.14436806738376617
0.0923323854804039
0.11258017271757126
0.01704316958785057
0.2644909620285034
0.1693478226661682
0.08529647439718246
0.22707213461399078
0.13807718455791473
0.15265758335590363
0.07615529000759125
0.1459018737077713
0.2040456384420395
0.1783384531736374
0.23869432508945465
0.1782834827899933
0.15601220726966858
0.2673620879650116
0.13058637082576752
0.16830869019031525
0.06530098617076874
0.15151792764663696
0.2405346930027008
0.36456993222236633
0.1694546937942505
0.16806037724018097
0.046865854412317276
0.27831703424453735
0.21301132440567017
0.05722369626164436
0.13762642443180084
0.1006167009472847
0.08531033992767334
0.2672056555747986
0.16082613170146942
0.1668558269739151
0.12716156244277954
0.08788654953241348
0.11414909362792969
0.17087367177009583
0.18939748406410217
0.2251053750514984
0.22065818309783936
0.034546561539173126
0.2482234686613083
0.12116795033216476
0.16628161072731018
0.14938803017139435
0.20625613629817963
0.20104439556598663
0.21449878811836243
0.22322341799736023
0.26778680086135864
0.24678921699523926
0.09836569428443909
0.2793535888195038
0.24332572519779205
0.14148525893688202
0.18046718835830688
0.17283464968204498
0.2604895830154419
0.16429826617240906
0.09971535205841064
0.520241916179657
0.23330654203891754
0.2672467827796936
0.08330363780260086
0.23531071841716766
0.014029244892299175
0.12763938307762146
0.17841282486915588
0.023919032886624336
0.13547982275485992
0.2252965122461319
0.18721091747283936
0.20070315897464752
0.22853215038776398
0.16418816149234772
0.18277835845947266
0.22434356808662415
0.11138347536325455
0.18053361773490906
0.14995260536670685
0.24372510612010956
0.1812705546617508
0.13470576703548431
0.14691627025604248
0.217171311378479
0.25868451595306396
0.12917329370975494
0.15207912027835846
0.16076862812042236
0.12612533569335938
0.2548242211341858
0.20104311406612396
0.22319358587265015
0.20794042944908142
0.2666639983654022
0.2068461924791336
0.17660169303417206
0.23835526406764984
0.2605081796646118
0.04769226908683777
0.03521228954195976
0.21812106668949127
0.13782618939876556
0.42878660559654236
0.27040064334869385
0.034650567919015884
0.08888798952102661
0.31330007314682007
0.10884806513786316
0.08612678200006485
0.15864108502864838
0.11091657727956772
0.08586323261260986
0.1389072835445404
0.13790908455848694
0.12716615200042725
0.08793506026268005
0.06762345135211945
0.15994349122047424
0.213160902261734
0.13578762114048004
0.008206389844417572
0.2535427510738373
0.043256353586912155
0.060216642916202545
0.1470358520746231
0.08334292471408844
0.10126534849405289
0.145009383559227
0.1501869410276413
0.07518737763166428
0.12308507412672043
0.13423393666744232
0.23776090145111084
0.2238207906484604
0.299820214509964
0.19127722084522247
0.14548704028129578
0.2186925709247589
0.1264307051897049
0.008373563177883625
0.0262079369276762
0.08837027102708817
0.21335631608963013
0.2944056987762451
0.1544303596019745
0.17034293711185455
0.1561829149723053
0.21029183268547058
0.20771722495555878
0.1360337883234024
0.21394774317741394
0.12604935467243195
0.2556183934211731
0.07050439715385437
0.21980366110801697
0.24448426067829132
0.152673602104187
0.17055030167102814
0.25002768635749817
0.22171556949615479
0.12714050710201263
0.13065283000469208
0.1871177703142166
0.12220007926225662
0.019767777994275093
0.16980493068695068
0.23704108595848083
0.1152057871222496
0.17154550552368164
0.17257021367549896
0.09577017277479172
0.12616679072380066
0.10602068156003952
0.008294784463942051
0.0020596212707459927
0.1841239631175995
0.27889901399612427
0.16422726213932037
0.1586165875196457
0.1437695324420929
0.0855899453163147
0.1611568182706833
0.09008517116308212
0.020364606752991676
0.10995481163263321
0.17263667285442352
0.15776191651821136
0.09833672642707825
0.18874889612197876
0.1068231463432312
0.09198484569787979
0.1393364667892456
0.13886982202529907
0.1852346956729889
0.21892645955085754
0.18881192803382874
0.16243934631347656
0.12457996606826782
0.11770094931125641
0.08923520892858505
0.1935986876487732
0.07635729014873505
0.15256041288375854
0.1167648509144783
0.23275038599967957
0.13613684475421906
0.37386512756347656
0.3578587472438812
0.1892077624797821
0.2771415710449219
0.11285444349050522
0.2193422019481659
0.17919981479644775
0.23223747313022614
0.25589999556541443
0.1987922489643097
0.19592012465000153
0.17891468107700348
0.2153102457523346
0.19581134617328644
0.10151165723800659
0.05868663638830185
0.0741891860961914
0.2358289211988449
0.3482113182544708
0.0971771627664566
0.1967644989490509
0.13831956684589386
0.26710519194602966
0.18796291947364807
0.1837460696697235
0.22190527617931366
0.16944018006324768
0.09278659522533417
0.12078230828046799
0.12198927998542786
0.09929805994033813
0.13345882296562195
0.2606159746646881
0.15571682155132294
0.13321097195148468
0.05437827110290527
0.04919689893722534
0.10645695775747299
0.13709022104740143
0.23219214379787445
0.20225407183170319
0.030198603868484497
0.12831823527812958
0.15326067805290222
0.25833451747894287
0.18781255185604095
0.049453068524599075
0.21797704696655273
0.18754376471042633
0.10817625373601913
0.1612296998500824
0.15730318427085876
0.15130078792572021
0.2340015321969986
0.2435072660446167
0.10380718111991882
0.05701533704996109
0.08195499330759048
0.25715702772140503
0.21033790707588196
0.15397517383098602
0.09234040230512619
0.27714183926582336
0.11822211742401123
0.07603707164525986
0.1940656453371048
0.2663845419883728
0.22165629267692566
0.08729449659585953
0.2103850394487381
0.020096052438020706
0.29675859212875366
0.13964904844760895
0.16074495017528534
0.1331499069929123
0.06396644562482834
0.17582152783870697
0.10152346640825272
0.0899624228477478
0.20544439554214478
0.2238805592060089
0.2206198126077652
0.18787238001823425
0.0972810760140419
0.1995038539171219
0.10205287486314774
0.19547101855278015
0.1707090586423874
0.05503161996603012
0.05227590724825859
0.24106653034687042
0.1251302808523178
0.06836361438035965
0.0807923749089241
0.19877539575099945
0.17921467125415802
0.22332915663719177
0.1970512419939041
0.16606515645980835
0.08641505241394043
0.11801385879516602
0.11617659777402878
0.14520733058452606
0.13333821296691895
0.21126756072044373
0.15745937824249268
0.0670531615614891
0.05148995667695999
0.10979492217302322
0.22617937624454498
0.11177796125411987
0.15423065423965454
0.011649866588413715
0.2643187642097473
0.13343766331672668
0.01667311042547226
0.09043467789888382
0.22528238594532013
0.2652722895145416
0.13813376426696777
0.12525084614753723
0.12001150846481323
0.059470564126968384
0.13513390719890594
0.11863189935684204
0.09175118058919907
0.16951681673526764
0.16415999829769135
0.08150538057088852
0.0419636033475399
0.15378710627555847
0.08491715043783188
0.07411724328994751
0.24883826076984406
0.15189366042613983
0.18316029012203217
0.1368345022201538
0.08445687592029572
0.1797133982181549
0.24224501848220825
0.16162773966789246
0.16049611568450928
0.04095831140875816
0.21043293178081512
0.12097980082035065
0.24957484006881714
0.20155572891235352
0.17752034962177277
0.08082013577222824
0.13153919577598572
0.11762747913599014
0.3306617736816406
0.1606786996126175
0.2522165775299072
0.19906887412071228
0.06100815162062645
0.17443794012069702
0.1776302009820938
0.08976186811923981
0.27333709597587585
0.18733787536621094
0.19932059943675995
0.1725599467754364
0.14964160323143005
0.20555239915847778
0.1736569106578827
0.2713843584060669
0.23771727085113525
0.10779041796922684
0.15348388254642487
0.15687264502048492
0.3637169599533081
0.17542947828769684
0.1692093163728714
0.15531282126903534
0.19779354333877563
0.09475742280483246
0.0023771412670612335
0.065548375248909
0.16166630387306213
0.1398957371711731
0.13910192251205444
0.17033690214157104
0.27185678482055664
0.06784074753522873
0.2521161437034607
0.10188740491867065
0.11681783944368362
0.1652827113866806
0.2341606318950653
0.07412589341402054
0.010103721171617508
0.218333899974823
0.01817212998867035
0.2803715467453003
0.07852642983198166
0.16182196140289307
0.20737488567829132
0.01854110136628151
0.021531660109758377
0.3071659803390503
0.04602929949760437
0.08921709656715393
0.15048182010650635
0.10003510117530823
0.18775209784507751
0.2526620626449585
0.13589634001255035
0.15085166692733765
0.21420836448669434
0.11372454464435577
0.09119515866041183
0.14488688111305237
0.17773810029029846
0.11519530415534973
0.11464859545230865
0.11130177229642868
0.16000865399837494
0.19101740419864655
0.2136363387107849
0.12256790697574615
0.04303622618317604
0.15349411964416504
0.09280291944742203
0.20412541925907135
0.14206278324127197
0.1620599776506424
0.09297724813222885
0.1970502734184265
0.1290256828069687
0.03979933261871338
0.1403743028640747
0.20968252420425415
0.1550675928592682
0.2027219533920288
0.1879502534866333
0.10374002158641815
0.1785203516483307
0.03436023369431496
0.1952669620513916
0.19121238589286804
0.3197086751461029
0.2926368713378906
0.12571310997009277
0.0771709606051445
0.13358934223651886
0.1733391284942627
0.3439168632030487
0.1363576352596283
0.2304711788892746
0.34120431542396545
0.2086641490459442
0.11739780753850937
0.1580141931772232
0.17422844469547272
0.2399975210428238
0.2909088730812073
0.05926761403679848
0.16341421008110046
0.12454093992710114
0.14054003357887268
0.15249469876289368
0.039710842072963715
0.25625181198120117
0.15231351554393768
0.1224660649895668
0.12560705840587616
0.19084608554840088
0.09971816837787628
0.10840696096420288
0.24757739901542664
0.20895035564899445
0.07982523739337921
0.049834609031677246
0.22409740090370178
0.022867076098918915
0.19103337824344635
0.14985725283622742
0.13763417303562164
0.12014508992433548
0.11650851368904114
0.1522875279188156
0.12275554984807968
0.23688159883022308
0.2304411381483078
0.19825588166713715
0.10749359428882599
0.003022958990186453
0.10192285478115082
0.09590542316436768
0.18279753625392914
0.13808293640613556
0.2685036063194275
0.19694946706295013
0.0075501915998756886
0.04432665556669235
0.15320797264575958
0.1584225296974182
0.15816903114318848
0.11507902294397354
0.08568985760211945
0.14370153844356537
0.15766674280166626
0.0664403885602951
0.08400122821331024
0.17085371911525726
0.07168663293123245
0.005823200102895498
0.15449753403663635
0.14929252862930298
0.14269278943538666
0.14155028760433197
0.07654142379760742
0.2107500284910202
0.16188594698905945
0.14361095428466797
0.1972806453704834
0.275722473859787
0.018628321588039398
0.07851952314376831
0.15645727515220642
0.3392922580242157
0.10038197040557861
0.12979134917259216
0.01885724626481533
0.20179830491542816
0.19266867637634277
0.17057563364505768
0.12457045167684555
0.17384104430675507
0.0267353393137455
0.01092110201716423
0.04577890783548355
0.04991357773542404
0.1775529533624649
0.0701277032494545
0.07485964149236679
0.29009053111076355
0.10247935354709625
0.13430391252040863
0.10423017293214798
0.1306433528661728
0.13440795242786407
0.22379930317401886
0.19987966120243073
0.19329309463500977
0.1531025618314743
0.08441206067800522
0.20096053183078766
0.10949032008647919
0.16062584519386292
0.10306747257709503
0.16097314655780792
0.10121425241231918
0.5774701833724976
0.08775246143341064
0.13529781997203827
0.152563214302063
0.24853171408176422
0.27505260705947876
0.05560983717441559
0.01602078601717949
0.14311456680297852
0.12909236550331116
0.1513713300228119
0.08492058515548706
0.10332202911376953
0.15330255031585693
0.13068360090255737
0.14048217236995697
0.0026994901709258556
0.16140760481357574
0.10815169662237167
0.2984274923801422
0.2696136236190796
0.09161149710416794
0.23969748616218567
0.01278933696448803
0.10480199754238129
0.18231670558452606
0.013371128588914871
0.16728806495666504
0.16089479625225067
0.061727024614810944
0.08978170901536942
0.1248374804854393
0.015350114554166794
0.1349593549966812
0.09483622759580612
0.17952746152877808
0.12614935636520386
0.08349089324474335
0.21504661440849304
0.008833643049001694
0.04971281439065933
0.20717714726924896
0.32297518849372864
0.10883083194494247
0.11851253360509872
0.1446383148431778
0.26787564158439636
0.16415107250213623
0.18487873673439026
0.10306037962436676
0.0779249370098114
0.1794254034757614
0.17984600365161896
0.2551913559436798
0.17434680461883545
0.21478162705898285
0.08833162486553192
0.06765223294496536
0.25087589025497437
0.18010269105434418
0.1711415946483612
0.1276932656764984
0.19569548964500427
0.2956767678260803
0.1702781319618225
0.07191555202007294
0.13669443130493164
0.3103663921356201
0.19673368334770203
0.003932851366698742
0.13357232511043549
0.07102019339799881
0.2610427439212799
1.1870207786560059
0.18347874283790588
0.32601144909858704
0.23558418452739716
0.21311625838279724
0.3161975145339966
0.132985457777977
0.08827946335077286
0.13336454331874847
0.2808026075363159
0.12637443840503693
0.10031799972057343
0.14916926622390747
0.18235673010349274
0.10901276767253876
0.07653096318244934
0.05295147746801376
0.11521708965301514
0.08176529407501221
0.11372309178113937
0.17407497763633728
0.15616296231746674
0.05210380628705025
0.10364987701177597
0.274507999420166
0.09349330514669418
0.10420656204223633
0.18162645399570465
0.13499575853347778
0.0846623107790947
0.11129225045442581
0.19555236399173737
0.19374147057533264
0.25296831130981445
0.21468333899974823
0.11265718936920166
0.9726433753967285
0.14298224449157715
0.09398840367794037
0.10883788019418716
0.18062719702720642
0.10354386270046234
0.23821984231472015
0.1534004807472229
0.07054505497217178
0.169745072722435
0.1397460252046585
0.015591626986861229
0.047285694628953934
0.19549106061458588
0.17872300744056702
0.11829681694507599
0.14481616020202637
0.07792610675096512
0.17125967144966125
0.22331200540065765
0.08319073915481567
0.11868161708116531
0.14641912281513214
0.1316332221031189
0.17043232917785645
0.12818294763565063
0.24435774981975555
0.1056060642004013
0.008411291055381298
0.12831322848796844
0.13822197914123535
0.13726282119750977
0.008154544979333878
0.14795902371406555
0.09204131364822388
0.21779173612594604
0.18206031620502472
0.0948847085237503
0.1450830101966858
0.05882103368639946
0.13674476742744446
0.14869475364685059
0.05677708983421326
0.19399724900722504
0.0822589248418808
0.19649164378643036
0.25798681378364563
0.14528518915176392
0.15133129060268402
0.13738521933555603
0.20453786849975586
0.23504403233528137
0.18967725336551666
0.14038248360157013
0.20965155959129333
0.2403748631477356
0.11433151364326477
0.15133489668369293
0.2177598923444748
0.17032189667224884
0.25493133068084717
0.06065433472394943
0.030701270326972008
0.17505429685115814
0.10096093267202377
0.20234012603759766
0.11162283271551132
0.17880146205425262
0.13992789387702942
0.13136111199855804
0.08215705305337906
0.2451474666595459
0.1904720664024353
0.08437327295541763
0.14097657799720764
0.1570175290107727
0.1760253608226776
0.010735539719462395
0.19884420931339264
0.15037095546722412
0.11655917763710022
0.3461571931838989
0.13151440024375916
0.18814367055892944
0.16935910284519196
0.20223863422870636
0.16424928605556488
0.11781051754951477
0.08336237818002701
0.11028469353914261
0.1950434446334839
0.1471160352230072
0.2473524957895279
0.16801542043685913
0.11798960715532303
0.06770773977041245
0.27462491393089294
0.09926343709230423
0.1621822863817215
0.17844538390636444
0.13297663629055023
0.12526637315750122
0.12529325485229492
0.19767600297927856
0.10251330584287643
0.19341756403446198
0.17665745317935944
0.13562676310539246
0.17884421348571777
0.15610072016716003
0.1738360971212387
0.05022185668349266
0.14513128995895386
0.18733154237270355
0.15712259709835052
0.18078561127185822
0.10576166957616806
0.15777626633644104
0.16012413799762726
0.14962221682071686
0.33383360505104065
0.06785906851291656
0.049242712557315826
0.1207910031080246
0.25928807258605957
0.28797969222068787
0.09018756449222565
0.24155548214912415
0.1362309604883194
0.1637892723083496
0.08018606156110764
0.10693946480751038
0.16683414578437805
0.13295316696166992
0.20431900024414062
0.05146133154630661
0.06988656520843506
0.13512976467609406
0.09496206045150757
0.008543097414076328
0.185439333319664
0.13270972669124603
0.03898879885673523
0.1430571973323822
0.13521991670131683
0.16652750968933105
0.18030667304992676
0.03426877781748772
0.1362776756286621
0.06935910880565643
0.15452848374843597
0.13871417939662933
0.20553936064243317
0.28206440806388855
0.12217231839895248
0.09739352017641068
0.19183586537837982
0.10275709629058838
0.1646004021167755
0.15507453680038452
0.08389212936162949
0.24080315232276917
0.09503380954265594
0.07754696160554886
0.19471806287765503
0.08917737752199173
0.1638953685760498
0.11136966198682785
0.26826730370521545
0.121598981320858
0.15839362144470215
0.11630770564079285
0.18600092828273773
0.07749028503894806
0.13765695691108704
0.05475177615880966
0.15580172836780548
0.17286689579486847
0.10808918625116348
0.08582510054111481
0.10797186940908432
0.3053627014160156
0.14871343970298767
0.12865951657295227
0.2446940392255783
0.04172593355178833
0.1019195169210434
0.06571123003959656
0.09146959334611893
0.12978388369083405
0.49969011545181274
0.08186449110507965
0.17501187324523926
0.30015403032302856
0.23721052706241608
0.0964314192533493
0.36190298199653625
0.1683875322341919
0.2495509386062622
0.1693253368139267
0.19933466613292694
0.2391064614057541
0.12582464516162872
0.17128132283687592
0.15526419878005981
0.2905910015106201
0.07777990400791168
0.10600840300321579
0.12386950105428696
0.06800942122936249
0.1341700404882431
0.22200924158096313
0.1901877224445343
0.1502363085746765
0.08944126218557358
0.15526151657104492
0.05259964242577553
0.1712850034236908
0.10452785342931747
0.2039310783147812
0.09362898766994476
0.2091299593448639
0.1716296225786209
0.14940372109413147
0.05935328081250191
0.18221154808998108
0.10134740173816681
0.0021926104091107845
0.003158815437927842
0.07809102535247803
0.22653162479400635
0.06961681693792343
0.13600201904773712
0.050203677266836166
0.23971830308437347
0.09855377674102783
0.14657124876976013
0.13644328713417053
0.3031274676322937
0.16331817209720612
0.2792973816394806
0.21139641106128693
0.18482708930969238
0.17621244490146637
0.19291731715202332
0.09872519224882126
0.10856059938669205
0.16783854365348816
0.15970146656036377
0.15788480639457703
0.13018929958343506
0.030629822984337807
0.2246394008398056
0.1914415955543518
0.011061092838644981
0.15322329103946686
0.1033753901720047
0.07144805043935776
0.10224727541208267
0.05676071718335152
0.14323146641254425
0.1048872247338295
0.4054776430130005
0.16419149935245514
0.2691905200481415
0.1525605171918869
0.26772022247314453
0.1096833124756813
0.12884621322155
0.04404563084244728
0.12362010031938553
0.09649080038070679
0.20014479756355286
0.09605763852596283
0.05580935254693031
0.1637328714132309
0.17649169266223907
0.21850410103797913
0.07901372760534286
0.1366252601146698
0.1981390416622162
0.2313949465751648
0.030967289581894875
0.1350584179162979
0.24007809162139893
0.19664104282855988
0.15743917226791382
0.3538092076778412
0.12886780500411987
0.09885282814502716
0.10500284284353256
0.1771499514579773
0.18820016086101532
0.11646993458271027
0.14778149127960205
0.21162149310112
0.06547828763723373
0.15676112473011017
0.1362309604883194
0.04410265386104584
0.056697700172662735
0.2558515965938568
0.18370522558689117
0.17555193603038788
0.26096048951148987
0.09253647178411484
0.08435038477182388
0.01110432855784893
0.14932796359062195
0.09346479922533035
0.0446108914911747
0.08027936518192291
0.14910423755645752
0.1914084255695343
0.059528838843107224
0.10793569684028625
0.15690405666828156
0.14644114673137665
0.15019011497497559
0.1074441447854042
0.11900172382593155
0.12484704703092575
0.012973448261618614
0.20185783505439758
0.14963911473751068
0.18033601343631744
0.17793506383895874
0.07837212085723877
0.1128767654299736
0.10154996812343597
0.08995474129915237
0.04046698659658432
0.1399488002061844
0.10154464095830917
0.21125513315200806
0.23347559571266174
0.1299317628145218
0.07104973495006561
0.08313973248004913
0.026539478451013565
0.23895511031150818
0.17469893395900726
0.17027395963668823
0.13757950067520142
0.182438462972641
0.2812250852584839
0.22877907752990723
0.07408881932497025
0.11558954417705536
0.05169495567679405
0.1234016939997673
0.01125635951757431
0.15766586363315582
0.08837058395147324
0.13154292106628418
0.27667200565338135
0.07764426618814468
0.09803111106157303
0.13537226617336273
0.11988825350999832
0.023392928764224052
0.252608984708786
0.06719790399074554
0.12945042550563812
0.002265394665300846
0.1466342806816101
0.18456466495990753
0.10164427757263184
0.2175585776567459
0.16259214282035828
0.08194246888160706
0.06683364510536194
0.014567587524652481
0.15086820721626282
0.06998468190431595
0.06879370659589767
0.13048870861530304
0.06036711111664772
0.16326899826526642
0.11366590112447739
0.1243734285235405
0.1577533334493637
0.15007753670215607
0.053661707788705826
0.014872022904455662
0.15961115062236786
0.07727042585611343
0.08820219337940216
0.34034818410873413
0.07108239829540253
0.13865792751312256
0.08444727212190628
0.18318210542201996
0.19055084884166718
0.1627950817346573
0.03225689008831978
0.17191685736179352
0.24670042097568512
0.15007996559143066
0.06602860242128372
0.1546989232301712
0.16807660460472107
0.11407060921192169
0.09047295153141022
0.08531929552555084
0.08708789199590683
0.06523951143026352
0.10509175807237625
0.14438962936401367
0.2858020067214966
0.06288782507181168
0.07685123383998871
0.1473008543252945
0.03657316416501999
0.10190574824810028
0.2155049741268158
0.2048826813697815
0.09680894762277603
0.11811478435993195
0.13153687119483948
0.15942934155464172
0.157869353890419
0.0053276680409908295
0.09573835879564285
0.163696750998497
0.12969614565372467
0.06475689262151718
0.09244059771299362
0.11440006643533707
0.15049511194229126
0.2022867202758789
0.0641268715262413
0.10106454789638519
0.5565580725669861
0.2942329943180084
0.19619441032409668
0.047432657331228256
0.11141359061002731
0.10433737933635712
0.2162739485502243
0.04386021941900253
0.1901591718196869
0.10859677940607071
0.0998876616358757
0.08856572210788727
0.09325758367776871
0.15503381192684174
0.1575574278831482
0.09430103749036789
0.09288462996482849
0.1409447193145752
0.10464392602443695
0.2033344805240631
0.0411018505692482
0.08089250326156616
0.13092006742954254
0.20150598883628845
0.1774914264678955
0.24885156750679016
0.142103374004364
0.1133471429347992
0.016239408403635025
0.14393112063407898
0.06452306360006332
0.24729157984256744
0.23708617687225342
0.08976135402917862
0.23723682761192322
0.12041371315717697
0.16741707921028137
0.14488667249679565
0.18416814506053925
0.04134249687194824
0.08325322717428207
0.10016787797212601
0.1451241374015808
0.07163114845752716
0.11172474920749664
0.18875694274902344
0.24394482374191284
0.21697361767292023
0.10351550579071045
0.123430535197258
0.20885127782821655
0.17379334568977356
0.22002121806144714
0.23830844461917877
0.17417968809604645
0.18416158854961395
0.1883608102798462
0.2389315962791443
0.24209420382976532
0.19966930150985718
0.19417940080165863
0.05462643876671791
0.07320291548967361
0.16204479336738586
0.1243799477815628
0.010243326425552368
0.18540650606155396
0.09695456922054291
0.2214936465024948
0.13005708158016205
0.053110163658857346
0.18976598978042603
0.07535777240991592
0.004482403863221407
0.11284801363945007
0.19576580822467804
0.1114661768078804
0.3032021224498749
0.14304600656032562
0.1148882731795311
0.2548295855522156
0.2497304379940033
0.12346773594617844
0.12649670243263245
0.17536567151546478
0.11585060507059097
0.12384502589702606
0.23020701110363007
0.11615904420614243
0.15396688878536224
0.05648612976074219
0.3200201988220215
0.23969867825508118
0.04720083996653557
0.0873599499464035
0.1516445130109787
0.2714304029941559
0.14607426524162292
0.06936676055192947
0.10822229087352753
0.3928270936012268
0.1847926676273346
0.2256477326154709
0.2024012804031372
0.197198748588562
0.14308877289295197
0.2376139760017395
0.05239488556981087
0.16215310990810394
0.21707536280155182
0.18132427334785461
0.1471807360649109
0.08146393299102783
0.18780739605426788
0.06133028492331505
0.07188542932271957
0.12507031857967377
0.1930030882358551
0.1599922627210617
0.07433130592107773
0.09819722920656204
0.16192549467086792
0.05187869071960449
0.19107353687286377
0.13285422325134277
0.16612575948238373
0.0774458572268486
0.011966865509748459
0.08371176570653915
0.1226842924952507
0.1730819046497345
0.03815335035324097
0.17897579073905945
0.21426182985305786
0.14696799218654633
0.13911455869674683
0.009655104950070381
0.09751998633146286
0.06274853646755219
0.06255048513412476
0.18616053462028503
0.1199050024151802
0.20364634692668915
0.10991034656763077
0.0848296582698822
0.5769522786140442
0.10260723531246185
0.11949092894792557
0.05077562481164932
0.23880819976329803
0.15163859724998474
0.17537979781627655
0.09101183712482452
0.08513173460960388
0.14883415400981903
0.2212752252817154
0.009271372109651566
0.17665842175483704
0.12013544142246246
0.1986556351184845
0.0936972126364708
0.2051955908536911
0.6858639717102051
0.2320232093334198
0.12829463183879852
0.051623035222291946
0.15858004987239838
0.0759267583489418
0.22382645308971405
0.2562495172023773
0.16936612129211426
0.13533031940460205
0.15414248406887054
0.24439707398414612
0.11451676487922668
0.1502772718667984
0.11301372945308685
0.14380738139152527
0.08281522989273071
0.0840492770075798
0.13678444921970367
0.11931460350751877
0.004315873607993126
0.11775389313697815
0.14767079055309296
0.16652850806713104
0.14470545947551727
0.16262614727020264
0.05469252169132233
0.0734102800488472
0.12172224372625351
0.07806041836738586
0.12202749401330948
0.09808748215436935
0.11868420243263245
0.14180311560630798
0.14002588391304016
0.108624666929245
0.12029963731765747
0.06063075736165047
0.060356609523296356
0.13841386139392853
0.1770448535680771
0.045436710119247437
0.13857030868530273
0.15317845344543457
0.22495977580547333
0.05293635278940201
0.06634540855884552
0.12984450161457062
0.23783525824546814
0.20667116343975067
0.08312129974365234
0.1447146087884903
0.16601845622062683
0.10989820957183838
0.1884640008211136
0.11096037924289703
0.1410122811794281
0.14611874520778656
0.09253337979316711
0.1441851109266281
0.054455362260341644
0.04798750951886177
0.018766876310110092
0.1963285207748413
0.12876178324222565
0.21343746781349182
0.1382787972688675
0.06519339978694916
0.13977612555027008
0.11844589561223984
0.1785534918308258
0.006400866433978081
0.15082599222660065
0.12084457278251648
0.02412763051688671
0.2273508757352829
0.12289594113826752
0.27040207386016846
0.1397932469844818
0.1591200977563858
0.012393541634082794
0.06379862874746323
0.11502695828676224
0.07873660326004028
0.14994990825653076
0.018675699830055237
0.16946280002593994
0.17670093476772308
0.038366131484508514
0.40697288513183594
0.1921016275882721
0.12868621945381165
0.13647110760211945
0.03125689923763275
0.118683360517025
0.16692906618118286
0.025167370215058327
0.23920007050037384
0.08261638879776001
0.08283793926239014
0.05269571393728256
0.1489800661802292
0.15833985805511475
0.056967511773109436
0.12552735209465027
0.1028093621134758
0.24389182031154633
0.15655021369457245
0.166640967130661
0.06638281047344208
0.2423902153968811
0.22239921987056732
0.1300128549337387
0.1496436893939972
0.1275186687707901
0.40514054894447327
0.06083867698907852
0.030816983431577682
0.13380344212055206
0.1664002239704132
0.26812413334846497
0.1096259355545044
0.114681176841259
0.2844060957431793
0.28617921471595764
0.08564208447933197
0.1459302008152008
0.1444527804851532
0.17563402652740479
0.3164433240890503
0.30084869265556335
0.17763186991214752
0.11513882875442505
0.15903060138225555
0.1093575730919838
0.19279256463050842
0.13186702132225037
0.1140395775437355
0.1613006740808487
0.1547657698392868
0.17430537939071655
0.2714938223361969
0.12442021816968918
0.15434393286705017
0.1296926885843277
0.1650257557630539
0.16800521314144135
0.09357598423957825
0.20707204937934875
0.07825905084609985
0.10233583301305771
0.1649913340806961
0.1780664622783661
0.05962948501110077
0.27861863374710083
0.12545877695083618
0.06534506380558014
0.22918742895126343
0.21195174753665924
0.10539589077234268
0.23968341946601868
0.04932685196399689
0.14543986320495605
0.2463141679763794
0.08024222403764725
0.05881977081298828
0.10922660678625107
0.2066243290901184
0.17070353031158447
0.05627400800585747
0.10884229093790054
0.16375717520713806
0.012618789449334145
0.17522591352462769
0.19743728637695312
0.15936484932899475
0.03126832842826843
0.08426319062709808
0.13634446263313293
0.06295154988765717
0.004393463023006916
0.14034126698970795
0.04701567068696022
0.016606438905000687
0.1699950098991394
0.0069588469341397285
0.1446700245141983
0.0786973237991333
0.16825135052204132
0.17790989577770233
0.06926750391721725
0.2728975713253021
0.12101652473211288
0.12132100760936737
0.002204655669629574
0.13082005083560944
0.1059524416923523
0.36142703890800476
0.07990674674510956
0.1782751977443695
0.25642403960227966
0.1079222708940506
0.23187632858753204
0.11873457580804825
0.2072751522064209
0.15701039135456085
0.21295687556266785
0.04950258880853653
0.11587981134653091
0.08978234231472015
0.22604002058506012
0.09525449573993683
0.0826912671327591
0.05896379053592682
0.15235096216201782
0.0880897268652916
0.05687959864735603
0.056874968111515045
0.4165377616882324
0.1116173043847084
0.20411467552185059
0.028208483010530472
0.10471270978450775
0.12719056010246277
0.20059284567832947
0.24281325936317444
0.16102825105190277
0.12216945737600327
0.02550136111676693
0.10029403865337372
0.15090347826480865
0.19329552352428436
0.1376597285270691
0.1831378936767578
0.09743182361125946
0.11952470988035202
0.08734315633773804
0.24283014237880707
0.2812788784503937
0.1265260875225067
0.15089885890483856
0.16163994371891022
0.1291532665491104
0.057166438549757004
0.07533127069473267
0.02798234485089779
0.1321147233247757
0.17358608543872833
0.0597209669649601
0.18545424938201904
0.13855136930942535
0.14774847030639648
0.022022977471351624
0.0975126326084137
0.09218306094408035
0.16248010098934174
0.08094506710767746
0.10804002732038498
0.04842352867126465
0.07171682268381119
0.11843584477901459
0.07282358407974243
0.11422280967235565
0.17763318121433258
0.0799609050154686
0.07355684787034988
0.04561622068285942
0.1495785415172577
0.1439942568540573
0.1227879524230957
0.24868756532669067
0.13077928125858307
0.14584210515022278
0.13298432528972626
0.1519622802734375
0.14914163947105408
0.1671532839536667
0.004945456050336361
0.20293740928173065
0.17694047093391418
0.12992024421691895
0.15680477023124695
0.09610559791326523
0.10551570355892181
0.31937944889068604
0.1683908998966217
0.14416395127773285
0.09222472459077835
0.1671881079673767
0.09609290957450867
0.1985825151205063
0.15736806392669678
0.05361524596810341
0.17350992560386658
0.156428724527359
0.11041345447301865
0.07225316017866135
0.1590050458908081
0.10521852970123291
0.19036445021629333
0.3031650483608246
0.1837121844291687
0.18673281371593475
0.17888818681240082
0.0046643223613500595
0.053514543920755386
0.07226713001728058
0.028303690254688263
0.04934230446815491
0.10324179381132126
0.0961870402097702
0.08438368141651154
0.2772747278213501
0.12804363667964935
0.14226654171943665
0.2171497792005539
0.18303455412387848
0.09519777446985245
0.10337647795677185
0.20830902457237244
0.11438700556755066
0.04172545671463013
0.05787190422415733
0.1778259128332138
0.010232039727270603
0.11102726310491562
0.09076060354709625
0.0465342253446579
0.12778696417808533
0.5687074661254883
0.13865205645561218
0.13938705623149872
0.44890928268432617
0.1865200400352478
0.1446264088153839
0.10673670470714569
0.15069445967674255
0.06367500126361847
0.1872754544019699
0.15010683238506317
0.016780346632003784
0.18232662975788116
0.1116429939866066
0.22843754291534424
0.39819207787513733
0.18215905129909515
0.1753944605588913
0.21151602268218994
0.17362159490585327
0.0823393389582634
0.11176075041294098
0.09145122766494751
0.15109507739543915
0.08373129367828369
0.1543000042438507
0.11108309030532837
0.16787365078926086
0.17408135533332825
0.2233021855354309
0.3711897134780884
0.16409027576446533
0.1758001148700714
0.09256652742624283
0.4381319582462311
0.17484286427497864
0.1976422518491745
0.09718374907970428
0.12591134011745453
0.15420500934123993
0.1831742227077484
0.14858880639076233
0.08810953795909882
0.06426361203193665
0.11886792629957199
0.3691137433052063
0.04267251119017601
0.09452226758003235
0.21666255593299866
0.12010832875967026
0.15400448441505432
0.22348733246326447
0.09416163712739944
0.12019035220146179
0.2161094695329666
0.11819933354854584
0.08621703088283539
0.09448888152837753
0.17191895842552185
0.11069168895483017
0.3808402717113495
0.13675616681575775
0.05764782056212425
0.1503397673368454
0.15547579526901245
0.08543913811445236
0.09883340448141098
0.14540313184261322
0.28859513998031616
0.14552868902683258
0.1030653715133667
0.15355999767780304
0.1844325214624405
0.1332874894142151
0.09372048825025558
0.12084038555622101
0.14211158454418182
0.09134390950202942
0.06429649144411087
0.00530107319355011
0.0707436352968216
0.07467210292816162
0.10253624618053436
0.09232387691736221
0.10692965239286423
0.11189696192741394
0.09905431419610977
0.29113003611564636
0.08163207769393921
0.2605542242527008
0.10963317006826401
0.17592144012451172
0.24389737844467163
0.14676792919635773
0.19558823108673096
0.0516662672162056
0.20278359949588776
0.20123466849327087
0.05756711959838867
0.02443641796708107
0.08896216750144958
0.15529422461986542
0.13957253098487854
0.30510592460632324
0.22647061944007874
0.1411929875612259
0.1130450963973999
0.06849166750907898
0.17586824297904968
0.17392489314079285
0.09680625051259995
0.14410756528377533
0.08893033117055893
0.13148757815361023
0.2171621471643448
0.04450201988220215
0.1668073683977127
0.17187634110450745
0.14649534225463867
0.05208054184913635
0.5187286734580994
0.13682781159877777
0.16954413056373596
0.08797087520360947
0.062227364629507065
0.19425062835216522
0.06935383379459381
0.10783042013645172
0.09806963056325912
0.06772419810295105
0.03641938790678978
0.19151411950588226
0.2427879273891449
0.0646621510386467
0.14311067759990692
0.1667843461036682
0.18901671469211578
0.2741091549396515
0.19040077924728394
0.04155738279223442
0.14786005020141602
0.003174746409058571
0.28100961446762085
0.19763420522212982
0.1384432315826416
0.1290019452571869
0.2015174925327301
0.1300441175699234
0.12954434752464294
0.21749979257583618
0.12405930459499359
0.11978825181722641
0.1791103184223175
0.022551748901605606
0.17028293013572693
0.05005461350083351
0.04757419228553772
0.23857387900352478
0.23282285034656525
0.10031025856733322
0.10190190374851227
0.07072499394416809
0.16384369134902954
0.05643877759575844
0.20211073756217957
0.13176599144935608
0.1229146420955658
0.15874935686588287
0.19801931083202362
0.17334280908107758
0.12684543430805206
0.21096685528755188
0.11556585133075714
0.15958909690380096
0.02558782696723938
0.12698043882846832
0.19743093848228455
0.09954476356506348
0.24815352261066437
0.15489733219146729
0.13109497725963593
0.07315918803215027
0.15371733903884888
0.013066351413726807
0.05009651184082031
0.1916447877883911
0.07713251560926437
0.04770178720355034
0.05396175757050514
0.1667695939540863
0.17208139598369598
0.1904432773590088
0.10410424321889877
0.14360003173351288
0.06774166226387024
0.10063493251800537
0.14334183931350708
0.17005328834056854
0.26669102907180786
0.16928358376026154
0.0571843646466732
0.13613484799861908
0.15972498059272766
0.08952194452285767
0.07546692341566086
0.09107173979282379
0.1225239560008049
0.14950484037399292
0.23019534349441528
0.11871212720870972
0.13313135504722595
0.11282940208911896
0.09436874091625214
0.14961954951286316
0.009760432876646519
0.14232425391674042
0.17769144475460052
0.17147476971149445
0.12707272171974182
0.09145215898752213
0.03181806206703186
0.09767178446054459
0.19407744705677032
0.12282406538724899
0.15742704272270203
0.1283702552318573
0.035519737750291824
0.11053293198347092
0.16538450121879578
0.1368400752544403
0.1435040831565857
0.11801286041736603
0.19873404502868652
0.634231448173523
0.1466900110244751
0.24456296861171722
0.16688193380832672
0.1843515932559967
0.2764223515987396
0.13622726500034332
0.1725107878446579
0.22137899696826935
0.2095360904932022
0.12358428537845612
0.13821205496788025
0.13325749337673187
0.08878833055496216
0.156015545129776
0.08413559943437576
0.21754220128059387
0.07422801852226257
0.239860400557518
0.20086674392223358
0.15403956174850464
0.1794784516096115
0.22256185114383698
0.08893807977437973
0.12223664671182632
0.17851974070072174
0.1717730611562729
0.23294572532176971
0.14666317403316498
0.1489516794681549
0.19809597730636597
0.0768212303519249
0.12618403136730194
0.1790347695350647
0.0738033577799797
0.17991380393505096
0.17054317891597748
0.08120876550674438
0.21635514497756958
0.1471213698387146
0.10246996581554413
0.20000460743904114
0.026421526446938515
0.1761181503534317
0.02560046687722206
0.14046849310398102
0.1378636658191681
0.27658453583717346
0.11957484483718872
0.17632754147052765
0.08901772648096085
0.1736690253019333
0.003403160721063614
0.15113189816474915
0.06862600147724152
0.2289392501115799
0.12381871789693832
0.20390160381793976
0.05923670530319214
0.1927347034215927
0.1102704405784607
0.11179733276367188
0.11353780329227448
0.07173048704862595
0.22397011518478394
0.16216188669204712
0.16509763896465302
0.11377076804637909
0.09901250153779984
0.13973763585090637
0.271870881319046
0.13551290333271027
0.10010576993227005
0.032310470938682556
0.12527471780776978
0.05408133193850517
0.10610213130712509
0.0986054316163063
0.05232563987374306
0.010516651906073093
0.04869755357503891
0.05010533332824707
0.21405929327011108
0.17078323662281036
0.18821074068546295
0.05156083405017853
0.2228359878063202
0.1988462507724762
0.21036294102668762
0.06401358544826508
0.1379217654466629
0.066826231777668
0.10470166057348251
0.14892761409282684
0.2670464813709259
0.1130158007144928
0.27854594588279724
0.13020800054073334
0.1281840205192566
0.15885992348194122
0.08501744270324707
0.13230760395526886
0.10799124091863632
0.09339895844459534
0.17818835377693176
0.05469698831439018
0.05043021962046623
0.09067260473966599
0.15881097316741943
0.06019778177142143
0.19000689685344696
0.11129145324230194
0.14197862148284912
0.17413128912448883
0.21639731526374817
0.11550647765398026
0.2596712112426758
0.12329022586345673
0.10212856531143188
0.05494377762079239
0.20167097449302673
0.17515318095684052
0.12163610011339188
0.1612752079963684
0.14298544824123383
0.18139678239822388
0.10260248184204102
0.12077542394399643
0.1291535645723343
0.17345242202281952
0.1208353117108345
0.018820101395249367
0.06562191247940063
0.1105726882815361
0.2531531751155853
0.13855795562267303
0.08918967843055725
0.1968419998884201
0.15110473334789276
0.07226935029029846
0.3045516312122345
0.18525439500808716
0.09285539388656616
0.02258126065135002
0.1398499310016632
0.09677978605031967
0.11229019612073898
0.12531758844852448
0.15979774296283722
0.1726774275302887
0.07941240072250366
0.018041351810097694
0.028192251920700073
0.042943648993968964
0.04941365495324135
0.19835443794727325
0.11643549054861069
0.19903965294361115
0.18453198671340942
0.13548347353935242
0.010356771759688854
0.04593399539589882
0.16059933602809906
0.11047008633613586
0.10462457686662674
0.18137483298778534
0.12674641609191895
0.1303572803735733
0.12064986675977707
0.10664857923984528
0.1621425747871399
0.12739887833595276
0.09587769955396652
0.12577302753925323
0.21384674310684204
0.38980740308761597
0.042844124138355255
0.15497593581676483
0.030972402542829514
0.051256388425827026
0.2290208786725998
0.13914287090301514
0.09792977571487427
0.12470642477273941
0.047201212495565414
0.18983761966228485
0.22802554070949554
0.12441527843475342
0.30244216322898865
0.04577741026878357
0.106981061398983
0.13113974034786224
0.11045452952384949
0.1411939114332199
0.13402605056762695
0.14060428738594055
0.20988605916500092
0.13666456937789917
0.2333725243806839
0.08709810674190521
0.28407636284828186
0.09406567364931107
0.058169782161712646
0.10720882564783096
0.16713771224021912
0.07489492744207382
0.08104435354471207
0.048193540424108505
0.135877326130867
0.03379000723361969
0.12748391926288605
0.0960967168211937
0.1626666784286499
0.08445686101913452
0.0720026046037674
0.05602860823273659
0.22248758375644684
0.202985018491745
0.050705280154943466
0.09646086394786835
0.2823622524738312
0.18932285904884338
0.16687090694904327
0.06086397171020508
0.19513191282749176
0.07837499678134918
0.48901450634002686
0.17880697548389435
0.14217796921730042
0.18900573253631592
0.2596152722835541
0.15052387118339539
0.03661518171429634
0.06633610278367996
0.19757358729839325
0.05216195061802864
0.06748107075691223
0.14632545411586761
0.1460457146167755
0.06793811917304993
0.06945742666721344
0.2276918739080429
0.12398584932088852
0.08104105293750763
0.2659309506416321
0.5427889823913574
0.10187731683254242
0.13929273188114166
0.1536623239517212
0.11695533990859985
0.145689457654953
0.16498196125030518
0.11361841857433319
0.06430739164352417
0.1167491003870964
0.07639577239751816
0.1592608392238617
0.13159175217151642
0.15564705431461334
0.0939505472779274
0.17340323328971863
0.14114777743816376
0.1338077336549759
0.23417864739894867
0.23472897708415985
0.07788730412721634
0.19085854291915894
0.13178867101669312
0.1633475124835968
0.08272488415241241
0.005605809390544891
0.2882995903491974
0.2872242331504822
0.09154197573661804
0.0607905313372612
0.1082172691822052
0.11678123474121094
0.18484769761562347
0.14147333800792694
0.1589590460062027
0.17427287995815277
0.1320369839668274
0.10411041229963303
0.11032643169164658
0.2714753746986389
0.1461191028356552
0.4080238938331604
0.2480224370956421
0.13392995297908783
0.09975883364677429
0.15863816440105438
0.13191187381744385
0.179813414812088
0.27800947427749634
0.08141341805458069
0.14390544593334198
0.06248269975185394
0.08035646378993988
0.11082357168197632
0.13573499023914337
0.11269649118185043
0.1641002893447876
0.01208414975553751
0.1147180050611496
0.13099394738674164
0.1840609759092331
0.20401614904403687
0.09568075835704803
0.03920373693108559
0.1691378802061081
0.020188892260193825
0.07610046863555908
0.16955605149269104
0.17655856907367706
0.1807611584663391
0.14698348939418793
0.06671439111232758
0.13805793225765228
0.14077576994895935
0.11498625576496124
0.20266865193843842
0.12199155986309052
0.011198889464139938
0.4431604743003845
0.1279219388961792
0.1161159947514534
0.08190666884183884
0.11557897925376892
0.16974791884422302
0.06839049607515335
0.11097530275583267
0.15208874642848969
0.25635451078414917
0.19474460184574127
0.1422397494316101
0.05943513289093971
0.3977939784526825
0.10958930850028992
0.07797916233539581
0.14895913004875183
0.09839838743209839
0.1455499529838562
0.07437128573656082
0.1089342013001442
0.19940216839313507
0.10432802140712738
0.11544004827737808
0.004569173324853182
0.04242512583732605
0.08200368285179138
0.2133503258228302
0.05542954429984093
0.11182349920272827
0.09941442310810089
0.08676759153604507
0.04029715061187744
0.21908050775527954
0.43530622124671936
0.05626688897609711
0.1694667488336563
0.1462138146162033
0.26623380184173584
0.17598721385002136
0.107604019343853
0.16200950741767883
0.07956743240356445
0.06544848531484604
0.054299287497997284
0.24702662229537964
0.18894743919372559
0.22441096603870392
0.13625547289848328
0.1943756341934204
0.03160359337925911
0.17040567100048065
0.1596011072397232
0.18842142820358276
0.03114432282745838
0.04750261455774307
0.06326233595609665
0.1417914777994156
0.05587153881788254
0.03913344442844391
0.12133130431175232
0.03771357610821724
0.10531921684741974
0.05434296280145645
0.23546896874904633
0.15254712104797363
0.10067052394151688
0.33755889534950256
0.11258110404014587
0.16686828434467316
0.15145201981067657
0.09704432636499405
0.1185266301035881
0.12185140699148178
0.2124072164297104
0.2720482051372528
0.09089294821023941
0.17861852049827576
0.04800610989332199
0.10033313184976578
0.004735974594950676
0.0043270583264529705
0.11846379190683365
0.06561791896820068
0.19777871668338776
0.0029132443014532328
0.1735503375530243
0.08540444076061249
0.05322756990790367
0.1264813244342804
0.2538277506828308
0.16780629754066467
0.217841237783432
0.101709745824337
0.09236396849155426
0.042629580944776535
0.06853369623422623
0.08143164962530136
0.12043622881174088
0.07194803655147552
0.12566807866096497
0.05124398320913315
0.11126482486724854
0.10860303789377213
0.2244579792022705
0.3890160620212555
0.06278400123119354
0.10884298384189606
0.12031668424606323
0.07188541442155838
0.07343677431344986
0.17523342370986938
0.0748153105378151
0.04404759407043457
0.31530895829200745
0.280129611492157
0.08670496195554733
0.11708582192659378
0.34500065445899963
0.16273947060108185
0.09020289778709412
0.03671446815133095
0.1939365118741989
0.13346152007579803
0.1538321077823639
0.17635375261306763
0.09218216687440872
0.25273996591567993
0.23687590658664703
0.08477718383073807
0.1311306208372116
0.13925154507160187
0.08802813291549683
0.1369577944278717
0.15763737261295319
0.04166744649410248
0.1409580409526825
0.11648090928792953
0.15917463600635529
0.07144597172737122
0.08302363008260727
0.13292595744132996
0.07148512452840805
0.16544082760810852
0.050640009343624115
0.1837860345840454
0.26680946350097656
0.20338132977485657
0.11802145838737488
0.09541640430688858
0.03861602395772934
0.054980698972940445
0.1339799016714096
0.20471325516700745
0.08122045546770096
0.07640817016363144
0.10499989986419678
0.10909397155046463
0.11497011035680771
0.1311943382024765
0.1886148899793625
0.05057886987924576
0.03214360028505325
0.09241977334022522
0.13195674121379852
0.08177867531776428
0.1771671622991562
0.26477017998695374
0.2344529926776886
0.0845898911356926
0.15178388357162476
0.10127942264080048
0.11628136038780212
0.11343257874250412
0.13385319709777832
0.03165169805288315
0.10707485675811768
0.1180231124162674
0.17100991308689117
0.08411461859941483
0.031708188354969025
0.1426941305398941
0.12916383147239685
0.005570454988628626
0.16712474822998047
0.12103185057640076
0.22218234837055206
0.07715389877557755
0.1858348846435547
0.23264463245868683
0.14324235916137695
0.056585803627967834
0.2656813859939575
0.20202122628688812
0.17158091068267822
0.21050141751766205
0.07641405612230301
0.14408014714717865
0.11533688753843307
0.2556525468826294
0.10114522278308868
0.1461428701877594
0.13379879295825958
0.06949615478515625
0.12316948920488358
0.09885705262422562
0.14345218241214752
0.09384846687316895
0.10757115483283997
0.0720459446310997
0.24221378564834595
0.07687369734048843
0.2612456977367401
0.0034983521327376366
0.0929783508181572
0.17972369492053986
0.12466583400964737
0.19618697464466095
0.14089836180210114
0.145184725522995
0.18522901833057404
0.09708874672651291
0.18249747157096863
0.1672956496477127
0.11834067106246948
0.06365285813808441
0.13118340075016022
0.14154183864593506
0.11086251586675644
0.21500539779663086
0.14550310373306274
0.0325140543282032
0.1452636867761612
0.063753142952919
0.08608844131231308
0.16400419175624847
0.1776905655860901
0.11197692900896072
0.09055062383413315
0.17878639698028564
0.1001109704375267
0.04845511168241501
0.10034772008657455
0.135780930519104
0.0828259065747261
0.05355513468384743
0.07076659798622131
0.07759065926074982
0.05070814862847328
0.3029632866382599
0.08241017907857895
0.07462034374475479
0.0738293007016182
0.13995252549648285
0.13039784133434296
0.016824839636683464
0.22086025774478912
0.16831989586353302
0.00508325919508934
0.14082129299640656
0.14746639132499695
0.3851522207260132
0.21545898914337158
0.17479842901229858
0.07721492648124695
0.09946537762880325
0.45607200264930725
0.13915510475635529
0.11228188127279282
0.15277767181396484
0.08355795592069626
0.12787073850631714
0.07632432878017426
0.10760780423879623
0.08454447239637375
0.08670434355735779
0.15904726088047028
0.12165720760822296
0.15437553822994232
0.14310672879219055
0.00192014139611274
0.15206123888492584
0.0392526313662529
0.039785318076610565
0.21114535629749298
0.12482933700084686
0.1195276528596878
0.12397688627243042
0.1348613202571869
0.05122434347867966
0.23233434557914734
0.11022897064685822
0.08668728917837143
0.13521862030029297
0.12558768689632416
0.18641585111618042
0.15844987332820892
0.0016570548759773374
0.47025176882743835
0.05185059830546379
0.12345414608716965
0.24137845635414124
0.0020392099395394325
0.008522736839950085
0.15227386355400085
0.10708224028348923
0.36531099677085876
0.1634269803762436
0.11308929324150085
0.12593023478984833
0.0670367032289505
0.20500779151916504
0.11690441519021988
0.06975358724594116
0.11704514175653458
0.08547290414571762
0.1948709487915039
0.08341647684574127
0.18887051939964294
0.16841377317905426
0.15032435953617096
0.07518167793750763
0.11607865989208221
0.06318390369415283
0.12995317578315735
0.13389189541339874
0.4964972734451294
0.16323038935661316
0.0062487926334142685
0.0947158932685852
0.00663497019559145
0.10571756958961487
0.07823127508163452
0.12583449482917786
0.07700541615486145
0.10323675721883774
0.10384337604045868
0.10530993342399597
0.18507304787635803
0.12802773714065552
0.0653175562620163
0.03795578330755234
0.08539270609617233
0.2005404531955719
0.10612057149410248
0.26877108216285706
0.1660938262939453
0.1762293428182602
0.12323614209890366
0.17492926120758057
0.08752299845218658
0.15333698689937592
0.21622520685195923
0.17650564014911652
0.04754471406340599
0.08017486333847046
0.04678734019398689
0.0944686084985733
0.10657139122486115
0.32030972838401794
0.13680681586265564
0.3317107558250427
0.17614419758319855
0.05089122802019119
0.2722254693508148
0.23171907663345337
0.11721266806125641
0.27452707290649414
0.07042812556028366
0.043386828154325485
0.16095219552516937
0.0676460862159729
0.06518740206956863
0.17032919824123383
0.27730146050453186
0.12428276985883713
0.17911562323570251
0.05669941380620003
0.06571624428033829
0.3414333462715149
0.12774339318275452
0.0304708369076252
0.1465620994567871
0.08459196984767914
0.1277199685573578
0.06637943536043167
0.18615993857383728
0.16866831481456757
0.027707111090421677
0.04237883910536766
0.12277989834547043
0.24090427160263062
0.1829056441783905
0.15724784135818481
0.24383367598056793
0.12933629751205444
0.18779794871807098
0.1719992607831955
0.13240866363048553
0.14743441343307495
0.10223377496004105
0.12458658963441849
0.12133151292800903
0.10557354986667633
0.0042549604550004005
0.0730023980140686
0.1247374638915062
0.03680134937167168
0.0035618399269878864
0.12232110649347305
0.12056474387645721
0.16723008453845978
0.09624666720628738
0.20115724205970764
0.15370111167430878
0.21852219104766846
0.10115435719490051
0.06878910213708878
0.17401178181171417
0.13965745270252228
0.1447281688451767
0.0884556844830513
0.12630677223205566
0.06443307548761368
0.0889287143945694
0.13117246329784393
0.1666325181722641
0.12795521318912506
0.060265250504016876
0.06485495716333389
0.10645963996648788
0.043606311082839966
0.3545420467853546
0.08714592456817627
0.15997111797332764
0.22894549369812012
0.2727784216403961
0.04795709624886513
0.1525263488292694
0.14544013142585754
0.11812324821949005
0.06213235855102539
0.05044674500823021
0.2142583429813385
0.2341141253709793
0.15000806748867035
0.17175668478012085
0.05724872276186943
0.14036811888217926
0.10864631086587906
0.0884506106376648
0.1119496077299118
0.15872663259506226
0.05390756204724312
0.21617233753204346
0.08398757874965668
0.18183095753192902
0.27201980352401733
0.1269514411687851
0.22179806232452393
0.07858556509017944
0.2193756401538849
0.11298055946826935
0.10821156948804855
0.11384828388690948
0.14077943563461304
0.13467106223106384
0.06749949604272842
0.09029679000377655
0.052163563668727875
0.15700948238372803
0.36212506890296936
0.18190792202949524
0.020661702379584312
0.11402546614408493
0.09850015491247177
0.14601171016693115
0.07187698781490326
0.11791433393955231
0.09388646483421326
0.11191746592521667
0.07575000822544098
0.07552215456962585
0.08546128869056702
0.09525943547487259
0.1352117955684662
0.05393306165933609
0.10888698697090149
0.1208815649151802
0.3287673592567444
0.18377986550331116
0.13264378905296326
0.07960149645805359
0.059915412217378616
0.03713027760386467
0.10697104036808014
0.10741130262613297
0.08253028988838196
0.12763749063014984
0.05421116203069687
0.1577979177236557
0.1332579255104065
0.2206161469221115
0.06445527076721191
0.09573899209499359
0.2008766233921051
0.13137885928153992
0.05017029494047165
0.15082848072052002
0.11176370829343796
0.17162182927131653
0.14878322184085846
0.1017230674624443
0.12489157915115356
0.192664235830307
0.0841510072350502
0.11482957750558853
0.30651187896728516
0.07348637282848358
0.04506099596619606
0.08990680426359177
0.1708652228116989
0.09657210856676102
0.11981213092803955
0.08306397497653961
0.22791554033756256
0.11490824073553085
0.09553665667772293
0.06389220803976059
0.14934059977531433
0.051629748195409775
0.19121506810188293
0.06319861859083176
0.1112731546163559
0.09491787105798721
0.11912161856889725
0.07782141864299774
0.24160060286521912
0.13958020508289337
0.17265065014362335
0.2693865895271301
0.17086391150951385
0.21517007052898407
0.1427963823080063
0.08233954012393951
0.11942508816719055
0.11635581403970718
0.180894136428833
0.053055789321660995
0.12653440237045288
0.15717124938964844
0.28878799080848694
0.09004891663789749
0.21402563154697418
0.08998069912195206
0.034847743809223175
0.11968312412500381
0.04804397001862526
0.09655587375164032
0.06571456044912338
0.08129124343395233
0.09380657225847244
0.23980166018009186
0.23853589594364166
0.0608561709523201
0.3402451276779175
0.050193484872579575
0.1392682045698166
0.09427662938833237
0.045900437980890274
0.33075594902038574
0.21702104806900024
0.1344652771949768
0.15160514414310455
0.07487700879573822
0.17903412878513336
0.12320263683795929
0.03879924491047859
0.22864866256713867
0.30351170897483826
0.12419579178094864
0.09777917712926865
0.12136758863925934
0.11632268875837326
0.1723470836877823
0.09873999655246735
0.07514683902263641
0.26528260111808777
0.0911588966846466
0.07121125608682632
0.17763736844062805
0.09556315839290619
0.26895856857299805
0.05153099447488785
0.07916104048490524
0.010115733370184898
0.09790705144405365
0.2655279338359833
0.1297609508037567
0.04226105660200119
0.21481718122959137
0.09193285554647446
0.21380403637886047
0.2375001460313797
0.016457848250865936
0.19091925024986267
0.059266600757837296
0.38298872113227844
0.24147489666938782
0.24067682027816772
0.06006684526801109
0.13520947098731995
0.1224529817700386
0.16397228837013245
0.1537364274263382
0.21708399057388306
0.14880137145519257
0.3599170744419098
0.1834777295589447
0.16434195637702942
0.2240225374698639
0.019456423819065094
0.14262621104717255
0.010903471149504185
0.09218917787075043
0.07498476654291153
0.06238963082432747
0.06378217041492462
0.24009805917739868
0.04987354576587677
0.0811748057603836
0.12938696146011353
0.15776394307613373
0.03326696157455444
0.2841980457305908
0.11056496202945709
0.12620826065540314
0.3064321279525757
0.08785232901573181
0.18518377840518951
0.12767650187015533
0.10831687599420547
0.15580375492572784
0.04384413734078407
0.06459939479827881
0.23486243188381195
0.17615240812301636
0.0719679594039917
0.0405501089990139
0.08179470896720886
0.17590686678886414
0.11435401439666748
0.11855249851942062
0.1721465140581131
0.11378004401922226
0.09353405237197876
0.1669192612171173
0.08697730302810669
0.15352065861225128
0.34294992685317993
0.15139015018939972
0.09945667535066605
0.08360151946544647
0.10797636955976486
0.11678548157215118
0.049425046890974045
0.19337418675422668
0.15186330676078796
0.08865895867347717
0.05702140927314758
0.05873744189739227
0.16097769141197205
0.08968067914247513
0.03087184578180313
0.15449413657188416
0.1640680879354477
0.1501397341489792
0.13431116938591003
0.07770423591136932
0.08426032960414886
0.32339030504226685
0.1368953138589859
0.10740797221660614
0.06175621971487999
0.1993698626756668
0.12531626224517822
0.07332821935415268
0.10843769460916519
0.02630445547401905
0.17068885266780853
0.2149181365966797
0.07129873335361481
0.16878516972064972
0.13878650963306427
0.04497840255498886
0.10597558319568634
0.12386419624090195
0.05866101756691933
0.0499483160674572
0.08300097286701202
0.31564566493034363
0.07678856700658798
0.18763333559036255
0.09834469854831696
0.10371585190296173
0.1330249160528183
0.10782121121883392
0.1060536578297615
0.03985367342829704
0.05016184598207474
0.08678373694419861
0.1178395077586174
0.14293886721134186
0.1516055315732956
0.142954483628273
0.11289163678884506
0.07757400721311569
0.13455168902873993
0.1630329191684723
0.0600670725107193
0.16013945639133453
0.05110371857881546
0.04622650519013405
0.07591374963521957
0.09375467896461487
0.1643695831298828
0.05535054951906204
0.16375568509101868
0.0460137203335762
0.13225401937961578
0.10335773229598999
0.1198301687836647
0.06049970164895058
0.13639751076698303
0.07216126471757889
0.3233465552330017
0.07633187621831894
0.11381886899471283
0.08354790508747101
0.10831110924482346
0.09743037819862366
0.19064365327358246
0.24545982480049133
0.05980684608221054
0.10759605467319489
0.04167763143777847
0.047223467379808426
0.17456640303134918
0.14871826767921448
0.13763247430324554
0.16235461831092834
0.19634079933166504
0.14832596480846405
0.05474867671728134
0.1171504333615303
0.14072056114673615
0.09981374442577362
0.12194442003965378
0.20633089542388916
0.058785878121852875
0.15902799367904663
0.12910330295562744
0.09741239249706268
0.24887579679489136
0.14830036461353302
0.09831192344427109
0.13357146084308624
0.09509292989969254
0.16986091434955597
0.04275090619921684
0.1553165316581726
0.2793739140033722
0.0766342356801033
0.1304921954870224
0.1112092137336731
0.19497095048427582
0.15170685946941376
0.09675285220146179
0.0877596065402031
0.046473871916532516
0.1556035429239273
0.1043369397521019
0.09327598661184311
0.006147794425487518
0.05531139299273491
0.09522178769111633
0.26774269342422485
0.35500577092170715
0.3663196563720703
0.034497085958719254
0.05825353041291237
0.12403400242328644
0.03461592271924019
0.03670860081911087
0.11505869776010513
0.16694290935993195
0.08120505511760712
0.07940096408128738
0.15406343340873718
0.07791419327259064
0.06917647272348404
0.061014506965875626
0.07487118244171143
0.09240064769983292
0.045445095747709274
0.08648592978715897
0.1901458501815796
0.01193967554718256
0.1489953100681305
0.2008165568113327
0.14477233588695526
0.03262748196721077
0.02391922101378441
0.11769768595695496
0.128866508603096
0.0594506599009037
0.2528952658176422
0.3138369917869568
0.11631669104099274
0.05533421039581299
0.08971242606639862
0.0780840516090393
0.24967874586582184
0.06946893781423569
0.12275703996419907
0.07708054035902023
0.06932882964611053
0.19983896613121033
0.07720332592725754
0.12927041947841644
0.11045251786708832
0.13980711996555328
0.14448194205760956
0.24803724884986877
0.054550740867853165
0.0997927337884903
0.10040675103664398
0.007738084532320499
0.04730914160609245
0.012626112438738346
0.11174722760915756
0.09988557547330856
0.07676395773887634
0.25612810254096985
0.15896393358707428
0.22935089468955994
0.09230329841375351
0.031330741941928864
0.2229018211364746
0.14539197087287903
0.04863622039556503
0.06516779959201813
0.3081314265727997
0.23776832222938538
0.10171200335025787
0.1711692214012146
0.17551714181900024
0.12768182158470154
0.1899738609790802
0.21212366223335266
0.22665339708328247
0.11074453592300415
0.18426983058452606
0.18492916226387024
0.16716009378433228
0.18765763938426971
0.025320934131741524
0.14731380343437195
0.08447401225566864
0.07147593796253204
0.23063990473747253
0.18315410614013672
0.17417436838150024
0.14854666590690613
0.09161488711833954
0.13395912945270538
0.04883376881480217
0.16366173326969147
0.0025841067545115948
0.010307523421943188
0.03510863333940506
0.0037753614597022533
0.22014345228672028
0.17791104316711426
0.13723112642765045
0.08924456685781479
0.19836567342281342
0.11235195398330688
0.06017201766371727
0.06862494349479675
0.22239916026592255
0.21571573615074158
0.1027345359325409
0.09207245707511902
0.05231675133109093
0.10638416558504105
0.1125945970416069
0.15893378853797913
0.2144971787929535
0.09656976908445358
0.23668430745601654
0.13243818283081055
0.10481731593608856
0.17653705179691315
0.004726003389805555
0.06623297929763794
0.07548506557941437
0.2984103858470917
0.12613046169281006
0.06480421125888824
0.06450976431369781
0.14969760179519653
0.10676521807909012
0.04472441226243973
0.07126966863870621
0.3009023666381836
0.05335645005106926
0.11108468472957611
0.048718392848968506
0.12209554016590118
0.19699637591838837
0.040937792509794235
0.04351741075515747
0.17832240462303162
0.1865358054637909
0.09857987612485886
0.08553434163331985
0.20158377289772034
0.07086102664470673
0.10283281654119492
0.09205428510904312
0.08526365458965302
0.10375946015119553
0.2595372796058655
0.02116503193974495
0.1957709640264511
0.10288013517856598
0.09767062962055206
0.12792609632015228
0.25184744596481323
0.1250365823507309
0.06668733060359955
0.11073068529367447
0.16627560555934906
0.08721555769443512
0.06199561059474945
0.13035644590854645
0.05241711810231209
0.0445670522749424
0.10135284066200256
0.16060304641723633
0.16104379296302795
0.011730684898793697
0.021587230265140533
0.14664268493652344
0.3023378551006317
0.029194027185440063
0.20306138694286346
0.1286955326795578
0.28739991784095764
0.1262187659740448
0.006004088558256626
0.029866617172956467
0.14326411485671997
0.21719296276569366
0.14078813791275024
0.16945183277130127
0.17283178865909576
0.28489139676094055
0.2534981071949005
0.09942042827606201
0.2039150595664978
0.16069002449512482
0.2141239196062088
0.08551741391420364
0.16818076372146606
0.13519486784934998
0.022504335269331932
0.01648206263780594
0.2351018488407135
0.48359620571136475
0.21504241228103638
0.20449279248714447
0.11315052211284637
0.1074376031756401
0.13974294066429138
0.18398426473140717
0.04053332284092903
0.16700991988182068
0.10016822814941406
0.08630094677209854
0.07559090852737427
0.19544368982315063
0.12534372508525848
0.12419285625219345
0.07306493073701859
0.15314628183841705
0.06892448663711548
0.1447276920080185
0.08578204363584518
0.07367656379938126
0.2594023644924164
0.17140091955661774
0.25061142444610596
0.012595567852258682
0.1505800038576126
0.08142677694559097
0.2354416847229004
0.08971664309501648
0.10041466355323792
0.033782318234443665
0.09941378235816956
0.301367849111557
0.10452278703451157
0.1569226086139679
0.05692654475569725
0.14658738672733307
0.1664806604385376
0.16013167798519135
0.047190915793180466
0.06959488242864609
0.13266272842884064
0.08814908564090729
0.09039143472909927
0.12339183688163757
0.13178743422031403
0.12269773334264755
0.0019232156919315457
0.11818017065525055
0.10121393948793411
0.057921674102544785
0.12789620459079742
0.1660608947277069
0.18294240534305573
0.07101476937532425
0.1379723846912384
0.2039167881011963
0.10278405994176865
0.10830047726631165
0.19986200332641602
0.109550841152668
0.13875415921211243
0.14796292781829834
0.03940700739622116
0.09905640035867691
0.15503372251987457
0.1436212807893753
0.16081465780735016
0.19738546013832092
0.10219357907772064
0.10461066663265228
0.13783815503120422
0.0652773529291153
0.08856185525655746
0.08837361633777618
0.1028030589222908
0.08595269918441772
0.11360771954059601
0.049336180090904236
0.08102688938379288
0.31421959400177
0.11252105981111526
0.22391289472579956
0.13808736205101013
0.07807105779647827
0.10963308811187744
0.040504198521375656
0.3243294060230255
0.12517733871936798
0.12094786018133163
0.16150020062923431
0.0992429181933403
0.0687708631157875
0.035869285464286804
0.1893693506717682
0.1765306442975998
0.1574009209871292
0.07674872875213623
0.14557461440563202
0.20449626445770264
0.058539099991321564
0.06949187815189362
0.3011268973350525
0.13492700457572937
0.13191503286361694
0.0670444667339325
0.12004361301660538
0.0979616567492485
0.09373008459806442
0.2864421308040619
0.08579272031784058
0.09995602071285248
0.1485525369644165
0.09117788821458817
0.09099831432104111
0.20248542726039886
0.0222612377256155
0.14930252730846405
0.0774242952466011
0.16490697860717773
0.29154181480407715
0.12579885125160217
0.11085770279169083
0.1263091266155243
0.14561286568641663
0.08628334850072861
0.14101457595825195
0.05144365131855011
0.10443218052387238
0.1313810646533966
0.0946606993675232
0.24268797039985657
0.2204681783914566
0.13072630763053894
0.06437426805496216
0.13760271668434143
0.10438257455825806
0.1517387330532074
0.1149207279086113
0.2268771231174469
0.030206939205527306
0.08201786130666733
0.04785514622926712
0.1342076063156128
0.1724790632724762
0.33788132667541504
0.06589054316282272
0.29064473509788513
0.05399629846215248
0.1547170877456665
0.1104067713022232
0.17024096846580505
0.21377281844615936
0.12334698438644409
0.12069308012723923
0.13056614995002747
0.24938566982746124
0.11018864065408707
0.07380467653274536
0.14250768721103668
0.18265780806541443
0.0645715594291687
0.025796636939048767
0.17708227038383484
0.1146346926689148
0.019384155049920082
0.08780372142791748
0.07876051962375641
0.12312816083431244
0.2901986539363861
0.12197063863277435
0.3358341455459595
0.08240918070077896
0.07989288121461868
0.10622846335172653
0.037440378218889236
0.16050374507904053
0.10590608417987823
0.09687536954879761
0.09861592203378677
0.23122422397136688
0.19862017035484314
0.18372589349746704
0.14012230932712555
0.1764126867055893
0.1278480887413025
0.16965444386005402
0.08969517052173615
0.03734962269663811
0.11309482902288437
0.05885689705610275
0.018307100981473923
0.05446804687380791
0.13932719826698303
0.057845260947942734
0.10539034008979797
0.35554635524749756
0.07412339001893997
0.026334382593631744
0.08597150444984436
0.28537312150001526
0.12121853232383728
0.060246922075748444
0.1093740239739418
0.05300835892558098
0.12474126368761063
0.05590328201651573
0.05192868411540985
0.30223414301872253
0.16742441058158875
0.10865912586450577
0.07766300439834595
0.125687837600708
0.08036225289106369
0.10278269648551941
0.1334218829870224
0.12877723574638367
0.2440132200717926
0.13514311611652374
0.16514985263347626
0.16151438653469086
0.07960738241672516
0.07694776356220245
0.0303802490234375
0.17799675464630127
0.1217196062207222
0.148161843419075
0.08506595343351364
0.060455046594142914
0.1559288501739502
0.1389787197113037
0.06967954337596893
0.12313494831323624
0.059507548809051514
0.06983496993780136
0.11506951600313187
0.623072624206543
0.118926040828228
0.20829926431179047
0.101968914270401
0.08949583768844604
0.167916938662529
0.13061726093292236
0.17909912765026093
0.10418003052473068
0.1672106236219406
0.14378531277179718
0.14433765411376953
0.19276770949363708
0.09849971532821655
0.13748259842395782
0.05517709255218506
0.07136153429746628
0.07775380462408066
0.029101166874170303
0.06662504374980927
0.09897101670503616
0.08548945933580399
0.10092593729496002
0.11007748544216156
0.06955698877573013
0.20188626646995544
0.44641923904418945
0.08102891594171524
0.069371297955513
0.16132313013076782
0.08567067235708237
0.06864146143198013
0.0903567224740982
0.12570948898792267
0.09619694948196411
0.14495998620986938
0.1889037787914276
0.13762825727462769
0.004054763820022345
0.20599038898944855
0.19172748923301697
0.08467696607112885
0.1258116066455841
0.136066734790802
0.09175238013267517
0.07534068077802658
0.21394193172454834
0.09393592923879623
0.0035204626619815826
0.22352199256420135
0.09374265372753143
0.10222265869379044
0.12829557061195374
0.2042984813451767
0.15896077454090118
0.09890281409025192
0.17331989109516144
0.14566272497177124
0.18621551990509033
0.14519429206848145
0.08123821765184402
0.0024603931233286858
0.13483184576034546
0.09176582098007202
0.09931770712137222
0.11337200552225113
0.17357893288135529
0.0893019363284111
0.3327995836734772
0.17666545510292053
0.11383518576622009
0.11086621135473251
0.038474686443805695
0.14533057808876038
0.08016548305749893
0.25015124678611755
0.1554262936115265
0.2081916779279709
0.09760486334562302
0.05322195962071419
0.11266664415597916
0.12559223175048828
0.10602070391178131
0.15763536095619202
0.05651453137397766
0.08896545320749283
0.15258938074111938
0.20075401663780212
0.04561895132064819
0.13381896913051605
0.1588321030139923
0.09966553002595901
0.02671932429075241
0.22014661133289337
0.14184580743312836
0.13836120069026947
0.2400088757276535
0.059743572026491165
0.009862280450761318
0.13651274144649506
0.056549668312072754
0.2622809410095215
0.07815958559513092
0.21262741088867188
0.20100951194763184
0.05900430679321289
0.25689104199409485
0.06329754739999771
0.17286917567253113
0.22737842798233032
0.24359124898910522
0.13117220997810364
0.11850797384977341
0.1296638697385788
0.1374465525150299
0.1875871866941452
0.20093974471092224
0.1847539246082306
0.18078137934207916
0.08841846883296967
0.18828432261943817
0.024769064038991928
0.1269039809703827
0.2649804353713989
0.1346869319677353
0.14127303659915924
0.14106543362140656
0.13456471264362335
0.17424942553043365
0.14356718957424164
0.13357634842395782
0.13311932981014252
0.06865120679140091
0.10990311205387115
0.07066421210765839
0.2621600031852722
0.22436712682247162
0.15443174540996552
0.2283984273672104
0.3195473551750183
0.1703464686870575
0.11175373196601868
0.04018811509013176
0.1400488018989563
0.17268691956996918
0.06645709276199341
0.07936378568410873
0.247285395860672
0.11166990548372269
0.10579031705856323
0.07788913697004318
0.12096910923719406
0.39095669984817505
0.0406695157289505
0.3215739130973816
0.03363296017050743
0.11643994599580765
0.0752246230840683
0.14889198541641235
0.12972290813922882
0.059266671538352966
0.10421571880578995
0.10171984136104584
0.09020828455686569
0.005279624368995428
0.12004613131284714
0.3278828263282776
0.14813049137592316
0.04132187366485596
0.1397751122713089
0.12050262838602066
0.16938231885433197
0.09740374982357025
0.054204147309064865
0.1541953980922699
0.06049032509326935
0.08980190753936768
0.19556358456611633
0.08658106625080109
0.09814835339784622
0.2204112708568573
0.1712171882390976
0.07587853074073792
0.09023535251617432
0.05571819841861725
0.07487165182828903
0.15585090219974518
0.18520866334438324
0.11535245180130005
0.20784126222133636
0.11139648407697678
0.20200206339359283
0.07689440995454788
0.11876560002565384
0.2459690272808075
0.059347495436668396
0.13917188346385956
0.09081781655550003
0.07940364629030228
0.1675008237361908
0.05044698342680931
0.10381510108709335
0.08222687244415283
0.16483722627162933
0.04200761392712593
0.058213971555233
0.08033902943134308
0.1569375991821289
0.0733313262462616
0.08529508858919144
0.07001326233148575
0.11545637249946594
0.05593819171190262
0.21748769283294678
0.08835697919130325
0.15671223402023315
0.2739242911338806
0.1410432606935501
0.14803627133369446
0.05911289528012276
0.1972266435623169
0.19626784324645996
0.08578793704509735
0.2658710479736328
0.09273547679185867
0.07885697484016418
0.07713054865598679
0.20744037628173828
0.3477429449558258
0.18048055469989777
0.16947244107723236
0.022695941850543022
0.03272544965147972
0.2743951976299286
0.11072669923305511
0.34726324677467346
0.13540911674499512
0.12145751714706421
0.06583862006664276
0.06621971726417542
0.0953606516122818
0.09750775247812271
0.1577865481376648
0.07532025873661041
0.09060831367969513
0.10586613416671753
0.07473203539848328
0.13804391026496887
0.05576346814632416
0.04771833121776581
0.08573083579540253
0.09661996364593506
0.07435166090726852
0.10689514130353928
0.1626734435558319
0.11821084469556808
0.03168012201786041
0.03590559959411621
0.22407840192317963
0.10208714753389359
0.12073354423046112
0.09948580712080002
0.05678761005401611
0.10338012874126434
0.12405851483345032
0.16364029049873352
0.07641896605491638
0.10048391669988632
0.11254265904426575
0.06017286702990532
0.13575533032417297
0.06267327070236206
0.07859885692596436
0.1552918255329132
0.038793954998254776
0.045763369649648666
0.18940402567386627
0.11896213889122009
0.08658021688461304
0.06736984848976135
0.10042230784893036
0.03889324516057968
0.07444296032190323
0.11592815816402435
0.1261959969997406
0.118220254778862
0.2016141414642334
0.028109466657042503
0.213377445936203
0.18134555220603943
0.07790518552064896
0.09315212070941925
0.07597311586141586
0.11034387350082397
0.08464009314775467
0.19142469763755798
0.1924743801355362
0.13684649765491486
0.08814176917076111
0.047258056700229645
0.09222379326820374
0.14022523164749146
0.18184107542037964
0.08190831542015076
0.13304942846298218
0.3604191243648529
0.03632630780339241
0.09196826070547104
0.20331650972366333
0.05020079016685486
0.16120387613773346
0.05193523317575455
0.10103986412286758
0.1872352957725525
0.11690821498632431
0.16040168702602386
0.2267109751701355
0.17299698293209076
0.09970006346702576
0.19100184738636017
0.23547114431858063
0.1249447762966156
0.18373166024684906
0.1149059534072876
0.11749977618455887
0.136759951710701
0.09112249314785004
0.1920444816350937
0.04376092180609703
0.1568976193666458
0.063951775431633
0.050922758877277374
0.12155085802078247
0.22768869996070862
0.18059109151363373
0.09669632464647293
0.23383058607578278
0.26459240913391113
0.24392706155776978
0.07977220416069031
0.2552781105041504
0.09594560414552689
0.053659819066524506
0.13080447912216187
0.06822744756937027
0.11791127920150757
0.13462649285793304
0.08690797537565231
0.19699785113334656
0.03768566623330116
0.035936396569013596
0.1672251969575882
0.07318572700023651
0.09517329186201096
0.08574528992176056
0.05705372616648674
0.16836687922477722
0.0017472893232479692
0.07803679257631302
0.2999592125415802
0.13536874949932098
0.04634638875722885
0.24734482169151306
0.17554225027561188
0.17617623507976532
0.05769804120063782
0.09670209139585495
0.14721597731113434
0.19289256632328033
0.18986603617668152
0.07016897201538086
0.16782169044017792
0.06284473091363907
0.05310454219579697
0.27463847398757935
0.19107027351856232
0.2330816239118576
0.19218383729457855
0.07740040868520737
0.1669997125864029
0.06449265033006668
0.18236790597438812
0.1240423247218132
0.1361454278230667
0.11581495404243469
0.1553482860326767
0.14950034022331238
0.2400944083929062
0.20774756371974945
0.2783556580543518
0.18387238681316376
0.17423534393310547
0.036728113889694214
0.06882437318563461
0.05014309287071228
0.15024231374263763
0.1546323150396347
0.03874300420284271
0.1810835748910904
0.06580311059951782
0.054110947996377945
0.22287048399448395
0.1344510018825531
0.2108774483203888
0.1530413180589676
0.0834030881524086
0.1137932613492012
0.40994665026664734
0.21620959043502808
0.005969163961708546
0.06936044991016388
0.10428019613027573
0.16028013825416565
0.07569557428359985
0.17126905918121338
0.3082699477672577
0.16921834647655487
0.09452591836452484
0.20334690809249878
0.13909851014614105
0.1257714182138443
0.17451132833957672
0.1120881736278534
0.12330779433250427
0.19497092068195343
0.10960611701011658
0.06298577785491943
0.13238473236560822
0.05450304225087166
0.07253947108983994
0.09938197582960129
0.10964474827051163
0.07175930589437485
0.11289922147989273
0.012208661064505577
0.14390458166599274
0.12348883599042892
0.3801092207431793
0.08257447183132172
0.08022112399339676
0.13247725367546082
0.11817163228988647
0.02719961293041706
0.13153572380542755
0.08884454518556595
0.14502057433128357
0.12649710476398468
0.013814137317240238
0.18182909488677979
0.0810966044664383
0.058604076504707336
0.1040269061923027
0.05877147614955902
0.1359129101037979
0.11181990057229996
0.0320645347237587
0.051796235144138336
0.07939025014638901
0.08836223185062408
0.610862672328949
0.03416061773896217
0.06188182160258293
0.10171647369861603
0.12083812803030014
0.10201804339885712
0.137496680021286
0.01156993955373764
0.1075931042432785
0.022649355232715607
0.18569885194301605
0.10071463882923126
0.21478049457073212
0.15581783652305603
0.08111783862113953
0.05180113762617111
0.07147669047117233
0.179758220911026
0.19581939280033112
0.1705193817615509
0.09257645159959793
0.14525799453258514
0.16940753161907196
0.004356586840003729
0.20489616692066193
0.09090595692396164
0.08651424199342728
0.13756752014160156
0.09193582832813263
0.15702210366725922
0.06888678669929504
0.1184016764163971
0.1241995245218277
0.11970318108797073
0.12393195927143097
0.09735261648893356
0.09642667323350906
0.13253799080848694
0.13911055028438568
0.0015812469646334648
0.14523231983184814
0.17795085906982422
0.11307390034198761
0.04019884765148163
0.15594099462032318
0.06720416992902756
0.24042384326457977
0.1573013961315155
0.08275239169597626
0.10071399062871933
0.09658525139093399
0.09437025338411331
0.1754153072834015
0.24263526499271393
0.18922165036201477
0.09833399951457977
0.09851590543985367
0.27093636989593506
0.07284241914749146
0.10754450410604477
0.213481605052948
0.21161425113677979
0.07029496133327484
0.022185392677783966
0.09230772405862808
0.11548372358083725
0.14014697074890137
0.16606324911117554
0.06585714221000671
0.052910421043634415
0.05460359901189804
0.0696866363286972
0.08172804117202759
0.02089811861515045
0.1565438061952591
0.040011074393987656
0.0716865286231041
0.07384214550256729
0.1179438978433609
0.1413431614637375
0.21080996096134186
0.09619779139757156
0.03745753690600395
0.18830576539039612
0.04387381300330162
0.06828287243843079
0.023676814511418343
0.09042870998382568
0.08048079907894135
0.03490166366100311
0.10985306650400162
0.11039722710847855
0.017943209037184715
0.16216148436069489
0.07781592756509781
0.1291539967060089
0.04190956428647041
0.15705204010009766
0.1578264832496643
0.11421667039394379
0.12422961741685867
0.0826687440276146
0.12028487026691437
0.05645393207669258
0.14501884579658508
0.020268622785806656
0.07203556597232819
0.15286581218242645
0.08643075823783875
0.10926628112792969
0.09070494025945663
0.1063050925731659
0.16643008589744568
0.17554277181625366
0.17921197414398193
0.10343348979949951
0.11443062871694565
0.15355715155601501
0.14262206852436066
0.057829637080430984
0.10888820886611938
0.09723573178052902
0.2084377557039261
0.03720787912607193
0.048983436077833176
0.03719997778534889
0.01429810095578432
0.14092780649662018
0.08273828774690628
0.05784161388874054
0.1369621455669403
0.07050737738609314
0.09796609729528427
0.12106144428253174
0.08273985236883163
0.09052646905183792
0.07834674417972565
0.1272091567516327
0.002538156695663929
0.03269246220588684
0.10490240901708603
0.0546606108546257
0.12199121713638306
0.0036987948697060347
0.029482178390026093
0.09269309043884277
0.1617240160703659
0.10883771628141403
0.07584083080291748
0.11919087916612625
0.09081103652715683
0.10551703721284866
0.04284943640232086
0.1378852277994156
0.13590259850025177
0.0774872750043869
0.036254629492759705
0.10798098891973495
0.03151797503232956
0.15750157833099365
0.14920848608016968
0.14541898667812347
0.03864912688732147
0.06708431243896484
0.19682109355926514
0.08516213297843933
0.04661749675869942
0.16050691902637482
0.14726503193378448
0.16921882331371307
0.07176503539085388
0.06885972619056702
0.050725191831588745
0.16115529835224152
0.005124417133629322
0.04455963522195816
0.2052888125181198
0.15896324813365936
0.05240340158343315
0.06441061198711395
0.003858474548906088
0.039078086614608765
0.057268768548965454
0.2734537124633789
0.08222600817680359
0.06512335687875748
0.1253613978624344
0.16072742640972137
0.1585380733013153
0.08978813141584396
0.05670556426048279
0.15713980793952942
0.22524036467075348
0.08799527585506439
0.2671407461166382
0.2598274350166321
0.25429970026016235
0.11626896262168884
0.18648479878902435
0.11419101804494858
0.0921599343419075
0.21137890219688416
0.26742613315582275
0.10989470034837723
0.08616040647029877
0.016648536548018456
0.019198117777705193
0.10072781145572662
0.1648261398077011
0.0475180521607399
0.10012175142765045
0.02941148169338703
0.07289594411849976
0.07469899952411652
0.05649099498987198
0.13680994510650635
0.0918772965669632
0.13185548782348633
0.13110478222370148
0.14456218481063843
0.06964170187711716
0.10489064455032349
0.07326221466064453
0.10038653761148453
0.06448212265968323
0.14221899211406708
0.1301032155752182
0.11210376024246216
0.07499867677688599
0.10266805440187454
0.19361768662929535
0.14312103390693665
0.07519924640655518
0.07816572487354279
0.11060310155153275
0.08838639408349991
0.1439143717288971
0.03155755251646042
0.0291570033878088
0.0716538280248642
0.10774832963943481
0.08431710302829742
0.11398371309041977
0.026166191324591637
0.14403721690177917
0.1580943614244461
0.054337311536073685
0.12058217078447342
0.1143416240811348
0.20452404022216797
0.13967162370681763
0.12924836575984955
0.08387179672718048
0.08691181242465973
0.0013737843837589025
0.16236016154289246
0.14884863793849945
0.09300944209098816
0.11739297211170197
0.1400865614414215
0.05789196491241455
0.0032101210672408342
0.24523545801639557
0.05863943323493004
0.13877511024475098
0.16674849390983582
0.0879865363240242
0.27047187089920044
0.15157847106456757
0.178986057639122
0.4835551977157593
0.07702919095754623
0.10384421050548553
0.08186592906713486
0.10624531656503677
0.1409546136856079
0.08806614577770233
0.14979267120361328
0.1326877921819687
0.11317209899425507
0.11216825246810913
0.140738382935524
0.1410069763660431
0.0896555557847023
0.11004292219877243
0.004925264976918697
0.1380080133676529
0.06437793374061584
0.07549826055765152
0.150702565908432
0.046551793813705444
0.03745049983263016
0.09623749554157257
0.1387125849723816
0.04962566867470741
0.14279183745384216
0.07212883979082108
0.15555056929588318
0.09980641305446625
0.057028766721487045
0.0036238697357475758
0.18539054691791534
0.08818662166595459
0.14299975335597992
0.3462284803390503
0.11193767189979553
0.05772178992629051
0.14130060374736786
0.04541042447090149
0.1552460789680481
0.15271779894828796
0.07585546374320984
0.10127720236778259
0.3664293587207794
0.266330748796463
0.04188336059451103
0.11768079549074173
0.17251738905906677
0.11011573672294617
0.12366250902414322
0.10250265896320343
0.11599394679069519
0.06611397117376328
0.09304804354906082
0.1471470594406128
0.12476355582475662
0.10991593450307846
0.18644730746746063
0.1835186928510666
0.01820947416126728
0.15488223731517792
0.010731179267168045
0.10528168082237244
0.09534957259893417
0.06688708066940308
0.12266568094491959
0.17756548523902893
0.10138221085071564
0.18379950523376465
0.0328010655939579
0.06135134771466255
0.07541777193546295
0.11317706853151321
0.13566820323467255
0.13122621178627014
0.17153015732765198
0.16346335411071777
0.05806780979037285
0.15489275753498077
0.26044079661369324
0.17453838884830475
0.11544768512248993
0.08523552864789963
0.20343780517578125
0.10181762278079987
0.1687198281288147
0.08676537871360779
0.22402477264404297
0.15370553731918335
0.033987369388341904
0.17214635014533997
0.08259952813386917
0.08370732516050339
0.2777795195579529
0.14095625281333923
0.06057501956820488
0.6481968760490417
0.11328238248825073
0.08847403526306152
0.14496082067489624
0.06087743490934372
0.27545350790023804
0.12604652345180511
0.05541015788912773
0.09803099185228348
0.15615804493427277
0.08377613872289658
0.19047501683235168
0.10142575204372406
0.13134081661701202
0.10031692683696747
0.1411173790693283
0.08833533525466919
0.24115677177906036
0.061079543083906174
0.12312439829111099
0.06650923937559128
0.14153054356575012
0.03192630410194397
0.0847405269742012
0.027238434180617332
0.11777599155902863
0.055740248411893845
0.02164679393172264
0.1010458841919899
0.1580667793750763
0.1505841612815857
0.16841721534729004
0.07736611366271973
0.10254427790641785
0.11062630265951157
0.20129476487636566
0.3323235809803009
0.17168334126472473
0.10885289311408997
0.14710311591625214
0.039787184447050095
0.07731935381889343
0.08173587173223495
0.1732426881790161
0.1347821056842804
0.16067808866500854
0.04105725139379501
0.151179239153862
0.15764611959457397
0.24813508987426758
0.12259331345558167
0.04115277901291847
0.14548318088054657
0.13886430859565735
0.21423250436782837
0.11203206330537796
0.09090405702590942
0.1384405940771103
0.10340818017721176
0.11355571448802948
0.12561282515525818
0.05146133899688721
0.01566823199391365
0.25133225321769714
0.09628941118717194
0.13852787017822266
0.3639509081840515
0.03191499039530754
0.13958679139614105
0.20773601531982422
0.06001630425453186
0.18401440978050232
0.1231614202260971
0.05407455563545227
0.06827401369810104
0.1425078958272934
0.1049136221408844
0.07449066638946533
0.08439803868532181
0.30766767263412476
0.03591747581958771
0.07021427899599075
0.10062901675701141
0.11715507507324219
0.17467378079891205
0.11451724171638489
0.15860487520694733
0.2205856442451477
0.04108494520187378
0.07481291890144348
0.18263649940490723
0.2790795564651489
0.09593995660543442
0.06988473236560822
0.11560249328613281
0.17563295364379883
0.08960427343845367
0.1268240362405777
0.09489864856004715
0.14468568563461304
0.058132342994213104
0.08044594526290894
0.11855454742908478
0.05709212273359299
0.08247114717960358
0.04579707607626915
0.3482430577278137
0.0949806421995163
0.0690508484840393
0.0884125605225563
0.07286963611841202
0.09465198218822479
0.15436753630638123
0.07998283207416534
0.07516200840473175
0.19390800595283508
0.1012960821390152
0.022638265043497086
0.13009138405323029
0.13439303636550903
0.07992900907993317
0.022112326696515083
0.04644620791077614
0.060701578855514526
0.16563403606414795
0.19978100061416626
0.1873573660850525
0.06347927451133728
0.15448102355003357
0.28734466433525085
0.27582719922065735
0.07705914229154587
0.04972204193472862
0.12442201375961304
0.14059746265411377
0.20114663243293762
0.0711783915758133
0.09560547769069672
0.04860026389360428
0.17245155572891235
0.1078057587146759
0.1377243846654892
0.019969917833805084
0.009779120795428753
0.14718741178512573
0.13354907929897308
0.08741194754838943
0.03882022574543953
0.24574889242649078
0.12301594018936157
0.11845654249191284
0.002220838563516736
0.09543068706989288
0.19465535879135132
0.15897881984710693
0.08590295165777206
0.1608046591281891
0.2571057081222534
0.1625559777021408
0.05116623640060425
0.17070981860160828
0.010808659717440605
0.13962450623512268
0.1303253471851349
0.07292395830154419
0.0662449523806572
0.2384853959083557
0.23242799937725067
0.10108868032693863
0.1291733682155609
0.023892108350992203
0.08489769697189331
0.04907488450407982
0.19397786259651184
0.15466849505901337
0.10012856125831604
0.0709831714630127
0.15379726886749268
0.04729534313082695
0.09214025735855103
0.09208314120769501
0.18668906390666962
0.13049787282943726
0.10684608668088913
0.07399943470954895
0.08436688035726547
0.1167527437210083
0.039047084748744965
0.07477866858243942
0.10945990681648254
0.050451457500457764
0.056651100516319275
0.07803848385810852
0.03761284425854683
0.08665964007377625
0.07622592151165009
0.22237388789653778
0.06485295295715332
0.09073323011398315
0.1588377207517624
0.09641200304031372
0.16053403913974762
0.15426301956176758
0.05021229386329651
0.10256734490394592
0.05575165897607803
0.06277558207511902
0.16664406657218933
0.19807873666286469
0.003979727625846863
0.0708361268043518
0.01546226255595684
0.5603781342506409
0.07125459611415863
0.12544913589954376
0.17450211942195892
0.10332521051168442
0.05826534330844879
0.049423035234212875
0.17337404191493988
0.008027387782931328
0.26538726687431335
0.054365403950214386
0.12357531487941742
0.08628437668085098
0.06289345026016235
0.0663342997431755
0.0791856124997139
0.11392214149236679
0.15366651117801666
0.10402755439281464
0.12100096046924591
0.10584209859371185
0.27082106471061707
0.26114147901535034
0.149308443069458
0.10815711319446564
0.11741715669631958
0.13668277859687805
0.04372751712799072
0.1165367066860199
0.04635715112090111
0.07021210342645645
0.036701750010252
0.11557268351316452
0.05530350282788277
0.13983841240406036
0.09281793981790543
0.0940871387720108
0.1811244785785675
0.10059181600809097
0.26048794388771057
0.17308329045772552
0.05581860989332199
0.08414368331432343
0.07289738208055496
0.1617150902748108
0.08713853359222412
0.05324069410562515
0.12023358047008514
0.20137330889701843
0.10853178054094315
0.06766345351934433
0.32899343967437744
0.07962236553430557
0.18058237433433533
0.09080994129180908
0.19844509661197662
0.06421752274036407
0.059456922113895416
0.1337786614894867
0.12789015471935272
0.11610617488622665
0.1745319366455078
0.08459021896123886
0.13938887417316437
0.10230758786201477
0.05126652494072914
0.08002126216888428
0.12234437465667725
0.06253854930400848
0.08912521600723267
0.12548546493053436
0.0907289907336235
0.05933847278356552
0.0856080949306488
0.05970717966556549
0.197977215051651
0.14010536670684814
0.1041155457496643
0.16551588475704193
0.40773844718933105
0.10316184163093567
0.1386685073375702
0.19833016395568848
0.03140786662697792
0.08319143205881119
0.19699899852275848
0.11687877029180527
0.14219637215137482
0.17878596484661102
0.13470834493637085
0.07896583527326584
0.11666661500930786
0.05852237716317177
0.24354197084903717
0.12587973475456238
0.11381946504116058
0.0963071659207344
0.23906469345092773
0.11441630125045776
0.09947457164525986
0.20598463714122772
0.1074489876627922
0.11827554553747177
0.10757461190223694
0.060201603919267654
0.10358427464962006
0.07095939666032791
0.21271997690200806
0.08978459984064102
0.12203778326511383
0.1542784720659256
0.15832780301570892
0.0904584750533104
0.02255101501941681
0.11385524272918701
0.07738087326288223
0.06681405007839203
0.0850922167301178
0.16127172112464905
0.0962473526597023
0.1498461365699768
0.13549698889255524
0.07000328600406647
0.03559292107820511
0.16654083132743835
0.05039873346686363
0.010413222014904022
0.18194766342639923
0.04672665894031525
0.15338103473186493
0.1062980517745018
0.12166906148195267
0.066561259329319
0.17563165724277496
0.056543055921792984
0.11999230831861496
0.06033610552549362
0.09049195051193237
0.1493716984987259
0.1904364675283432
0.1187196746468544
0.23243208229541779
0.0963163673877716
0.10354043543338776
0.13471157848834991
0.1773831844329834
0.16800010204315186
0.11986538767814636
0.041194893419742584
0.03599735349416733
0.11310220509767532
0.16067782044410706
0.198871910572052
0.1454271525144577
0.15099385380744934
0.01748441532254219
0.2142726629972458
0.12643638253211975
0.16073563694953918
0.05642276257276535
0.04371301829814911
0.14507411420345306
0.21714717149734497
0.2137448489665985
0.05312572047114372
0.19999462366104126
0.10423462092876434
0.11130460351705551
0.06299914419651031
0.13691774010658264
0.10303792357444763
0.028956469148397446
0.07456343621015549
0.18693630397319794
0.017687611281871796
0.2008102685213089
0.07332274317741394
0.06416434049606323
0.16022934019565582
0.06802896410226822
0.11713527888059616
0.05618900805711746
0.11684203147888184
0.027597928419709206
0.1783149689435959
0.002514344174414873
0.05268600210547447
0.14399319887161255
0.17776226997375488
0.5884385704994202
0.1791982501745224
0.18712443113327026
0.0904863104224205
0.11143241822719574
0.016768625006079674
0.023121600970625877
0.020278263837099075
0.11284007877111435
0.150762140750885
0.06367731094360352
0.11381901055574417
0.12271806597709656
0.1605953425168991
0.10510487109422684
0.11959400773048401
0.12704044580459595
0.06651300936937332
0.2742878794670105
0.1366209089756012
0.18762390315532684
0.024769572541117668
0.10910600423812866
0.06739237904548645
0.07611225545406342
0.09665094316005707
0.03586076945066452
0.2453812062740326
0.09821612387895584
0.17222829163074493
0.14187899231910706
0.1589745730161667
0.000560999265871942
0.18925051391124725
0.0991772934794426
0.05338076874613762
0.10252480208873749
0.15627340972423553
0.18851669132709503
0.29732537269592285
0.04196232184767723
0.03333476185798645
0.1450301855802536
0.0863281860947609
0.0445321761071682
0.08406994491815567
0.0952376201748848
0.05134998634457588
0.07362443208694458
0.1480158567428589
0.020739857107400894
0.10951630026102066
0.048117440193891525
0.11060413718223572
0.049170639365911484
0.08378974348306656
0.1177607923746109
0.1607358157634735
0.2022072970867157
0.08970965445041656
0.06786248832941055
0.015290506184101105
0.08051621168851852
0.11501767486333847
0.05771000310778618
0.061972517520189285
0.057816386222839355
0.07758583128452301
0.11486034840345383
0.021806197240948677
0.041565243154764175
0.03529722988605499
0.1311018317937851
0.02857903018593788
0.11411341279745102
0.1795695722103119
0.11099575459957123
0.25824928283691406
0.14970152080059052
0.10370556265115738
0.0781695544719696
0.08670932054519653
0.019661789759993553
0.228645458817482
0.1354079395532608
0.13882885873317719
0.04543735831975937
0.028933003544807434
0.05986390635371208
0.12096814811229706
0.11581418663263321
0.2322964072227478
0.11627083271741867
0.10756924003362656
0.26090767979621887
0.030353298410773277
0.1316927969455719
0.09747669845819473
0.03568438068032265
0.1001390889286995
0.05649140104651451
0.5574631690979004
0.09200993180274963
0.17213867604732513
0.03845442086458206
0.05386454612016678
0.15260164439678192
0.1903030127286911
0.3328343331813812
0.20854011178016663
0.11855027079582214
0.21423210203647614
0.06261717528104782
0.06839524209499359
0.11348732560873032
0.16808439791202545
0.1253252625465393
0.1171000525355339
0.12093602120876312
0.1366596817970276
0.130608469247818
0.11318240314722061
0.07024996727705002
0.1751888245344162
0.14574989676475525
0.15487785637378693
0.1764431893825531
0.11600865423679352
0.16765505075454712
0.05940433219075203
0.1487826108932495
0.11293137073516846
0.10740852355957031
0.15696445107460022
0.15678907930850983
0.16900081932544708
0.1524052917957306
0.0608159638941288
0.06331375986337662
0.13298211991786957
0.14307905733585358
0.04265763983130455
0.09130144864320755
0.10130716860294342
0.19283044338226318
0.15917493402957916
0.07044509798288345
0.1188105046749115
0.04509781673550606
0.02530089020729065
0.005919953342527151
0.05605984106659889
0.11802856624126434
0.17327459156513214
0.152044415473938
0.11134457588195801
0.15364982187747955
0.18396659195423126
0.07700859010219574
0.18925553560256958
0.09213483333587646
0.13269543647766113
0.1347968429327011
0.1931723803281784
0.10565244406461716
0.17952048778533936
0.1205667182803154
0.11219765245914459
0.10934442281723022
0.11236955970525742
0.14013640582561493
0.034650739282369614
0.031097814440727234
0.04537009820342064
0.09759838879108429
0.09072428941726685
0.07572537660598755
0.13660863041877747
0.05868534743785858
0.04464435204863548
0.08062978088855743
0.18955321609973907
0.09383071213960648
0.04385851323604584
0.07014356553554535
0.09360846132040024
0.06850416958332062
0.17897596955299377
0.0893438309431076
0.11250940710306168
0.07686756551265717
0.06058622524142265
0.18549661338329315
0.09654151648283005
0.113055020570755
0.07895790040493011
0.08537019044160843
0.06528826057910919
0.11158806830644608
0.18627384305000305
0.07854801416397095
0.09322888404130936
0.11655069887638092
0.12155523896217346
0.04476119205355644
0.09964045882225037
0.08104649186134338
0.09298411756753922
0.10756678879261017
0.0414545014500618
0.17491647601127625
0.02219383977353573
0.106090247631073
0.041924089193344116
0.12384894490242004
0.21133282780647278
0.07009642571210861
0.095062255859375
0.04639792442321777
0.03617735207080841
0.09664995223283768
0.1185230240225792
0.08411476016044617
0.10071276873350143
0.05815387889742851
0.06074908748269081
0.023996274918317795
0.09672728180885315
0.3141827881336212
0.06464087963104248
0.21771378815174103
0.09680748730897903
0.14995235204696655
0.06413985788822174
0.07552666962146759
0.12833578884601593
0.0054057007655501366
0.0911862775683403
0.04679221659898758
0.25923481583595276
0.11002369225025177
0.07806165516376495
0.11536402255296707
0.0062513696029782295
0.02763589844107628
0.04824411869049072
0.2238585203886032
0.09360657632350922
0.07234282046556473
0.13809753954410553
0.10014230757951736
0.09208446741104126
0.19416913390159607
0.052148666232824326
0.005442654713988304
0.12909910082817078
0.08333352953195572
0.005574262700974941
0.1278478354215622
0.12358403205871582
0.06721080094575882
0.3897588849067688
0.1482856720685959
0.0816931426525116
0.12880542874336243
0.11347159743309021
0.25092512369155884
0.08687123656272888
0.1872989982366562
0.09698314219713211
0.09005541354417801
0.16243873536586761
0.03901948034763336
0.1032368391752243
0.06199325993657112
0.041574928909540176
0.09589182585477829
0.05991590768098831
0.134565070271492
0.12360461801290512
0.09536030143499374
0.1298612654209137
0.14272810518741608
0.16793450713157654
0.15696093440055847
0.03244970738887787
0.015112104825675488
0.027994990348815918
0.1965889185667038
0.11256862431764603
0.05829210206866264
0.14097896218299866
0.1286582201719284
0.17720092833042145
0.18415820598602295
0.3162279725074768
0.0654127299785614
0.10397033393383026
0.1830330491065979
0.22888587415218353
0.1470816284418106
0.145704448223114
0.45126256346702576
0.2601762115955353
0.12647344172000885
0.007706239819526672
0.1416778266429901
0.24918203055858612
0.11781314015388489
0.025535114109516144
0.07179117947816849
0.11235930025577545
0.09190744161605835
0.13151291012763977
0.16094739735126495
0.04314803704619408
0.18208260834217072
0.09600391238927841
0.1988970935344696
0.09673211723566055
0.20042000710964203
0.14123207330703735
0.05208110436797142
0.13906005024909973
0.058736030012369156
0.04832449555397034
0.13317327201366425
0.05061602219939232
0.28157851099967957
0.05804932862520218
0.11049780994653702
0.12554289400577545
0.08065430819988251
0.10551956295967102
0.2795090973377228
0.1988976001739502
0.1824457049369812
0.4395211637020111
0.04484403505921364
0.1300491839647293
0.13707533478736877
0.01770615577697754
0.10834130644798279
0.15583787858486176
0.12672555446624756
0.1430487185716629
0.043682072311639786
0.08810894191265106
0.16573187708854675
0.18209140002727509
0.054617077112197876
0.0020270738750696182
0.1558143049478531
0.20992450416088104
0.12118863314390182
0.05651448667049408
0.1020396426320076
0.0923609510064125
0.10131543129682541
0.15652835369110107
0.10047870129346848
0.16378594934940338
0.12061266601085663
0.09288384020328522
0.11615930497646332
0.06584072858095169
0.0828259140253067
0.08743178099393845
0.2130633294582367
0.14112041890621185
0.08663956820964813
0.12632086873054504
0.09546297043561935
0.12990789115428925
0.15325190126895905
0.2406860738992691
0.16058741509914398
0.03938004747033119
0.043998777866363525
0.07642436027526855
0.13145866990089417
0.2096688598394394
0.1956835389137268
0.44521957635879517
0.09129679948091507
0.12437254190444946
0.16243642568588257
0.08378145098686218
0.009152581915259361
0.09016173332929611
0.10912024229764938
0.17380240559577942
0.16323786973953247
0.13284072279930115
0.259468138217926
0.1577332317829132
0.001728925621137023
0.060088686645030975
0.08619431406259537
0.047517191618680954
0.1795618236064911
0.14748935401439667
0.1550149917602539
0.06343605369329453
0.15038900077342987
0.146366149187088
0.26574763655662537
0.03513522818684578
0.18474453687667847
0.15440836548805237
0.16881972551345825
0.0610697939991951
0.09480643272399902
0.1573711782693863
0.28740501403808594
0.1304386556148529
0.0199534073472023
0.2299128919839859
0.19774852693080902
0.2181064784526825
0.13920627534389496
0.11293298006057739
0.23606644570827484
0.0517565943300724
0.12645792961120605
0.06970490515232086
0.08117202669382095
0.20560294389724731
0.1595335751771927
0.14600595831871033
0.08922550827264786
0.1580774039030075
0.09428533166646957
0.11510816961526871
0.10922294110059738
0.10185158252716064
0.14397385716438293
0.12339825928211212
0.17761294543743134
0.018410582095384598
0.05291936546564102
0.022278523072600365
0.3204544484615326
0.07937079668045044
0.07107848674058914
0.07874448597431183
0.1317150592803955
0.07124923914670944
0.11209150403738022
0.07061392068862915
0.05660216137766838
0.09058429300785065
0.06900656968355179
0.03480536863207817
0.20846974849700928
0.10184701532125473
0.15453852713108063
0.15952569246292114
0.07464604824781418
0.05700400099158287
0.14103055000305176
0.14324381947517395
0.1621723473072052
0.12955103814601898
0.034195076674222946
0.12372686713933945
0.007873112335801125
0.09061505645513535
0.04417011886835098
0.4057488739490509
0.04795590788125992
0.12956362962722778
0.12148314714431763
0.08507929742336273
0.09432031214237213
0.0029570695478469133
0.06117173284292221
0.16571301221847534
0.23376251757144928
0.1334630846977234
0.10095003247261047
0.08331269025802612
0.042224373668432236
0.13468854129314423
0.11798576265573502
0.10594785213470459
0.03335006535053253
0.048600487411022186
0.40415096282958984
0.058888521045446396
0.03794950246810913
0.04178269952535629
0.222822368144989
0.08165987581014633
0.1448870599269867
0.1640438437461853
0.12270057201385498
0.11361400783061981
0.05855805054306984
0.01158668752759695
0.08209353685379028
0.17795003950595856
0.13622581958770752
0.3487835228443146
0.10153556615114212
0.253138929605484
0.12174379080533981
0.15657880902290344
0.14230918884277344
0.10882751643657684
0.09701929241418839
0.06917206943035126
0.11840538680553436
0.09911096096038818
0.041814398020505905
0.12864454090595245
0.1172892153263092
0.07109805196523666
0.03677220642566681
0.052107322961091995
0.13619354367256165
0.19732169806957245
0.05840209871530533
0.13837401568889618
0.11765914410352707
0.15890178084373474
0.004323977045714855
0.12741829454898834
0.14204250276088715
0.10787012428045273
0.17298035323619843
0.16176488995552063
0.13935637474060059
0.12705792486667633
0.10325103253126144
0.10865636169910431
0.10768692940473557
0.16800792515277863
0.08720502257347107
0.0888899564743042
0.10171181708574295
0.08459670841693878
0.12050037831068039
0.07875183969736099
0.06599607318639755
0.120857834815979
0.07404594123363495
0.047185249626636505
0.06361206620931625
0.07916919142007828
0.008045780472457409
0.0721256360411644
0.0800146535038948
0.06727694720029831
0.10118058323860168
0.056012704968452454
0.11392434686422348
0.06761286407709122
0.07406725734472275
0.14344581961631775
0.06814590841531754
0.07202748209238052
0.11061086505651474
0.07016848027706146
0.1802464723587036
0.09961985051631927
0.12034378200769424
0.010145444422960281
0.12126544117927551
0.13865426182746887
0.09176957607269287
0.10204983502626419
0.06998798996210098
0.10656078904867172
0.16543614864349365
0.03575489670038223
0.12637631595134735
0.0828741267323494
0.22646552324295044
0.06315954029560089
0.17333143949508667
0.12351162731647491
0.1022845134139061
0.1657373458147049
0.07183409482240677
0.4854259192943573
0.0891931802034378
0.10279395431280136
0.08485350012779236
0.32087019085884094
0.34137722849845886
0.13838595151901245
0.07324853539466858
0.057410381734371185
0.0612003356218338
0.21759653091430664
0.21161557734012604
0.13017454743385315
0.09421283006668091
0.09372952580451965
0.11293282359838486
0.14191439747810364
0.17919321358203888
0.14387425780296326
0.1309271901845932
0.12189564108848572
0.11853606253862381
0.09566213190555573
0.07368133962154388
0.15359628200531006
0.14859452843666077
0.11776769906282425
0.10270953923463821
0.17859327793121338
0.12305884808301926
0.13366107642650604
0.11718186736106873
0.04692228510975838
0.008322654291987419
0.12329764664173126
0.09550150483846664
0.08108722418546677
0.03374744579195976
0.1161496564745903
0.04397016391158104
0.12344539165496826
0.10687603056430817
0.11573335528373718
0.045516639947891235
0.14705036580562592
0.08028552681207657
0.2244705855846405
0.19439472258090973
0.30610349774360657
0.11474147439002991
0.15018810331821442
0.04708545282483101
0.06131865456700325
0.09860465675592422
0.09554588049650192
0.10724195092916489
0.0604797825217247
0.1546059250831604
0.08742602914571762
0.02879488654434681
0.14447906613349915
0.11560534685850143
0.050116926431655884
0.0728154256939888
0.15119245648384094
0.12634103000164032
0.13433106243610382
0.02991744689643383
0.10083562880754471
0.0026645148172974586
0.15403924882411957
0.10445135086774826
0.14545592665672302
0.02968522720038891
0.08428732305765152
0.08441624045372009
0.13794384896755219
0.11287622153759003
0.07364168763160706
0.13180559873580933
0.19221846759319305
0.14556851983070374
0.10136652737855911
0.05392291396856308
0.12999801337718964
0.17316032946109772
0.09163278341293335
0.45484018325805664
0.19737409055233002
0.0580691397190094
0.09415445476770401
0.20488819479942322
0.10763174295425415
0.12473384290933609
0.2317408174276352
0.15404479205608368
0.173733189702034
0.015028687193989754
0.10251124203205109
0.13174518942832947
0.09572360664606094
0.1356537640094757
0.07149849832057953
0.16826029121875763
0.2535553276538849
0.12961427867412567
0.09030831605195999
0.23870249092578888
0.13706617057323456
0.11038210242986679
0.12159299850463867
0.08542299270629883
0.05299612879753113
0.32629042863845825
0.0899536982178688
0.1329708993434906
0.05115881934762001
0.2021530270576477
0.20471087098121643
0.1623925417661667
0.09401677548885345
0.11625810712575912
0.0023947814479470253
0.058030012995004654
0.13903580605983734
0.1549965888261795
0.042732223868370056
0.11207135766744614
0.08068070560693741
0.035997338593006134
0.04443392902612686
0.15402857959270477
0.14842595160007477
0.24338985979557037
0.06856968253850937
0.43691346049308777
0.05298393592238426
0.1307598352432251
0.09170512855052948
0.20505639910697937
0.07137679308652878
0.04366803169250488
0.6456273198127747
0.11810769140720367
0.1066516637802124
0.17388677597045898
0.058915335685014725
0.07641870528459549
0.07773575186729431
0.1083538755774498
0.055941108614206314
0.16323304176330566
0.21474497020244598
0.31813985109329224
0.139501690864563
0.09815894067287445
0.01930973306298256
0.1357869952917099
0.09537293016910553
0.09157976508140564
0.12756164371967316
0.17200247943401337
0.1293584406375885
0.20351910591125488
0.08245088160037994
0.11812377721071243
0.137708842754364
0.08894196152687073
0.05074593052268028
0.1040225550532341
0.13773368299007416
0.08905988186597824
0.0855991542339325
0.18820621073246002
0.08306015282869339
0.049783021211624146
0.08018612861633301
0.12472191452980042
0.2170131653547287
0.1898372918367386
0.12481334805488586
0.11178703606128693
0.09146985411643982
0.05366181582212448
0.03953016176819801
0.08066634833812714
0.1205030158162117
0.07558514922857285
0.1010662242770195
0.04111933335661888
0.22413930296897888
0.2935532033443451
0.05576261132955551
0.10478989779949188
0.15296807885169983
0.08299337327480316
0.1563086211681366
0.13148128986358643
0.10040032863616943
0.050527557730674744
0.14052698016166687
0.14776673913002014
0.13767379522323608
0.18615517020225525
0.08146053552627563
0.10280432552099228
0.22158841788768768
0.11216331273317337
0.25255218148231506
0.11273711174726486
0.05972806364297867
0.2462385594844818
0.12802676856517792
0.047121644020080566
0.3767623007297516
0.3080441951751709
0.06359618902206421
0.08679407089948654
0.19349853694438934
0.1416291743516922
0.15765154361724854
0.06515275686979294
0.10786834359169006
0.19319979846477509
0.11151181161403656
0.017056899145245552
0.14880535006523132
0.15852360427379608
0.11552608758211136
0.13477741181850433
0.10543480515480042
0.061808474361896515
0.07736074924468994
0.007886350154876709
0.2618853449821472
0.06513860076665878
0.004009038209915161
0.25572195649147034
0.05670635402202606
0.058435555547475815
0.047452427446842194
0.19994179904460907
0.15608055889606476
0.10182372480630875
0.12273842841386795
0.2525739371776581
0.19609962403774261
0.08728189021348953
0.05993259325623512
0.006080285180360079
0.08470185846090317
0.1533670872449875
0.09160707890987396
0.21216174960136414
0.09519442170858383
0.07286161929368973
0.1276492178440094
0.09528511017560959
0.21795472502708435
0.19728033244609833
0.09771550446748734
0.1397264152765274
0.17550128698349
0.040972065180540085
0.04919084534049034
0.329447865486145
0.1010541319847107
0.0861254408955574
0.17007721960544586
0.09653989970684052
0.10832847654819489
0.12107524275779724
0.06902458518743515
0.05986057594418526
0.11881133913993835
0.10970045626163483
0.17264467477798462
0.13996870815753937
0.14782513678073883
0.09056232869625092
0.1377410888671875
0.15982456505298615
0.1134793758392334
0.059889230877161026
0.12340676039457321
0.053075533360242844
0.055051758885383606
0.11732231080532074
0.14217448234558105
0.1288154274225235
0.22915855050086975
0.19721978902816772
0.06708072125911713
0.1301773339509964
0.056813422590494156
0.03452109172940254
0.13209715485572815
0.1734730452299118
0.14127881824970245
0.11452395468950272
0.13893768191337585
0.0367254875600338
0.04193074628710747
0.1395520120859146
0.06491053104400635
0.16435541212558746
0.008920261636376381
0.01199875958263874
0.21415577828884125
0.28795701265335083
0.16031864285469055
0.09913476556539536
0.032805394381284714
0.04255785793066025
0.06748705357313156
0.06821627169847488
0.13986344635486603
0.06515244394540787
0.14062738418579102
0.06601554900407791
0.05042468383908272
0.16203078627586365
0.1176842674612999
0.1483486294746399
0.11955731362104416
0.13817700743675232
0.0785384476184845
0.19920645654201508
0.06513088196516037
0.3155386745929718
0.0662485733628273
0.080489382147789
0.13508956134319305
0.1604386866092682
0.13015612959861755
0.1216578260064125
0.07824667543172836
0.07050976902246475
0.20337307453155518
0.08867444097995758
0.09845613688230515
0.03472050279378891
0.07040221989154816
0.12075749039649963
0.09438071399927139
0.09947600215673447
0.14320912957191467
0.003668372519314289
0.07826831191778183
0.10178440809249878
0.044120822101831436
0.20207901298999786
0.13285061717033386
0.1602296233177185
0.1712128072977066
0.07913444191217422
0.13844986259937286
0.09978553652763367
0.1422063708305359
0.09996738284826279
0.038791101425886154
0.12040120363235474
0.08472839742898941
0.0978827252984047
0.08988330513238907
0.500420331954956
0.22731976211071014
0.06788215786218643
0.1566867232322693
0.17920643091201782
0.09322965890169144
0.08803459256887436
0.08535999804735184
0.05648990347981453
0.17743806540966034
0.10253991186618805
0.1049666702747345
0.1023571565747261
0.09464423358440399
0.1976582258939743
0.09527291357517242
0.02245170809328556
0.04077240079641342
0.16422854363918304
0.23774951696395874
0.04191208630800247
0.1287984997034073
0.06962624192237854
0.22163310647010803
0.16795465350151062
0.17621657252311707
0.0035055410116910934
0.17348819971084595
0.07365263998508453
0.3075702488422394
0.17321060597896576
0.05939513444900513
0.1244540885090828
0.04596937075257301
0.07707017660140991
0.1097278743982315
0.07180113345384598
0.15046104788780212
0.13169005513191223
0.11727197468280792
0.23478181660175323
0.0849098414182663
0.17609508335590363
0.10992579162120819
0.15108880400657654
0.13077914714813232
0.07387394458055496
0.09704500436782837
0.050607651472091675
0.10426508635282516
0.1486126333475113
0.1059141680598259
0.12310429662466049
0.1701170951128006
0.11103467643260956
0.19008785486221313
0.17497625946998596
0.1487710326910019
0.10506422817707062
0.17891132831573486
0.07698497176170349
0.09846902638673782
0.16650906205177307
0.18944993615150452
0.07209493219852448
0.05751257762312889
0.05419301241636276
0.08580764383077621
0.1425875872373581
0.3898200988769531
0.02543150633573532
0.16017651557922363
0.0029191167559474707
0.08719414472579956
0.12260372191667557
0.06423614174127579
0.046080492436885834
0.04047100245952606
0.1078394427895546
0.062201518565416336
0.07042745500802994
0.06873665750026703
0.09742296487092972
0.1292223483324051
0.1703808754682541
0.08737928420305252
0.15430696308612823
0.07285688072443008
0.11291295289993286
0.10444450378417969
0.031666290014982224
0.10093925893306732
0.1453561633825302
0.09402947872877121
0.14255528151988983
0.07556196302175522
0.14855633676052094
0.1143023744225502
0.09956039488315582
0.0723307728767395
0.09208839386701584
0.11347641050815582
0.08583544939756393
0.096307173371315
0.1504853367805481
0.07346171885728836
0.07512523233890533
0.11047346144914627
0.08961944282054901
0.4800754487514496
0.19418343901634216
0.07966852188110352
0.1252707690000534
0.22430679202079773
0.0387311615049839
0.10083667188882828
0.25235968828201294
0.02478153631091118
0.06800694018602371
0.11176130920648575
0.32813647389411926
0.386357843875885
0.012371735647320747
0.08942072838544846
0.00921386107802391
0.1545286774635315
0.09379826486110687
0.09369589388370514
0.1330263316631317
0.14782482385635376
0.1800103783607483
0.07790493965148926
0.09818156063556671
0.06899025291204453
0.15172596275806427
0.1276884227991104
0.17037314176559448
0.13545474410057068
0.1372583508491516
0.0022358999121934175
0.06504163891077042
0.1234901025891304
0.04349092021584511
0.03188798204064369
0.1671958714723587
0.047693584114313126
0.047764379531145096
0.13666334748268127
0.04855850711464882
0.04438508674502373
0.10471341758966446
0.06405548006296158
0.08730107545852661
0.17780368030071259
0.10705577582120895
0.03242097422480583
0.16499555110931396
0.13747568428516388
0.13921040296554565
0.07005468010902405
0.11479200422763824
0.03887498378753662
0.05064323917031288
0.10430729389190674
0.07175914943218231
0.06737010926008224
0.3798130750656128
0.1843162477016449
0.1517128199338913
0.22396881878376007
0.10196849703788757
0.11424527317285538
0.09377649426460266
0.06174015626311302
0.06779758632183075
0.22917598485946655
0.09698250144720078
0.13612696528434753
0.1354408711194992
0.011189681477844715
0.16915789246559143
0.1172606572508812
0.07811078429222107
0.04043417423963547
0.13630062341690063
0.11080319434404373
0.20717591047286987
0.07929553836584091
0.10902778804302216
0.11739290505647659
0.025720296427607536
0.1144605204463005
0.10478858649730682
0.1280767321586609
0.07938827574253082
0.005561209283769131
0.10053993761539459
0.13471472263336182
0.0649070292711258
0.0913776382803917
0.18336200714111328
0.11391332745552063
0.24971354007720947
0.09822685271501541
0.11891423910856247
0.06524129956960678
0.33171385526657104
0.09796085953712463
0.25735968351364136
0.129805788397789
0.18665416538715363
0.08486189693212509
0.1035257950425148
0.17194697260856628
0.17492666840553284
0.05842955410480499
0.08361632376909256
0.004499032162129879
0.22040435671806335
0.05850781127810478
0.1486588716506958
0.03394750878214836
0.040073640644550323
0.2438967376947403
0.0028700935654342175
0.21090947091579437
0.14980703592300415
0.1106186956167221
0.2935052812099457
0.1137361004948616
0.00676332414150238
0.1948481798171997
0.23250263929367065
0.11062892526388168
0.0773666650056839
0.08808848261833191
0.1771225482225418
0.06328041851520538
0.03484030440449715
0.09368117898702621
0.07559587806463242
0.0891261175274849
0.3927779197692871
0.13898947834968567
0.1798248440027237
0.05408266559243202
0.10968813300132751
0.18157951533794403
0.04449283331632614
0.0579722560942173
0.10572265088558197
0.10849306732416153
0.1303251087665558
0.102328822016716
0.16112303733825684
0.11423499137163162
0.19519232213497162
0.19439125061035156
0.11701377481222153
0.12634465098381042
0.06292292475700378
0.1524132490158081
0.13990913331508636
0.202933669090271
0.14712652564048767
0.1416737288236618
0.08086668699979782
0.05928107723593712
0.17549018561840057
0.1217544749379158
0.0321035236120224
0.1100652888417244
0.1835392713546753
0.17077623307704926
0.008274257183074951
0.054249562323093414
0.3536119759082794
0.21178434789180756
0.0014488123124465346
0.05592146888375282
0.15317921340465546
0.17203207314014435
0.09512848407030106
0.07507369667291641
0.12900607287883759
0.04592778533697128
0.04452313855290413
0.09760871529579163
0.25622281432151794
0.15359005331993103
0.055151574313640594
0.12909851968288422
0.18712645769119263
0.15258929133415222
0.22367385029792786
0.08802126348018646
0.2466508448123932
0.028312379494309425
0.14387589693069458
0.10679995268583298
0.0432116724550724
0.11050853878259659
0.11052855104207993
0.14758099615573883
0.06677758693695068
0.15985612571239471
0.11577676981687546
0.0641733705997467
0.08228033035993576
0.08518093079328537
0.21187657117843628
0.1311430037021637
0.1368931233882904
0.06847046315670013
0.1335490494966507
0.07691286504268646
0.132233127951622
0.13692890107631683
0.05733642727136612
0.10310663282871246
0.09075702726840973
0.10788676142692566
0.07824980467557907
0.10835931450128555
0.11008479446172714
0.2257198840379715
0.30195850133895874
0.18737506866455078
0.09171558171510696
0.31218281388282776
0.0802062600851059
0.28604018688201904
0.1001502126455307
0.09307404607534409
0.1112278625369072
0.12842871248722076
0.09640825539827347
0.13852111995220184
0.502183735370636
0.5320479869842529
0.02666252851486206
0.09673385322093964
0.05186755582690239
0.07113704085350037
0.15575769543647766
0.05066361650824547
0.1061219871044159
0.3784676790237427
0.0904228538274765
0.29288914799690247
0.13631394505500793
0.09083593636751175
0.04366112872958183
0.1495349109172821
0.0824257880449295
0.13582828640937805
0.0712694525718689
0.022115517407655716
0.039475373923778534
0.04504445940256119
0.0794389471411705
0.3149324357509613
0.014079321175813675
0.06560118496417999
0.10074999928474426
0.14431436359882355
0.22195404767990112
0.007017364259809256
0.052140381187200546
0.19091172516345978
0.08799584209918976
0.10893269628286362
0.14385083317756653
0.09298162162303925
0.05960969626903534
0.053635481745004654
0.11709671467542648
0.09930739551782608
0.13078546524047852
0.11592160165309906
0.1310577094554901
0.1263009011745453
0.08891323208808899
0.10727847367525101
0.07845622301101685
0.25605878233909607
0.09477459639310837
0.16848580539226532
0.05812090262770653
0.12734892964363098
0.21483702957630157
0.06746887415647507
0.038485441356897354
0.09162578731775284
0.12427853047847748
0.3194425106048584
0.08012787997722626
0.04235413670539856
0.07956363260746002
0.02448585256934166
0.2151278555393219
0.026051698252558708
0.10529465228319168
0.21215122938156128
0.1453389823436737
0.17981934547424316
0.07879284024238586
0.1376499980688095
0.06582887470722198
0.005798783153295517
0.28639474511146545
0.13435021042823792
0.006123932544142008
0.24826249480247498
0.12308535724878311
0.11368061602115631
0.15428827702999115
0.10615348070859909
0.30978327989578247
0.28342384099960327
0.07300890982151031
0.03238359093666077
0.08243854343891144
0.09959889203310013
0.09915102273225784
0.045336030423641205
0.07479220628738403
0.12554363906383514
0.022254707291722298
0.12984144687652588
0.13194532692432404
0.2196246087551117
0.1812928169965744
0.07961563020944595
0.24955113232135773
0.08816258609294891
0.2096421867609024
0.15316124260425568
0.11769571155309677
0.17649723589420319
0.055613063275814056
0.11079494655132294
0.13023629784584045
0.16789725422859192
0.03741573914885521
0.09722588211297989
0.13153588771820068
0.06087547913193703
0.10483099520206451
0.29457730054855347
0.10547883808612823
0.10656427592039108
0.02882346324622631
0.23487506806850433
0.10666272044181824
0.15255434811115265
0.1217920184135437
0.005317691247910261
0.07079574465751648
0.056407611817121506
0.19786542654037476
0.02312418632209301
0.08479975908994675
0.04521724209189415
0.13692525029182434
0.16909292340278625
0.08645551651716232
0.04656307026743889
0.17815092206001282
0.08060948550701141
0.22330671548843384
0.07031631469726562
0.11440156400203705
0.03373699262738228
0.24793893098831177
0.11488272249698639
0.12690535187721252
0.06596511602401733
0.03905687481164932
0.02311927080154419
0.18692530691623688
0.14388974010944366
0.26514774560928345
0.08473427593708038
0.044610846787691116
0.0998140200972557
0.13114863634109497
0.10564298927783966
0.009948217310011387
0.03288182616233826
0.0707317590713501
0.19621606171131134
0.15382984280586243
0.050122395157814026
0.054405901581048965
0.042511433362960815
0.09090479463338852
0.16349008679389954
0.22961841523647308
0.0876123234629631
0.20524771511554718
0.11692959070205688
0.07718246430158615
0.1203634962439537
0.19355221092700958
0.16197402775287628
0.1229730173945427
0.33054807782173157
0.17391273379325867
0.05946870893239975
0.09127643704414368
0.14791825413703918
0.02368013560771942
0.2135757952928543
0.2197776734828949
0.03527992218732834
0.23897521197795868
0.06487608700990677
0.025749394670128822
0.20364144444465637
0.0873524397611618
0.08121706545352936
0.0062628271989524364
0.0862843245267868
0.08079645782709122
0.10295677930116653
0.0627596378326416
0.22277459502220154
0.10782793909311295
0.04350878670811653
0.07614797353744507
0.0972733125090599
0.13551625609397888
0.1370769888162613
0.006960830185562372
0.007239207625389099
0.23970381915569305
0.10580158978700638
0.07392195612192154
0.0993727594614029
0.07167946547269821
0.07466492801904678
0.21264129877090454
0.08045998960733414
0.21284186840057373
0.058037854731082916
0.00275429361499846
0.07912765443325043
0.1286865919828415
0.0016947630792856216
0.032425664365291595
0.0012489386135712266
0.20792672038078308
0.09141462296247482
0.11988489329814911
0.10265682637691498
0.05126234516501427
0.16295553743839264
0.05014440417289734
0.10405689477920532
0.10867880284786224
0.09247631579637527
0.07823605090379715
0.12120307236909866
0.05342051759362221
0.286664754152298
0.255319207906723
0.1819976419210434
0.1223481297492981
0.17672111093997955
0.04979624226689339
0.051772043108940125
0.08586062490940094
0.10393055528402328
0.00170192401856184
0.1557355374097824
0.19024862349033356
0.07554266601800919
0.041761476546525955
0.1158098429441452
0.08316256105899811
0.052509605884552
0.13698408007621765
0.06321243941783905
0.2048342525959015
0.09931597858667374
0.08686738461256027
0.07090558111667633
0.09441927820444107
0.12269633263349533
0.033233657479286194
0.11050986498594284
0.1426108479499817
0.261060506105423
0.10414772480726242
0.07069778442382812
0.15865308046340942
0.0857575461268425
0.07941288501024246
0.03465116024017334
0.05639206990599632
0.34008586406707764
0.09773540496826172
0.13272736966609955
0.33939328789711
0.04765445739030838
0.31463366746902466
0.18319745361804962
0.1406947821378708
0.18324337899684906
0.03919078782200813
0.3232783079147339
0.10549461841583252
0.07510741800069809
0.10472974926233292
0.13076747953891754
0.16894949972629547
0.12253862619400024
0.13923706114292145
0.1003739982843399
0.11003068089485168
0.13010244071483612
0.13392554223537445
0.11559682339429855
0.08364704251289368
0.08611637353897095
0.07542938739061356
0.08833859860897064
0.14285553991794586
0.1386936604976654
0.12083763629198074
0.10700123757123947
0.12641148269176483
0.02375049702823162
0.10343123972415924
0.11805656552314758
0.08230765908956528
0.17547643184661865
0.10087430477142334
0.18036945164203644
0.11965609341859818
0.14437270164489746
0.05192948877811432
0.12984749674797058
0.04172371327877045
0.12885603308677673
0.09777411818504333
0.014622347429394722
0.05364467576146126
0.1547609120607376
0.04868285357952118
0.14405958354473114
0.16015969216823578
0.1144053190946579
0.05224810168147087
0.3722967505455017
0.13028326630592346
0.19417865574359894
0.136988565325737
0.00325983134098351
0.11283974349498749
0.2640862762928009
0.10992007702589035
0.12745293974876404
0.1273694932460785
0.1505223959684372
0.036270320415496826
0.18440456688404083
0.12350538372993469
0.0605151392519474
0.0517878383398056
0.29911333322525024
0.0986388772726059
0.14059224724769592
0.046146687120199203
0.1227860078215599
0.12416189908981323
0.05260805785655975
0.12862788140773773
0.23863409459590912
0.10910508036613464
0.25024956464767456
0.23255906999111176
0.1257590800523758
0.10724551975727081
0.06493235379457474
0.08112164586782455
0.14581400156021118
0.32242557406425476
0.0929231271147728
0.11215517669916153
0.06131330132484436
0.1489630788564682
0.1474837064743042
0.17986278235912323
0.14095863699913025
0.1647568792104721
0.015475932508707047
0.19449879229068756
0.14529338479042053
0.04606328159570694
0.09618359804153442
0.07173296064138412
0.19991081953048706
0.07263806462287903
0.09121856838464737
0.13730287551879883
0.12925352156162262
0.06480513513088226
0.10481435060501099
0.047576311975717545
0.07817903161048889
0.022203950211405754
0.2577337622642517
0.14410795271396637
0.14723925292491913
0.16868315637111664
0.03931116312742233
0.06916560977697372
0.09361661225557327
0.03299713879823685
0.09373120963573456
0.012880455702543259
0.11329630762338638
0.008657095953822136
0.1162182092666626
0.13693614304065704
0.08198384195566177
0.14265577495098114
0.0940166711807251
0.1075279638171196
0.12030661106109619
0.12882883846759796
0.09350644052028656
0.07381846755743027
0.06921879947185516
0.09997767210006714
0.08570650964975357
0.0545133501291275
0.18299631774425507
0.25306108593940735
0.3106014132499695
0.1281583458185196
0.10153698921203613
0.017674461007118225
0.1524098664522171
0.11497998237609863
0.0581364743411541
0.1253461390733719
0.003953222651034594
0.2796698212623596
0.07511216402053833
0.01730881817638874
0.21413278579711914
0.05852462351322174
0.2666778862476349
0.09038566052913666
0.020233187824487686
0.1648658663034439
0.10824558138847351
0.1630750447511673
0.04434172809123993
0.159452423453331
0.1425529271364212
0.08291351050138474
0.14108288288116455
0.1465841382741928
0.15007784962654114
0.09454762935638428
0.1340738832950592
0.06869838386774063
0.07486964762210846
0.0785590410232544
0.00834993552416563
0.11225144565105438
0.45735248923301697
0.024139463901519775
0.052832357585430145
0.004056938458234072
0.09986244887113571
0.03033457137644291
0.15384261310100555
0.1456175148487091
0.10970016568899155
0.13813665509223938
0.0293782576918602
0.017100270837545395
0.07266281545162201
0.2623306214809418
0.14579705893993378
0.11263573169708252
0.25034958124160767
0.008050655014812946
0.14308930933475494
0.002858963329344988
0.28476738929748535
0.11467905342578888
0.14258155226707458
0.1045634001493454
0.19723282754421234
0.15276803076267242
0.1159643679857254
0.09319141507148743
0.06475068628787994
0.05057103931903839
0.08981145918369293
0.05319179594516754
0.17705614864826202
0.07624202966690063
0.08726835995912552
0.08382713049650192
0.06526323407888412
0.010527440346777439
0.026700641959905624
0.16635173559188843
0.04106190800666809
0.13157793879508972
0.04487152025103569
0.06766296178102493
0.01901853457093239
0.06074513867497444
0.006817033514380455
0.03289946913719177
0.11771979182958603
0.1074373722076416
0.05703754723072052
0.11485067009925842
0.16614602506160736
0.18875665962696075
0.02572602406144142
0.058139994740486145
0.13800859451293945
0.05288788676261902
0.0334930345416069
0.07652938365936279
0.03352072462439537
0.09425965696573257
0.08245442062616348
0.3234100937843323
0.05004766583442688
0.07160569727420807
0.12469863146543503
0.09404639899730682
0.21392054855823517
0.22639228403568268
0.10955704003572464
0.13184939324855804
0.08646348118782043
0.034325577318668365
0.05819585546851158
0.029345493763685226
0.0739041268825531
0.07640340179204941
0.0657895877957344
0.001082104630768299
0.16990134119987488
0.14130903780460358
0.06379339843988419
0.15366391837596893
0.04127809405326843
0.1009911298751831
0.11061720550060272
0.096234031021595
0.16449719667434692
0.06253506243228912
0.03662016987800598
0.10939659178256989
0.024301117286086082
0.04375195875763893
0.10735336691141129
0.12788933515548706
0.09217766672372818
0.016818033531308174
0.45038658380508423
0.13969199359416962
0.11488112807273865
0.22886991500854492
0.11905055493116379
0.10386301577091217
0.12973953783512115
0.046257805079221725
0.16542792320251465
0.05204199627041817
0.19016282260417938
0.09902814775705338
0.0915629118680954
0.34006041288375854
0.07553359121084213
0.08112679421901703
0.0660434365272522
0.06327637284994125
0.2403814047574997
0.0696290135383606
0.17332948744297028
0.22248056530952454
0.1552802473306656
0.091823048889637
0.23063454031944275
0.059950124472379684
0.038413457572460175
0.08653568476438522
0.1203446313738823
0.08048171550035477
0.14898791909217834
0.05231581628322601
0.17772293090820312
0.08831749856472015
0.050164781510829926
0.12470728158950806
0.1371106058359146
0.07863137871026993
0.03678136691451073
0.15683613717556
0.08451741188764572
0.07646560668945312
0.1257658153772354
0.05918845534324646
0.012513159774243832
0.07724835723638535
0.2364596128463745
0.054906126111745834
0.06364979594945908
0.015341073274612427
0.10763870179653168
0.16075687110424042
0.11963827908039093
0.010067317634820938
0.10857585072517395
0.10275677591562271
0.317155659198761
0.07209374755620956
0.09235820919275284
0.12394443899393082
0.05412449315190315
0.15682242810726166
0.11743153631687164
0.07214836776256561
0.1048165112733841
0.06596162915229797
0.0015869815833866596
0.17954321205615997
0.08072193711996078
0.08284441381692886
0.19354946911334991
0.16580140590667725
0.13459080457687378
0.06240808218717575
0.12230827659368515
0.10940913110971451
0.13394439220428467
0.04884243384003639
0.04683942347764969
0.11948235332965851
0.20586778223514557
0.11932427436113358
0.163564071059227
0.07468307018280029
0.08182766288518906
0.08053179085254669
0.10456740856170654
0.07276733219623566
0.054956912994384766
0.13040466606616974
0.28019681572914124
0.15908709168434143
0.023163964971899986
0.11499037593603134
0.1487388014793396
0.19377443194389343
0.0711003839969635
0.008648897521197796
0.17039763927459717
0.1353713870048523
0.12445070594549179
0.1921045035123825
0.037156842648983
0.08657914400100708
0.026444392278790474
0.04905550181865692
0.009761463850736618
0.14034509658813477
0.1800486296415329
0.049518369138240814
0.19057992100715637
0.1075296700000763
0.16682055592536926
0.15390558540821075
0.04299390688538551
0.08382339030504227
0.14846161007881165
0.013846885412931442
0.25811174511909485
0.11506866663694382
0.020091567188501358
0.05719614401459694
0.10913779586553574
0.13628453016281128
0.11418700218200684
0.08088978379964828
0.15798699855804443
0.14438742399215698
0.10829222202301025
0.17770200967788696
0.10810466855764389
0.1294446587562561
0.023477938026189804
0.1481938511133194
0.07111107558012009
0.09907464683055878
0.11644475162029266
0.05063502490520477
0.06155188009142876
0.053010404109954834
0.1205197423696518
0.07170690596103668
0.026587307453155518
0.05523153394460678
0.19155271351337433
0.043361369520425797
0.10587545484304428
0.06716876477003098
0.1199856773018837
0.058020371943712234
0.05906670540571213
0.09989888221025467
0.05429871007800102
0.1212356686592102
0.10362011939287186
0.139277383685112
0.06488282233476639
0.1256714016199112
0.1285599321126938
0.07177165895700455
0.09100271761417389
0.2122841775417328
0.3422987163066864
0.07052379846572876
0.07888882607221603
0.16597649455070496
0.08096615225076675
0.11138995736837387
0.11355400085449219
0.08319766819477081
0.07212349772453308
0.10360404849052429
0.10957827419042587
0.1646495908498764
0.09132172167301178
0.12167207896709442
0.18383722007274628
0.2560358941555023
0.09819634258747101
0.3573702871799469
0.13650572299957275
0.2830794155597687
0.11320441216230392
0.1484087109565735
0.0817142054438591
0.023545337840914726
0.07334057241678238
0.04471460357308388
0.05031841620802879
0.04231993481516838
0.11427650600671768
0.028949372470378876
0.07019352912902832
0.11884701997041702
0.026150207966566086
0.15942727029323578
0.1563425064086914
0.05702070891857147
0.003447754541411996
0.1436658501625061
0.08504737913608551
0.17684996128082275
0.03353780880570412
0.1194383054971695
0.1176062747836113
0.159866601228714
0.16604024171829224
0.21863634884357452
0.07123471796512604
0.07978260517120361
0.07960014045238495
0.03787481412291527
0.12516894936561584
0.22862687706947327
0.07303767651319504
0.005364442244172096
0.13400395214557648
0.06882541626691818
0.051423780620098114
0.08533771336078644
0.12373029440641403
0.10013364255428314
0.09772881865501404
0.07523182779550552
0.15055838227272034
0.1772666573524475
0.0737072303891182
0.0614587664604187
0.11878468096256256
0.18313682079315186
0.08397023379802704
0.052853770554065704
0.03364698961377144
0.0556623600423336
0.03243646398186684
0.10503710806369781
0.08961959183216095
0.0668409913778305
0.14576871693134308
0.09877607226371765
0.03655151650309563
0.06159074977040291
0.09333091974258423
0.07816266268491745
0.08227856457233429
0.1816861480474472
0.16835767030715942
0.17371000349521637
0.2255869060754776
0.2977730333805084
0.13747355341911316
0.08804644644260406
0.04557271674275398
0.003704552538692951
0.04828161001205444
0.12081880867481232
0.05135802924633026
0.08184967190027237
0.08787167072296143
0.13100215792655945
0.23974725604057312
0.17014658451080322
0.06034133955836296
0.1637028008699417
0.12081905454397202
0.18704599142074585
0.06482763588428497
0.09398673474788666
0.20166461169719696
0.17615921795368195
0.10701395571231842
0.2169760912656784
0.25477537512779236
0.1139337569475174
0.09025382250547409
0.011731106787919998
0.0935945063829422
0.10627001523971558
0.0454169400036335
0.15676231682300568
0.12546101212501526
0.08890869468450546
0.08894640952348709
0.036959026008844376
0.10121994465589523
0.09683704376220703
0.12526798248291016
0.1750648468732834
0.08966820687055588
0.06403260678052902
0.08687923103570938
0.12064634263515472
0.003473397344350815
0.08552457392215729
0.005370955914258957
0.09333287924528122
0.08025925606489182
0.11756253242492676
0.21295763552188873
0.15493544936180115
0.20704254508018494
0.32721278071403503
0.03327687829732895
0.05712669715285301
0.11405345797538757
0.23133443295955658
0.08949748426675797
0.10402901470661163
0.20117077231407166
0.1059800311923027
0.08920606225728989
0.04939619451761246
0.059542953968048096
0.13767769932746887
0.07128613442182541
0.07843325287103653
0.08493608236312866
0.23979733884334564
0.1447184830904007
0.10958466678857803
0.007542886771261692
0.05666053667664528
0.1230279877781868
0.2958815395832062
0.03406492620706558
0.07313317805528641
0.056760285049676895
0.05486205220222473
0.13631600141525269
0.12078213691711426
0.27518990635871887
0.11130934953689575
0.1416414976119995
0.11559560894966125
0.2302514612674713
0.12775027751922607
0.07172726839780807
0.14589878916740417
0.07769129425287247
0.1920478492975235
0.10228847712278366
0.06856294721364975
0.11822271347045898
0.07192400842905045
0.24869683384895325
0.07903923094272614
0.2266564816236496
0.04997968673706055
0.14574287831783295
0.1518653780221939
0.07547346502542496
0.08526445180177689
0.011934198439121246
0.027087703347206116
0.13333621621131897
0.05167368799448013
0.14927777647972107
0.21204090118408203
0.1438736915588379
0.25751757621765137
0.10464563965797424
0.1901940107345581
0.10810353606939316
0.11997556686401367
0.22708067297935486
0.06932716071605682
0.0926995500922203
0.17928802967071533
0.09776204079389572
0.04937506839632988
0.17886647582054138
0.47009044885635376
0.10325867682695389
0.23189860582351685
0.04312881454825401
0.019343528896570206
0.10990847647190094
0.18861132860183716
0.06143440306186676
0.08220748603343964
0.13551856577396393
0.10080514848232269
0.07055608928203583
0.14525112509727478
0.19686289131641388
0.11958934366703033
0.10249417275190353
0.023673763498663902
0.03062351420521736
0.15403366088867188
0.060263603925704956
0.0067779626697301865
0.11469312012195587
0.21730145812034607
0.11127717047929764
0.17698708176612854
0.036551523953676224
0.10288695245981216
0.13519982993602753
0.09312273561954498
0.07958491891622543
0.022946881130337715
0.14081478118896484
0.07388226687908173
0.1445089727640152
0.1121429055929184
0.08219888806343079
0.1735067069530487
0.07637811452150345
0.20791877806186676
0.05824629217386246
0.1992143839597702
0.08196158707141876
0.1315230429172516
0.2545294165611267
0.23134386539459229
0.10301358252763748
0.044962357729673386
0.15645846724510193
0.11054186522960663
0.13484618067741394
0.19579698145389557
0.06424375623464584
0.11028610914945602
0.11952117830514908
0.37504541873931885
0.10093172639608383
0.1471627801656723
0.10183442384004593
0.0977296307682991
0.08752505481243134
0.15089565515518188
0.1305036097764969
0.08077644556760788
0.1357695758342743
0.08141963183879852
0.14750288426876068
0.028071561828255653
0.1079852506518364
0.11500603705644608
0.0726262778043747
0.05085437372326851
0.04708530753850937
0.08876820653676987
0.06428138166666031
0.10958315432071686
0.10016872733831406
0.09700273722410202
0.20421242713928223
0.018546434119343758
0.15740305185317993
0.07952886819839478
0.10304486751556396
0.039589181542396545
0.025797002017498016
0.15731415152549744
0.11274047940969467
0.07486598193645477
0.18833830952644348
0.13303230702877045
0.24943807721138
0.1487484574317932
0.084810271859169
0.08440671861171722
0.21809986233711243
0.1447203904390335
0.03362803906202316
0.06960465013980865
0.12190348654985428
0.17503491044044495
0.24436891078948975
0.10193540900945663
0.12243999540805817
0.10552724450826645
0.06302476674318314
0.12410227209329605
0.0941082015633583
0.12740552425384521
0.07850796729326248
0.12373468279838562
0.17372927069664001
0.0722934752702713
0.05057704448699951
0.17557337880134583
0.10113952308893204
0.06875234097242355
0.08994653820991516
0.11126021295785904
0.10479846596717834
0.2690703868865967
0.2029341608285904
0.04203392192721367
0.11549229919910431
0.07151421904563904
0.08375861495733261
0.20778454840183258
0.04670409858226776
0.06735976040363312
0.17063194513320923
0.055411092936992645
0.26350587606430054
0.17439010739326477
0.08151542395353317
0.0632529929280281
0.20313581824302673
0.05417534336447716
0.07132730633020401
0.08757609128952026
0.1212080791592598
0.27685099840164185
0.1538606882095337
0.12126371264457703
0.1825883835554123
0.09403032064437866
0.041718363761901855
0.1982622742652893
0.06539679318666458
0.02740447036921978
0.16389751434326172
0.05449762940406799
0.12043562531471252
0.17300404608249664
0.07924016565084457
0.19589565694332123
0.18442490696907043
0.1473081111907959
0.09388799220323563
0.05353790521621704
0.10256754606962204
0.009127294644713402
0.09647700935602188
0.09096580743789673
0.09507015347480774
0.12370850890874863
0.12308068573474884
0.06978708505630493
0.26084935665130615
0.05292663723230362
0.09581489115953445
0.02511531114578247
0.15570220351219177
0.2622162997722626
0.21655341982841492
0.08965294808149338
0.03859861195087433
0.09390068054199219
0.1113392636179924
0.08424302190542221
0.0744166374206543
0.042149078100919724
0.10244448482990265
0.07206300646066666
0.010703169740736485
0.05774180218577385
0.11668794602155685
0.2025260478258133
0.09040948003530502
0.33178022503852844
0.1422891914844513
0.09202129393815994
0.4692152738571167
0.0880439355969429
0.10208073258399963
0.12884363532066345
0.11523587256669998
0.17373283207416534
0.090290367603302
0.16207517683506012
0.21103635430335999
0.14688418805599213
0.07768411189317703
0.08446496725082397
0.15578356385231018
0.1778637021780014
0.11578509211540222
0.05079294368624687
0.12998303771018982
0.055283717811107635
0.11428765952587128
0.20249255001544952
0.20024514198303223
0.0388435460627079
0.07522086054086685
0.0779118537902832
0.13482892513275146
0.25352248549461365
0.09840987622737885
0.0029081087559461594
0.11174006015062332
0.06698338687419891
0.05289166793227196
0.08985676616430283
0.11375792324542999
0.16326700150966644
0.13598734140396118
0.28401368856430054
0.15383683145046234
0.07021110504865646
0.11253495514392853
0.14668181538581848
0.11288458108901978
0.2216346561908722
0.16565270721912384
0.1086990162730217
0.3182542622089386
0.12204409390687943
0.31380417943000793
0.09570808708667755
0.3206055760383606
0.22653836011886597
0.06304183602333069
0.07407204806804657
0.23971842229366302
0.13617151975631714
0.10590851306915283
0.3080005347728729
0.06568944454193115
0.09562772512435913
0.06025799363851547
0.13738490641117096
0.12062853574752808
0.0670732855796814
0.06513317674398422
0.14098085463047028
0.13029102981090546
0.09806062281131744
0.18314923346042633
0.07098928093910217
0.138039693236351
0.18319843709468842
0.0786166712641716
0.16664837300777435
0.01179382111877203
0.03439345210790634
0.08577581495046616
0.04805316776037216
0.11936469376087189
0.07133951038122177
0.09118128567934036
0.04130605608224869
0.07015211880207062
0.005640049930661917
0.0738091766834259
0.035788193345069885
0.0894690603017807
0.1490965038537979
0.0024004823062568903
0.15294218063354492
0.03850797191262245
0.2203887403011322
0.1163305938243866
0.08573368936777115
0.05802198871970177
0.10593441128730774
0.14241866767406464
0.12635624408721924
0.05508833006024361
0.13783249258995056
0.05791214108467102
0.07680517435073853
0.17339633405208588
0.13587157428264618
0.05670441314578056
0.1744968444108963
0.004625247325748205
0.013462964445352554
0.038704872131347656
0.18025729060173035
0.04979567229747772
0.0239301398396492
0.4503304660320282
0.3452027440071106
0.17532801628112793
0.0838458463549614
0.11721567809581757
0.1050429716706276
0.11899466067552567
0.16852104663848877
0.16213691234588623
0.03870121017098427
0.17468979954719543
0.04064274951815605
0.07364536821842194
0.11714303493499756
0.1434466540813446
0.13006466627120972
0.1292254477739334
0.09625745564699173
0.13648679852485657
0.1298149973154068
0.23570889234542847
0.1625402867794037
0.19433699548244476
0.08864502608776093
0.13249610364437103
0.1484406590461731
0.05100588500499725
0.02508632093667984
0.19700151681900024
0.11604442447423935
0.1327163279056549
0.10073728859424591
0.012941034510731697
0.1716020256280899
0.17535744607448578
0.12825937569141388
0.23275472223758698
0.06214988976716995
0.101548932492733
0.09871165454387665
0.02715555764734745
0.03973769024014473
0.04517746716737747
0.20450198650360107
0.03173138201236725
0.06976114958524704
0.027408452704548836
0.08500707894563675
0.009910941123962402
0.08032910525798798
0.13189831376075745
0.1773318350315094
0.1216810792684555
0.0603066012263298
0.012730129063129425
0.08780504018068314
0.10524928569793701
0.08669240027666092
0.11913757771253586
0.11872558295726776
0.10116972774267197
0.09806324541568756
0.13648571074008942
0.18697044253349304
0.12225989997386932
0.04846595600247383
0.11472166329622269
0.21553418040275574
0.1150110736489296
0.12575121223926544
0.19499510526657104
0.12332791835069656
0.008940797299146652
0.08531665056943893
0.10298159718513489
0.19543755054473877
0.14610254764556885
0.08124884963035583
0.004978840239346027
0.09820008277893066
0.17585623264312744
0.027624819427728653
0.07909329235553741
0.015754839405417442
0.06987553089857101
0.11334223300218582
0.08520744740962982
0.0018067328492179513
0.13368357717990875
0.15150810778141022
0.12015458941459656
0.032722700387239456
0.18392688035964966
0.10481597483158112
0.11782066524028778
0.13859239220619202
0.04300999268889427
0.05046481639146805
0.0257499348372221
0.0959484651684761
0.12375611811876297
0.1286671757698059
0.06881309300661087
0.12251617759466171
0.18107235431671143
0.07020092755556107
0.21744775772094727
0.23213908076286316
0.0017417120980098844
0.085553377866745
0.19463130831718445
0.11929663270711899
0.08799023926258087
0.2968624234199524
0.00471899937838316
0.1532076746225357
0.1898881196975708
0.08582940697669983
0.14738836884498596
0.10824097692966461
0.2513183057308197
0.04928881302475929
0.027318522334098816
0.2229103147983551
0.1429690569639206
0.23608699440956116
0.12369252741336823
0.12718404829502106
0.06374136358499527
0.11095939576625824
0.02259468473494053
0.2282271534204483
0.10516833513975143
0.06057232245802879
0.11567816883325577
0.15449374914169312
0.10400016605854034
0.2067776918411255
0.16336983442306519
0.06234876438975334
0.31334561109542847
0.02268790267407894
0.04727362096309662
0.06096113845705986
0.2030474990606308
0.1425919383764267
0.15069611370563507
0.17913754284381866
0.13144749402999878
0.24871039390563965
0.12866930663585663
0.07252988964319229
0.13697603344917297
0.16217848658561707
0.1522255688905716
0.11245789378881454
0.18748043477535248
0.07957976311445236
0.09051472693681717
0.042090512812137604
0.14791670441627502
0.08343982696533203
0.11586309224367142
0.09613710641860962
0.10905109345912933
0.1696399599313736
0.06440364569425583
0.10404889285564423
0.06305674463510513
0.1167130097746849
0.07811105996370316
0.09656528383493423
0.07497753947973251
0.024970918893814087
0.10578656196594238
0.0765906572341919
0.10965230315923691
0.10823698341846466
0.07760956138372421
0.05828579515218735
0.0976925641298294
0.2269764244556427
0.0675036832690239
0.0842563658952713
0.0436389185488224
0.2531348764896393
0.1338559240102768
0.16682808101177216
0.06973341107368469
0.30645766854286194
0.18249057233333588
0.13126134872436523
0.15562719106674194
0.010634770616889
0.1363123506307602
0.05095024034380913
0.10964126884937286
0.15847106277942657
0.17655403912067413
0.0824817642569542
0.1299566626548767
0.05595092475414276
0.14501820504665375
0.0044586570002138615
0.10721223056316376
0.12594632804393768
0.15390926599502563
0.1446750909090042
0.10693039745092392
0.15023256838321686
0.10045085847377777
0.05798405781388283
0.08227363973855972
0.06350845098495483
0.0994892343878746
0.0365632101893425
0.18620188534259796
0.19067402184009552
0.09833812713623047
0.08023326843976974
0.003201084677129984
0.08475247770547867
0.11290638893842697
0.04492603614926338
0.15759719908237457
0.17130596935749054
0.2114151269197464
0.09057268500328064
0.11685968935489655
0.07732079178094864
0.1817556470632553
0.09352991729974747
0.11070829629898071
0.28720515966415405
0.056853536516427994
0.1371450126171112
0.07527535408735275
0.03457214683294296
0.0867820680141449
0.05064968764781952
0.030440691858530045
0.14592021703720093
0.06421397626399994
0.08124575018882751
0.06980883330106735
0.15969884395599365
0.1544492393732071
0.18633073568344116
0.03664605692028999
0.20121219754219055
0.13343985378742218
0.055125635117292404
0.09789685159921646
0.23998361825942993
0.136081263422966
0.06098933890461922
0.05161450058221817
0.17725753784179688
0.06911570578813553
0.009027481079101562
0.10726752877235413
0.1533793956041336
0.10216350108385086
0.07877865433692932
0.05852866545319557
0.06075287237763405
0.29533958435058594
0.04705554246902466
0.17704664170742035
0.1630742847919464
0.04821992665529251
0.04575316980481148
0.09281114488840103
0.06031084433197975
0.0612444132566452
0.10186371952295303
0.06476695090532303
0.0780697837471962
0.11512155085802078
0.08932030200958252
0.0497872494161129
0.1374439150094986
0.025410519912838936
0.08079628646373749
0.17670723795890808
0.21682366728782654
0.10416092723608017
0.11254003643989563
0.18821299076080322
0.0291511882096529
0.0009891845984384418
0.14312539994716644
0.0388280525803566
0.22421079874038696
0.09203942865133286
0.048866983503103256
0.007350524887442589
0.13033200800418854
0.1512317657470703
0.09668748825788498
0.0287012942135334
0.13398240506649017
0.07487127184867859
0.18158835172653198
0.11406117677688599
0.12537001073360443
0.032161399722099304
0.04280030354857445
0.17996886372566223
0.19062572717666626
0.14023371040821075
0.13880452513694763
0.008035975508391857
0.05333876237273216
0.27434203028678894
0.17027302086353302
0.10979431122541428
0.07422203570604324
0.029935194179415703
0.17432202398777008
0.06000624597072601
0.012582439929246902
0.08400393277406693
0.04722026363015175
0.1448948234319687
0.19908419251441956
0.10269207507371902
0.10763919353485107
0.08741553127765656
0.005242259241640568
0.050736162811517715
0.0805869773030281
0.13766145706176758
0.1855684518814087
0.13441982865333557
0.01471252553164959
0.016525300219655037
0.07044821232557297
0.08374223113059998
0.18009008467197418
0.13557662069797516
0.12865445017814636
0.20173414051532745
0.024729039520025253
0.21234148740768433
0.003689004573971033
0.036168307065963745
0.058398596942424774
0.04420441389083862
0.16356408596038818
0.13483230769634247
0.1435154527425766
0.41171178221702576
0.0016584254335612059
0.10063224285840988
0.11292441189289093
0.03336264193058014
0.0646774023771286
0.17181815207004547
0.03564799576997757
0.09140027314424515
0.09214572608470917
0.2802838087081909
0.08483314514160156
0.008347206749022007
0.053079549223184586
0.03703194111585617
0.0706331878900528
0.1423484832048416
0.44407519698143005
0.0658709779381752
0.1449175924062729
0.08062952011823654
0.2007707804441452
0.34996095299720764
0.07908791303634644
0.13635534048080444
0.06652503460645676
0.08686259388923645
0.054536253213882446
0.1570790559053421
0.1431865692138672
0.05655301362276077
0.12253297865390778
0.06876199692487717
0.14084072411060333
0.04239521920681
0.11656896024942398
0.1570967733860016
0.09713242202997208
0.07961057126522064
0.07803565263748169
0.02822795696556568
0.0646350234746933
0.08304222673177719
0.20106355845928192
0.27467280626296997
0.07911229133605957
0.06325308978557587
0.12339183688163757
0.11748280376195908
0.16001860797405243
0.16798847913742065
0.1977905035018921
0.20352387428283691
0.03229593113064766
0.211753249168396
0.13969002664089203
0.17439255118370056
0.08382026106119156
0.18708071112632751
0.1067412793636322
0.19690068066120148
0.12686671316623688
0.1717432737350464
0.14246594905853271
0.08819904923439026
0.24993577599525452
0.07642346620559692
0.027179665863513947
0.12662425637245178
0.11582598835229874
0.09750906378030777
0.18680652976036072
0.03091164119541645
0.16391178965568542
0.0624728724360466
0.09655708819627762
0.11818733811378479
0.3729681372642517
0.10732363164424896
0.1269553005695343
0.14734569191932678
0.11223430186510086
0.20175783336162567
0.028764838352799416
0.07705337554216385
0.21658405661582947
0.03182661160826683
0.04337204620242119
0.04118100181221962
0.11160293221473694
0.06858037412166595
0.04549054428935051
0.05641314387321472
0.13641618192195892
0.12336263060569763
0.3161218762397766
0.19161608815193176
0.15155328810214996
0.14147843420505524
0.14368848502635956
0.14346492290496826
0.13432343304157257
0.1330675333738327
0.0530620776116848
0.1588832288980484
0.11640656739473343
0.10274732857942581
0.11853443831205368
0.1915528029203415
0.07847210764884949
0.0911175012588501
0.09933041036128998
0.07393529266119003
0.11582981795072556
0.13864487409591675
0.014896554872393608
0.05090876296162605
0.07661733776330948
0.14790934324264526
0.1514802724123001
0.056843794882297516
0.056105244904756546
0.11266123503446579
0.0675962045788765
0.1627371907234192
0.14551152288913727
0.1021716520190239
0.2234640270471573
0.11528993397951126
0.05167502537369728
0.12035385519266129
0.099464051425457
0.14338651299476624
0.13542041182518005
0.09766876697540283
0.050483498722314835
0.1354139745235443
0.13923482596874237
0.1998288631439209
0.22308193147182465
0.09149065613746643
0.07062909752130508
0.1054433062672615
0.07492141425609589
0.08320821076631546
0.22386913001537323
0.13809679448604584
0.13616439700126648
0.13346898555755615
0.034412287175655365
0.2220490276813507
0.2915385067462921
0.10569192469120026
0.15943643450737
0.12981855869293213
0.22418411076068878
0.2013721615076065
0.13098467886447906
0.12897931039333344
0.10066332668066025
0.0309575404971838
0.19738565385341644
0.18808290362358093
0.08208978176116943
0.1033998355269432
0.03373795002698898
0.2521183490753174
0.1332252323627472
0.006392030976712704
0.06406008452177048
0.09678146243095398
0.12224961817264557
0.13833360373973846
0.18928614258766174
0.17597322165966034
0.09503085911273956
0.100385382771492
0.08630046248435974
0.28600019216537476
0.13289399445056915
0.10156773775815964
0.0996590256690979
0.09560181945562363
0.17074796557426453
0.07534506916999817
0.40134963393211365
0.11066784709692001
0.14225143194198608
0.11268589645624161
0.07650492340326309
0.0038192663341760635
0.030322767794132233
0.1716466248035431
0.06998974829912186
0.20549216866493225
0.11130277067422867
0.099247045814991
0.08057866990566254
0.06227731332182884
0.20157234370708466
0.06939596682786942
0.030380619689822197
0.08857231587171555
0.22149550914764404
0.01666136458516121
0.21485009789466858
0.148769348859787
0.021525999531149864
0.14227686822414398
0.19862467050552368
0.14097200334072113
0.07152257859706879
0.09325482696294785
0.10560186207294464
0.11377034336328506
0.10692041367292404
0.09344691783189774
0.0422540046274662
0.11253134161233902
0.03996137157082558
0.14239832758903503
0.12754304707050323
0.12333878874778748
0.2293398082256317
0.04509361833333969
0.06389755010604858
0.1390702724456787
0.116702139377594
0.13541987538337708
0.09410809725522995
0.13935613632202148
0.16316518187522888
0.039340756833553314
0.10714744031429291
0.07935281097888947
0.0725918859243393
0.15956979990005493
0.15632402896881104
0.20753897726535797
0.03297722339630127
0.15335527062416077
0.19043058156967163
0.07623620331287384
0.1206587702035904
0.070464126765728
0.08829902112483978
0.018023863434791565
0.03475835919380188
0.21016088128089905
0.06717241555452347
0.19967056810855865
0.15203514695167542
0.09323891252279282
0.13904640078544617
0.14510414004325867
0.19579260051250458
0.07144326716661453
0.20196181535720825
0.1787148267030716
0.0464470311999321
0.058452069759368896
0.0748290941119194
0.004030708223581314
0.0630154088139534
0.04643493518233299
0.11262722313404083
0.24257758259773254
0.04722696170210838
0.25763365626335144
0.07778864353895187
0.08439690619707108
0.1446782499551773
0.04969054087996483
0.1494835615158081
0.05832210183143616
0.15729548037052155
0.2129080891609192
0.0923294648528099
0.21752512454986572
0.018743284046649933
0.14627672731876373
0.17193029820919037
0.10408257693052292
0.10478509962558746
0.09764255583286285
0.3007248044013977
0.03437406197190285
0.007232451345771551
0.04657254368066788
0.04278971254825592
0.03816621005535126
0.1125548928976059
0.11737948656082153
0.04600537568330765
0.008704153820872307
0.13738524913787842
0.08791014552116394
0.08961931616067886
0.12417271733283997
0.27287957072257996
0.09861496835947037
0.03754929453134537
0.07646159082651138
0.0903855413198471
0.014401684515178204
0.14268337190151215
0.05787010118365288
0.06481443345546722
0.08812375366687775
0.10188507288694382
0.038345642387866974
0.08458343893289566
0.0697418749332428
0.09059683978557587
0.003001703880727291
0.07764539867639542
0.1994704157114029
0.052681174129247665
0.0670560896396637
0.1962260752916336
0.12202448397874832
0.1038808822631836
0.19469965994358063
0.04592559486627579
0.08918385207653046
0.07211713492870331
0.08681851625442505
0.17045265436172485
0.07269584387540817
0.04862454906105995
0.1099356859922409
0.13540436327457428
0.1003965511918068
0.07004182040691376
0.12436980754137039
0.05781591311097145
0.04276431351900101
0.15239673852920532
0.1282658576965332
0.05673656612634659
0.11964385211467743
0.08919353038072586
0.0981786772608757
0.1511511504650116
0.08792562782764435
0.2177937775850296
0.08071306347846985
0.09940484166145325
0.03201461583375931
0.16874796152114868
0.04463682323694229
0.08233474940061569
0.15992024540901184
0.0004208018654026091
0.1582856923341751
0.21743689477443695
0.09408295899629593
0.09890376776456833
0.16497983038425446
0.034942641854286194
0.0734269991517067
0.14213861525058746
0.06314495205879211
0.04513303562998772
0.2234261929988861
0.17328079044818878
0.122226782143116
0.19079075753688812
0.05802975594997406
0.12184099853038788
0.03553101420402527
0.057148754596710205
0.03912073373794556
0.19164986908435822
0.12218683958053589
0.10270257294178009
0.05992751568555832
0.10658306628465652
0.07322883605957031
0.014966710470616817
0.08369724452495575
0.002656206488609314
0.18139411509037018
0.07960351556539536
0.04974573478102684
0.11460938304662704
0.08804240822792053
0.0965069904923439
0.21606042981147766
0.03641030937433243
0.03885190561413765
0.10713258385658264
0.05650929734110832
0.037453118711709976
0.09050552546977997
0.18240191042423248
0.05782953277230263
0.07567305862903595
0.07848316431045532
0.14945264160633087
0.14399132132530212
0.04921617731451988
0.06238643079996109
0.04829808697104454
0.08902060240507126
0.08844000846147537
0.15501487255096436
0.1038382351398468
0.18310584127902985
0.14141157269477844
0.03408634290099144
0.11707302182912827
0.05046957731246948
0.1549636870622635
0.24198894202709198
0.0665958970785141
0.07283257693052292
0.08937905728816986
0.1196838989853859
0.0608762763440609
0.12835033237934113
0.054595697671175
0.045564793050289154
0.14510086178779602
0.11318683624267578
0.18672771751880646
0.1254434436559677
0.21319468319416046
0.06621663272380829
0.13448922336101532
0.07650572061538696
0.2274017333984375
0.12789377570152283
0.1951630860567093
0.19101853668689728
0.11590392142534256
0.062038931995630264
0.13839340209960938
0.24174216389656067
0.0651625320315361
0.09433180838823318
0.044718462973833084
0.043486837297677994
0.1312895566225052
0.1690063327550888
0.09406223893165588
0.06755100935697556
0.15525032579898834
0.15738734602928162
0.06986737251281738
0.13453271985054016
0.022680064663290977
0.004686607979238033
0.060121022164821625
0.09661051630973816
0.09246959537267685
0.07072380185127258
0.04493970051407814
0.025676462799310684
0.08370475471019745
0.00574297271668911
0.09376056492328644
0.14852575957775116
0.037326741963624954
0.025073951110243797
0.1097961962223053
0.06438584625720978
0.12867920100688934
0.06761527061462402
0.09784606099128723
0.14182864129543304
0.046415288001298904
0.14993910491466522
0.1179676502943039
0.062450069934129715
0.4281075596809387
0.15694734454154968
0.12026835978031158
0.1672026515007019
0.03681052103638649
0.08200079202651978
0.09348620474338531
0.12223666906356812
0.176884725689888
0.1083143875002861
0.24042756855487823
0.07419818639755249
0.027166076004505157
0.022413192316889763
0.0917770117521286
0.1956784427165985
0.06082671135663986
0.1458207219839096
0.12431073188781738
0.12786054611206055
0.017270291224122047
0.08718034625053406
0.1251918226480484
0.0823027640581131
0.1863231062889099
0.08654552698135376
0.08970541507005692
0.09627515822649002
0.1122707799077034
0.013449413701891899
0.06023215502500534
0.1004466637969017
0.019609015434980392
0.07009916752576828
0.08919042348861694
0.12738873064517975
0.05362163856625557
0.041977737098932266
0.07073717564344406
0.22956761717796326
0.07502533495426178
0.056052275002002716
0.09858080744743347
0.10207981616258621
0.29938122630119324
0.20165300369262695
0.11249032616615295
0.08083613216876984
0.11674022674560547
0.10916326195001602
0.09264779835939407
0.3688708245754242
0.09407263249158859
0.04669341444969177
0.12708404660224915
0.06384628266096115
0.0560305155813694
0.080259308218956
0.15155129134655
0.17813226580619812
0.0400257334113121
0.02949516661465168
0.07665709406137466
0.07031115144491196
0.1704404205083847
0.11294615268707275
0.0473533570766449
0.04154055938124657
0.08750712126493454
0.20806531608104706
0.10464674234390259
0.17053541541099548
0.11373429000377655
0.05717100948095322
0.1563175469636917
0.07579761743545532
0.2453973889350891
0.08465515822172165
0.05822256579995155
0.07061542570590973
0.15183748304843903
0.13710880279541016
0.09785976260900497
0.1565122753381729
0.06173607334494591
0.14852996170520782
0.05809316411614418
0.17549540102481842
0.07618619501590729
0.06503161042928696
0.046007897704839706
0.11880695074796677
0.08760850131511688
0.1335134357213974
0.23112787306308746
0.33482375741004944
0.12424422800540924
0.07472206652164459
0.15072320401668549
0.27534008026123047
0.13397438824176788
0.2863617539405823
0.029717596247792244
0.19680577516555786
0.0362592488527298
0.04862280189990997
0.2095976322889328
0.041525647044181824
0.12892544269561768
0.07518883794546127
0.12188689410686493
0.021302156150341034
0.17065082490444183
0.1308385282754898
0.06399710476398468
0.09264913946390152
0.19429194927215576
0.33147895336151123
0.1178584098815918
0.14838430285453796
0.09400574117898941
0.1062338575720787
0.15378111600875854
0.16285964846611023
0.10918089747428894
0.17002035677433014
0.1841481775045395
0.03056311048567295
0.1129835695028305
0.12548241019248962
0.038687366992235184
0.06375329941511154
0.12519986927509308
0.04633508622646332
0.06961239874362946
0.10103338956832886
0.12505194544792175
0.06090894713997841
0.225994274020195
0.23725992441177368
0.07893698662519455
0.16072016954421997
0.03660088777542114
0.23531608283519745
0.06744090467691422
0.07864883542060852
0.07087428122758865
0.06182287260890007
0.11679980903863907
0.009114136919379234
0.14451031386852264
0.056479983031749725
0.11165361851453781
0.07601301372051239
0.14610880613327026
0.13184325397014618
0.09829270094633102
0.1345462203025818
0.053352002054452896
0.11770129948854446
0.1372065395116806
0.10014650225639343
0.07307595014572144
0.04053575173020363
0.08899471908807755
0.03685037046670914
0.1154135912656784
0.15747639536857605
0.09921394288539886
0.08909839391708374
0.02969849482178688
0.09690553694963455
0.4114723801612854
0.11533849686384201
0.020506462082266808
0.04846256971359253
0.0672910138964653
0.06964781135320663
0.12127041071653366
0.05778888240456581
0.22926189005374908
0.19493423402309418
0.10337461531162262
0.11081524938344955
0.14333775639533997
0.07672993093729019
0.05410720780491829
0.09082583338022232
0.15078774094581604
0.2223116010427475
0.11216898262500763
0.16683311760425568
0.17783969640731812
0.036587975919246674
0.05889095738530159
0.10318689048290253
0.08181198686361313
0.2808377146720886
0.35571083426475525
0.09948493540287018
0.18436011672019958
0.011637522839009762
0.13136935234069824
0.185188889503479
0.13267570734024048
0.13803412020206451
0.15876121819019318
0.07647570967674255
0.147342711687088
0.048513464629650116
0.2664624750614166
0.11605412513017654
0.12634070217609406
0.03939345106482506
0.06006518751382828
0.0838838443160057
0.0728694275021553
0.04977388307452202
0.07733386009931564
0.07327867299318314
0.05703100562095642
0.07202626764774323
0.07668239623308182
0.19782328605651855
0.0016416986472904682
0.13978959619998932
0.09069158881902695
0.08478748798370361
0.18560627102851868
0.06631089746952057
0.08777308464050293
0.19909176230430603
0.12739156186580658
0.1443970650434494
0.011886783875524998
0.1527787148952484
0.012223484925925732
0.0036772284656763077
0.405396044254303
0.03658055514097214
0.19998973608016968
0.0765116959810257
0.09925417602062225
0.21694667637348175
0.028541281819343567
0.13486476242542267
0.2168840765953064
0.1008363738656044
0.08436418324708939
0.08481571823358536
0.041879843920469284
0.19140209257602692
0.11022760719060898
0.04259805381298065
0.057650867849588394
0.22003041207790375
0.037603508681058884
0.05318932980298996
0.0810961201786995
0.0440937802195549
0.06993453949689865
0.0033032000064849854
0.08499071002006531
0.10106358677148819
0.10070323944091797
0.10706668347120285
0.03227931633591652
0.06825170665979385
0.21666887402534485
0.06501348316669464
0.08726243674755096
0.11199955642223358
0.15345880389213562
0.09332350641489029
0.012608638033270836
0.09109959006309509
0.0207636971026659
0.1460491269826889
0.07613023370504379
0.07050825655460358
0.13855470716953278
0.06967969238758087
0.10052118450403214
0.21354416012763977
0.0676233321428299
0.04433777928352356
0.08592850714921951
0.23979218304157257
0.08162858337163925
0.09312421828508377
0.015867924317717552
0.08786472678184509
0.13793157041072845
0.015552196651697159
0.05418414995074272
0.07670816034078598
0.035106975585222244
0.1693190485239029
0.09072867780923843
0.09111733734607697
0.12323214113712311
0.04655202478170395
0.3098621070384979
0.10984385758638382
0.05685398727655411
0.049567773938179016
0.0979846715927124
0.06260654330253601
0.22855044901371002
0.07032603025436401
0.11078129708766937
0.07750044018030167
0.0714753121137619
0.10016375780105591
0.06632114201784134
0.024546628817915916
0.12596003711223602
0.046356625854969025
0.08528125286102295
0.048851825296878815
0.1477574110031128
0.13703468441963196
0.17108289897441864
0.1030983105301857
0.07947574555873871
0.06932810693979263
0.1207377016544342
0.10919852554798126
0.16683492064476013
0.11345890909433365
0.06879395991563797
0.06698530167341232
0.09144606441259384
0.14332637190818787
0.21817365288734436
0.0359870046377182
0.133121520280838
0.08323048055171967
0.06305254995822906
0.09129519760608673
0.014183592051267624
0.14285407960414886
0.10840960592031479
0.002683504018932581
0.017032485455274582
0.05001101270318031
0.09536060690879822
0.1676061898469925
0.06133817136287689
0.1955908089876175
0.10620756447315216
0.23704403638839722
0.06440246850252151
0.07152731716632843
0.10674239695072174
0.1111438125371933
0.09078500419855118
0.00758868595585227
0.2332184910774231
0.026502778753638268
0.05230383947491646
0.007113912142813206
0.3316158950328827
0.09164690226316452
0.18951505422592163
0.11667341738939285
0.2469015121459961
0.1350080668926239
0.1671999841928482
0.06171809881925583
0.05494144558906555
0.11544651538133621
0.12808790802955627
0.06210430711507797
0.11826735734939575
0.14211247861385345
0.13399232923984528
0.1370551884174347
0.10786908864974976
0.2296302765607834
0.11501671373844147
0.03382827341556549
0.06435493379831314
0.12168198823928833
0.11818896979093552
0.05244538187980652
0.04835662245750427
0.1106942892074585
0.006797684356570244
0.1575184166431427
0.1575331687927246
0.16312864422798157
0.05594920367002487
0.09464406967163086
0.11996998637914658
0.026660576462745667
0.06581166386604309
0.11652226746082306
0.05414986237883568
0.10811739414930344
0.03866444155573845
0.1741095781326294
0.08123931288719177
0.12188119441270828
0.14385655522346497
0.025739271193742752
0.28875502943992615
0.08717826008796692
0.14861543476581573
0.09323906898498535
0.11021798849105835
0.07473018020391464
0.07920370995998383
0.014409455470740795
0.034687042236328125
0.10136222094297409
0.1388484090566635
0.09248850494623184
0.1509275585412979
0.09598934650421143
0.10225175321102142
0.12441418319940567
0.05128476396203041
0.09147318452596664
0.15707562863826752
0.10361580550670624
0.03642604872584343
0.13928449153900146
0.3000449538230896
0.20342399179935455
0.32626768946647644
0.04185419902205467
0.15277372300624847
0.08557724952697754
0.14350387454032898
0.08466648310422897
0.09015204757452011
0.08913899958133698
0.09944675862789154
0.21570320427417755
0.10666243731975555
0.18298448622226715
0.08316534757614136
0.07323106378316879
0.11755362153053284
0.08057260513305664
0.27669939398765564
0.11780862510204315
0.19526521861553192
0.22458527982234955
0.13299572467803955
0.12553666532039642
0.062460511922836304
0.11022962629795074
0.05911199748516083
0.11941772699356079
0.17221835255622864
0.103053517639637
0.15021085739135742
0.09718393534421921
0.14128850400447845
0.06371229887008667
0.07299509644508362
0.12369849532842636
0.027500908821821213
0.09996311366558075
0.13857726752758026
0.08679842948913574
0.11179199814796448
0.09815444052219391
0.07428564131259918
0.09112050384283066
0.03423997759819031
0.05043817311525345
0.0388653464615345
0.08649338036775589
0.08346191048622131
0.04745715856552124
0.06862688809633255
0.06491031497716904
0.09692266583442688
0.041110679507255554
0.1539890468120575
0.05062726140022278
0.032432109117507935
0.14065571129322052
0.0665578693151474
0.24977630376815796
0.0431583933532238
0.11195255815982819
0.048892345279455185
0.1626061052083969
0.25480586290359497
0.05970267206430435
0.0499265193939209
0.08150272816419601
0.06672722101211548
0.09349192678928375
0.052379101514816284
0.004360906779766083
0.04945509880781174
0.1070311889052391
0.0823935717344284
0.06828953325748444
0.10548216104507446
0.30529654026031494
0.0917438343167305
0.09508876502513885
0.19365613162517548
0.3295096457004547
0.1191127672791481
0.05712373927235603
0.015037618577480316
0.12109696865081787
0.035979337990283966
0.1472085565328598
0.0332513228058815
0.10372542589902878
0.14028537273406982
0.03433936461806297
0.15504468977451324
0.12426309287548065
0.08739619702100754
0.07182015478610992
0.09669172018766403
0.1079389750957489
0.11104059964418411
0.0424862764775753
0.1054757609963417
0.02471211925148964
0.10501173138618469
0.2462189644575119
0.11398840695619583
0.0595599040389061
0.13150742650032043
0.14334629476070404
0.18011628091335297
0.08744430541992188
0.08724507689476013
0.10947641730308533
0.10367580503225327
0.05680447444319725
0.1047472208738327
0.0421106331050396
0.09375754743814468
0.027465295046567917
0.05248500406742096
0.09372442960739136
0.36957812309265137
0.21465030312538147
0.15113136172294617
0.1255049854516983
0.09193693846464157
0.1128469780087471
0.012014802545309067
0.19930793344974518
0.1464432328939438
0.1295635849237442
0.06309061497449875
0.10096316039562225
0.1478593349456787
0.1288132220506668
0.059178948402404785
0.09323820471763611
0.19967953860759735
0.10634789615869522
0.09349007904529572
0.08607824146747589
0.20500020682811737
0.08406445384025574
0.1291712075471878
0.08203250169754028
0.20550459623336792
0.09585679322481155
0.1372637301683426
0.1545276939868927
0.07948841899633408
0.09007655829191208
0.05454261600971222
0.03989877551794052
0.06847038120031357
0.057420920580625534
0.10140915960073471
0.06624509394168854
0.11629660427570343
0.11686526238918304
0.1172986701130867
0.18501543998718262
0.2811012864112854
0.08874967694282532
0.10584874451160431
0.15337446331977844
0.13438428938388824
0.10017220675945282
0.16052836179733276
0.10838272422552109
0.11472472548484802
0.043822478502988815
0.0018631163984537125
0.12649162113666534
0.08412279933691025
0.1769711971282959
0.09182459861040115
0.24054478108882904
0.3318750560283661
0.12664012610912323
0.10028529912233353
0.11867710947990417
0.07422205805778503
0.11764281988143921
0.07523968070745468
0.05279064178466797
0.125557079911232
0.04589424654841423
0.09343945980072021
0.026854876428842545
0.13161438703536987
0.05282454937696457
0.07768464833498001
0.057392776012420654
0.14142785966396332
0.025341426953673363
0.0929083302617073
0.037001777440309525
0.3365519344806671
0.0999157577753067
0.07229925692081451
0.0791914239525795
0.2354288548231125
0.13936470448970795
0.06606040894985199
0.1327315717935562
0.12274120002985
0.1120585948228836
0.0678883045911789
0.1465625762939453
0.11639560759067535
0.3281737267971039
0.23214930295944214
0.15922348201274872
0.14749588072299957
0.11483501642942429
0.09693503379821777
0.08493676781654358
0.11513179540634155
0.09989934414625168
0.11196552962064743
0.05755447596311569
0.10418513417243958
0.1927076280117035
0.05353093519806862
0.12780912220478058
0.04142732173204422
0.1646091639995575
0.08025564253330231
0.0472407191991806
0.029211699962615967
0.06423705816268921
0.12499706447124481
0.11754729598760605
0.10337492823600769
0.1487274169921875
0.1090528592467308
0.14057336747646332
0.16968172788619995
0.004610429517924786
0.10137147456407547
0.05369950085878372
0.03890232369303703
0.10631559789180756
0.10966575890779495
0.07227648794651031
0.11677175760269165
0.16851498186588287
0.15745209157466888
0.08131629973649979
0.06374435871839523
0.30147191882133484
0.0895690843462944
0.11576803028583527
0.16308480501174927
0.040321603417396545
0.143576979637146
0.04912835359573364
0.2086455523967743
0.15062616765499115
0.11111679673194885
0.027793552726507187
0.07500719279050827
0.08446447551250458
0.08028439432382584
0.09257323294878006
0.06797662377357483
0.1863664984703064
0.04490817338228226
0.13154646754264832
0.060375627130270004
0.12751729786396027
0.11069254577159882
0.21554498374462128
0.19431418180465698
0.315294474363327
0.06044471636414528
0.074276402592659
0.13421252369880676
0.0915532261133194
0.138187438249588
0.048411596566438675
0.0225871279835701
0.16812972724437714
0.1489184945821762
0.05085993930697441
0.01708686724305153
0.1147814616560936
0.05740447714924812
0.10086556524038315
0.003900617826730013
0.07906198501586914
0.20327772200107574
0.24142567813396454
0.18498514592647552
0.017256909981369972
0.016764646396040916
0.08210718631744385
0.11485685408115387
0.14578600227832794
0.13944874703884125
0.1592164933681488
0.13109654188156128
0.07951565831899643
0.0794699490070343
0.09746527671813965
0.18039342761039734
0.039697661995887756
0.15292707085609436
0.010361487045884132
0.11106523126363754
0.06638748943805695
0.004232605453580618
0.08072993904352188
0.1679418683052063
0.13140688836574554
0.007848256267607212
0.04273131117224693
0.058735888451337814
0.0630483403801918
0.10256461054086685
0.05743829533457756
0.11788634210824966
0.03321409970521927
0.0804942324757576
0.19992059469223022
0.3139451742172241
0.23562714457511902
0.07230976223945618
0.05387550964951515
0.17219364643096924
0.05891212075948715
0.09282918274402618
0.15814770758152008
0.06565961241722107
0.07298388332128525
0.049636803567409515
0.0490894690155983
0.07341551780700684
0.0914449691772461
0.06690475344657898
0.11866576224565506
0.05031688138842583
0.12010922282934189
0.08889549970626831
0.13403105735778809
0.10200700908899307
0.09723903238773346
0.12512657046318054
0.12419828772544861
0.09063536673784256
0.05285562202334404
0.0479777567088604
0.08003726601600647
0.025706440210342407
0.1829742044210434
0.134676992893219
0.1084727868437767
0.06735838204622269
0.08761873096227646
0.0043928250670433044
0.12149026244878769
0.22062912583351135
0.04052574932575226
0.0715041533112526
0.06259304285049438
0.09341322630643845
0.11066048592329025
0.10643687844276428
0.12692201137542725
0.08332691341638565
0.026265015825629234
0.08529749512672424
0.071413554251194
0.11699331551790237
0.12954798340797424
0.030017172917723656
0.09262023121118546
0.10209806263446808
0.122429259121418
0.14232033491134644
0.14598539471626282
0.15951994061470032
0.0006621555075980723
0.04966115206480026
0.06563333421945572
0.06267169862985611
0.10638284683227539
0.027817191556096077
0.10379299521446228
0.1148521900177002
0.014522852376103401
0.10054406523704529
0.09475453197956085
0.13571111857891083
0.07733625918626785
0.1187715157866478
0.1178511306643486
0.08013540506362915
0.11886903643608093
0.13316716253757477
0.05381867289543152
0.027231190353631973
0.12991315126419067
0.06810299307107925
0.10597237199544907
0.1438864767551422
0.15302255749702454
0.0618366040289402
0.10997933894395828
0.11433196812868118
0.15205858647823334
0.06134948134422302
0.035943493247032166
0.11942194402217865
0.08013273775577545
0.05300776660442352
0.04646291956305504
0.0583190992474556
0.08110011368989944
0.02671603299677372
0.11344842612743378
0.0744854211807251
0.07073298841714859
0.13109154999256134
0.32520782947540283
0.07201419025659561
0.09577157348394394
0.11384574323892593
0.12635794281959534
0.1204511821269989
0.29018405079841614
0.060934823006391525
0.22029513120651245
0.08926636725664139
0.07171217352151871
0.06016524136066437
0.05576895549893379
0.16583314538002014
0.06898834556341171
0.5061234831809998
0.05946280062198639
0.16199320554733276
0.12641489505767822
0.09456462413072586
0.058280397206544876
0.03815058618783951
0.14683377742767334
0.06824114918708801
0.11520455032587051
0.12574836611747742
0.0952712893486023
0.04815048724412918
0.12966230511665344
0.11852864176034927
0.006776412017643452
0.10443133115768433
0.10556052625179291
0.09078244864940643
0.08479857444763184
0.09880691766738892
0.1514708697795868
0.2709001302719116
0.45208004117012024
0.150656059384346
0.2345665991306305
0.05978195369243622
0.15680544078350067
0.08477503806352615
0.1595122367143631
0.04144410789012909
0.017618151381611824
0.09150957316160202
0.15082485973834991
0.15182162821292877
0.05821039527654648
0.08610080927610397
0.005541322752833366
0.03738536313176155
0.16211596131324768
0.09530477970838547
0.10527586191892624
0.12421266734600067
0.1800425946712494
0.031324345618486404
0.12536108493804932
0.13654136657714844
0.006698247976601124
0.45688891410827637
0.08279331773519516
0.0903635174036026
0.10777710378170013
0.04308024048805237
0.05049239099025726
0.05168381705880165
0.1341414451599121
0.07204637676477432
0.11640915274620056
0.17688767611980438
0.01998176798224449
0.06651268899440765
0.014430359937250614
0.15186454355716705
0.1528385430574417
0.09615854918956757
0.10070457309484482
0.0748261883854866
0.09085962921380997
0.10193351656198502
0.26108983159065247
0.05494353175163269
0.06771799176931381
0.13227979838848114
0.0315299816429615
0.15305942296981812
0.04103907570242882
0.03686537966132164
0.14485685527324677
0.08108682185411453
0.1143232211470604
0.052947547286748886
0.12676739692687988
0.0417996346950531
0.06425900012254715
0.09938278049230576
0.10814797878265381
0.06126062572002411
0.08547406643629074
0.08904731273651123
0.10828284174203873
0.0022007531952112913
0.1061149388551712
0.1255590170621872
0.027477053925395012
0.05350082367658615
0.06306034326553345
0.07172362506389618
0.08794517815113068
0.10706071555614471
0.18074731528759003
0.08080931752920151
0.08688507974147797
0.14020994305610657
0.09824741631746292
0.11337603628635406
0.04861488565802574
0.10015694051980972
0.04589790478348732
0.046653762459754944
0.14415311813354492
0.3181867003440857
0.07053279876708984
0.14561070501804352
0.08235783129930496
0.051090288907289505
0.11280731111764908
0.04323700815439224
0.05624900385737419
0.054264169186353683
0.07729621976613998
0.04641081020236015
0.11629926413297653
0.05156286433339119
0.024819348007440567
0.09776636958122253
0.10164902359247208
0.07671142369508743
0.1402977555990219
0.041788745671510696
0.05138318985700607
0.04716283082962036
0.0007778913131915033
0.06449555605649948
0.11601496487855911
0.10266651213169098
0.059714049100875854
0.000919584184885025
0.05627545341849327
0.06368973851203918
0.03445865586400032
0.12372734397649765
0.046805255115032196
0.05303917080163956
0.03687853738665581
0.1409873217344284
0.09088554978370667
0.07050321251153946
0.05681976303458214
0.024143407121300697
0.09801998734474182
0.06254813820123672
0.042092882096767426
0.07994066923856735
0.06120689958333969
0.06920050084590912
0.041727494448423386
0.08330265432596207
0.08046078681945801
0.14353176951408386
0.08344390243291855
0.1085263341665268
0.07404448091983795
0.030150974169373512
0.12057149410247803
0.01944139413535595
0.09198886901140213
0.07438298314809799
0.0480571910738945
0.07703438401222229
0.08205270767211914
0.04958569258451462
0.0014838383067399263
0.23030556738376617
0.03683629631996155
0.23567309975624084
0.050495393574237823
0.03231377154588699
0.10298888385295868
0.0152332978323102
0.11977820843458176
0.047943878918886185
0.13458183407783508
0.0621643029153347
0.17965562641620636
0.07593166083097458
0.03662192448973656
0.19152607023715973
0.1543641835451126
0.17555353045463562
0.20231996476650238
0.20303389430046082
0.23315927386283875
0.02656390517950058
0.06587497144937515
0.06370246410369873
0.035000018775463104
0.2880425751209259
0.060295600444078445
0.055377326905727386
0.004942886997014284
0.0679948478937149
0.06957472860813141
0.1314535290002823
0.14133287966251373
0.18027393519878387
0.23705734312534332
0.03327237442135811
0.17338037490844727
0.09859941154718399
0.0849943459033966
0.2605779767036438
0.21225830912590027
0.0849829837679863
0.11300603300333023
0.09926848113536835
0.10930312424898148
0.12000986933708191
0.05704816058278084
0.11309817433357239
0.07745029777288437
0.12506957352161407
0.14444255828857422
0.10032215714454651
0.0718224048614502
0.11422213166952133
0.08694779872894287
0.0008538037654943764
0.02614578790962696
0.24074526131153107
0.07016470283269882
0.08290988206863403
0.10250913351774216
0.13837029039859772
0.1602402925491333
0.001959261018782854
0.18914179503917694
0.17375566065311432
0.06195170804858208
0.1296629160642624
0.1033320426940918
0.1059914380311966
0.010514061897993088
0.2707362771034241
0.09462518990039825
0.08299899101257324
0.06039845570921898
0.131480410695076
0.032283715903759
0.1286437213420868
0.07077240198850632
0.032574255019426346
0.2781047224998474
0.11357603222131729
0.17299357056617737
0.06425807625055313
0.09698978066444397
0.05977002531290054
0.12601633369922638
0.13724581897258759
0.10605916380882263
0.04516220837831497
0.037275176495313644
0.136175274848938
0.04542361944913864
0.01738857664167881
0.04973042756319046
0.022552672773599625
0.1676739901304245
0.05144838988780975
0.10828899592161179
0.05282718315720558
0.10924434661865234
0.06501604616641998
0.0012867479817941785
0.16477295756340027
0.07197493314743042
0.06305279582738876
0.15264111757278442
0.2464371770620346
0.15724797546863556
0.034262169152498245
0.11374050378799438
0.04456396400928497
0.06475110352039337
0.08877259492874146
0.06292304396629333
0.03411245346069336
0.12477943301200867
0.09980490803718567
0.029597492888569832
0.07182611525058746
0.03383738547563553
0.1229393482208252
0.11785430461168289
0.05855010077357292
0.04422639682888985
0.0020554224029183388
0.022250903770327568
0.11387437582015991
0.042629413306713104
0.1124650314450264
0.1598268449306488
0.06005517765879631
0.08636502921581268
0.2717065215110779
0.0575445294380188
0.08833912760019302
0.006247438956052065
0.054321397095918655
0.17193490266799927
0.002118575619533658
0.06190434843301773
0.04893156886100769
0.17516230046749115
0.03181985393166542
0.049208033829927444
0.020231498405337334
0.015267882496118546
0.07585892826318741
0.04614743962883949
0.1558959186077118
0.12503819167613983
0.10795102268457413
0.04255286604166031
0.05009708181023598
0.18279413878917694
0.1361105889081955
0.1507449895143509
0.12607309222221375
0.2712893486022949
0.21310488879680634
0.09229075163602829
0.07586255669593811
0.08262734860181808
0.0559324249625206
0.20915469527244568
0.17439106106758118
0.12053078413009644
0.11413858085870743
0.09320046007633209
0.21772798895835876
0.045248325914144516
0.033496253192424774
0.12906458973884583
0.18017259240150452
0.20053568482398987
0.06805577874183655
0.032836657017469406
0.0680207833647728
0.1738479882478714
0.1091257855296135
0.09197612851858139
0.09077618271112442
0.048258326947689056
0.08389601856470108
0.317037433385849
0.05415643751621246
0.002269050572067499
0.10244125127792358
0.09082580357789993
0.15573832392692566
0.12571458518505096
0.05799341946840286
0.06698749214410782
0.1114741861820221
0.11807895451784134
0.15449738502502441
0.07561787962913513
0.061586543917655945
0.061224162578582764
0.08989883214235306
0.12125242501497269
0.12940895557403564
0.14174991846084595
0.16812729835510254
0.08000867813825607
0.09930259734392166
0.052582692354917526
0.06322996318340302
0.11852839589118958
0.14588536322116852
0.11605938524007797
0.0755460113286972
0.14814062416553497
0.034667495638132095
0.06964905560016632
0.31091615557670593
0.08865685760974884
0.07715049386024475
0.19778349995613098
0.4132746160030365
0.12773855030536652
0.13933929800987244
0.21860212087631226
0.24921934306621552
0.22938935458660126
0.01458428893238306
0.11927493661642075
0.19971677660942078
0.07728183269500732
0.12044025957584381
0.08985738456249237
0.25669795274734497
0.14312738180160522
0.11864360421895981
0.02968122810125351
0.2910977900028229
0.06991290301084518
0.1697925180196762
0.024235639721155167
0.0689515620470047
0.09083828330039978
0.045853905379772186
0.0035821287892758846
0.11420411616563797
0.19168053567409515
0.061972010880708694
0.15489645302295685
0.14908897876739502
0.08824814110994339
0.1362377405166626
0.06373225897550583
0.2879388928413391
0.144887313246727
0.1491912305355072
0.06590860337018967
0.07286478579044342
0.04338541254401207
0.05310250073671341
0.21509572863578796
0.3060176372528076
0.2341926544904709
0.015988744795322418
0.09134048223495483
0.15953294932842255
0.0136240990832448
0.13142076134681702
0.2630736827850342
0.13450871407985687
0.17303414642810822
0.037701256573200226
0.12447023391723633
0.20135559141635895
0.09966762363910675
0.0645340159535408
0.07865744084119797
0.14861449599266052
0.14727245271205902
0.1682792603969574
0.0037939269095659256
0.06639976054430008
0.03335096687078476
0.10383820533752441
0.18675613403320312
0.04290902614593506
0.02574801817536354
0.2512824535369873
0.060178715735673904
0.05188671126961708
0.09085914492607117
0.12388641387224197
0.13265804946422577
0.16015523672103882
0.08837300539016724
0.0031441603787243366
0.06646333634853363
0.04626604914665222
0.07266709953546524
0.0677201971411705
0.09582063555717468
0.07208859175443649
0.0825715884566307
0.052545882761478424
0.11063067615032196
0.0732617974281311
0.12751086056232452
0.06851056218147278
0.0639796331524849
0.06238646060228348
0.11850941926240921
0.24558982253074646
0.14404699206352234
0.12927983701229095
0.12816305458545685
0.09791340678930283
0.019149087369441986
0.10919933021068573
0.10316148400306702
0.12745784223079681
0.11981882899999619
0.15712536871433258
0.12039019167423248
0.23124219477176666
0.05102561041712761
0.19914117455482483
0.07687754929065704
0.20236293971538544
0.09783388674259186
0.15490484237670898
0.05419588088989258
0.0529363714158535
0.05538705736398697
0.21003186702728271
0.07183165848255157
0.10739865154027939
0.17418362200260162
0.11274876445531845
0.15285000205039978
0.11643370985984802
0.10979777574539185
0.07832721620798111
0.16713540256023407
0.11547153443098068
0.18102192878723145
0.12315063923597336
0.1287110447883606
0.1470673382282257
0.11107335984706879
0.0585048571228981
0.21035313606262207
0.06381610780954361
0.30606359243392944
0.08509612828493118
0.0738229975104332
0.018786363303661346
0.14976656436920166
0.09825211763381958
0.06606966257095337
0.10269709676504135
0.04243025183677673
0.14470718801021576
0.05122121796011925
0.011096695438027382
0.11955217272043228
0.05163729190826416
0.12633177638053894
0.11076648533344269
0.15618005394935608
0.06624287366867065
0.06892035156488419
0.1065758466720581
0.14041106402873993
0.1321200132369995
0.17269814014434814
0.05479484051465988
0.20135238766670227
0.052682578563690186
0.1328539252281189
0.07574827969074249
0.031563982367515564
0.14141257107257843
0.08304908871650696
0.19214703142642975
0.07006341964006424
0.044247038662433624
0.04862062260508537
0.09394334256649017
0.17848123610019684
0.09321294724941254
0.09868209064006805
0.011919445358216763
0.18915221095085144
0.0665978491306305
0.023490561172366142
0.23844073712825775
0.1123475506901741
0.11051890254020691
0.06509380042552948
0.0657462403178215
0.06882728636264801
0.122467041015625
0.18161018192768097
0.15709637105464935
0.08820950984954834
0.12200500816106796
0.11595231294631958
0.05497413128614426
0.1544603705406189
0.053814832121133804
0.023670045658946037
0.10622873157262802
0.08013094961643219
0.14424826204776764
0.08362819999456406
0.07103589922189713
0.19910874962806702
0.10541266947984695
0.07505781948566437
0.2144365906715393
0.15629297494888306
0.11270368844270706
0.25841355323791504
0.1244361624121666
0.05618946999311447
0.13522842526435852
0.15765944123268127
0.15419624745845795
0.0034567322582006454
0.09363523125648499
0.1829657405614853
0.08356747031211853
0.07873056828975677
0.10840766131877899
0.05056210979819298
0.12689635157585144
0.08030953258275986
0.18102186918258667
0.14477990567684174
0.035950079560279846
0.03572459518909454
0.15699492394924164
0.05936992168426514
0.17943494021892548
0.08102281391620636
0.1250854879617691
0.16031210124492645
0.0030040359124541283
0.0559258870780468
0.011701177805662155
0.1874302327632904
0.07165613770484924
0.016557062044739723
0.14865051209926605
0.14229562878608704
0.07231438159942627
0.10532674938440323
0.08939199149608612
0.19201219081878662
0.22905120253562927
0.09570137411355972
0.07809009402990341
0.09485327452421188
0.029636988416314125
0.11719419807195663
0.055615320801734924
0.0791311264038086
0.10149704664945602
0.11164750158786774
0.13701634109020233
0.07287318259477615
0.06414178758859634
0.3708459734916687
0.05401020497083664
0.10573557764291763
0.08210189640522003
0.10635855048894882
0.08967628329992294
0.09392476081848145
0.06830067187547684
0.05346604436635971
0.05264252424240112
0.05122298374772072
0.09748958796262741
0.10365653038024902
0.1117795780301094
0.04335794597864151
0.03673139959573746
0.09796416759490967
0.07643129676580429
0.10287970304489136
0.1828964650630951
0.0005469220341183245
0.04915456846356392
0.06766076385974884
0.12392576783895493
0.045634061098098755
0.07773414254188538
0.10092811286449432
0.20378124713897705
0.09830999374389648
0.06647292524576187
0.04741578549146652
0.17099882662296295
0.059965215623378754
0.08043790608644485
0.02964397333562374
0.10650747269392014
0.016307614743709564
0.07233142107725143
0.08742185682058334
0.027204615995287895
0.06443025171756744
0.05579133704304695
0.07082419842481613
0.20138970017433167
0.07986057549715042
0.11382719874382019
0.08191999793052673
0.12647545337677002
0.03529837727546692
0.09094797074794769
0.05492473021149635
0.19851677119731903
0.06501654535531998
0.07028739154338837
0.12531577050685883
0.06742757558822632
0.09050856530666351
0.08791001886129379
0.08048346638679504
0.04805050045251846
0.20622597634792328
0.17876282334327698
0.03436334431171417
0.15824270248413086
0.0055267224088311195
0.15486501157283783
0.07341327518224716
0.08138511329889297
0.09220067411661148
0.23498627543449402
0.1007608100771904
0.24276305735111237
0.04781978949904442
0.10300542414188385
0.0977775976061821
0.041044726967811584
0.1430046111345291
0.15753842890262604
0.31446442008018494
0.06562499701976776
0.043886348605155945
0.07686921954154968
0.12239273637533188
0.10870099067687988
0.26249364018440247
0.058582428842782974
0.111953504383564
0.08324489742517471
0.11227625608444214
0.03659885749220848
0.03140772506594658
0.10826816409826279
0.14929471909999847
0.027402393519878387
0.19385626912117004
0.10248779505491257
0.09760668873786926
0.1610582172870636
0.14121457934379578
0.08756916970014572
0.10818538069725037
0.06082227826118469
0.08614400774240494
0.08951935917139053
0.3141438663005829
0.04076447710394859
0.05926436185836792
0.010776800103485584
0.058579787611961365
0.08075295388698578
0.07147578150033951
0.10947079211473465
0.05598922818899155
0.018499016761779785
0.1362374722957611
0.05897299572825432
0.09407784044742584
0.12446630746126175
0.17883069813251495
0.05165092647075653
0.15393847227096558
0.04880603775382042
0.13581737875938416
0.16347680985927582
0.06725078821182251
0.17941191792488098
0.001584173645824194
0.049136292189359665
0.09677476435899734
0.13480326533317566
0.0487845204770565
0.03654813766479492
0.0855509489774704
0.06140963360667229
0.10013269633054733
0.07504207640886307
0.047520704567432404
0.12826724350452423
0.03163592517375946
0.13026584684848785
0.05812550336122513
0.10865813493728638
0.007353133987635374
0.08326659351587296
0.05429096519947052
0.09118364751338959
0.1171441301703453
0.11537746340036392
0.19297577440738678
0.10717116296291351
0.06431985646486282
0.16687844693660736
0.11067715287208557
0.22703248262405396
0.07824896275997162
0.033569347113370895
0.12510329484939575
0.0413825623691082
0.03168735280632973
0.049088142812252045
0.07159686088562012
0.003925909288227558
0.09643380343914032
0.13563890755176544
0.15186171233654022
0.11727665364742279
0.061799317598342896
0.11893800646066666
0.028126271441578865
0.11353267729282379
0.09479843080043793
0.1635822355747223
0.05491994321346283
0.024254759773612022
0.03848046809434891
0.1262899786233902
0.05209316313266754
0.03950802981853485
0.06662806868553162
0.05787628889083862
0.062322091311216354
0.14453890919685364
0.0009318068623542786
0.06482096761465073
0.039767488837242126
0.11928649246692657
0.10946600139141083
0.07192184031009674
0.06909192353487015
0.10935820639133453
0.011312682181596756
0.032182835042476654
0.030538151040673256
0.06518317759037018
0.10260707139968872
0.23383955657482147
0.09126900136470795
0.05875372886657715
0.12518000602722168
0.044382259249687195
0.062052641063928604
0.06908256560564041
0.21230415999889374
0.029728299006819725
0.08637814968824387
0.008294486440718174
0.03502500802278519
0.045008815824985504
0.167942613363266
0.10986839979887009
0.11525857448577881
0.1636296808719635
0.15624193847179413
0.10084515064954758
0.002136858180165291
0.1046079695224762
0.060438692569732666
0.10245303809642792
0.22116719186306
0.0687972903251648
0.1451779305934906
0.06432609260082245
0.11342408508062363
0.05068809911608696
0.10032248497009277
0.11895428597927094
0.042557451874017715
0.1021454930305481
0.09929482638835907
0.025116905570030212
0.026166178286075592
0.14727503061294556
0.11952342092990875
0.06064865365624428
0.054867081344127655
0.022954443469643593
0.10792876780033112
0.005807064473628998
0.06500638276338577
0.040455058217048645
0.09953413158655167
0.17391636967658997
0.14097145199775696
0.08466893434524536
0.05326182395219803
0.037226200103759766
0.07808537036180496
0.10672647505998611
0.07220349460840225
0.05521569773554802
0.06876157969236374
0.2126997411251068
0.12170543521642685
0.15794400870800018
0.10312986373901367
0.2331567257642746
0.016537893563508987
0.1484815627336502
0.07876934111118317
0.19365455210208893
0.34016481041908264
0.1218685433268547
0.03450837731361389
0.08260753750801086
0.06117050722241402
0.13294176757335663
0.07669960707426071
0.09394070506095886
0.2027568221092224
0.047742731869220734
0.08066284656524658
0.025376731529831886
0.044198859483003616
0.023720264434814453
0.042911726981401443
0.05168984830379486
0.09450796246528625
0.20297706127166748
0.10664725303649902
0.03467399254441261
0.04415592923760414
0.04484351724386215
0.08428391814231873
0.394787460565567
0.12745484709739685
0.08737489581108093
0.09520329535007477
0.09077063947916031
0.09255672991275787
0.14210747182369232
0.1995692402124405
0.07880110293626785
0.04957639053463936
0.1348215490579605
0.09987973421812057
0.03826437518000603
0.0049439058639109135
0.18165108561515808
0.04448283091187477
0.04640071466565132
0.11435084044933319
0.11490751057863235
0.08174657076597214
0.0731450542807579
0.07032130658626556
0.019566502422094345
0.11444733291864395
0.061541493982076645
0.04618457704782486
0.061379630118608475
0.06429092586040497
0.006544201634824276
0.09958308935165405
0.11876954883337021
0.054409511387348175
0.1547563523054123
0.10717258602380753
0.011731025762856007
0.2300899177789688
0.10881900787353516
0.016721086576581
0.08574575930833817
0.09054818749427795
0.033666420727968216
0.02829551137983799
0.11580862104892731
0.04669955372810364
0.06961430609226227
0.025432823225855827
0.09383648633956909
0.0635184645652771
0.07826980203390121
0.06806494295597076
0.09065999835729599
0.09276490658521652
0.11381848901510239
0.01684241183102131
0.053409140557050705
0.1347716748714447
0.09993690252304077
0.13431178033351898
0.18433207273483276
0.02096712589263916
0.08402585238218307
0.12858141958713531
0.05984403192996979
0.07012970745563507
0.01923295296728611
0.06847549974918365
0.08483947068452835
0.019409997388720512
0.03721633926033974
0.07076253741979599
0.04665612801909447
0.11303405463695526
0.07371801137924194
0.044446829706430435
0.04818445071578026
0.2625768780708313
0.044124528765678406
0.14701330661773682
0.09421773999929428
0.09257657825946808
0.04751092195510864
0.1285516321659088
0.034704506397247314
0.10796372592449188
0.23539498448371887
0.0386214479804039
0.12686344981193542
0.13073746860027313
0.034848861396312714
0.07455486059188843
0.06799773126840591
0.3745012581348419
0.1537386178970337
0.05144703760743141
0.2723926305770874
0.07686667144298553
0.03160010650753975
0.08361887186765671
0.10090644657611847
0.059226978570222855
0.15661673247814178
0.3696896731853485
0.08384819328784943
0.10350188612937927
0.08986160904169083
0.036920011043548584
0.05637287348508835
0.19737742841243744
0.16000106930732727
0.27873629331588745
0.08134611696004868
0.22596408426761627
0.05037606880068779
0.1329147219657898
0.08954048901796341
0.1351105272769928
0.09743588417768478
0.02929360419511795
0.05952930077910423
0.07999201118946075
0.07390852272510529
0.0015640165656805038
0.06320110708475113
0.06429930031299591
0.11710339784622192
0.0629999116063118
0.09914879500865936
0.1464162915945053
0.10195234417915344
0.12897956371307373
0.31731221079826355
0.0939028263092041
0.1051446869969368
0.05677769333124161
0.023792913183569908
0.0009000562131404877
0.15862959623336792
0.06223974749445915
0.04516851156949997
0.27065032720565796
0.05968714505434036
0.07446780055761337
0.05663884058594704
0.12264833599328995
0.13296619057655334
0.11568703502416611
0.11284766346216202
0.11389971524477005
0.077308289706707
0.06385956704616547
0.06780992448329926
0.09720424562692642
0.07489416003227234
0.033834122121334076
0.07633799314498901
0.014295084401965141
0.07237932085990906
0.10212381929159164
0.10454472154378891
0.11287187784910202
0.1118619367480278
0.0942961722612381
0.19388237595558167
0.03768312931060791
0.04425745829939842
0.14437924325466156
0.11537949740886688
0.13415385782718658
0.2337687760591507
0.04588453471660614
0.10391025245189667
0.13242346048355103
0.08458103984594345
0.057058047503232956
0.06467010080814362
0.10426207631826401
0.08850850909948349
0.06260635703802109
0.04537932574748993
0.16876301169395447
0.13559752702713013
0.1507803052663803
0.1550952047109604
0.11231496930122375
0.09911341220140457
0.10139776766300201
0.05572555959224701
0.07521843910217285
0.11890458315610886
0.11942655593156815
0.07725409418344498
0.1424122154712677
0.03798992559313774
0.0893629863858223
0.019213050603866577
0.03733581304550171
0.05170900374650955
0.16388343274593353
0.10547191649675369
0.011728084646165371
0.09929464757442474
0.06370101869106293
0.06516347080469131
0.11144990473985672
0.14894482493400574
0.042555421590805054
0.09663775563240051
0.046097707003355026
0.08509860932826996
0.052510540932416916
0.13893432915210724
0.13575875759124756
0.08869315683841705
0.08928318321704865
0.10022081434726715
0.03180213272571564
0.022777937352657318
0.01926814578473568
0.4261121451854706
0.14530536532402039
0.07902458310127258
0.19157357513904572
0.031543441116809845
0.06406252831220627
0.13766798377037048
0.05148651823401451
0.0562615841627121
0.044847313314676285
0.13930101692676544
0.11962475627660751
0.07618999481201172
0.10853002965450287
0.12196888774633408
0.10265057533979416
0.13365057110786438
0.13395114243030548
0.035510364919900894
0.10172957926988602
0.1891903281211853
0.056648556143045425
0.09460508823394775
0.06931272149085999
0.14586979150772095
0.0688580796122551
0.0013727106852456927
0.05725372955203056
0.10006572306156158
0.1350145787000656
0.1843632459640503
0.055969297885894775
0.11462395638227463
0.1993393748998642
0.26301342248916626
0.07162265479564667
0.14627444744110107
0.04548454284667969
0.037237413227558136
0.03900769352912903
0.05919328331947327
0.10821864008903503
0.07306378334760666
0.10334330052137375
0.08913807570934296
0.12517644464969635
0.0876508504152298
0.1533910185098648
0.04659368097782135
0.1073523759841919
0.05564611405134201
0.12428994476795197
0.05054599419236183
0.0977015569806099
0.06296984106302261
0.09725452959537506
0.07270848751068115
0.29910528659820557
0.04525626078248024
0.03609714284539223
0.20239920914173126
0.14998972415924072
0.22504153847694397
0.07183218002319336
0.11250516027212143
0.0998740941286087
0.08102542906999588
0.07354791462421417
0.11582564562559128
0.08561765402555466
0.10844890773296356
0.047969311475753784
0.11367655545473099
0.21298696100711823
0.10079661011695862
0.08219065517187119
0.18882782757282257
0.11854937672615051
0.10273651033639908
0.16029173135757446
0.08636955171823502
0.08133792877197266
0.004127521999180317
0.07005223631858826
0.025930063799023628
0.12300240248441696
0.0983361080288887
0.09870710968971252
0.14172275364398956
0.15893098711967468
0.05996778979897499
0.15866705775260925
0.054182637482881546
0.05288765951991081
0.13947823643684387
0.06552305817604065
0.06091652810573578
0.18593287467956543
0.14565922319889069
0.116216279566288
0.14467927813529968
0.1754840910434723
0.071579709649086
0.09740550816059113
0.11682198941707611
0.06927904486656189
0.0479985736310482
0.08168350905179977
0.08608152717351913
0.023342471569776535
0.11598990857601166
0.05120941996574402
0.048515137284994125
0.07042845338582993
0.10363524407148361
0.13335438072681427
0.11212833225727081
0.1047879084944725
0.04478161409497261
0.06385351717472076
0.09094895422458649
0.15598160028457642
0.2047313153743744
0.1384349912405014
0.06870125979185104
0.07412265241146088
0.07855401933193207
0.05543607845902443
0.10280653089284897
0.21746060252189636
0.0767081007361412
0.16747885942459106
0.0022820939775556326
0.06367574632167816
0.05406593158841133
0.08313266187906265
0.14180615544319153
0.10335463285446167
0.15716639161109924
0.14289137721061707
0.25416433811187744
0.08181644976139069
0.09021349996328354
0.04812387377023697
0.08558177202939987
0.0410313718020916
0.009380416013300419
0.0012909600045531988
0.07838620990514755
0.14143337309360504
0.0709613636136055
0.12033119797706604
0.16097038984298706
0.07092070579528809
0.02932381071150303
0.045730818063020706
0.05711297318339348
0.1188306212425232
0.06750619411468506
0.045125365257263184
0.1407611221075058
0.005885194521397352
0.01059841737151146
0.09453461319208145
0.1088932603597641
0.123934306204319
0.15241701900959015
0.16147375106811523
0.02020263671875
0.07670179754495621
0.1511676013469696
0.10007428377866745
0.08293328434228897
0.12900789082050323
0.040028732270002365
0.03396409749984741
0.10361777245998383
0.036806371062994
0.07154429703950882
0.09496118128299713
0.03712233901023865
0.064772829413414
0.03730557858943939
0.008100567385554314
0.07506674528121948
0.053387463092803955
0.15711632370948792
0.04305718466639519
0.39608854055404663
0.10352373868227005
0.14715984463691711
0.11070746183395386
0.15606752038002014
0.06576657295227051
0.08121798932552338
0.004729104228317738
0.22571197152137756
0.05158252641558647
0.04678897187113762
0.10721912235021591
0.38418346643447876
0.10079962760210037
0.02813194878399372
0.04262630268931389
0.10802099853754044
0.06482317298650742
0.06275826692581177
0.1887238472700119
0.17511919140815735
0.07890244573354721
0.10995546728372574
0.06923417747020721
0.0241513941437006
0.10526708513498306
0.03485479950904846
0.1572965681552887
0.15953290462493896
0.13299903273582458
0.07392803579568863
0.0756826400756836
0.11767026036977768
0.3053203225135803
0.0722002238035202
0.21361571550369263
0.0848241001367569
0.15104354918003082
0.06293251365423203
0.13366374373435974
0.11199863255023956
0.026323754340410233
0.09119768440723419
0.09837441146373749
0.11459260433912277
0.12798961997032166
0.01353034470230341
0.03298937529325485
0.0760776698589325
0.07328237593173981
0.030787112191319466
0.09141670167446136
0.11266406625509262
0.056901752948760986
0.19802942872047424
0.001610349165275693
0.03941169008612633
0.08069058507680893
0.014212360605597496
0.03432004898786545
0.08000241219997406
0.12231369316577911
0.11404214054346085
0.15323488414287567
0.1967703253030777
0.056703243404626846
0.1039821058511734
0.0957426130771637
0.006184237543493509
0.049828678369522095
0.13258123397827148
0.08985745161771774
0.06501553952693939
0.22562091052532196
0.05415936931967735
0.022161198779940605
0.0830094963312149
0.06421829760074615
0.0451236255466938
0.04858586564660072
0.01818697340786457
0.16124992072582245
0.07717211544513702
0.14280255138874054
0.18719498813152313
0.09982788562774658
0.15861763060092926
0.2201361209154129
0.009018938057124615
0.1365850418806076
0.01104107778519392
0.26022812724113464
0.005965764168649912
0.05524424836039543
0.09756634384393692
0.087135449051857
0.0935768112540245
0.1323765367269516
0.1901983618736267
0.044241778552532196
0.04349617660045624
0.032668378204107285
0.10753694176673889
0.09705251455307007
0.04787120223045349
0.0774206668138504
0.13048487901687622
0.049337804317474365
0.14073669910430908
0.17581120133399963
0.06212285906076431
0.21020877361297607
0.07191571593284607
0.04855348542332649
0.0037838625721633434
0.10771319270133972
0.16204030811786652
0.09324565529823303
0.11970969289541245
0.033945221453905106
0.05333935469388962
0.071082703769207
0.13909900188446045
0.08047566562891006
0.18166252970695496
0.09487097710371017
0.1454538106918335
0.11635904759168625
0.026232531294226646
0.0865236148238182
0.1172863319516182
0.07886194437742233
0.04053691774606705
0.05860014259815216
0.1422278881072998
0.24721759557724
0.1139451339840889
0.05810205265879631
0.0874309316277504
0.05143703892827034
0.03914441913366318
0.13157552480697632
0.09514352679252625
0.16600607335567474
0.11416841298341751
0.06703358888626099
0.08321182429790497
0.17228159308433533
0.1124529018998146
0.03907061368227005
0.08062486350536346
0.09470675885677338
0.0859285220503807
0.1427440196275711
0.06056714802980423
0.08835843950510025
0.06249706447124481
0.06717433780431747
0.0650496706366539
0.057307567447423935
0.08279751241207123
0.12131369858980179
0.1031775251030922
0.17931918799877167
0.09135983884334564
0.023929351940751076
0.2946098744869232
0.003374742576852441
0.010030964389443398
0.07089310884475708
0.05994589626789093
0.09701873362064362
0.09680115431547165
0.04854220896959305
0.008876664564013481
0.20302702486515045
0.1312021017074585
0.08214841783046722
0.049415502697229385
0.17082929611206055
0.13802847266197205
0.03775731474161148
0.15400785207748413
0.07090479135513306
0.08843027800321579
0.09132412075996399
0.0801263079047203
0.07371305674314499
0.10017354041337967
0.07543724030256271
0.26437637209892273
0.07781887799501419
0.04041958972811699
0.1841011494398117
0.09400022029876709
0.16467814147472382
0.04339136183261871
0.07723092287778854
0.2955099940299988
0.035273872315883636
0.08630586415529251
0.0999414399266243
0.05962138995528221
0.03600992634892464
0.0011778681073337793
0.04566199332475662
0.0324607752263546
0.12703758478164673
0.1112208440899849
0.04255387932062149
0.11478237062692642
0.05109339952468872
0.02807077206671238
0.05221741646528244
0.16039179265499115
7.058203482301906e-05
0.060830600559711456
0.07521506398916245
0.08741899579763412
0.3295501172542572
0.09531725943088531
0.05546291917562485
0.05005180835723877
0.07872482389211655
0.09528201818466187
0.19934986531734467
0.07624350488185883
0.05192936956882477
0.15461833775043488
0.04449806734919548
0.05193719267845154
0.11565999686717987
0.22530581057071686
0.17819903790950775
0.11556735634803772
0.0905642956495285
0.04088713228702545
0.07385925948619843
0.13555817306041718
0.07763460278511047
0.09898333251476288
0.10851836949586868
0.1622924506664276
0.08539297431707382
0.10672185570001602
0.10524109750986099
0.11780399829149246
0.08321864902973175
0.1561620831489563
0.10196439921855927
0.005435356870293617
0.05423613637685776
0.02496943809092045
0.08563996851444244
0.05801669508218765
0.18761079013347626
0.08262333273887634
0.0692581981420517
0.04284289851784706
0.02156638912856579
0.029238393530249596
0.13520081341266632
0.18976068496704102
0.19213707745075226
0.04851405322551727
0.05770010128617287
0.15981881320476532
0.19833043217658997
0.10098613053560257
0.16126395761966705
0.06404159963130951
0.09293145686388016
0.04613150283694267
0.057245079427957535
0.1108013391494751
0.055228717625141144
0.048598747700452805
0.08927010744810104
0.16262465715408325
0.0659646987915039
0.188945010304451
0.0869266539812088
0.18518926203250885
0.09245160967111588
0.08945005387067795
0.03216245770454407
0.21010500192642212
0.18895256519317627
0.1273273527622223
0.050284791737794876
0.20147988200187683
0.19444924592971802
0.1588992178440094
0.23220646381378174
0.1559605598449707
0.04079476371407509
0.13739879429340363
0.10619628429412842
0.17380987107753754
0.10126537829637527
0.10196274518966675
0.05116938427090645
0.13484594225883484
0.14540743827819824
0.04222177714109421
0.11805213987827301
0.09628017246723175
0.13243508338928223
0.0649496540427208
0.13796120882034302
0.15275736153125763
0.058024920523166656
0.08593762665987015
0.07807150483131409
0.21162782609462738
0.0526517890393734
0.12166618555784225
0.0971989780664444
0.16440650820732117
0.29084739089012146
0.03598666563630104
0.08239106088876724
0.04486489295959473
0.05585474148392677
0.08437298983335495
0.11337759345769882
0.11263580620288849
0.29978862404823303
0.15153144299983978
0.0380503311753273
0.06840191781520844
0.17007365822792053
0.08129730820655823
0.11990634351968765
0.013186410069465637
0.15580865740776062
0.01551781129091978
0.11821679025888443
0.03942786529660225
0.08232652395963669
0.05140209197998047
0.0794287770986557
0.06308604776859283
0.11585147678852081
0.09338414669036865
0.09084592014551163
0.11371073126792908
0.2628864645957947
0.06354738771915436
0.05732300505042076
0.003941889852285385
0.0765981674194336
0.04415976256132126
0.13244082033634186
0.050786636769771576
0.04823307693004608
0.07415629923343658
0.09100937843322754
0.13765347003936768
0.06376086920499802
0.17223036289215088
0.10010655969381332
0.06972292810678482
0.11459280550479889
0.16440437734127045
0.09590332210063934
0.1063162237405777
0.08296603709459305
0.05127135291695595
0.14366574585437775
0.04840461164712906
0.08919410407543182
0.14900532364845276
0.09769049286842346
0.06449169665575027
0.05372975766658783
0.12164556980133057
0.09648524224758148
0.18284554779529572
0.05578026548027992
0.032444462180137634
0.1456175148487091
0.14611364901065826
0.1419546902179718
0.09591919928789139
0.14624831080436707
0.09761951118707657
0.16231398284435272
0.0004412522539496422
0.10877145081758499
0.06279812753200531
0.0405871607363224
0.045979004353284836
0.0694241151213646
0.12888933718204498
0.1330171376466751
0.050478000193834305
0.12599115073680878
0.1002640500664711
0.05462818592786789
0.11891598999500275
0.043899402022361755
0.08987236768007278
0.060636211186647415
0.06740479171276093
0.09875990450382233
0.09867660701274872
0.22494547069072723
0.1806911677122116
0.016518542543053627
0.02900957316160202
0.09960165619850159
0.13387803733348846
0.24884817004203796
0.10499556362628937
0.07113313674926758
0.35768380761146545
0.16463834047317505
0.26025694608688354
0.12899820506572723
0.07892075926065445
0.02544683776795864
0.0933210477232933
0.0666668638586998
0.06419491022825241
0.08547606319189072
0.10439806431531906
0.022631410509347916
0.18865303695201874
0.014103577472269535
0.12410108000040054
0.04427286237478256
0.08809718489646912
0.15827663242816925
0.0860709547996521
0.012397976592183113
0.07851377129554749
0.07802993059158325
0.22401189804077148
0.06554020196199417
0.08669808506965637
0.014062488451600075
0.08158951997756958
0.12257836759090424
0.115113265812397
0.08456487208604813
0.06390994042158127
0.08264028280973434
0.1248357892036438
0.03485524654388428
0.039190322160720825
0.22440265119075775
0.07241055369377136
0.04588177055120468
0.2159101516008377
0.08027858287096024
0.09314712136983871
0.1838499754667282
0.10679058730602264
0.009472183883190155
0.10345614701509476
0.09178904443979263
0.10191954672336578
0.07896944880485535
0.08041445910930634
0.054733093827962875
0.15069033205509186
0.13159559667110443
0.10992297530174255
0.11699333041906357
0.09855474531650543
0.1154402419924736
0.1116933673620224
0.08253027498722076
0.032040342688560486
0.11309754103422165
0.07893084734678268
0.024057289585471153
0.009091450832784176
0.09138185530900955
0.14790382981300354
0.0024790638126432896
0.07183776795864105
0.16333706676959991
0.0840701311826706
0.11647827178239822
0.16161027550697327
0.2132711559534073
0.06879276037216187
0.11988649517297745
0.032403960824012756
0.12944293022155762
0.07307055592536926
0.030131028965115547
0.12274789065122604
0.02232256717979908
0.1343109905719757
0.1509920209646225
0.13773606717586517
0.044517818838357925
0.169748455286026
0.10588189959526062
0.27233004570007324
0.0029076989740133286
0.07336223125457764
0.1440984010696411
0.043433744460344315
0.10256916284561157
0.030684206634759903
0.10553649812936783
0.06223180145025253
0.12362547963857651
0.10523965954780579
0.004529859405010939
0.12670603394508362
0.02479984052479267
0.08155351132154465
0.11220499128103256
0.09429144859313965
0.09352374821901321
0.041007839143276215
0.14188341796398163
0.07012728601694107
0.07333988696336746
0.15003080666065216
0.005527242552489042
0.130511075258255
0.1036907508969307
0.14033421874046326
0.09368425607681274
0.13492286205291748
0.06570420414209366
0.044847264885902405
0.19428202509880066
0.21496188640594482
0.05941826477646828
0.06489061564207077
0.09341037273406982
0.17086397111415863
0.00885635893791914
0.05222746357321739
0.06979815661907196
0.20723837614059448
0.1405443400144577
0.13405545055866241
0.1289038360118866
0.10577934235334396
0.09959574043750763
0.03532624989748001
0.23129454255104065
0.02904096432030201
0.0620364211499691
0.1802179217338562
0.11395329982042313
0.14296004176139832
0.19607847929000854
0.2226824015378952
0.05537846311926842
0.04499318450689316
0.11997303366661072
0.22104735672473907
0.08192874491214752
0.07273250073194504
0.05209358409047127
0.18173997104167938
0.1385270655155182
0.08674672991037369
0.11338748037815094
0.13103266060352325
0.04417873173952103
0.05417988449335098
0.1540546417236328
0.13656164705753326
0.11582161486148834
0.07397869229316711
0.12641309201717377
0.07990773767232895
0.026590246707201004
0.014483301900327206
0.10308505594730377
0.028823036700487137
0.10403615981340408
0.10427848249673843
0.22083139419555664
0.0698927566409111
0.11486963927745819
0.14320604503154755
0.06958390772342682
0.0686330795288086
0.00978117249906063
0.13349837064743042
0.08429001271724701
0.14188142120838165
0.05741128325462341
0.03840603679418564
0.10460611432790756
0.036389268934726715
0.061814237385988235
0.21619464457035065
0.14649701118469238
0.10879214853048325
0.06657584011554718
0.05048814415931702
0.04333063215017319
0.06125416234135628
0.16148316860198975
0.05792912095785141
0.03359055146574974
0.10843392461538315
0.0717727392911911
0.15891224145889282
0.05962449684739113
0.06730237603187561
0.08151409029960632
0.11346302926540375
0.10188328474760056
0.2272428423166275
0.042669035494327545
0.20346616208553314
0.07276671379804611
0.016620945185422897
0.058497123420238495
0.11044713854789734
0.041744448244571686
0.05789966508746147
0.12342258542776108
0.008607443422079086
0.20827001333236694
0.03308557718992233
0.0902412012219429
0.03774126619100571
0.12101329118013382
0.21874567866325378
0.19419947266578674
0.08734772354364395
0.09952089190483093
0.12305945158004761
0.13396605849266052
0.19488425552845
0.013650651089847088
0.047154221683740616
0.054012101143598557
0.06888917088508606
0.11103259027004242
0.15094968676567078
0.0862966850399971
0.07725217193365097
0.06886459141969681
0.11297965049743652
0.1607070416212082
0.16856013238430023
0.08105901628732681
0.008758892305195332
0.10694655030965805
0.2670641541481018
0.048169318586587906
0.11051122099161148
0.055023033171892166
0.07647126913070679
0.10289188474416733
0.18007522821426392
0.19517289102077484
0.04606928676366806
0.032161712646484375
0.22972604632377625
0.043733544647693634
0.07451015710830688
0.022002514451742172
0.1349477916955948
0.05043648183345795
0.14679259061813354
0.19916565716266632
0.04123392701148987
0.129068985581398
0.18498454988002777
0.049126386642456055
0.050868332386016846
0.06424383819103241
0.08909344673156738
0.2629869282245636
0.09161859005689621
0.04743359610438347
0.061333633959293365
0.3046202063560486
0.07946442812681198
0.14278943836688995
0.14686928689479828
0.1208532303571701
0.10604852437973022
0.11844170093536377
0.0898483544588089
0.04101118817925453
0.06068851053714752
0.16255593299865723
0.11479837447404861
0.049478571861982346
0.18088646233081818
0.1365881711244583
0.10600704699754715
0.050244610756635666
0.139435812830925
0.09830179065465927
0.12835656106472015
0.09974976629018784
0.26834985613822937
0.23519575595855713
0.07043290883302689
0.10553134977817535
0.08167745172977448
0.19675709307193756
0.09437363594770432
0.19819854199886322
0.10483445972204208
0.07060384750366211
0.04818984493613243
0.18872816860675812
0.13152135908603668
0.08685348927974701
0.08105721324682236
0.018557308241724968
0.10090220719575882
0.191842183470726
0.13654688000679016
0.1032015010714531
0.12018455564975739
0.12535688281059265
0.06462131440639496
0.13890255987644196
0.08356073498725891
0.13164369761943817
0.11814795434474945
0.14561983942985535
0.30634844303131104
0.1357116997241974
0.10408332943916321
0.0359698161482811
0.16115114092826843
0.037820201367139816
0.040230412036180496
0.124305360019207
0.08709339052438736
0.08774206042289734
0.047394249588251114
0.058262307196855545
0.0863201767206192
0.12106025964021683
0.08665355294942856
0.14346307516098022
0.08647081255912781
0.06157241761684418
0.14534474909305573
0.16110309958457947
0.06785045564174652
0.12329351902008057
0.07038451731204987
0.012903554365038872
0.02199154533445835
0.07460851222276688
0.024339111521840096
0.04219278693199158
0.03768215328454971
0.1968502551317215
0.05828632786870003
0.07140126824378967
0.10120905190706253
0.09483931213617325
0.04358932003378868
0.07122382521629333
0.08711276203393936
0.06452960520982742
0.08924192190170288
0.006660136394202709
0.06008346006274223
0.0938442125916481
0.08652549237012863
0.0891730859875679
0.06728790700435638
0.06261155009269714
0.33230501413345337
0.11042953282594681
0.11470770835876465
0.0985523909330368
0.09047961235046387
0.10072050988674164
0.07306607067584991
0.06578033417463303
0.026424597948789597
0.08337965607643127
0.18028287589550018
0.10509585589170456
0.07492222636938095
0.055288612842559814
0.08139108121395111
0.07937175035476685
0.04497208073735237
0.0918920710682869
0.0648685097694397
0.08432190865278244
0.09742796421051025
0.12819331884384155
0.20455977320671082
0.05290884152054787
0.033198270946741104
0.04193989560008049
0.1072288379073143
0.14491285383701324
0.06717526167631149
0.06008070334792137
0.0548531748354435
0.1465364694595337
0.12094094604253769
0.10207349061965942
0.09699372202157974
0.011505624279379845
0.06989389657974243
0.058713044971227646
0.11812220513820648
0.041842248290777206
0.05828981101512909
0.021263621747493744
0.094961978495121
0.09646760672330856
0.06860027462244034
0.10614366829395294
0.045088738203048706
0.06872406601905823
0.11429711431264877
0.0715341567993164
0.141196146607399
0.04971863701939583
0.14534161984920502
0.04505812004208565
0.10520608723163605
0.2332083284854889
0.0720757246017456
0.09340114146471024
0.21764153242111206
0.10307800024747849
0.11969677358865738
0.046840980648994446
0.09218855202198029
0.07569162547588348
0.10980433970689774
0.046758152544498444
0.2630069851875305
0.07468120753765106
0.06630759686231613
0.0526217520236969
0.09802685678005219
0.028915531933307648
0.1609548181295395
0.02164677157998085
0.07713700085878372
0.03292134776711464
0.02166282944381237
0.08604413270950317
0.06543036550283432
0.042382534593343735
0.04208346828818321
0.1340733915567398
0.04538127779960632
0.12770526111125946
0.06083359196782112
0.06023986265063286
0.047083135694265366
0.236405149102211
0.03020862117409706
0.11631215363740921
0.10851158201694489
0.0546225868165493
0.05807191878557205
0.06307066231966019
0.09568936377763748
0.11777107417583466
0.09470399469137192
0.052281517535448074
0.11469583213329315
0.01613297127187252
0.006507397163659334
0.44628360867500305
0.07436497509479523
0.0384356826543808
0.08216249942779541
0.0657866969704628
0.16551022231578827
0.04234526306390762
0.07717035710811615
0.15540504455566406
0.07687198370695114
0.13603246212005615
0.02542184665799141
0.11125624179840088
0.04202735796570778
0.04598570615053177
0.20190414786338806
0.14562702178955078
0.11043078452348709
0.11168145388364792
0.05726391822099686
0.2755512595176697
0.11469069123268127
0.11884689331054688
0.1701420396566391
0.12029096484184265
0.1232309490442276
0.133453369140625
0.10626155883073807
0.06479137390851974
0.039237331598997116
0.049233321100473404
0.10864563286304474
0.11696865409612656
0.032699987292289734
0.12498907744884491
0.03342128545045853
0.08450614660978317
0.19011065363883972
0.04911543056368828
0.24872297048568726
0.10072832554578781
0.026371199637651443
0.06892135739326477
0.0041924649849534035
0.09796209633350372
0.0727197676897049
0.11829140037298203
0.06350654363632202
0.05501282587647438
0.05910678580403328
0.07722074538469315
0.08721376210451126
0.06811732798814774
0.11806561797857285
0.0986705794930458
0.06390944868326187
0.07114344835281372
0.060299064964056015
0.08585254848003387
0.096706822514534
0.08287067711353302
0.07120579481124878
0.09199946373701096
0.09041149914264679
0.02253829874098301
0.1278315782546997
0.0604342482984066
0.06959161162376404
0.14288567006587982
0.09120634198188782
0.08548856526613235
0.02995777502655983
0.12444575130939484
0.13730499148368835
0.049422599375247955
0.14560337364673615
0.28140950202941895
0.0978541150689125
0.12646694481372833
0.22740966081619263
0.06515836715698242
0.21655696630477905
0.09303180128335953
0.061663370579481125
0.09573400765657425
0.07185664772987366
0.08905455470085144
0.13262180984020233
0.05807188153266907
0.08673188835382462
0.13330042362213135
0.08888763189315796
0.1575273722410202
0.08173787593841553
0.10456352680921555
0.08176107704639435
0.05117722600698471
0.030447302386164665
0.14148865640163422
0.03731610253453255
0.031994398683309555
0.03710731491446495
0.07837352901697159
0.13863012194633484
0.04369416832923889
0.16897834837436676
0.17020247876644135
0.2680194079875946
0.12329567223787308
0.14180761575698853
0.05496237054467201
0.21943548321723938
0.14027658104896545
0.02082291804254055
0.07241728156805038
0.018709557130932808
0.011403706856071949
0.08373026549816132
0.052211664617061615
0.06126111373305321
0.11447349190711975
0.09823787957429886
0.13123026490211487
0.20436859130859375
0.10352589190006256
0.10492968559265137
0.17549429833889008
0.09497252851724625
0.12781381607055664
0.0627945065498352
0.19627505540847778
0.08699141442775726
0.082477867603302
0.08399108797311783
0.09981289505958557
0.10663478821516037
0.18074458837509155
0.10451987385749817
0.051037732511758804
0.09748649597167969
0.19172248244285583
0.05064838379621506
0.06916406005620956
0.05608569458127022
0.10083422809839249
0.20099224150180817
0.048847440630197525
0.14116671681404114
0.18796798586845398
0.13443875312805176
0.002475227927789092
0.056234847754240036
0.039304301142692566
0.060359857976436615
0.11929124593734741
0.11081191897392273
0.031160805374383926
0.010404061526060104
0.0500430203974247
0.12189214676618576
0.21373720467090607
0.14652816951274872
0.05922750383615494
0.04530356079339981
0.07363410294055939
0.06256850808858871
0.1833215057849884
0.09962215274572372
0.07999711483716965
0.04454848915338516
0.0915769562125206
0.05981827527284622
0.008458524942398071
0.08976808935403824
0.0017013250617310405
0.08498507738113403
0.06796583533287048
0.1016210988163948
0.050905391573905945
0.07036638259887695
0.12494902312755585
0.08311141282320023
0.13959844410419464
0.07518995553255081
0.019134439527988434
0.1521284282207489
0.048491157591342926
0.09742774069309235
0.03886469453573227
0.3130384087562561
0.07868143171072006
0.0421881303191185
0.07833276689052582
0.08183789998292923
0.2755443751811981
0.07189648598432541
0.09792187809944153
0.08694358170032501
0.13266831636428833
0.060396142303943634
0.04692146182060242
0.029949340969324112
0.03732365369796753
0.11826395243406296
0.06865715980529785
0.07284778356552124
0.14589466154575348
0.06680493801832199
0.08810684829950333
0.1040753498673439
0.048044294118881226
0.0849124938249588
0.11410562694072723
0.03356741741299629
0.15297427773475647
0.07666011899709702
0.148910254240036
0.12556956708431244
0.06250222027301788
0.07905340939760208
0.034181129187345505
0.11168672889471054
0.19460172951221466
0.039350975304841995
0.1024048700928688
0.04836924746632576
0.10081008821725845
0.09109567850828171
0.08792831003665924
0.004431965295225382
0.08867494761943817
0.11936809867620468
0.07654022425413132
0.1293395757675171
0.12158519774675369
0.1672515720129013
0.24751107394695282
0.1389288455247879
0.0546347014605999
0.06604712456464767
0.1712998002767563
0.0021429879125207663
0.08658730238676071
0.04631633684039116
0.09325540065765381
0.14782576262950897
0.08107569813728333
0.17732831835746765
0.1345311999320984
0.0465984046459198
0.0443868525326252
0.04168541356921196
0.16061218082904816
0.19433899223804474
0.08033204823732376
0.020497595891356468
0.06209443509578705
0.053472742438316345
0.10494587570428848
0.0032878725323826075
0.002458297647535801
0.03717808052897453
0.030958617106080055
0.08359032869338989
0.11536815762519836
0.008774660527706146
0.09012088924646378
0.07958673685789108
0.16859614849090576
0.0593753308057785
0.04156697914004326
0.09942137449979782
0.10481806099414825
0.07205554842948914
0.09057457000017166
0.0072130002081394196
0.11879891157150269
0.0007814560667611659
0.09377710521221161
0.1632683277130127
0.03277260437607765
0.1648506075143814
0.06696674972772598
0.17831380665302277
0.11181872338056564
0.12783943116664886
0.15310199558734894
0.1074780523777008
0.10711854696273804
0.1224094107747078
0.10758575797080994
0.04355989769101143
0.051182132214307785
0.21764399111270905
0.07879581302404404
0.06548945605754852
0.09787097573280334
0.18650953471660614
0.012194314040243626
0.07912922650575638
0.033377405256032944
0.05179060250520706
0.12347395718097687
0.04748643562197685
0.04995397478342056
0.05893709883093834
0.04594814404845238
0.133472740650177
0.02602321095764637
0.09299157559871674
0.03479369357228279
0.053162723779678345
0.0672510489821434
0.0594223290681839
0.0710790753364563
0.2674947679042816
0.07106936722993851
0.11149711161851883
0.07211112976074219
0.11232387274503708
0.04493952915072441
0.056378889828920364
0.06235562264919281
0.07395414263010025
0.08321527391672134
0.14977845549583435
0.088634192943573
0.11738744378089905
0.21729621291160583
0.19392655789852142
0.0229538194835186
0.16734342277050018
0.11140222102403641
0.14416222274303436
0.023714127019047737
0.05641092732548714
0.1128687933087349
0.16146591305732727
0.08499744534492493
0.1066320613026619
0.02531071938574314
0.02376873604953289
0.35952427983283997
0.09197433292865753
0.05850769579410553
0.1833907812833786
0.044878482818603516
0.04959870129823685
0.06380132585763931
0.11490761488676071
0.08937454223632812
0.3271826505661011
0.1607472151517868
0.08888566493988037
0.09638228267431259
0.07294230908155441
0.06520222872495651
0.0936184674501419
0.0006262303213588893
0.0998012125492096
0.08157946914434433
0.13164597749710083
0.07972844690084457
0.0941351130604744
0.06225026398897171
0.044708237051963806
0.07328490912914276
0.08930732309818268
0.04347546398639679
0.06084074825048447
0.11892610788345337
0.06454460322856903
0.10302010923624039
0.07040855288505554
0.18319952487945557
0.01077420823276043
0.2298884242773056
0.0729622095823288
0.12186796218156815
0.1948510706424713
0.1327296793460846
0.10805251449346542
0.19013646245002747
0.14725923538208008
0.14989203214645386
0.04680369421839714
0.18685142695903778
0.12899400293827057
0.0018865216989070177
0.02277391590178013
0.12330932915210724
0.08313722908496857
0.22634361684322357
0.05398131534457207
0.06976786255836487
0.10762785375118256
0.18087804317474365
0.16179203987121582
0.1737614870071411
0.15520790219306946
0.045464858412742615
0.153094083070755
0.03842233493924141
0.053306691348552704
0.15053792297840118
0.06947413086891174
0.06442151963710785
0.0887971743941307
0.05543237179517746
0.08867444843053818
0.09716954827308655
0.031117036938667297
0.2118626981973648
0.2190810739994049
0.09979018568992615
0.05494386702775955
0.12279427796602249
0.059905387461185455
0.11964045464992523
0.059456925839185715
0.024228332564234734
0.08333801478147507
0.11761064827442169
0.1150289922952652
0.1148800328373909
0.10078823566436768
0.046882301568984985
0.06873315572738647
0.05508898198604584
0.0794600322842598
0.1447255164384842
0.10709034651517868
0.1550481617450714
0.12040261924266815
0.033333614468574524
0.18670673668384552
0.10110698640346527
0.06380844861268997
0.08477429300546646
0.13042032718658447
0.20462578535079956
0.13634249567985535
0.04154409095644951
0.1533808559179306
0.07624281197786331
0.033062685281038284
0.1450192928314209
0.08908087015151978
0.08692391216754913
0.03817340359091759
0.05603237822651863
0.12049686908721924
0.059492286294698715
0.17723505198955536
0.04523560404777527
0.07423955947160721
0.041598957031965256
0.19534853100776672
0.0963042825460434
0.06073007360100746
0.03853439912199974
0.06649165600538254
0.10946793854236603
0.006825966760516167
0.26761430501937866
0.061951637268066406
0.08850410580635071
0.06317012012004852
0.09496106207370758
0.04977525770664215
0.16363708674907684
0.07394582033157349
0.04639671370387077
0.07437526434659958
0.05703764036297798
0.04129890352487564
0.06842820346355438
0.18778076767921448
0.034017812460660934
0.08503679186105728
0.04151320084929466
0.034692514687776566
0.06283361464738846
0.05285310372710228
0.09596698731184006
0.09554680436849594
0.08736266195774078
0.06856892257928848
0.05359886214137077
0.08799807727336884
0.05091900750994682
0.02604401856660843
0.04012171924114227
0.15968094766139984
0.14539946615695953
0.06917307525873184
0.25202399492263794
0.020794564858078957
0.023695649579167366
0.023582756519317627
0.04676869511604309
0.11032714694738388
0.07934510707855225
0.18516303598880768
0.06116540729999542
0.04237956553697586
0.07537592202425003
0.07202556729316711
0.03472935035824776
0.06376826018095016
0.11052152514457703
0.1932559609413147
0.1378840208053589
0.15097925066947937
0.08077422529459
0.1497172862291336
0.11391481012105942
0.29196783900260925
0.005058606620877981
0.04619765281677246
0.12561126053333282
0.10627852380275726
0.09703629463911057
0.07521454989910126
0.11548605561256409
0.036764491349458694
0.07537434995174408
0.04117295891046524
0.09361569583415985
0.012659701518714428
0.06589868664741516
0.09115278720855713
0.046962473541498184
0.010467025451362133
0.20121325552463531
0.031670160591602325
0.11458557844161987
0.05776074528694153
0.11813685297966003
0.07914546877145767
0.0005681088077835739
0.21381749212741852
0.0796108990907669
0.1767561137676239
0.0870550125837326
0.06118177995085716
0.035115547478199005
0.09691326320171356
0.1436682492494583
0.09417836368083954
0.1789737492799759
0.0775785893201828
0.11770586669445038
0.12093767523765564
0.09194917231798172
0.24682261049747467
0.10719497501850128
0.09284211695194244
0.0410093292593956
0.11781662702560425
0.06689734011888504
0.06879079341888428
0.06041666120290756
0.0370979905128479
0.07451069355010986
0.05853230878710747
0.00203653029166162
0.08762215077877045
0.15907594561576843
0.08983045071363449
0.06367400288581848
0.09255088120698929
0.09329853951931
0.11912325024604797
0.06647432595491409
0.03201558440923691
0.12595388293266296
0.13317997753620148
0.06590051203966141
0.08668097108602524
0.03849064186215401
0.2031741738319397
0.0752432569861412
0.1298542320728302
0.12987688183784485
0.050842709839344025
0.2043975442647934
0.10556531697511673
0.11846212297677994
0.06179366633296013
0.09286779910326004
0.058574870228767395
0.05421239882707596
0.14449533820152283
0.09517555683851242
0.18259859085083008
0.0911068469285965
0.16350410878658295
0.1748567521572113
0.12755750119686127
0.08804484456777573
0.1390928477048874
0.08357014507055283
0.07414254546165466
0.11765148490667343
0.020705420523881912
0.13017255067825317
0.22999820113182068
0.08066508173942566
0.03916364908218384
0.047630976885557175
0.11874569207429886
0.12145664542913437
0.11884942650794983
0.1103210374712944
0.15001346170902252
0.1065589115023613
0.12771980464458466
0.11844590306282043
0.025177789852023125
0.08293003588914871
0.03793876990675926
0.2728450298309326
0.12658904492855072
0.08978511393070221
0.07842864096164703
0.13736982643604279
0.09350083023309708
0.07454351335763931
0.10992144048213959
0.056339919567108154
0.19472582638263702
0.02395755797624588
0.20768830180168152
0.06580420583486557
0.09218736737966537
0.049518197774887085
0.028067125007510185
0.1347281038761139
0.06854899227619171
0.06706935167312622
0.08892889320850372
0.0941622331738472
0.1351219117641449
0.10883711278438568
0.06375961750745773
0.1137135922908783
0.22829759120941162
0.15368063747882843
0.04742027074098587
0.004114134702831507
0.03682386130094528
0.08290970325469971
0.15063966810703278
0.0454845130443573
0.05639151111245155
0.07584020495414734
0.060684170573949814
0.10493363440036774
0.09095853567123413
0.03433598205447197
0.0827002078294754
0.0939396545290947
0.019827639684081078
0.05920829251408577
0.08328654617071152
0.16926796734333038
0.20113588869571686
0.06918396800756454
0.0019443437922745943
0.1142951250076294
0.23057261109352112
0.05639622360467911
0.11148159205913544
0.08310287445783615
0.09533374011516571
0.1173689141869545
0.09344783425331116
0.14084871113300323
0.165873721241951
0.1433931142091751
0.06481946259737015
0.13275374472141266
0.10724703967571259
0.19074787199497223
0.012532093562185764
0.18914401531219482
0.05508440360426903
0.25884491205215454
0.10141559690237045
0.07596900314092636
0.07717480510473251
0.10448499023914337
0.1081884354352951
0.038084641098976135
0.1366717517375946
0.09904606640338898
0.03746405243873596
0.0053958287462592125
0.12747065722942352
0.054985128343105316
0.19436043500900269
0.03905400261282921
0.052498817443847656
0.07220057398080826
0.25476688146591187
0.06601075083017349
0.047057341784238815
0.12560990452766418
0.35231244564056396
0.0530645027756691
0.09532605111598969
0.09386419504880905
0.038043491542339325
0.05612799525260925
0.11714127659797668
0.023792317137122154
0.13201075792312622
0.0760372057557106
0.2027163803577423
0.05121653899550438
0.008739895187318325
0.026680944487452507
0.12961965799331665
0.12580424547195435
0.06910547614097595
0.09908028692007065
0.19836153090000153
0.06540624052286148
0.08586245775222778
0.1132904589176178
0.06952589005231857
0.06178411468863487
0.06853185594081879
0.09250512719154358
0.18518252670764923
0.055743005126714706
0.07577034831047058
0.08830894529819489
0.09044068306684494
0.08313754200935364
0.10316386818885803
0.14065349102020264
0.11326788365840912
0.09449237585067749
0.07541453838348389
0.062305647879838943
0.04769306629896164
0.09261544048786163
0.13455617427825928
0.09809807687997818
0.09433794766664505
0.04582177475094795
0.11668781191110611
0.06657061725854874
0.11914549767971039
0.08464700728654861
0.08551861345767975
0.06943487375974655
0.0808618888258934
0.06503003090620041
0.060724638402462006
0.0498187355697155
0.15224897861480713
0.2660295069217682
0.08103808760643005
0.12712201476097107
0.13381768763065338
0.15717309713363647
0.06971634924411774
0.10090139508247375
0.13962863385677338
0.06569252908229828
0.07379898428916931
0.056628596037626266
0.1348932683467865
0.05625021830201149
0.09198959916830063
0.006230132654309273
0.052797894924879074
0.07617241889238358
0.06314200162887573
0.06847747415304184
0.04205235093832016
0.019155913963913918
0.13040830194950104
0.06719276309013367
0.09556406736373901
0.0760490894317627
0.09760544449090958
0.0673232302069664
0.17980429530143738
0.06265810132026672
0.16931644082069397
0.1335989534854889
0.05647115409374237
0.13088358938694
0.06917383521795273
0.09730875492095947
0.1799924373626709
0.19359640777111053
0.20697326958179474
0.09039829671382904
0.25383639335632324
0.06841197609901428
0.04067150130867958
0.10756442695856094
0.0782741829752922
0.20909316837787628
0.12889930605888367
0.13446417450904846
0.13704489171504974
0.10103268176317215
0.08874409645795822
0.09514366090297699
0.2429211288690567
0.04370246082544327
0.24134713411331177
0.019873138517141342
0.07294173538684845
0.05778023973107338
0.11477876454591751
0.1498841494321823
0.07079481333494186
0.17140227556228638
0.09209520369768143
0.15089918673038483
0.11452147364616394
0.07935582101345062
0.016919974237680435
0.16989591717720032
0.12037795037031174
0.01831594854593277
0.18327783048152924
0.0404888279736042
0.0903274342417717
0.0969640463590622
0.0007933275192044675
0.12904737889766693
0.06790623813867569
0.05719241872429848
0.10724007338285446
0.06258422136306763
0.1717153787612915
0.06228155270218849
0.17468230426311493
0.041250333189964294
0.07018882036209106
0.04788616672158241
0.0355084203183651
0.11506400257349014
0.07537371665239334
0.12122664600610733
0.08806745707988739
0.0812203660607338
0.03491692617535591
0.16220802068710327
0.09256677329540253
0.034106094390153885
0.0691348984837532
0.3172793984413147
0.07028097659349442
0.13638538122177124
0.4479294419288635
0.25825464725494385
0.10878891497850418
0.012436985969543457
0.21179024875164032
0.05540945380926132
0.03413136303424835
0.03995353356003761
0.0763302743434906
0.17209464311599731
0.12803174555301666
0.09953709691762924
0.375052809715271
0.23087246716022491
0.059130314737558365
0.11670678108930588
0.09895116835832596
0.22074024379253387
0.08241830766201019
0.06565485894680023
0.11070264875888824
0.009700550697743893
0.08595947176218033
0.032644618302583694
0.10846048593521118
0.10003043711185455
0.07177860289812088
0.04651390388607979
0.07335888594388962
0.1229129508137703
0.08447952568531036
0.04337403550744057
0.06760016083717346
0.16949860751628876
0.04736870527267456
0.10218498855829239
0.13096150755882263
0.09803423285484314
0.12254436314105988
0.06468235701322556
0.08879080414772034
0.15181587636470795
0.029599053785204887
0.14561502635478973
0.09522897005081177
0.06942686438560486
0.13974815607070923
0.18086311221122742
0.11760863661766052
0.26415467262268066
0.22358427941799164
0.041186973452568054
0.06547054648399353
0.04763951525092125
0.08838533610105515
0.09932488948106766
0.0630093365907669
0.047856204211711884
0.06682214140892029
0.07596056163311005
0.15685507655143738
0.04160308837890625
0.06400766968727112
0.1194324642419815
0.0929303914308548
0.05227300152182579
0.16121971607208252
0.2561962306499481
0.04291848465800285
0.054327160120010376
0.01850312575697899
0.07438255846500397
0.09759166091680527
0.12086954712867737
0.16076532006263733
0.05029343441128731
0.16154101490974426
0.05333678424358368
0.2181236892938614
0.12428243458271027
0.06005822867155075
0.10728280246257782
0.004668377339839935
0.0246487557888031
0.1688343584537506
0.10512834042310715
0.04382181912660599
0.060139477252960205
0.07241533696651459
0.13067631423473358
0.12005604058504105
0.013047286309301853
0.10020527243614197
0.13511936366558075
0.03249412402510643
0.07888167351484299
0.12098818272352219
0.11124440282583237
0.10313928127288818
0.12912823259830475
0.09493859857320786
0.039731401950120926
0.07857536524534225
0.0960816815495491
0.03862821310758591
0.07450669258832932
0.08826509863138199
0.11192797869443893
0.05488066002726555
0.03818622976541519
0.18386226892471313
0.09043249487876892
0.10788436979055405
0.21157850325107574
0.09337473660707474
0.0487835556268692
0.15067976713180542
0.07985994219779968
0.08471126854419708
0.09216227382421494
0.0899626687169075
0.10421480983495712
0.026998300105333328
0.0645366832613945
0.1274738311767578
0.12502576410770416
0.21290092170238495
0.07121060788631439
0.03465048223733902
0.1696891486644745
0.11378555744886398
0.0006498584407381713
0.09772101789712906
0.042615585029125214
0.197768434882164
0.11677094548940659
0.059060677886009216
0.04685947299003601
0.08334929496049881
0.0005124288145452738
0.15934507548809052
0.0016207557637244463
0.030500082299113274
0.02330341376364231
0.1281585395336151
0.1552538424730301
0.35047999024391174
0.07901100814342499
0.049415476620197296
0.05821837857365608
0.07662525773048401
0.0006654945318587124
0.15973496437072754
0.14787375926971436
0.06538667529821396
0.06764191389083862
0.09692724049091339
0.1433945745229721
0.09731124341487885
0.2205449789762497
0.08943058550357819
0.03706729784607887
0.13723653554916382
0.1333789974451065
0.03145626187324524
0.10949767380952835
0.05842488631606102
0.08286049216985703
0.07227589935064316
0.04072103649377823
0.041255321353673935
0.06783172488212585
0.03916620835661888
0.12045463919639587
0.10258202999830246
0.10663550347089767
0.05149717256426811
0.042838823050260544
0.0746973380446434
0.11976759135723114
0.08534891903400421
0.035085804760456085
0.17162306606769562
0.20437906682491302
0.012186573818325996
0.04115302860736847
0.11015266180038452
0.0937524288892746
0.06670939922332764
0.1199142187833786
0.08492230623960495
0.09470580518245697
0.019099393859505653
0.028070813044905663
0.16480334103107452
0.13692079484462738
0.030343711376190186
0.22424039244651794
0.11270385980606079
0.09183227270841599
0.04010239243507385
0.11813482642173767
0.08363359421491623
0.05122664198279381
0.13778764009475708
0.10426539182662964
0.04619075357913971
0.11568742245435715
0.012197742238640785
0.06430357694625854
0.05514836311340332
0.018642906099557877
0.09254370629787445
0.17707890272140503
0.11801130324602127
0.24701157212257385
0.07116405665874481
0.0818137526512146
0.14668329060077667
0.172950878739357
0.05692780762910843
0.10488806664943695
0.11567414551973343
0.1221657544374466
0.08898840844631195
0.08878380805253983
0.0651334896683693
0.0959148108959198
0.043597299605607986
0.08508714288473129
0.07608513534069061
0.09856647998094559
0.10021276026964188
0.08981069922447205
0.09096262603998184
0.04788541421294212
0.06766968220472336
0.15854963660240173
0.10939008742570877
0.1413322389125824
0.006822824478149414
0.057506825774908066
0.1969630867242813
0.11300988495349884
0.19807076454162598
0.05337439477443695
0.037472330033779144
0.0763087272644043
0.04643607884645462
0.07159294188022614
0.10190670192241669
0.046817976981401443
0.03882739692926407
0.1390199363231659
0.01298433355987072
0.10537032037973404
0.061909615993499756
0.15089355409145355
0.09427368640899658
0.08263278007507324
0.040293414145708084
0.19736051559448242
0.03237396106123924
0.09984549134969711
0.07355751097202301
0.3852505087852478
0.10778525471687317
0.10924786329269409
0.1929509937763214
0.052988652139902115
0.05193523317575455
0.09227100014686584
0.06527208536863327
0.06543821096420288
0.030293414369225502
0.10597576946020126
0.07460711151361465
0.09975513070821762
0.099576935172081
0.029576437547802925
0.07072161883115768
0.20735768973827362
0.048132188618183136
0.08945156633853912
0.09005231410264969
0.0920962393283844
0.04631264880299568
0.06323955208063126
0.12027427554130554
0.08639682829380035
0.15279701352119446
0.1016530841588974
0.07319322973489761
0.1888052374124527
0.0546787828207016
0.12251681834459305
0.14473359286785126
0.07994531095027924
0.12046487629413605
0.14807818830013275
0.10519644618034363
0.017280619591474533
0.1589502990245819
0.029233168810606003
0.040719930082559586
0.08001179248094559
0.14696066081523895
0.049607060849666595
0.04634871333837509
0.08323288708925247
0.0767873227596283
0.10985884815454483
0.07489117980003357
0.08639517426490784
0.08826053142547607
0.15659767389297485
0.05524338409304619
0.11154677718877792
0.06522051244974136
0.1125795915722847
0.07107116281986237
0.07231269776821136
0.15958423912525177
0.0006541309412568808
0.355003297328949
0.05544265732169151
0.08656486868858337
0.21994733810424805
0.06895337253808975
0.15904077887535095
0.19154268503189087
0.11295533180236816
0.2981375455856323
0.10031186044216156
0.01060761883854866
0.04160505160689354
0.11446193605661392
0.15768975019454956
0.12385069578886032
0.1309242993593216
0.11279153823852539
0.10978788882493973
0.14660853147506714
0.08158625662326813
0.24597656726837158
0.120906762778759
0.11301647871732712
0.05087466165423393
0.2662994861602783
0.09906093031167984
0.13317568600177765
0.08650252223014832
0.10993727296590805
0.10922479629516602
0.11892584711313248
0.08585164695978165
0.05090247094631195
0.11500447988510132
0.42619186639785767
0.09999886155128479
0.017363503575325012
0.04978587105870247
0.07845849543809891
0.2060733288526535
0.07863035053014755
0.1907590627670288
0.18928095698356628
0.07475808262825012
0.057165805250406265
0.25588876008987427
0.06638253480195999
0.46226292848587036
0.11803136020898819
0.09190899133682251
0.1292334347963333
0.19126391410827637
0.019535580649971962
0.12626692652702332
0.19619734585285187
0.3109031021595001
0.09366482496261597
0.11807607859373093
0.05950081720948219
0.0021456582471728325
0.11348528414964676
0.03510599583387375
0.0045792111195623875
0.11401695758104324
0.24938885867595673
0.02677163854241371
0.05798567831516266
0.1053977757692337
0.04422251880168915
0.05289984494447708
0.023230643942952156
0.18822769820690155
0.02510872855782509
0.1737060844898224
0.14680492877960205
0.1526821404695511
0.25668227672576904
0.07841896265745163
0.08415158092975616
0.2972859740257263
0.0933590829372406
0.10087836533784866
0.16746272146701813
0.03557692468166351
0.33683377504348755
0.03080926090478897
0.1650422066450119
0.005033201538026333
0.11907174438238144
0.05520431324839592
0.11008109897375107
0.10705296695232391
0.06100558117032051
0.09206572920084
0.06811974197626114
0.04228537529706955
0.06698302924633026
0.05348101630806923
0.09726179391145706
0.16094090044498444
0.09974320977926254
0.1917850524187088
0.07827622443437576
0.16942329704761505
0.15794602036476135
0.12190642207860947
0.04925006255507469
0.06665551662445068
0.03324476629495621
0.09618869423866272
0.05536036193370819
0.020134953781962395
0.07028202712535858
0.032421745359897614
0.04626637324690819
0.11740203946828842
0.10492335259914398
0.038325268775224686
0.13150610029697418
0.1892150491476059
0.058406587690114975
0.030063308775424957
0.0552007257938385
0.047681089490652084
0.07790426909923553
0.04595819115638733
0.049678169190883636
0.10309093445539474
0.10788652300834656
0.08599263429641724
0.0790889710187912
0.11080221831798553
0.11613071709871292
0.1539224088191986
0.035387832671403885
0.09469347447156906
0.13472741842269897
0.09468463063240051
0.15068306028842926
0.07239905744791031
0.12069447338581085
0.0620996430516243
0.15246886014938354
0.09969396889209747
0.09117843210697174
0.13512754440307617
0.195445254445076
0.17896844446659088
0.05506957322359085
0.0672924816608429
0.21885456144809723
0.054112985730171204
0.1257815659046173
0.2401219606399536
0.1553202122449875
0.06530269235372543
0.08682677894830704
0.05057543143630028
0.06704165786504745
0.10660547018051147
0.1262780874967575
0.10054797679185867
0.16918520629405975
0.0930633470416069
0.059974972158670425
0.057345617562532425
0.03169352188706398
0.16332095861434937
0.004899749532341957
0.11195452511310577
0.09499574452638626
0.05475907772779465
0.12238023430109024
0.11812147498130798
0.04508702829480171
0.09711076319217682
0.27832186222076416
0.10131063312292099
0.05117328464984894
0.09451500326395035
0.13226528465747833
0.08953752368688583
0.13817879557609558
0.03795027360320091
0.07290233671665192
0.15018512308597565
0.10938097536563873
0.07005878537893295
0.02460743486881256
0.08613770455121994
0.10441087186336517
0.03296253830194473
0.11753571778535843
0.06569831073284149
0.11888034641742706
0.09714732319116592
0.1535082310438156
0.10778020322322845
0.05760881304740906
0.13555152714252472
0.017876924946904182
0.12087763845920563
0.06178843602538109
0.29169249534606934
0.008691524155437946
0.07836034148931503
0.14913305640220642
0.04379768297076225
0.13113391399383545
0.12686531245708466
0.41577965021133423
0.14705833792686462
0.04974633827805519
0.0717446580529213
0.0026005422696471214
0.11934763193130493
0.20069323480129242
0.004385616164654493
0.11360634863376617
0.05398240685462952
0.09211999177932739
0.13629072904586792
0.06321852654218674
0.07129721343517303
0.04960887134075165
0.14894528687000275
0.09246740490198135
0.0458805114030838
0.05797627940773964
0.22914236783981323
0.08189383894205093
0.0787963941693306
0.1281898468732834
0.09874555468559265
0.1204698458313942
0.06166774034500122
0.42184948921203613
0.09859257191419601
0.0991608053445816
0.16637469828128815
0.059564437717199326
0.03876349702477455
0.12346839159727097
0.08030210435390472
0.1065591350197792
0.1361401230096817
0.07009021937847137
0.15106992423534393
0.031247572973370552
0.10162324458360672
0.07175606489181519
0.06263116747140884
0.00976660568267107
0.04425869882106781
0.128932923078537
0.11519284546375275
0.11920315027236938
0.11010120064020157
0.07708309590816498
0.05191592872142792
0.03170556575059891
0.08509878069162369
0.07320069521665573
0.048274099826812744
0.1077851802110672
0.23162391781806946
0.14502650499343872
0.07136563956737518
0.16480752825737
0.09070730954408646
0.06870593130588531
0.0956948846578598
0.04314320534467697
0.0665266141295433
0.17017532885074615
0.1322641223669052
0.05774146318435669
0.1080300360918045
0.08979662507772446
0.14537307620048523
0.004559109918773174
0.03277726471424103
0.1424269676208496
0.11870647221803665
0.15131475031375885
0.054958924651145935
0.1794489175081253
0.11500980705022812
0.08194603025913239
0.20326776802539825
0.1543501913547516
0.05587770417332649
0.057491645216941833
0.07938557863235474
0.09152374416589737
0.23653583228588104
0.07803790271282196
0.08074365556240082
0.10732027888298035
0.2557632029056549
0.23437193036079407
0.068840391933918
0.11588430404663086
0.2373618334531784
0.12550866603851318
0.022696105763316154
0.1483912169933319
0.13104312121868134
0.14267447590827942
0.05814429372549057
0.09962249547243118
0.06374526768922806
0.10281175374984741
0.14570072293281555
0.18440110981464386
0.088136687874794
0.1552407592535019
0.08297131210565567
0.14406421780586243
0.21475863456726074
0.07394377887248993
0.08353222906589508
0.060377564281225204
0.05169123783707619
0.04024814814329147
0.1070750430226326
0.13178934156894684
0.09091372042894363
0.030487986281514168
0.12256073951721191
0.0694875717163086
0.1069871187210083
0.08325759321451187
0.10579405725002289
0.07888317853212357
0.07041897624731064
0.0879499539732933
0.21265186369419098
0.10325754433870316
0.16703784465789795
0.24491143226623535
0.06509678810834885
0.07919719070196152
0.10359661281108856
0.1416665017604828
0.0767136886715889
0.053415339440107346
0.0334610752761364
0.19214408099651337
0.13540957868099213
0.05899375304579735
0.09000330418348312
0.060013025999069214
0.0770869329571724
0.04794391244649887
0.1213260143995285
0.051877211779356
0.07472370564937592
0.08499976247549057
0.06724599748849869
0.07716838270425797
0.1376286894083023
0.15203838050365448
0.11926542967557907
0.308743953704834
0.13592734932899475
0.1482047587633133
0.04920653998851776
0.09487378597259521
0.04558485001325607
0.07703282684087753
0.07221204042434692
0.11126753687858582
0.10281925648450851
0.08833202719688416
0.07345432788133621
0.15306049585342407
0.13911737501621246
0.05532345548272133
0.07447267323732376
0.05412275344133377
0.0945427417755127
0.13437806069850922
0.2837897539138794
0.0891369953751564
0.09889855235815048
0.08653442561626434
0.10064926743507385
0.1805400252342224
0.07489877194166183
0.10421550273895264
0.06574453413486481
0.1552838832139969
0.10153793543577194
0.10851065069437027
0.19448988139629364
0.06439169496297836
0.09955185651779175
0.054765600711107254
0.08661780506372452
0.08793934434652328
0.15169045329093933
0.036880552768707275
0.06386948376893997
0.09431950747966766
0.1083698570728302
0.0847376212477684
0.08031247556209564
0.06215265020728111
0.04931572824716568
0.11938454210758209
0.26381781697273254
0.068475641310215
0.07543794810771942
0.18310914933681488
0.08641035109758377
0.0676184818148613
0.12351080775260925
0.07219339162111282
0.08749377727508545
0.34234780073165894
0.0813794657588005
0.12251323461532593
0.03629558905959129
0.0503426156938076
0.08705877512693405
0.20441651344299316
0.09024614840745926
0.1289016604423523
0.06271392107009888
0.08214305341243744
0.12258506566286087
0.05033501237630844
0.0890795886516571
0.05046890676021576
0.06235148385167122
0.01825828291475773
0.08914349973201752
0.02738388255238533
0.06223340705037117
0.026134837418794632
0.10915503650903702
0.04298777878284454
0.06952130049467087
0.08018394559621811
0.10106395184993744
0.1100347489118576
0.04930404946208
0.25955626368522644
0.0652448982000351
0.11323174834251404
0.06551501154899597
0.09073341637849808
0.14196926355361938
0.13397175073623657
0.11731909960508347
0.11043219268321991
0.12874633073806763
0.04097552224993706
0.15283654630184174
0.053200893104076385
0.09379509091377258
0.1047886461019516
0.04232983663678169
0.12231718748807907
0.1025087907910347
0.018877940252423286
0.07695262134075165
0.12489739805459976
0.1354799121618271
0.1673203408718109
0.09257926791906357
0.10787744075059891
0.060647472739219666
0.11327920854091644
0.054450348019599915
0.058605823665857315
0.0605785995721817
0.03253372386097908
0.25883999466896057
0.08638469129800797
0.07029387354850769
0.07526077330112457
0.10003078728914261
0.06875114887952805
0.12724272906780243
0.10618757456541061
0.24555538594722748
0.0569193996489048
0.12006180733442307
0.030204784125089645
0.12004045397043228
0.04188170284032822
0.08373933285474777
0.12145567685365677
0.13780951499938965
0.10706952959299088
0.13774240016937256
0.04127415269613266
0.06399921327829361
0.13139832019805908
0.09206291288137436
0.21338853240013123
0.09317505359649658
0.1028611958026886
0.052595801651477814
0.018411053344607353
0.07453875988721848
0.10137218981981277
0.14844495058059692
0.12997157871723175
0.11255115270614624
0.0934041365981102
0.12886810302734375
0.08762431144714355
0.041317861527204514
0.0218888558447361
0.11424379050731659
0.017675578594207764
0.0780709981918335
0.0775531530380249
0.04090500995516777
0.05144333466887474
0.0039063855074346066
0.0719330757856369
0.03615231812000275
0.21695390343666077
0.05001644790172577
0.0013917196774855256
0.11707465350627899
0.07647136598825455
0.07888420671224594
0.1291269063949585
0.004744439385831356
0.017997857183218002
0.0744432657957077
0.12174200266599655
0.14929115772247314
0.08155818283557892
0.16982004046440125
0.20846465229988098
0.17082403600215912
0.0639018565416336
0.07156720757484436
0.04415715113282204
0.09294218569993973
0.06901519745588303
0.04739699512720108
0.12548474967479706
0.21959808468818665
0.10758204013109207
0.06553637981414795
0.08141432702541351
0.06518258899450302
0.04379938170313835
0.15158094465732574
0.0859893411397934
0.04579430818557739
0.06853865832090378
0.15344475209712982
0.0887778177857399
0.11581920832395554
0.29267722368240356
0.04374660924077034
0.050819385796785355
0.04254859685897827
0.1811998188495636
0.08233165740966797
0.17136792838573456
0.07274352759122849
0.17693980038166046
0.07049001008272171
0.16095611453056335
0.05744081363081932
0.15267029404640198
0.1677192747592926
0.05996350571513176
0.041316866874694824
0.1184375062584877
0.03990183025598526
0.0816432535648346
0.05696839466691017
0.13658829033374786
0.05383466184139252
0.048383913934230804
0.14939801394939423
0.17973046004772186
0.07753435522317886
0.07935936748981476
0.00410607410594821
0.05863342434167862
0.14272141456604004
0.039344195276498795
0.0758206769824028
0.0016006836667656898
0.23572653532028198
0.07639633864164352
0.047608595341444016
0.03219720721244812
0.28305327892303467
0.19533394277095795
0.08931949734687805
0.08212145417928696
0.13759084045886993
0.04778484255075455
0.25326019525527954
0.12400108575820923
0.09348992258310318
0.07011359930038452
0.1040843203663826
0.24735595285892487
0.09614920616149902
0.12256212532520294
0.10661934316158295
0.07814812660217285
0.04005942493677139
0.01693040505051613
0.25008323788642883
0.09316625446081161
0.08649129420518875
0.12756983935832977
0.10011288523674011
0.197994664311409
0.10530878603458405
0.05271128937602043
0.06967446953058243
0.06889260560274124
0.042336247861385345
0.11030404269695282
0.10537420958280563
0.3597581088542938
0.02494650147855282
0.034613147377967834
0.048697032034397125
0.04123958572745323
0.03137525916099548
0.04896288737654686
0.056755464524030685
0.17166092991828918
0.11920470744371414
0.09081534296274185
0.187523752450943
0.15430095791816711
0.2528896927833557
0.03591969981789589
0.10770468413829803
0.06898292899131775
0.06617745757102966
0.040183600038290024
0.07387614250183105
0.06899332255125046
0.11190852522850037
0.10094621777534485
0.057915594428777695
0.042447786778211594
0.022183377295732498
0.07299215346574783
0.021922893822193146
0.02391056902706623
0.12632416188716888
0.0019376855343580246
0.10382013022899628
0.19678160548210144
0.07095564156770706
0.13790787756443024
0.13959655165672302
0.14913108944892883
0.17686013877391815
0.23445157706737518
0.14372068643569946
0.0890553742647171
0.3949167728424072
0.10589490085840225
0.08847303688526154
0.6791311502456665
0.06310807168483734
0.043444857001304626
0.10137718915939331
0.12593020498752594
0.09369166940450668
0.06548392027616501
0.015136785805225372
0.10295058786869049
0.06231852248311043
0.06405270844697952
0.14636220037937164
0.3193588852882385
0.06156793609261513
0.10395829379558563
0.08938572555780411
0.06353487074375153
0.08068761229515076
0.1839303821325302
0.06695191562175751
0.09355892986059189
0.0663662925362587
0.1927557736635208
0.044937971979379654
0.15515093505382538
0.037345513701438904
0.16181951761245728
0.059941451996564865
0.07959482818841934
0.12205036729574203
0.13188783824443817
0.0021170545369386673
0.09086921066045761
0.035222362726926804
0.11528728902339935
0.04261540621519089
0.08668319880962372
0.1675707846879959
0.2530968189239502
0.05635754391551018
0.11022185534238815
0.07741183042526245
0.0030905166640877724
0.09209828078746796
0.07983525842428207
0.21279679238796234
0.04714355617761612
0.028824057430028915
0.057543590664863586
0.21426407992839813
0.05402948334813118
0.10951542109251022
0.10963112860918045
0.25921621918678284
0.1111152321100235
0.07881377637386322
0.12511299550533295
0.053824082016944885
0.1307671219110489
0.04551391303539276
0.07057507336139679
0.04533541575074196
0.06767945736646652
0.14813213050365448
0.011552564799785614
0.050732262432575226
0.12087638676166534
0.15269890427589417
0.0015670177526772022
0.047897305339574814
0.006016483064740896
0.1208883598446846
0.14868991076946259
0.04506084322929382
0.02715529315173626
0.15836194157600403
0.0866290032863617
0.06272298097610474
0.1073833554983139
0.004514091182500124
0.17963401973247528
0.04197422415018082
0.08416978269815445
0.04721701145172119
0.1298632174730301
0.11431265622377396
0.02695639617741108
0.0780668780207634
0.13100391626358032
0.053469397127628326
0.10779834538698196
0.09985382854938507
0.03676065430045128
0.21205516159534454
0.11159797012805939
0.02777373604476452
0.09376722574234009
0.11252649873495102
0.03593326359987259
0.11661956459283829
0.2678047716617584
0.10682281851768494
0.07073090970516205
0.08024399727582932
0.0775427594780922
0.08865612745285034
0.02757321298122406
0.1025184914469719
0.0591735914349556
0.1722773015499115
0.1500038057565689
0.11418065428733826
0.08614546060562134
0.14427046477794647
0.10253442823886871
0.07804162800312042
0.12971046566963196
0.08414257317781448
0.06749771535396576
0.07388396561145782
0.07856129854917526
0.08050984144210815
0.2918158173561096
0.06580165028572083
0.09814565628767014
0.21371136605739594
0.10599984228610992
0.03018231689929962
0.005133402068167925
0.0189785435795784
0.030524199828505516
0.1910468488931656
0.04780248925089836
0.0650530606508255
0.07400129735469818
0.07683245837688446
0.09728939831256866
0.24878378212451935
0.011079765856266022
0.02410488948225975
0.0012975581921637058
0.3035748600959778
0.22311677038669586
0.10302174091339111
0.11063231527805328
0.05386390909552574
0.11220310628414154
0.03082619421184063
0.11124774068593979
0.02256658487021923
0.27733978629112244
0.08393315970897675
0.072555311024189
0.005291535519063473
0.09307271987199783
0.1318647861480713
0.0375756174325943
0.11215555667877197
0.07616951316595078
0.036783162504434586
0.07903134822845459
0.0004937072517350316
0.07713279873132706
0.13006959855556488
0.02580971270799637
0.07917347550392151
0.09166125953197479
0.1485980898141861
0.18271313607692719
0.13591806590557098
0.2757706940174103
0.10720933973789215
0.36474087834358215
0.08859161287546158
0.086921326816082
0.13245326280593872
0.09251263737678528
0.15420931577682495
0.09536997228860855
0.07804229110479355
0.038295678794384
0.03697558119893074
0.10010600090026855
0.13209973275661469
0.05198993533849716
0.15824924409389496
0.07686065882444382
0.2160709798336029
0.1260569989681244
0.042556654661893845
0.13072121143341064
0.04524615406990051
0.10417556017637253
0.06791476905345917
0.05107517167925835
0.06135424226522446
0.058398909866809845
0.15918993949890137
0.036311354488134384
0.04590710997581482
0.07007630914449692
0.046287909150123596
0.091849185526371
0.13630835711956024
0.02570853941142559
0.1547139585018158
0.027862071990966797
0.07802729308605194
0.0999780222773552
0.10752242058515549
0.08185581117868423
0.11871781200170517
0.07013561576604843
0.1571340709924698
0.048904333263635635
0.03782183676958084
0.0598985031247139
0.18514297902584076
0.08864311128854752
0.17095224559307098
0.06482551246881485
0.12834714353084564
0.13537685573101044
0.10632966458797455
0.13117870688438416
0.06523642688989639
0.05814773961901665
0.04402351379394531
0.08751079440116882
0.18125787377357483
0.08348581939935684
0.03510622680187225
0.0897756814956665
0.11178505420684814
0.061400219798088074
0.37137460708618164
0.12026244401931763
0.08620502799749374
0.032715413719415665
0.06568680703639984
0.24805596470832825
0.0015584356151521206
0.20782844722270966
0.08415498584508896
0.15726147592067719
0.07546757161617279
0.056047771126031876
0.11423151195049286
0.07070455700159073
0.05701456218957901
0.0846979171037674
0.002009970135986805
0.07237204909324646
0.03472384437918663
0.19958043098449707
0.06903614103794098
0.011858433485031128
0.09611830115318298
0.10270857810974121
0.16091445088386536
0.14107218384742737
0.05114421993494034
0.14459529519081116
0.11521082371473312
0.11766332387924194
0.08943010121583939
0.04475412145256996
0.11119816452264786
0.05661879852414131
0.14711953699588776
0.04251062497496605
0.28822261095046997
0.15359729528427124
0.10627856850624084
0.06302886456251144
0.18257540464401245
0.1688503473997116
0.04141504317522049
0.12454009056091309
0.1430307775735855
0.154380202293396
0.03528357297182083
0.19035764038562775
0.012906349264085293
0.027978111058473587
0.10284159332513809
0.010305400937795639
0.13675817847251892
0.15044984221458435
0.005325678735971451
0.09555939584970474
0.17224222421646118
0.06228015944361687
0.08552009612321854
0.13910987973213196
0.0718412697315216
0.06025007367134094
0.08578109741210938
0.13324111700057983
0.06713584810495377
0.04843801632523537
0.019438577815890312
0.09832997620105743
0.042374420911073685
0.041278403252363205
0.074744813144207
0.07640086859464645
0.0949690043926239
0.14868682622909546
0.06903918087482452
0.10287579894065857
0.10424583405256271
0.0922633558511734
0.1435592770576477
0.094918392598629
0.0727156326174736
0.09560496360063553
0.06633421778678894
0.037777356803417206
0.10920301824808121
0.06186557188630104
0.058837249875068665
0.03413598984479904
0.11074580997228622
0.0627908855676651
0.032231107354164124
0.027785593643784523
0.0849660262465477
0.04802308231592178
0.11254516243934631
0.1862238496541977
0.1213253065943718
0.11137793213129044
0.09945119172334671
0.034815847873687744
0.01917378418147564
0.16290561854839325
0.055265843868255615
0.16551654040813446
0.10802160203456879
0.05690011754631996
0.12208084017038345
0.16391830146312714
0.12377702444791794
0.03128255531191826
0.11567866057157516
0.056585296988487244
0.09109970182180405
0.03589371591806412
0.0591893307864666
0.12180731445550919
0.2019025981426239
0.12093348801136017
0.10655129700899124
0.09379000216722488
0.040990401059389114
0.08781421184539795
0.21088063716888428
0.0488249734044075
0.19450822472572327
0.047242455184459686
0.14012280106544495
0.12097485363483429
0.08422846347093582
0.07842664420604706
0.08849028497934341
0.06539247184991837
0.0845041424036026
0.032835952937603
0.13399772346019745
0.044801466166973114
0.07170001417398453
0.02447066456079483
0.04689506068825722
0.033659256994724274
0.06478819996118546
0.07131417095661163
0.03593441843986511
0.023498263210058212
0.056147389113903046
0.10054235905408859
0.07556119561195374
0.09370049834251404
0.16362248361110687
0.04927210137248039
0.0038982373662292957
0.06891865283250809
0.11350531876087189
0.1646910458803177
0.08235674351453781
0.001491944887675345
0.07793965935707092
0.07887528836727142
0.11168533563613892
0.0989738181233406
0.06045607477426529
0.1267194151878357
0.09554016590118408
0.09260513633489609
0.07089082896709442
0.07535340636968613
0.15269975364208221
0.034803714603185654
0.064110167324543
0.14241227507591248
0.07284366339445114
0.18818175792694092
0.051356248557567596
0.11977308243513107
0.12324531376361847
0.0037570460699498653
0.19000157713890076
0.008505560457706451
0.08699898421764374
0.16231542825698853
0.13998696208000183
0.041052065789699554
0.0952567607164383
0.07598841935396194
0.04675183445215225
0.04145605117082596
0.1337272673845291
0.09631909430027008
0.08545614033937454
0.2916475236415863
0.05487881973385811
0.08997044712305069
0.1282176375389099
0.08431767672300339
0.09894681721925735
0.07674834132194519
0.22120524942874908
0.10278619825839996
0.10525596886873245
0.18730995059013367
0.05362628772854805
0.021500224247574806
0.22655898332595825
0.07464660704135895
0.1651477962732315
0.05380465090274811
0.10819002240896225
0.11654095351696014
0.12152668088674545
0.12733235955238342
0.03325226530432701
0.07625988125801086
0.08403012901544571
0.10751287639141083
0.009171605110168457
0.06490243971347809
0.0847260132431984
0.047000277787446976
0.06851968169212341
0.20688940584659576
0.027634847909212112
0.05997803062200546
0.0741652324795723
0.25102823972702026
0.0766766220331192
0.1123456209897995
0.07297148555517197
0.284817099571228
0.0921267420053482
0.13454976677894592
0.1566118597984314
0.08391422033309937
0.0659729540348053
0.13075672090053558
0.13998347520828247
0.10649815201759338
0.03422273322939873
0.07266499847173691
0.1755649894475937
0.16982035338878632
0.06294092535972595
0.05015707388520241
0.13183172047138214
0.03660346940159798
0.1536850780248642
0.057626888155937195
0.06826558709144592
0.12845268845558167
0.07059605419635773
0.03412145748734474
0.19239795207977295
0.15843842923641205
0.06906665861606598
0.13238093256950378
0.08788527548313141
0.0746610090136528
0.018274448812007904
0.12270347028970718
0.09562213718891144
0.10183387994766235
0.024055881425738335
0.11515285819768906
0.13226641714572906
0.07942289113998413
0.12829117476940155
0.14135392010211945
0.07236887514591217
0.11448902636766434
0.006819979287683964
0.058252543210983276
0.00939086638391018
0.019578630104660988
0.14491496980190277
0.09712235629558563
0.04810554161667824
0.05906061455607414
0.11568739265203476
0.1140475943684578
0.054143983870744705
0.04310506209731102
0.17679472267627716
0.09832381457090378
0.0872739627957344
0.12517975270748138
0.17111851274967194
0.01191071979701519
0.06402270495891571
0.05080503970384598
0.07357068359851837
0.06113472208380699
0.06653343886137009
0.00507420115172863
0.05364903062582016
0.14865298569202423
0.04558638110756874
0.056237585842609406
0.06398281455039978
0.09838667511940002
0.1523030549287796
0.32191967964172363
0.032702721655368805
0.08750183135271072
0.10577043890953064
0.11046261340379715
0.12249529361724854
0.06545151025056839
0.13918174803256989
0.04345479980111122
0.07979385554790497
0.125713050365448
0.03235478699207306
0.12769301235675812
0.06486145406961441
0.13060571253299713
0.07008066028356552
0.0975915864109993
0.18081246316432953
0.07854647189378738
0.08709289878606796
0.05867413058876991
0.12054967880249023
0.11148711293935776
0.1541415899991989
0.10351788252592087
0.17624470591545105
0.060664985328912735
0.09345699846744537
0.007326565682888031
0.1018097847700119
0.14096572995185852
0.15099042654037476
0.07303221523761749
0.027216065675020218
0.02990115061402321
0.08448781818151474
0.17286962270736694
0.1713390052318573
0.18239514529705048
0.13591814041137695
0.1653338521718979
0.08517055213451385
0.11907019466161728
0.08677549660205841
0.1313304305076599
0.09219978749752045
0.02388571761548519
0.00793047808110714
0.07122167199850082
0.09238898009061813
0.1509866714477539
0.10169471800327301
0.17169468104839325
0.2077971249818802
0.1877150684595108
0.11648492515087128
0.193992018699646
0.1770651638507843
0.12394633144140244
0.07846933603286743
0.09103040397167206
0.014470284804701805
0.054977137595415115
0.09092789143323898
0.012771615758538246
0.0578889437019825
0.052218612283468246
0.2148696631193161
0.04667539894580841
0.10133571922779083
0.09756909310817719
0.005601116456091404
0.08798471093177795
0.07790353149175644
0.040589794516563416
0.08716735243797302
0.09597213566303253
0.17621326446533203
0.08064455538988113
0.12421758472919464
0.08440469950437546
0.08121363818645477
0.16289637982845306
0.09093530476093292
0.052524566650390625
0.07177998870611191
0.07570213079452515
0.10176899284124374
0.09305769950151443
0.09185351431369781
0.15099552273750305
0.01594928652048111
0.07164067029953003
0.06055827438831329
0.09748733788728714
0.06266290694475174
0.0670115277171135
0.10591349005699158
0.10549011826515198
0.0923195630311966
0.06250130385160446
0.10379131138324738
0.13413219153881073
0.18054373562335968
0.056520212441682816
0.11102639883756638
0.21101029217243195
0.10444628447294235
0.2114577293395996
0.12879911065101624
0.21968528628349304
0.1219683289527893
0.09779788553714752
0.29627498984336853
0.09512904286384583
0.1799347698688507
0.11535702645778656
0.05844121053814888
0.1636606603860855
0.19935238361358643
0.03441879153251648
0.00971438642591238
0.11710955947637558
0.1672273427248001
0.14495712518692017
0.13862110674381256
0.054255180060863495
0.07533671706914902
0.11393007636070251
0.07384636998176575
0.1720811426639557
0.15144124627113342
0.08580737560987473
0.06911361962556839
0.029806891456246376
0.059315912425518036
0.12072677910327911
0.08756369352340698
0.08876211941242218
0.002381583210080862
0.08605872839689255
0.06026710569858551
0.03913593292236328
0.0802999809384346
0.11197099089622498
0.054532457143068314
0.09322542697191238
0.14356614649295807
0.07055480778217316
0.019003504887223244
0.0873650535941124
0.0040013594552874565
0.05344314128160477
0.13006292283535004
0.06634578108787537
0.08227083832025528
0.0025223339907824993
0.10913848876953125
0.22130286693572998
0.035790178924798965
0.16716709733009338
0.009097103029489517
0.015498142689466476
0.1597844511270523
0.04737146943807602
0.19623258709907532
0.09580773115158081
0.025382785126566887
0.022109320387244225
0.06547176837921143
0.044583726674318314
0.06359707564115524
0.09413287788629532
0.050443027168512344
0.1285005658864975
0.09278193861246109
0.3044991195201874
0.19335660338401794
0.031706225126981735
0.08590641617774963
0.04696604609489441
0.2643439471721649
0.16562344133853912
0.014108970761299133
0.0661734789609909
0.027121614664793015
0.16927455365657806
0.11623457074165344
0.07893545925617218
0.06616400927305222
0.08934833854436874
0.09956324100494385
0.1899530291557312
0.133820578455925
0.05841808021068573
0.10409857332706451
0.0898093432188034
0.08070998638868332
0.06749694049358368
0.11026133596897125
0.11846593022346497
0.23774966597557068
0.03155575692653656
0.14237357676029205
0.05153188854455948
0.1638175994157791
0.07045497000217438
0.10426034778356552
0.08286037296056747
0.10300301015377045
0.08104017376899719
0.09621457010507584
0.1981733739376068
0.08423219621181488
0.016618892550468445
0.05086030811071396
0.14390401542186737
0.131982684135437
0.07919716835021973
0.052730295807123184
0.0695895403623581
0.14620041847229004
0.08396892994642258
0.07063616067171097
0.08149303495883942
0.021267801523208618
0.10400908440351486
0.10671166330575943
0.04202001541852951
0.049324654042720795
0.12384995818138123
0.262367308139801
0.11482061445713043
0.06637988239526749
0.19587719440460205
0.05645902827382088
0.09779722988605499
0.046455156058073044
0.09077098965644836
0.03496688976883888
0.16647891700267792
0.15892678499221802
0.06318066269159317
0.21846699714660645
0.034943465143442154
0.11634066700935364
0.09004570543766022
0.10560500621795654
0.13809087872505188
0.2578750550746918
0.03395868465304375
0.11459429562091827
0.04669041931629181
0.10063004493713379
0.059957411140203476
0.11736416816711426
0.05533968284726143
0.1522582769393921
0.09759162366390228
0.14153233170509338
0.012830851599574089
0.06375715881586075
0.12503178417682648
0.13741488754749298
0.043861404061317444
0.03043300285935402
0.0296640507876873
0.14376144111156464
0.13507087528705597
0.10291194915771484
0.10018566995859146
0.17635118961334229
0.0674145445227623
0.06093823164701462
0.11689047515392303
0.265311598777771
0.10983153432607651
0.14666281640529633
0.04309162497520447
0.16910453140735626
0.09243623912334442
0.066527359187603
0.130713552236557
0.1724766045808792
0.06005539745092392
0.03737850487232208
0.06519213318824768
0.10858328640460968
0.12774063646793365
0.13713520765304565
0.1031542643904686
0.03326023370027542
0.08875265717506409
0.090705506503582
0.0535418838262558
0.00032682984601706266
0.11506795138120651
0.13102459907531738
0.0005989024648442864
0.02884833887219429
0.08175978809595108
0.11544916778802872
0.0826355591416359
0.13712748885154724
0.07658771425485611
0.3299488425254822
0.07870268076658249
0.09894424676895142
0.04052943363785744
0.10844837874174118
0.004830481950193644
0.11615465581417084
0.012317628599703312
0.1482831835746765
0.15563368797302246
0.40761736035346985
0.14290949702262878
0.10089972615242004
0.04258017987012863
0.02737264707684517
0.21876107156276703
0.12859849631786346
0.08573772013187408
0.18491892516613007
0.07419496774673462
0.04052439332008362
0.3036504089832306
0.010143633931875229
0.16337257623672485
0.06569122523069382
0.10239364951848984
0.06988821178674698
0.06560846418142319
0.11152905970811844
0.08513322472572327
0.07012445479631424
0.005378415808081627
0.0546131432056427
0.04913674667477608
0.020236285403370857
0.06514296680688858
0.07492107897996902
0.23942294716835022
0.018450221046805382
0.11357271671295166
0.12705782055854797
0.10902877897024155
0.146571084856987
0.053082481026649475
0.0031501837074756622
0.028045842424035072
0.1508985310792923
0.12212838977575302
0.14663204550743103
0.07682663947343826
0.09140124917030334
0.08727484941482544
0.0435933917760849
0.055802423506975174
0.07929421961307526
0.054517053067684174
0.13930325210094452
0.02691141702234745
0.11943866312503815
0.09439236670732498
0.07825817912817001
0.08727139234542847
0.11364816874265671
0.06110168993473053
0.04695960506796837
0.09995901584625244
0.0300755612552166
0.15394894778728485
0.09960432350635529
0.08459766209125519
0.12398819625377655
0.10357359796762466
0.1297188550233841
0.061026643961668015
0.11400111764669418
0.1573408544063568
0.09319324046373367
0.08199755847454071
0.04750502109527588
0.1236376091837883
0.05885377898812294
0.03125849366188049
0.1976594626903534
0.08757837116718292
0.037592776119709015
0.14605459570884705
0.09848233312368393
0.09529631584882736
0.025656703859567642
0.009600388817489147
0.0990370586514473
0.12698984146118164
0.0663834810256958
0.05072838440537453
0.08171967417001724
0.08879689127206802
0.08958763629198074
0.0768580287694931
0.21706703305244446
0.1903616487979889
0.06594079732894897
0.07769890874624252
0.09580789506435394
0.08751879632472992
0.05533081665635109
0.1678973287343979
0.02224213443696499
0.04084286466240883
0.16661734879016876
0.05777239426970482
0.051323022693395615
0.08735822886228561
0.07932204008102417
0.035902202129364014
0.04949287325143814
0.10224621742963791
0.09018266946077347
0.08780631422996521
0.12399718165397644
0.08155910670757294
0.03214186429977417
0.19010867178440094
0.06892235577106476
0.05104352906346321
0.09114765375852585
0.044706445187330246
0.1244715005159378
0.09165558964014053
0.14876677095890045
0.014384972862899303
0.05864765867590904
0.06463361531496048
0.16590607166290283
0.22337427735328674
0.032299239188432693
0.16178879141807556
0.14932119846343994
0.044902559369802475
0.09242623299360275
0.14671114087104797
0.10166989266872406
0.12553492188453674
0.17858000099658966
0.098790742456913
0.08709017932415009
0.13182687759399414
0.07055745273828506
0.06556212157011032
0.11111260950565338
0.05892862752079964
0.057138361036777496
0.05597196891903877
0.027156254276633263
0.014663022942841053
0.15403683483600616
0.07558197528123856
0.11169207841157913
0.14629068970680237
0.08779872208833694
0.08136465400457382
0.0756319984793663
0.11864171177148819
0.07044490426778793
0.041340675204992294
0.09821300953626633
0.043084293603897095
0.11622302234172821
0.07212063670158386
0.06634512543678284
0.05979563295841217
0.11936358362436295
0.12425639480352402
0.050607677549123764
0.07315438985824585
0.13023731112480164
0.1195903867483139
0.24633945524692535
0.15097007155418396
0.09755469113588333
0.12265986204147339
0.09711500257253647
0.04895266517996788
0.019676391035318375
0.1479574590921402
0.09965024143457413
0.15220801532268524
0.08785286545753479
0.08662204444408417
0.253421813249588
0.005953324027359486
0.019233891740441322
0.0022071588318794966
0.09993861615657806
0.11776179075241089
0.07022247463464737
0.025654977187514305
0.04821816831827164
0.10307716578245163
0.05639464408159256
0.08184801787137985
0.16508275270462036
0.14881636202335358
0.05864868685603142
0.14516772329807281
0.07029665261507034
0.07827316224575043
0.16915060579776764
0.04807164520025253
0.14363980293273926
0.05136144161224365
0.03411080688238144
0.1004541739821434
0.06193595379590988
0.058160457760095596
0.07690426707267761
0.049430061131715775
0.10152701288461685
0.08269110321998596
0.10963772982358932
0.15607815980911255
0.08319682627916336
0.02644220180809498
0.11487357318401337
0.07388512045145035
0.10042046755552292
0.0742408037185669
0.10393265634775162
0.06024796888232231
0.05869319289922714
0.18221810460090637
0.12055818736553192
0.2379043698310852
0.06748270243406296
0.11388915777206421
0.08717458695173264
0.19497361779212952
0.1109284982085228
0.03761400654911995
0.14421044290065765
0.12225949019193649
0.11635538190603256
0.06498448550701141
0.11240503191947937
0.07706136256456375
0.08854103833436966
0.12549757957458496
0.03047950007021427
0.1266847550868988
0.016148004680871964
0.1752554327249527
0.0752779170870781
0.04280586168169975
0.28971943259239197
0.14248239994049072
0.09365972131490707
0.14014564454555511
0.0935603454709053
0.04901287332177162
0.08242525905370712
0.10961364209651947
0.03941819444298744
0.036417778581380844
0.10131025314331055
0.010753532871603966
0.029694078490138054
0.0607045441865921
0.21163782477378845
0.03788291662931442
0.13271576166152954
0.1238052248954773
0.055144406855106354
0.06953908503055573
0.09118302166461945
0.060804400593042374
0.10033240914344788
0.15298762917518616
0.03331156075000763
0.08907986432313919
0.09106625616550446
0.06459222733974457
0.14308041334152222
0.058030419051647186
0.1401837319135666
0.04681070148944855
0.1512705385684967
0.03474118933081627
0.10222060233354568
0.06230248510837555
0.06727152317762375
0.1418846696615219
0.08783990144729614
0.18240158259868622
0.1100679263472557
0.10391941666603088
0.1730802357196808
0.10982396453619003
0.26576152443885803
0.11137574911117554
0.0845186784863472
0.08408312499523163
0.02771257609128952
0.062366995960474014
0.0964050218462944
0.06501451879739761
0.09795131534337997
0.07261434942483902
0.07842715084552765
0.43664422631263733
0.045022327452898026
0.1098673939704895
0.026950392872095108
0.09339814633131027
0.08084982633590698
0.1125090941786766
0.050747524946928024
0.049860455095767975
0.23845452070236206
0.20647084712982178
0.07785453647375107
0.08448769897222519
0.09187111258506775
0.08921243995428085
0.07215101271867752
0.062229301780462265
0.1322542130947113
0.06959909200668335
0.04436011612415314
0.10254310816526413
0.046861015260219574
0.20786790549755096
0.04841223359107971
0.050512704998254776
0.09227059036493301
0.004007080569863319
0.12577666342258453
0.04700683802366257
0.21697969734668732
0.14362742006778717
0.11852820217609406
0.0445902980864048
0.02952643483877182
0.05313419550657272
0.0005528114270418882
0.05333049222826958
0.08241152763366699
0.11149594187736511
0.08592481911182404
0.12892897427082062
0.10691419243812561
0.11183229833841324
0.11541187763214111
0.08479294180870056
0.05319171026349068
0.061435602605342865
0.14402221143245697
0.0216458011418581
0.031165126711130142
0.09237497299909592
0.017810186371207237
0.07500945031642914
0.0451609306037426
0.029769420623779297
0.037165090441703796
0.07847350835800171
0.033109694719314575
0.25585228204727173
0.07034483551979065
0.056315816938877106
0.11161443591117859
0.14979304373264313
0.1146368458867073
0.16476371884346008
0.05911676213145256
0.2174372673034668
0.07964055240154266
0.10740699619054794
0.038222700357437134
0.14262503385543823
0.039029479026794434
0.08141981810331345
0.16447414457798004
0.03942074254155159
0.07245601713657379
0.21544471383094788
0.008339149877429008
0.2024303823709488
0.08213623613119125
0.07810414582490921
0.025543946772813797
0.05864381790161133
0.13208593428134918
0.026699354872107506
0.04765678942203522
0.12197847664356232
0.07584928721189499
0.11173783242702484
0.0680428296327591
0.05515780672430992
0.13493163883686066
0.10399941354990005
0.22542184591293335
0.056912995874881744
0.179356187582016
0.050417110323905945
0.1034214198589325
0.10677365958690643
0.054353609681129456
0.19411109387874603
0.06896507740020752
0.05543386936187744
0.066342793405056
0.07048456370830536
0.06433334201574326
0.1170835867524147
0.11929269134998322
0.07990492135286331
0.027196316048502922
0.04668629914522171
0.10704674571752548
0.028932707384228706
0.0420178659260273
0.02045156992971897
0.13301725685596466
0.11005862057209015
0.11516177654266357
0.09034232795238495
0.023651765659451485
0.04672623798251152
0.1850271224975586
0.09042893350124359
0.03635995090007782
0.1378827691078186
0.030930636450648308
0.132895365357399
0.07154498994350433
0.06602438539266586
0.09819374978542328
0.046319372951984406
0.15017999708652496
0.167192280292511
0.1607232689857483
0.05669868364930153
0.0888955220580101
0.02772536873817444
0.17102763056755066
0.026023518294095993
0.13099712133407593
0.14349150657653809
0.14815381169319153
0.05822790786623955
0.10437751561403275
0.12984855473041534
0.10255486518144608
0.08586263656616211
0.06449884176254272
0.1671089231967926
0.20487342774868011
0.14000029861927032
0.050729792565107346
0.10054252296686172
0.06568055599927902
0.04181091487407684
0.05347982048988342
0.12431269884109497
0.04998377338051796
0.07791010290384293
0.03932301327586174
0.020622704178094864
0.04158058390021324
0.08575715124607086
0.07174588739871979
0.13903652131557465
0.08054705709218979
0.16049550473690033
0.03325502574443817
0.07642935961484909
0.09106861054897308
0.13920888304710388
0.04844912886619568
0.013195464387536049
0.05247127637267113
0.056262314319610596
0.08430293202400208
0.2892838418483734
0.027394937351346016
0.051284339278936386
0.0645471140742302
0.07129324227571487
0.03130503371357918
0.07695016264915466
0.07545170187950134
0.0929621011018753
0.040184538811445236
0.11274402588605881
0.08223168551921844
0.13716530799865723
0.07801048457622528
0.10532581061124802
0.028633983805775642
0.09943555295467377
0.0321539081633091
0.08586931228637695
0.0968053936958313
0.09157411009073257
0.02325424551963806
0.036744121462106705
0.014234344474971294
0.06678988039493561
0.048219118267297745
0.0806131437420845
0.06005660817027092
0.08178185671567917
0.20629674196243286
0.23147164285182953
0.012423524633049965
0.029535885900259018
0.08557036519050598
0.07940669357776642
0.1814076453447342
0.07949242740869522
0.09048067778348923
0.0745127722620964
0.0887540951371193
0.10982357710599899
0.028432833030819893
0.09651900082826614
0.027360297739505768
0.14959411323070526
0.2952722907066345
0.112240269780159
0.34870821237564087
0.1024177223443985
0.0591479167342186
0.17384876310825348
0.1303505152463913
0.16737772524356842
0.07884208858013153
0.0066674682311713696
0.029838288202881813
0.09794216603040695
0.08205696195363998
0.047520313411951065
0.035109926015138626
0.12785731256008148
0.07379908114671707
0.1167055070400238
0.07295776903629303
0.08235133439302444
0.3151041567325592
0.04184494912624359
0.3005373477935791
0.06756710261106491
0.1505565196275711
0.23378720879554749
0.07781753689050674
0.13275814056396484
0.04785730317234993
0.12061236798763275
0.04547824710607529
0.0892886221408844
0.06379137188196182
0.03408978879451752
0.1229090541601181
0.0521707683801651
0.04000154882669449
0.07888778299093246
0.07207915931940079
0.11790748685598373
0.024410709738731384
0.037331659346818924
0.07106015831232071
0.13864478468894958
0.022633232176303864
0.06764746457338333
0.03674250468611717
0.0494234673678875
0.11229988187551498
0.0436473973095417
0.025424160063266754
0.05974544957280159
0.04283173754811287
0.0989575907588005
0.06590870022773743
0.0064164018258452415
0.12136398255825043
0.13440197706222534
0.09423501789569855
0.059561606496572495
0.043056733906269073
0.02004406973719597
0.04755650833249092
0.07377665489912033
0.06641902774572372
0.10195701569318771
0.09026709198951721
0.12186596542596817
0.0954769179224968
0.0006431034998968244
0.022970732301473618
0.0503690205514431
0.12666411697864532
0.11337946355342865
0.03354152664542198
0.08112403005361557
0.22784610092639923
0.09942784905433655
0.1247381865978241
0.20649079978466034
0.13720831274986267
0.05072266608476639
0.045554399490356445
0.04103237763047218
0.12434747070074081
0.0784682184457779
0.06478072702884674
0.04676658287644386
0.057419806718826294
0.05712626501917839
0.03557451814413071
0.020775562152266502
0.18315786123275757
0.06323352456092834
0.11815134435892105
0.07020948082208633
0.019477594643831253
0.06245359778404236
0.19398203492164612
0.0647362694144249
0.09286370128393173
0.03145349770784378
0.04378441348671913
0.2003137171268463
0.11423239856958389
0.07078620046377182
0.05162699148058891
0.12941667437553406
0.14024905860424042
0.04893765598535538
0.08827527612447739
0.043212879449129105
0.05324700102210045
0.09028023481369019
0.1102815717458725
0.03713420405983925
0.10288707166910172
0.0024446824099868536
0.12726542353630066
0.04884349927306175
0.20774699747562408
0.030108997598290443
0.11504523456096649
0.0487661175429821
0.16551019251346588
0.18101905286312103
0.1709541380405426
0.07088557630777359
0.107132188975811
0.3318047821521759
0.21447031199932098
0.0814160406589508
0.12375352531671524
0.040307823568582535
0.15384617447853088
0.09217353910207748
0.11531630903482437
0.22330719232559204
0.08679740130901337
0.25812169909477234
0.07392986118793488
0.08995544165372849
0.07367502897977829
0.10791446268558502
0.05850416421890259
0.048936329782009125
0.08562727272510529
0.1406428962945938
0.0033012451604008675
0.006901992950588465
0.17720402777194977
0.04325975105166435
0.06324396282434464
0.04564167186617851
0.09791982918977737
0.06077548861503601
0.10991708189249039
0.13047990202903748
0.05374015495181084
0.13181589543819427
0.1158318817615509
0.052248623222112656
0.028863539919257164
0.049452852457761765
0.09495816379785538
0.07518292963504791
0.03768426552414894
0.09995538741350174
0.04719384387135506
0.1767464280128479
0.07700079679489136
0.013408759608864784
0.08542709052562714
0.037013549357652664
0.08525681495666504
0.0987321212887764
0.10613197833299637
0.12386403232812881
0.009163696318864822
0.04421936720609665
0.12401773035526276
0.10703374445438385
0.061409033834934235
0.06199917942285538
0.043199919164180756
0.041842468082904816
0.1048659011721611
0.0504378005862236
0.14340932667255402
0.05270000174641609
0.10154097527265549
0.1204577162861824
0.012032830156385899
0.07941041141748428
0.062341444194316864
0.1476258933544159
0.11572195589542389
0.09148132055997849
0.05542730912566185
0.21067824959754944
0.2186315506696701
0.04155031219124794
0.08796849846839905
0.15390951931476593
0.06365741044282913
0.04762174189090729
0.027253400534391403
0.05227624997496605
0.14003680646419525
0.039298977702856064
0.20222388207912445
0.1873476207256317
0.15061213076114655
0.1114618182182312
0.11579543352127075
0.0738382339477539
0.14786995947360992
0.07460832595825195
0.05784808471798897
0.08348587155342102
0.08407918363809586
0.14819416403770447
0.08364350348711014
0.04672297462821007
0.08178820461034775
0.0724017545580864
0.06004748493432999
0.128692165017128
0.1092226430773735
0.0878017470240593
0.15282395482063293
0.09774935245513916
0.03578343242406845
0.13233746588230133
0.1516813039779663
0.1750047206878662
0.1244978979229927
0.06039059907197952
0.08768108487129211
0.07724615186452866
0.20730414986610413
0.19806942343711853
0.029671281576156616
0.05940426513552666
0.054448939859867096
0.16252730786800385
0.07264189422130585
0.1231367439031601
0.02982919104397297
0.04484426975250244
0.04767845571041107
0.04542768746614456
0.03866489231586456
0.013071341440081596
0.1447736769914627
0.09444830566644669
0.11261214315891266
0.3365064859390259
0.06713476777076721
0.29809749126434326
0.041481927037239075
0.0943339392542839
0.12570706009864807
0.06033099815249443
0.10570162534713745
0.10302995890378952
0.12637372314929962
0.08781830966472626
0.11590304970741272
0.01678004302084446
0.10199560225009918
0.05079809948801994
0.07647425681352615
0.20499902963638306
0.1020270362496376
0.11638777703046799
0.09308500587940216
0.09039419889450073
0.07835724204778671
0.04425767809152603
0.2019726186990738
0.19575759768486023
0.042551446706056595
0.12457260489463806
0.12112665921449661
0.1290421187877655
0.03349992632865906
0.08933667093515396
0.054746951907873154
0.05079205334186554
0.04153381288051605
0.05268710106611252
0.05518423393368721
0.07798095792531967
0.013517775572836399
0.07945767045021057
0.23283760249614716
0.10121624916791916
0.0932796522974968
0.06754170358181
0.10365840792655945
0.07413365691900253
0.23804274201393127
0.13326554000377655
0.0729336142539978
0.044056493788957596
0.05099434033036232
0.08884501457214355
0.0680176168680191
0.057264771312475204
0.1037185937166214
0.1324143409729004
0.11842367798089981
0.2067774534225464
0.08224701881408691
0.045308683067560196
0.17408756911754608
0.044131021946668625
0.11643332242965698
0.09025463461875916
0.0635010302066803
0.08724072575569153
0.05915343016386032
0.17395541071891785
0.12091303616762161
0.03806554898619652
0.08932752907276154
0.09525374323129654
0.054401982575654984
0.008063641376793385
0.16703933477401733
0.0133481714874506
0.1261591762304306
0.21431033313274384
0.0665249451994896
0.2105293571949005
0.041310153901576996
0.03138880059123039
0.0838971734046936
0.09855838119983673
0.21452268958091736
0.1727389693260193
0.1452142745256424
0.09924019128084183
0.1200912669301033
0.06682892888784409
0.11889641731977463
0.14354729652404785
0.0754537358880043
0.12861010432243347
0.06940695643424988
0.11560394614934921
0.08189646899700165
0.11117219179868698
0.0631806030869484
0.0671611949801445
0.1319461464881897
0.0012712535681203008
0.07191335409879684
0.06981027126312256
0.04794361814856529
0.027850579470396042
0.035124242305755615
0.04681624472141266
0.11213190853595734
0.09245122969150543
0.005056348629295826
0.04044618085026741
0.0628550574183464
0.05570955574512482
0.005942008923739195
0.012050393968820572
0.08016557991504669
0.0673212930560112
0.05353175103664398
0.03785080090165138
0.044847890734672546
0.029584430158138275
0.055757906287908554
0.0041419207118451595
0.012013256549835205
0.09004783630371094
0.05644449591636658
0.11404243111610413
0.11004819720983505
0.09186317771673203
0.029855817556381226
0.10688179731369019
0.13938653469085693
0.06714282929897308
0.01595613919198513
0.034267839044332504
0.10599499940872192
0.1617695838212967
0.07548210024833679
0.05870586261153221
0.09227346628904343
0.08337660133838654
0.07172968983650208
0.06727533787488937
0.11860797554254532
0.025215694680809975
0.0705294981598854
0.136343315243721
0.05122372508049011
0.09674400836229324
0.04140699282288551
0.013829083181917667
0.0033310274593532085
0.06739845126867294
0.039659373462200165
0.14471150934696198
0.06444023549556732
0.17620936036109924
0.10733264684677124
0.11302520334720612
0.029822375625371933
0.10881905257701874
0.05192679539322853
0.08963888883590698
0.1530456244945526
0.0759676992893219
0.059521742165088654
0.05249645933508873
0.19368188083171844
0.07484141737222672
0.020298372954130173
0.018442468717694283
0.18898889422416687
0.13190209865570068
0.10348605364561081
0.14326104521751404
0.030510706827044487
0.10093922913074493
0.05945342034101486
0.0722646564245224
0.11228744685649872
0.04318396374583244
0.06757938116788864
0.19763576984405518
0.06275671720504761
0.0024180207401514053
0.08229321986436844
0.08705291897058487
0.07646175473928452
0.06777346134185791
0.17804676294326782
0.13840341567993164
0.046818364411592484
0.10322261601686478
0.21211792528629303
0.0658244788646698
0.11876287311315536
0.23285818099975586
0.02557874098420143
0.11912404000759125
0.13421276211738586
0.04923146590590477
0.13320690393447876
0.07435823976993561
0.06251729279756546
0.0006634785095229745
0.06891603022813797
0.14203020930290222
0.09184985607862473
0.236037015914917
0.10227290540933609
0.09851285070180893
0.17306770384311676
0.0850127786397934
0.06096960976719856
0.06148028373718262
0.10497961938381195
0.08432669937610626
0.050749070942401886
0.1084316149353981
0.18685156106948853
0.04291169345378876
0.07337474077939987
0.06067630276083946
0.10031372308731079
0.10659237205982208
0.03695208951830864
0.11535187810659409
0.08241371065378189
0.00504055991768837
0.11203426122665405
0.046358078718185425
0.30350828170776367
0.07699256390333176
0.0962783545255661
0.04386145621538162
0.11266559362411499
0.0006874329410493374
0.1875661462545395
0.10673387348651886
0.10858099162578583
0.06992780417203903
0.08339548856019974
0.08367858082056046
0.10116477310657501
0.08822976797819138
0.13599500060081482
0.07888969779014587
0.03875904157757759
0.08613184094429016
0.05642112344503403
0.09057601541280746
0.17215172946453094
0.04789724946022034
0.007322989404201508
0.08519847691059113
0.13938838243484497
0.06953880190849304
0.15495945513248444
0.0875759944319725
0.07279063016176224
0.03575938567519188
0.11053165793418884
0.09286198765039444
0.11392901092767715
0.16481629014015198
0.17354509234428406
0.19059136509895325
0.2250746637582779
0.10495047271251678
0.0818011611700058
0.08483577519655228
0.12135360389947891
0.09780152142047882
0.18176238238811493
0.10484210401773453
0.03854624927043915
0.10155434161424637
0.10452160984277725
0.12715309858322144
0.0013187844306230545
0.046137917786836624
0.03599501773715019
0.11266691982746124
0.04282550513744354
0.04402165859937668
0.07138105481863022
0.12144782394170761
0.20132198929786682
0.12822487950325012
0.0008234163979068398
0.09244483709335327
0.10420326888561249
0.05031284689903259
0.11321871727705002
0.027000989764928818
0.1044478788971901
0.21870596706867218
0.055476050823926926
0.10518554598093033
0.07395675778388977
0.013328300788998604
0.060268037021160126
0.18961641192436218
0.1955341100692749
0.04623337835073471
0.03836825117468834
0.3073711395263672
0.11424274742603302
0.04324197769165039
0.050880491733551025
0.09056306630373001
0.26566919684410095
0.06001272797584534
0.11131954193115234
0.08200643956661224
0.12047407776117325
0.04018004238605499
0.020873533561825752
0.0380266010761261
0.0782509297132492
0.1289295107126236
0.029201749712228775
0.053609564900398254
0.08277598023414612
0.07660803198814392
0.07474982738494873
0.06037180870771408
0.09294870495796204
0.09648314863443375
0.08341609686613083
0.12480834871530533
0.03418397903442383
0.05722609907388687
0.010583542287349701
0.10072509944438934
0.15104494988918304
0.1250339299440384
0.09164495766162872
0.021340418606996536
0.0937080830335617
0.045185402035713196
0.03800959140062332
0.07989227771759033
0.20011723041534424
0.11282040923833847
0.1599798947572708
0.12770816683769226
0.08773383498191833
0.07236374914646149
0.027972208335995674
0.18197527527809143
0.17158064246177673
0.11644642055034637
0.05296020209789276
0.14368663728237152
0.06936250627040863
0.095622219145298
0.11367069184780121
0.05523072928190231
0.12099909037351608
0.1317165344953537
0.10413187742233276
0.20554497838020325
0.17493656277656555
0.0557568296790123
0.139460489153862
0.13263465464115143
0.08831101655960083
0.12077851593494415
0.0058942511677742004
0.07572002708911896
0.23024997115135193
0.07105356454849243
0.05980253219604492
0.06457456201314926
0.11472658812999725
0.0742342546582222
0.002435017377138138
0.09606362134218216
0.09716247022151947
0.2617165446281433
0.08850713819265366
0.010673953220248222
0.09733346849679947
0.05286400392651558
0.0735628604888916
0.2009371668100357
0.02126636542379856
0.12952353060245514
0.09696105122566223
0.15274274349212646
0.11271069943904877
0.1367250680923462
0.21280072629451752
0.055473536252975464
0.03909889981150627
0.008727969601750374
0.13240942358970642
0.02436336874961853
0.04254183918237686
0.14999502897262573
0.1063145324587822
0.014610678888857365
0.08211496472358704
0.10425108671188354
0.07503070682287216
0.07973095774650574
0.17540782690048218
0.0375090092420578
0.06158973276615143
0.034781116992235184
0.050173740833997726
0.04952806979417801
0.19832107424736023
0.0009999660542234778
0.1223595142364502
0.06873805075883865
0.10769607871770859
0.05951382592320442
0.016862040385603905
0.10135094821453094
0.12129315733909607
0.03221040219068527
0.04595410078763962
0.0603947788476944
0.031406909227371216
0.11359533667564392
0.11586159467697144
0.04481757432222366
0.05869678407907486
0.018359558656811714
0.14475718140602112
0.059739742428064346
0.12241598963737488
0.022870182991027832
0.04931221157312393
0.06838319450616837
0.01857970841228962
0.07677698135375977
0.1316615343093872
0.0745936930179596
0.11311785131692886
0.07917572557926178
0.10159359127283096
0.16037334501743317
0.10270969569683075
0.06430801749229431
0.05887589603662491
0.1421184539794922
0.08554281294345856
0.061589501798152924
0.0736624151468277
0.05918464437127113
0.03012743405997753
0.11192040145397186
0.12550340592861176
0.10621880739927292
0.13385096192359924
0.17824126780033112
0.07137804478406906
0.056122466921806335
0.09189246594905853
0.06780291348695755
0.0685136541724205
0.1212746873497963
0.09145760536193848
0.055905602872371674
0.10999679565429688
0.080159991979599
0.1634882092475891
0.10536524653434753
0.0709335058927536
0.20865586400032043
0.04947267845273018
0.026353606954216957
0.09118372201919556
0.022350631654262543
0.0013080639764666557
0.02937167137861252
0.11399548500776291
0.05080201476812363
0.06587792187929153
0.04294690489768982
0.04903719201683998
0.004819805268198252
0.0708758607506752
0.18784096837043762
0.14169614017009735
0.041043948382139206
0.06363579630851746
0.0835450291633606
0.18558870255947113
0.06273027509450912
0.08137235045433044
0.023647621273994446
0.10722286999225616
0.031904853880405426
0.07237211614847183
0.08008543401956558
0.08462024480104446
0.041133295744657516
0.10202863812446594
0.11061960458755493
0.10015642642974854
0.043165173381567
0.0867144763469696
0.09724054485559464
0.0576447956264019
0.03771417587995529
0.1575741469860077
0.11100398749113083
0.10512366890907288
0.20454077422618866
0.04680343717336655
0.15524086356163025
0.02007669396698475
0.10113345086574554
0.04265989735722542
0.09449402987957001
0.173594132065773
0.08529137074947357
0.054486144334077835
0.039923422038555145
0.04672940820455551
0.027020325884222984
0.004386515822261572
0.21284867823123932
0.1346926987171173
0.18037332594394684
0.09326358884572983
0.0596122220158577
0.1303868293762207
0.2059229463338852
0.13784591853618622
0.05727564916014671
0.05104626715183258
0.09909036010503769
0.07327388226985931
0.07212251424789429
0.07378692924976349
0.039830613881349564
0.045774586498737335
0.11421296000480652
0.07794193178415298
0.05261865630745888
0.05334779620170593
0.05080411583185196
0.08543671667575836
0.2388516217470169
0.06096625328063965
0.019702743738889694
0.12441863119602203
0.1286887228488922
0.11526055634021759
0.0801844447851181
0.0796465128660202
0.168850839138031
0.047638509422540665
0.0039122761227190495
0.10319150239229202
0.04273967444896698
0.11251573264598846
0.151808962225914
0.11852648109197617
0.05344999209046364
0.05667366459965706
0.1207488477230072
0.06038839370012283
0.1302095502614975
0.03734635189175606
0.22201547026634216
0.0773843303322792
0.07495961338281631
0.1369016319513321
0.022435830906033516
0.15505902469158173
0.09719052910804749
0.16838912665843964
0.2995005249977112
0.1332949697971344
0.06425483524799347
0.0829404890537262
0.13953164219856262
0.004502503201365471
0.1169019341468811
0.14123176038265228
0.024435769766569138
0.1471022069454193
0.11861070990562439
0.11689527332782745
0.12484808266162872
0.04186717048287392
0.07470925152301788
0.1364334523677826
0.011991201899945736
0.08066502213478088
0.07303670793771744
0.11301317811012268
0.12878039479255676
0.041584983468055725
0.21913138031959534
0.07538820803165436
0.12556982040405273
0.10378401726484299
0.016266794875264168
0.10118099302053452
0.08483591675758362
0.17418403923511505
0.05623960122466087
0.18164293467998505
0.02568371593952179
0.03588205948472023
0.1548110693693161
0.09210394322872162
0.12055723369121552
0.14746014773845673
0.0747700110077858
0.21815136075019836
0.1205059066414833
0.055292919278144836
0.09692087769508362
0.09656045585870743
0.1871107816696167
0.013153953477740288
0.058724544942379
0.06506039202213287
0.07713072746992111
0.06566246598958969
0.08521942049264908
0.06281854957342148
0.04367430508136749
0.08448942005634308
0.12633883953094482
0.15459378063678741
0.06774359196424484
0.027048157528042793
0.030560562387108803
0.05000334605574608
0.0500657856464386
0.12819306552410126
0.09932182729244232
0.038296304643154144
0.04370253533124924
0.1107809916138649
0.19927366077899933
0.33707624673843384
0.01959887705743313
0.05449359863996506
0.07968489080667496
0.004709306173026562
0.0629945769906044
0.08364150673151016
0.04992429167032242
0.22740216553211212
0.17865139245986938
0.10252479463815689
0.12148492783308029
0.04214607924222946
0.07888386398553848
0.1234627366065979
0.22226126492023468
0.040430083870887756
0.021589575335383415
0.09274922311306
0.3267400562763214
0.07485965639352798
0.12478701025247574
0.06514894217252731
0.12090719491243362
0.1187112033367157
0.04472644254565239
0.025280741974711418
0.10320597141981125
0.09860526770353317
0.11848906427621841
0.21801432967185974
0.04612350836396217
0.19543975591659546
0.044265251606702805
0.05499632656574249
0.07483413070440292
0.11105331033468246
0.1533525586128235
0.05661684274673462
0.022200146690011024
0.03836146742105484
0.15512071549892426
0.07959730178117752
0.35861918330192566
0.019774319604039192
0.14264720678329468
0.06826244294643402
0.0818210318684578
0.001977992244064808
0.003505977801978588
0.08456926792860031
0.033729419112205505
0.13831502199172974
0.06441430747509003
0.22815077006816864
0.1392095685005188
0.3370243012905121
0.06437161564826965
0.08239072561264038
0.11226317286491394
0.05079352483153343
0.09292162954807281
0.1475682407617569
0.07168860733509064
0.19520913064479828
0.1586451381444931
0.04360264167189598
0.011112022213637829
0.10811056941747665
0.08062294125556946
0.08189231902360916
0.10595712810754776
0.08001607656478882
0.11894618719816208
0.06781331449747086
0.07554575800895691
0.14660584926605225
0.0096085574477911
0.05151279643177986
0.1678798496723175
0.1419532597064972
0.04005751758813858
0.09742439538240433
0.18399477005004883
0.13232429325580597
0.14788895845413208
0.054383594542741776
0.06072631850838661
0.07884881645441055
0.0697319433093071
0.006728155538439751
0.14228808879852295
0.038293950259685516
0.11798050999641418
0.14158284664154053
0.07364671677350998
0.06295311450958252
0.1918840855360031
0.13485495746135712
0.0400148443877697
0.12144587934017181
0.13049238920211792
0.091536745429039
0.051379501819610596
0.09522029012441635
0.07977446168661118
0.027836686000227928
0.06777027994394302
0.26754069328308105
0.06733259558677673
0.1730155050754547
0.12330859899520874
0.06772782653570175
0.039287813007831573
0.063612200319767
0.1062072366476059
0.09728752821683884
0.19323627650737762
0.10891895741224289
0.06692145764827728
0.18515503406524658
0.026400476694107056
0.09031911194324493
0.1244177520275116
0.070258729159832
0.13127733767032623
0.1269824504852295
0.11490500718355179
0.2421083152294159
0.056037839502096176
0.15900163352489471
0.03246450424194336
0.046076446771621704
0.02100076526403427
0.07447998970746994
0.03646690398454666
0.08759348094463348
0.05684587359428406
0.03457257151603699
0.005172924604266882
0.04281829670071602
0.4044293761253357
0.0005021370016038418
0.09139947593212128
0.08573421835899353
0.018604200333356857
0.07672624289989471
0.01686871238052845
0.12657439708709717
0.06519235670566559
0.09032636135816574
0.06192730739712715
0.053105998784303665
0.11592990159988403
0.12040933221578598
0.027135925367474556
0.02170119248330593
0.09420046210289001
0.07662008702754974
0.07120338082313538
0.04426319897174835
0.09600535780191422
0.22343136370182037
0.08746504038572311
0.11818729341030121
0.10088719427585602
0.16603520512580872
0.000952089496422559
0.19788560271263123
0.0010974700562655926
0.0811724066734314
0.05800154060125351
0.051699522882699966
0.0052338456735014915
0.08996477723121643
0.17878594994544983
0.09733245521783829
0.07941057533025742
0.10766950994729996
0.046728815883398056
0.05546583607792854
0.052469488233327866
0.16323456168174744
0.16613492369651794
0.11586546897888184
0.07002896815538406
0.008539615198969841
0.12165392935276031
0.05747801437973976
0.04182448610663414
0.05824974924325943
0.054613396525382996
0.01851014979183674
0.07627367228269577
0.07915307581424713
0.060430508106946945
0.09679213911294937
0.03730100765824318
0.09877371042966843
0.004562915302813053
0.013698157854378223
0.11590807139873505
0.01847773604094982
0.2048223912715912
0.03031698241829872
0.05609803646802902
0.16389422118663788
0.11223321408033371
0.16824251413345337
0.23663131892681122
0.09251301735639572
0.06316064298152924
0.04480826482176781
0.1719038188457489
0.02583296038210392
0.26170700788497925
0.05294465273618698
0.06173717603087425
0.16603395342826843
0.06633596867322922
0.04298883676528931
0.14039888978004456
0.10678865760564804
0.12314458936452866
0.4053841233253479
0.08685537427663803
0.05815540999174118
0.05730642005801201
0.045264601707458496
0.06355933099985123
0.06916935741901398
0.05986308678984642
0.04980533570051193
0.10370104759931564
0.10648394376039505
0.13701829314231873
0.06016440689563751
0.06344706565141678
0.2688066363334656
0.04158296063542366
0.10256452113389969
0.026370873674750328
0.12242954969406128
0.031160086393356323
0.22408267855644226
0.08807598799467087
0.12268515676259995
0.1492467224597931
0.0392502099275589
0.05231013521552086
0.14501504600048065
0.09220979362726212
0.10269366204738617
0.056098613888025284
0.07407750189304352
0.07498986274003983
0.12101323902606964
0.028328077867627144
0.047155920416116714
0.010462907142937183
0.09833019971847534
0.09289054572582245
0.07207391411066055
0.04558543488383293
0.11397866159677505
0.02418748289346695
0.14119276404380798
0.004896997474133968
0.0025935512967407703
0.09645432978868484
0.14469920098781586
0.03940692916512489
0.07749754935503006
0.09341181069612503
0.14622433483600616
0.08641612529754639
0.08709092438220978
0.07101046293973923
0.06710854172706604
0.06671606749296188
0.032127898186445236
0.06631951779127121
0.09981369972229004
0.3022671937942505
0.07974758744239807
0.08066923916339874
0.050663113594055176
0.14881420135498047
0.08772389590740204
0.04423881694674492
0.2429296374320984
0.09473340213298798
0.148654967546463
0.11342179775238037
0.07462120801210403
0.13043686747550964
0.07501962035894394
0.19670049846172333
0.05567380040884018
0.09368105977773666
0.06780267506837845
0.009280899539589882
0.13540467619895935
0.1037713810801506
0.1323656141757965
0.0787450447678566
0.09559653699398041
0.2317696511745453
0.06052475795149803
0.07576411962509155
0.057744238525629044
0.08740167319774628
0.08671306818723679
0.08355722576379776
0.08485155552625656
0.15045426785945892
0.0651264637708664
0.06154985725879669
0.12011023610830307
0.028042834252119064
0.04994485527276993
0.14889869093894958
0.03286755457520485
0.07036495953798294
0.08568759262561798
0.1395040899515152
0.1167517676949501
0.05270960181951523
0.041207678616046906
0.07314155995845795
0.1241668313741684
0.004136914853006601
0.09500152617692947
0.010431177914142609
0.12679490447044373
0.08968448638916016
0.0810275748372078
0.060781002044677734
0.1570023000240326
0.033110134303569794
0.21447549760341644
0.06660450994968414
0.058333173394203186
0.14070241153240204
0.07527020573616028
0.035133469849824905
0.04933355376124382
0.04588446766138077
0.012456881813704967
0.08955758064985275
0.05822622403502464
0.002625137334689498
0.038887642323970795
0.07793980836868286
0.06677156686782837
0.08493383973836899
0.10812506824731827
0.05528589338064194
0.03289762884378433
0.03726998344063759
0.12249801307916641
0.04484313726425171
0.07217756658792496
0.10408446192741394
0.07551378756761551
0.15519008040428162
0.05852706357836723
0.1064835861325264
0.0794898197054863
0.08208641409873962
0.10586076229810715
0.0546422004699707
0.08146438747644424
0.05874145030975342
0.10886043310165405
0.19491130113601685
0.13937966525554657
0.07884975522756577
0.04807184264063835
0.07619337737560272
0.12785589694976807
0.03834328427910805
0.053016938269138336
0.15832778811454773
0.12504231929779053
0.10581566393375397
0.08370321244001389
0.08038651943206787
0.23942875862121582
0.11145290732383728
0.14947687089443207
0.12147858738899231
0.06528099626302719
0.13497968018054962
0.07730387896299362
0.1511319875717163
0.029707541689276695
0.05297045409679413
0.16727955639362335
0.07534826546907425
0.0022912384010851383
0.05862828344106674
0.22749003767967224
0.05839712917804718
0.046908412128686905
0.10511977225542068
0.005699708126485348
0.17289243638515472
0.1136295422911644
0.1599266678094864
0.029141567647457123
0.04425310716032982
0.023502914234995842
0.09656655788421631
0.08599714189767838
0.03450503572821617
0.011447608470916748
0.08063645660877228
0.11979111284017563
0.22893907129764557
0.020023951306939125
0.05097593739628792
0.08920346200466156
0.12517650425434113
0.0438370406627655
0.10073768347501755
0.0028291032649576664
0.07346559315919876
0.08744169026613235
0.08903594315052032
0.07324300706386566
0.11528073251247406
0.14222772419452667
0.13973279297351837
0.14789892733097076
0.11946939677000046
0.018287351354956627
0.05538142845034599
0.21960711479187012
0.004378139972686768
0.11385553330183029
0.08950190246105194
0.13895706832408905
0.13101042807102203
0.11509187519550323
0.09030147641897202
0.18579591810703278
0.10158740729093552
0.11752209812402725
0.055211376398801804
0.06933233141899109
0.10361990332603455
0.08217905461788177
0.026506632566452026
0.03945515677332878
0.15706507861614227
0.2728978991508484
0.028469502925872803
0.047490376979112625
0.02209668979048729
0.08186841011047363
0.043705157935619354
0.04367347061634064
0.08955073356628418
0.07897672057151794
0.20081299543380737
0.0736088976264
0.06269492208957672
0.03852585330605507
0.04468241706490517
0.1152271032333374
0.09055335819721222
0.10435424000024796
0.07514161616563797
0.11199913173913956
0.07943043857812881
0.06920749694108963
0.15592870116233826
0.04594118520617485
0.12483911216259003
0.1365722119808197
0.34857800602912903
0.09996891766786575
0.013557368889451027
0.10244477540254593
0.06601366400718689
0.03458602353930473
0.08070124685764313
0.07835756242275238
0.04056228697299957
0.04715144634246826
0.08654533326625824
0.05825955793261528
0.1462700366973877
0.08142063021659851
0.0444263331592083
0.0742948055267334
0.0981854796409607
0.08925408124923706
0.08367636799812317
0.17776016891002655
0.21766486763954163
0.14070549607276917
0.04867418110370636
0.07684215903282166
0.12886212766170502
0.05455418676137924
0.039161719381809235
0.060879189521074295
0.07028418779373169
0.020257283002138138
0.02916686236858368
0.0012567781377583742
0.017573203891515732
0.10538709908723831
0.017240045592188835
0.04747030884027481
0.05619470030069351
0.05631646513938904
0.037704482674598694
0.08891528844833374
0.06539688259363174
0.28151237964630127
0.04127054661512375
0.10379116237163544
0.08084220439195633
0.0741368755698204
0.1404355764389038
0.007649241015315056
0.06297165155410767
0.1092957928776741
0.21872533857822418
0.041018299758434296
0.07102160155773163
0.16542869806289673
0.14886637032032013
0.07890801876783371
0.06901795417070389
0.05224086716771126
0.1701410710811615
0.09662502259016037
0.1061934307217598
0.14296425879001617
0.02840285748243332
0.02714819833636284
0.18363149464130402
0.09622951596975327
0.0692850723862648
0.036857906728982925
0.013790559023618698
0.13510577380657196
0.14491185545921326
0.04306493327021599
0.09927340596914291
0.06682489067316055
0.18898996710777283
0.0250349510461092
0.11195927113294601
0.16234925389289856
0.145664244890213
0.05269242078065872
0.079344742000103
0.029141997918486595
0.03515986353158951
0.11839966475963593
0.05069078132510185
0.06987860053777695
0.012818734161555767
0.12840807437896729
0.02610192261636257
0.08431752026081085
0.05759960412979126
0.0736609399318695
0.14345280826091766
0.0107200238853693
0.20730005204677582
0.06310026347637177
0.081082284450531
0.08771716058254242
0.12465547770261765
0.12747308611869812
0.2160521298646927
0.08951546251773834
0.0866459384560585
0.15275608003139496
0.0789126455783844
0.025791659951210022
0.004291671793907881
0.10516908019781113
0.0504433736205101
0.0016799243167042732
0.03924092277884483
0.11056264489889145
0.05740920826792717
0.054932016879320145
0.06674127280712128
0.1173369362950325
0.05783405900001526
0.06079387292265892
0.1012011468410492
0.061431024223566055
0.0830419510602951
0.03590404614806175
0.054496943950653076
0.08517922461032867
0.039612069725990295
0.13702301681041718
0.04227180406451225
0.11789557337760925
0.006025310140103102
0.08632443845272064
0.03246229514479637
0.06938611716032028
0.09252195060253143
0.1746126264333725
0.3579997718334198
0.22978463768959045
0.09363876283168793
0.17734217643737793
0.01311407145112753
0.029417511075735092
0.05759603530168533
0.17999714612960815
0.06080225855112076
0.10851644724607468
0.0835854709148407
0.05591057240962982
0.044742029160261154
0.0654117614030838
0.022203557193279266
0.10573794692754745
0.06132732331752777
0.0757184773683548
0.0436214916408062
0.07054154574871063
0.02612031064927578
0.0854039415717125
0.06119897589087486
0.051392361521720886
0.05438923463225365
0.004738211166113615
0.14092718064785004
0.09775157272815704
0.04962337017059326
0.04336867481470108
0.19364626705646515
0.07902717590332031
0.04385683685541153
0.11058871448040009
0.01576894335448742
0.01664292812347412
0.04111349955201149
0.057123202830553055
0.07527758181095123
0.04859433323144913
0.025279993191361427
0.07157570123672485
0.06891591846942902
0.03286426514387131
0.32001715898513794
0.017055824398994446
0.07907691597938538
0.07502412050962448
0.026509463787078857
0.07896146923303604
0.08118201792240143
0.0486152246594429
0.10937990993261337
0.08997271209955215
0.05123473331332207
0.03763195872306824
0.0702948272228241
0.22201243042945862
0.18702588975429535
0.03376372531056404
0.04038481414318085
0.04491693153977394
0.1061236783862114
0.2099045068025589
0.1255347579717636
0.010902972891926765
0.08597712218761444
0.11094266176223755
0.22743764519691467
0.052091021090745926
0.1422199159860611
0.10475027561187744
0.0598658062517643
0.09697545319795609
0.1842956244945526
0.2505820393562317
0.11122014373540878
0.06803776323795319
0.03440657630562782
0.07453164458274841
0.07664447277784348
0.10197535902261734
0.12641780078411102
0.08838510513305664
0.08248122036457062
0.027011360973119736
0.052776213735342026
0.0659838542342186
0.07631521672010422
0.1326441615819931
0.12971201539039612
0.039963431656360626
0.07765312492847443
0.04337770864367485
0.11374807357788086
0.09250703454017639
0.03001083992421627
0.1161080151796341
0.10509364306926727
0.07261844724416733
0.2553490102291107
0.06181437149643898
0.05890357494354248
0.0017090036999434233
0.0781761184334755
0.0362895242869854
0.05216125398874283
0.08036648482084274
0.16045339405536652
0.07039028406143188
0.12884992361068726
0.1289365142583847
0.0002288712130393833
0.06525108218193054
0.12248675525188446
0.03913470357656479
0.09971430152654648
0.11442351341247559
0.0857752114534378
0.06182289496064186
0.09773408621549606
0.3057139217853546
0.028595764189958572
0.05231311917304993
0.2529206871986389
0.2061263620853424
0.079652801156044
0.058706097304821014
0.007162948604673147
0.05775446444749832
0.11406446993350983
0.0723441019654274
0.002720895688980818
0.07185409218072891
0.06454260647296906
0.0919085443019867
0.1267094761133194
0.017300505191087723
0.04018716886639595
0.06625653803348541
0.03661290556192398
0.07583168148994446
0.301986962556839
0.00850364938378334
0.0367121547460556
0.0019324698951095343
0.0728292241692543
0.07400860637426376
0.1080024465918541
0.09645843505859375
0.13157834112644196
0.08598797023296356
0.10669687390327454
0.08612266182899475
0.1838812381029129
0.08177509903907776
0.01732349395751953
0.16500462591648102
0.13258831202983856
0.1724277287721634
0.0148983895778656
0.04522416368126869
0.039490457624197006
0.1086648628115654
0.05791239067912102
0.11998555064201355
0.05687279254198074
0.03773242607712746
0.07826647907495499
0.10738104581832886
0.058213356882333755
0.08796938508749008
0.06520074605941772
0.046307045966386795
0.04097926616668701
0.025263028219342232
0.12222277373075485
0.06031353026628494
0.15794989466667175
0.07470065355300903
0.1028439849615097
0.047212425619363785
0.051659174263477325
0.22339752316474915
0.003675824264064431
0.043257638812065125
0.050937220454216
0.16910584270954132
0.13498127460479736
0.06919931620359421
0.06561356782913208
0.008880723267793655
0.20598195493221283
0.18575014173984528
0.038059890270233154
0.06346102058887482
0.007510115392506123
0.12169744819402695
0.057928334921598434
0.0425560437142849
0.06306454539299011
0.04807395115494728
0.1028519794344902
0.04990741237998009
0.26043349504470825
0.03837092965841293
0.13870374858379364
0.09142713248729706
0.008305753581225872
0.20832227170467377
0.09349498152732849
0.04888075217604637
0.16614647209644318
0.026540886610746384
0.00072710239328444
0.17463263869285583
0.15112808346748352
0.08260621130466461
0.08676392585039139
0.08538894355297089
0.11251779645681381
0.05474203824996948
0.14403627812862396
0.03886314481496811
0.05556349456310272
0.004089468624442816
0.06357662379741669
0.11584677547216415
0.07360316067934036
0.07427502423524857
0.0666728988289833
0.0959462970495224
0.09424557536840439
0.05411829426884651
0.055446870625019073
0.030370106920599937
0.13171984255313873
0.06686084717512131
0.06843515485525131
0.18943554162979126
0.08440101891756058
0.07544117420911789
0.1127014234662056
0.07726382464170456
0.046559225767850876
0.08640305697917938
0.07833512872457504
0.19210296869277954
0.0019411805551499128
0.060107599943876266
0.03504471108317375
0.0019106804393231869
0.3614727556705475
0.13834208250045776
0.11434821784496307
0.07588250935077667
0.011130564846098423
0.05909891054034233
0.0489131435751915
0.04442041739821434
0.058589667081832886
0.017319153994321823
0.18140572309494019
0.035934701561927795
0.12896881997585297
0.08573810756206512
0.029585108160972595
0.02927267923951149
0.05574870482087135
0.0688721165060997
0.16658827662467957
0.07387345284223557
0.09018043428659439
0.04450761899352074
0.060866810381412506
0.08384772390127182
0.09206237643957138
0.20906053483486176
0.10710617899894714
0.043100614100694656
0.09133251011371613
0.08282994478940964
0.14986106753349304
0.07698334753513336
0.29964661598205566
0.07778183370828629
0.018922187387943268
0.020728349685668945
0.038723625242710114
0.09425453096628189
0.03424049913883209
0.11586479842662811
0.09891335666179657
0.09765832126140594
0.09062206000089645
0.11888664215803146
0.06247161701321602
0.13460244238376617
0.14689230918884277
0.08082791417837143
0.0189826637506485
0.10115394741296768
0.025205375626683235
0.005865061655640602
0.025952639058232307
0.03312817960977554
0.17891423404216766
0.034780923277139664
0.08348851650953293
0.07076189666986465
0.07571291923522949
0.016055699437856674
0.17218554019927979
0.04683583602309227
0.0013044497463852167
0.06285443156957626
0.08962380141019821
0.07268253713846207
0.22955738008022308
0.15872150659561157
0.0013043297221884131
0.09787411987781525
0.017387816682457924
0.05951515585184097
0.04113294556736946
0.2091163694858551
0.05087745934724808
0.27171438932418823
0.05690305307507515
0.02871554344892502
0.03459761291742325
0.12660183012485504
0.11628343164920807
0.023399971425533295
0.22470737993717194
0.03953743726015091
0.06665894389152527
0.086204394698143
0.030902547761797905
0.048708949238061905
0.05875016003847122
0.12752658128738403
0.046453192830085754
0.06493813544511795
0.08989327400922775
0.060870930552482605
0.274994820356369
0.04471726715564728
0.0675930455327034
0.10722769051790237
0.13332775235176086
0.028938328847289085
0.07803665101528168
0.1682368814945221
0.11715470254421234
0.0908941775560379
0.021079298108816147
0.059907615184783936
0.002419687807559967
0.010990018025040627
0.10385159403085709
0.10241607576608658
0.031959693878889084
0.1293954849243164
0.3273296058177948
0.04171239212155342
0.058086853474378586
0.12640252709388733
0.05089477449655533
0.04355410486459732
0.04032311588525772
0.06597483158111572
0.08312485367059708
0.07672296464443207
0.08529464900493622
0.033920228481292725
0.08201424777507782
0.0917687937617302
0.0903092697262764
0.03385648876428604
0.22933080792427063
0.11225223541259766
0.10919269919395447
0.056025341153144836
0.06733812391757965
0.06911694258451462
0.0012740346137434244
0.07365965843200684
0.08359286934137344
0.03880004584789276
0.024315180256962776
0.17571571469306946
0.07446784526109695
0.10154104232788086
0.23980049788951874
0.12778829038143158
0.08314671367406845
0.08572576195001602
0.08318328857421875
0.04244467616081238
0.08425267040729523
0.14733284711837769
0.11335938423871994
0.17962227761745453
0.19885163009166718
0.07164662331342697
0.0852392390370369
0.15287451446056366
0.08740074932575226
0.0703984946012497
0.06245822086930275
0.06769075244665146
0.2596065104007721
0.09957090020179749
0.22593772411346436
0.07322078943252563
0.295441210269928
0.08685476332902908
0.055501896888017654
0.08284370601177216
0.06252561509609222
0.28166258335113525
0.19202548265457153
0.07316453009843826
0.0616191029548645
0.09947029501199722
0.0864034965634346
0.09759911894798279
0.11207090318202972
0.1121424064040184
0.09810348600149155
0.17661194503307343
0.0839315876364708
0.06366530805826187
0.14246594905853271
0.21418124437332153
0.07127279043197632
0.08915513753890991
0.1595277488231659
0.20361730456352234
0.015668094158172607
0.11561223864555359
0.038542795926332474
0.08892451971769333
0.2400132566690445
0.0959758311510086
0.2489539235830307
0.12405313551425934
0.3946409523487091
0.09312707930803299
0.04260823503136635
0.21144896745681763
0.06277918070554733
0.029184168204665184
0.06244189664721489
0.15303300321102142
0.1002066507935524
0.15379533171653748
0.01867494359612465
0.1445288062095642
0.11613157391548157
0.06812955439090729
0.01837415248155594
0.12035222351551056
0.03218211606144905
0.035129815340042114
0.06233048066496849
0.062094785273075104
0.002761479467153549
0.045954566448926926
0.05154336616396904
0.12889234721660614
0.019725902006030083
0.04705880209803581
0.1095215454697609
0.039154116064310074
0.1748560070991516
0.09177391231060028
0.12044169753789902
0.04130547121167183
0.10904422402381897
0.025506211444735527
0.054073333740234375
0.05572857707738876
0.05497850850224495
0.021003730595111847
0.1945742666721344
0.3022244870662689
0.0810822919011116
0.0804944708943367
0.08700127899646759
0.1534026563167572
0.07901129126548767
0.07198002189397812
0.1072404608130455
0.08103495836257935
0.08907246589660645
0.10094687342643738
0.12618952989578247
0.150905042886734
0.03019956313073635
0.0888649970293045
0.15378233790397644
0.14183756709098816
0.043266408145427704
0.1147984117269516
0.16831085085868835
0.1007898822426796
0.05097539350390434
0.12222867459058762
0.04783716797828674
0.1785910576581955
0.07177514582872391
0.1565508395433426
0.13412721455097198
0.13964395225048065
0.07244426757097244
0.06728804856538773
0.05784544348716736
0.10719729959964752
0.039157625287771225
0.030740372836589813
0.14054326713085175
0.16160006821155548
0.06934180855751038
0.012825003825128078
0.03745899721980095
0.09300927072763443
0.07440898567438126
0.19363221526145935
0.08651793003082275
0.180503711104393
0.13128171861171722
0.0713333860039711
0.07729539275169373
0.1585700362920761
0.00157665996812284
0.0833556205034256
0.11818718165159225
0.1504802405834198
0.07036448270082474
0.03881220147013664
0.15919344127178192
0.17290444672107697
0.08138477802276611
0.06271493434906006
0.002553509781137109
0.11822172999382019
0.10873967409133911
0.03939323499798775
0.06925975531339645
0.026111455634236336
0.09748809039592743
0.037345223128795624
0.020352428779006004
0.11829715967178345
0.021689532324671745
0.03963268920779228
0.055987223982810974
0.1264672577381134
0.03269052878022194
0.08626949787139893
0.06184763461351395
0.06914399564266205
0.115507110953331
0.036986734718084335
0.019374001771211624
0.12675748765468597
0.061799921095371246
0.0681651383638382
0.139657124876976
0.03713115677237511
0.03443916514515877
0.1848994344472885
0.11109534651041031
0.09716653823852539
0.22618086636066437
0.1423576921224594
0.022211091592907906
0.20888479053974152
0.12536677718162537
0.1644057184457779
0.11516585201025009
0.0871037021279335
0.028115112334489822
0.08129990100860596
0.1822851598262787
0.1237247958779335
0.08237529546022415
0.23061832785606384
0.2190490961074829
0.13408184051513672
0.10961789637804031
0.03487899526953697
0.16446876525878906
0.03391563147306442
0.08837836980819702
0.05689143016934395
0.05561548098921776
0.06723184883594513
0.13015471398830414
0.02900822088122368
0.14876389503479004
0.056740082800388336
0.06368725746870041
0.07156084477901459
0.10578028857707977
0.05550417676568031
0.08255758881568909
0.1607205867767334
0.0029992475174367428
0.15364404022693634
0.18151964247226715
0.30978214740753174
0.06948534399271011
0.03937854617834091
0.11382012069225311
0.33475422859191895
0.007428482640534639
0.071339450776577
0.0659949854016304
0.05913778766989708
0.25849786400794983
0.07826156169176102
0.07467959076166153
0.11666041612625122
0.07420548051595688
0.06046377867460251
0.09679043292999268
0.094764344394207
0.03641761839389801
0.09270830452442169
0.03682524710893631
0.07150430977344513
0.025392062962055206
0.11571111530065536
0.04616206884384155
0.04012366011738777
0.2520938813686371
0.10145462304353714
0.13113322854042053
0.0978563129901886
0.10785974562168121
0.06425081938505173
0.0564580112695694
0.009361844509840012
0.1902153044939041
0.0010186771396547556
0.08555912971496582
0.07967934757471085
0.09768775850534439
0.36449524760246277
0.03111199289560318
0.025760682299733162
0.16760969161987305
0.22148403525352478
0.0343778170645237
0.10288819670677185
0.09441930800676346
0.11166539043188095
0.1251211166381836
0.14934778213500977
0.11807132512331009
0.16359052062034607
0.03598344698548317
0.14610743522644043
0.28248655796051025
0.09353511035442352
0.007759297266602516
0.21005000174045563
0.047177333384752274
0.028999457135796547
0.10391796380281448
0.054368674755096436
0.1060444712638855
0.1778785139322281
0.017236588522791862
0.10580508410930634
0.09878185391426086
0.07747576385736465
0.041604720056056976
0.06389863789081573
0.14891080558300018
0.07493741065263748
0.03737711161375046
0.03707882761955261
0.04434194788336754
0.030444514006376266
0.0018057089764624834
0.08141940832138062
0.13976392149925232
0.11773186922073364
0.0629274919629097
0.20902159810066223
0.06043116748332977
0.0294045340269804
0.03041115030646324
0.09080322831869125
0.16175061464309692
0.052806783467531204
0.009148120880126953
0.10526742041110992
0.19622130692005157
0.10738836228847504
0.03151210770010948
0.06347928941249847
0.1386929601430893
0.05233834311366081
0.10789626836776733
0.11567917466163635
0.11609625816345215
0.04168471693992615
0.11814545840024948
0.13651444017887115
0.05891804397106171
0.041330765932798386
0.04461641609668732
0.08615835756063461
0.14823104441165924
0.15537117421627045
0.05212624371051788
0.24507711827754974
0.03724965453147888
0.027795691043138504
0.006531839724630117
0.08273017406463623
0.09577999264001846
0.08915727585554123
0.0731164813041687
0.1107756495475769
0.11301271617412567
0.11395223438739777
0.09032289683818817
0.05956646054983139
0.13104666769504547
0.06530777364969254
0.11362037807703018
0.1314990073442459
0.2376926690340042
0.09023353457450867
0.07375236600637436
0.07763736695051193
0.14112748205661774
0.038522206246852875
0.09003414213657379
0.10255096852779388
0.1649499535560608
0.19820740818977356
0.04645676538348198
0.080996572971344
0.11491890996694565
0.07872851938009262
0.15290774405002594
0.15526890754699707
0.09443915635347366
0.08647076785564423
0.05906907469034195
0.05426153540611267
0.09775383770465851
0.03332320973277092
0.0603615827858448
0.00477445125579834
0.08136514574289322
0.03728148713707924
0.0635262057185173
0.10230396687984467
0.2299717366695404
0.03779696300625801
0.03722256049513817
0.1421394646167755
0.03351394832134247
0.03874962031841278
0.2334466576576233
0.045713987201452255
0.22572855651378632
0.10702952742576599
0.07177078723907471
0.06999456882476807
0.07308329641819
0.06036140397191048
0.11978376656770706
0.14155609905719757
0.10881958156824112
0.0961027443408966
0.08374479413032532
0.04819457605481148
0.08084234595298767
0.04808219149708748
0.04278923571109772
0.08546264469623566
0.06121567264199257
0.12086883932352066
0.08965173363685608
0.06606252491474152
0.05818763002753258
0.02631552517414093
0.04189729318022728
0.07660616934299469
0.07413846999406815
0.03691018000245094
0.1604175716638565
0.16441605985164642
0.1071373000741005
0.031681984663009644
0.10123627632856369
0.11499541252851486
0.030940966680645943
0.11303321272134781
0.0016363781178370118
0.07416342943906784
0.22374285757541656
0.09750541299581528
0.0236058346927166
0.09192758798599243
0.09476437419652939
0.0407162606716156
0.11947189271450043
0.11334261298179626
0.205965057015419
0.1526963859796524
0.05720288306474686
0.048847123980522156
0.0829111635684967
0.1874333918094635
0.10980374366044998
0.0917070135474205
0.12804628908634186
0.10963191837072372
0.10740524530410767
0.05504297465085983
0.06574006378650665
0.02736765705049038
0.005129357799887657
0.036351196467876434
0.11579788476228714
0.15845760703086853
0.08924955874681473
0.0009464449249207973
0.2402133047580719
0.024697570130228996
0.08229295909404755
0.21452470123767853
0.004300978500396013
0.15792538225650787
0.14234212040901184
0.1377553641796112
0.06538426876068115
0.014681597240269184
0.204605370759964
0.06761186569929123
0.1012345626950264
0.07208090275526047
0.02962767519056797
0.07111891359090805
0.015522109344601631
0.09889089316129684
0.09361666440963745
0.11114820837974548
0.17572911083698273
0.13819143176078796
0.1012384369969368
0.06897905468940735
0.048147790133953094
0.13072238862514496
0.09844739735126495
0.0973852276802063
0.08492874354124069
0.08531754463911057
0.05788954719901085
0.05756564065814018
0.11572279036045074
0.06422340124845505
0.08534443378448486
0.13972066342830658
0.04523056745529175
0.0502157062292099
0.11805656552314758
0.035323843359947205
0.07468808442354202
0.07438858598470688
0.16833867132663727
0.022497007623314857
0.03166146203875542
0.03679383173584938
0.07619906216859818
0.10039190948009491
0.0998738557100296
0.06548245996236801
0.044706325978040695
0.11668481677770615
0.06200097128748894
0.04775781184434891
0.06996579468250275
0.10865341871976852
0.15493515133857727
0.031034624204039574
0.04767797142267227
0.18950432538986206
0.0012863262090831995
0.08592088520526886
0.15860821306705475
0.10084021836519241
0.10724655538797379
0.12778812646865845
0.18100033700466156
0.08548527210950851
0.0976434275507927
0.05887262523174286
0.036530863493680954
0.12881974875926971
0.031200479716062546
0.05345109850168228
0.07479071617126465
0.12223828583955765
0.047869723290205
0.13005530834197998
0.036714959889650345
0.12892597913742065
0.08669381588697433
0.09181065857410431
0.220413476228714
0.01751193031668663
0.0892135351896286
0.02474936656653881
0.008888513781130314
0.03122026100754738
0.08279845118522644
0.040314726531505585
0.06444153934717178
0.04560428857803345
0.2836552858352661
0.04215727373957634
0.1640416979789734
0.08973327279090881
0.060190413147211075
0.1135423481464386
0.07483253628015518
0.12686492502689362
0.10204887390136719
0.019437192007899284
0.004859300330281258
0.06038366258144379
0.29247018694877625
0.028922339901328087
0.1062028780579567
0.08467938005924225
0.11103741079568863
0.06645486503839493
0.08770152926445007
0.1348607838153839
0.0674821212887764
0.04667627066373825
0.18392200767993927
0.1351335346698761
0.06812629848718643
0.09686229377985
0.12580937147140503
0.030511893332004547
0.06865561753511429
0.08879802376031876
0.03447727859020233
0.1178220883011818
0.07709875702857971
0.12190862745046616
0.06646957993507385
0.09969120472669601
0.03513416275382042
0.07397601008415222
0.14858421683311462
0.0469808354973793
0.057471051812171936
0.04176032915711403
0.11506358534097672
0.13764998316764832
0.11504575610160828
0.08440639078617096
0.04032681882381439
0.058349404484033585
0.07713901996612549
0.10335330665111542
0.06839720904827118
0.006257372908294201
0.09698528051376343
0.08431708067655563
0.06296201795339584
0.04678677022457123
0.10618622601032257
0.06306704133749008
0.09078393876552582
0.004337911028414965
0.047439947724342346
0.09543445706367493
0.06015615537762642
0.14931659400463104
0.08768896758556366
0.07451162487268448
0.03694228082895279
0.006363531108945608
0.1162959560751915
0.0013389430241659284
0.05400344356894493
0.13746801018714905
0.06656717509031296
0.02441183477640152
0.09186437726020813
0.06050875037908554
0.15069758892059326
0.13358747959136963
0.04403100907802582
0.03977055102586746
0.0606253519654274
0.20641252398490906
0.13299310207366943
0.12197031825780869
0.148589089512825
0.11183058470487595
0.15958580374717712
0.07028038799762726
0.05552084743976593
0.07573853433132172
0.12934723496437073
0.0684046521782875
0.052058152854442596
0.03877946361899376
0.03977388143539429
0.08740077912807465
0.04338686540722847
0.09347791969776154
0.04550009220838547
0.0741383507847786
0.17369361221790314
0.12480965256690979
0.1143825501203537
0.08301305025815964
0.12766402959823608
0.046745266765356064
0.07644826918840408
0.07467728853225708
0.057415273040533066
0.08924590796232224
0.04922030121088028
0.09921195358037949
0.14368808269500732
0.011203382164239883
0.09025277197360992
0.06632182002067566
0.07654320448637009
0.08898989856243134
0.10117127001285553
0.028981300070881844
0.05235318839550018
0.04421871155500412
0.030754249542951584
0.19961436092853546
0.021299125626683235
0.06322135031223297
0.075715072453022
0.1597631573677063
0.14318712055683136
0.09007834643125534
0.16035279631614685
0.054549697786569595
0.13078860938549042
0.05090823397040367
0.037371788173913956
0.12628039717674255
0.13641536235809326
0.07882113754749298
0.06274672597646713
0.08312536776065826
0.013803491368889809
0.13330848515033722
0.08354813605546951
0.06091223284602165
0.058046359568834305
0.10244736075401306
0.0508103147149086
0.037349265068769455
0.14818346500396729
0.09565341472625732
0.04136774316430092
0.15533460676670074
0.1210668608546257
0.0792822614312172
0.08310152590274811
0.11129014939069748
0.1328124701976776
0.09682279080152512
0.06852909177541733
0.10692524909973145
0.07007906585931778
0.045349474996328354
0.08728056401014328
0.1225242093205452
0.10740949213504791
0.0995037853717804
0.09733276069164276
0.061534713953733444
0.16263480484485626
0.23859316110610962
0.07329721748828888
0.09319984912872314
0.015472639352083206
0.017537180334329605
0.20003777742385864
0.2902086675167084
0.14694097638130188
0.15354293584823608
0.2159973382949829
0.07893293350934982
0.03911169618368149
0.05424240231513977
0.05458937957882881
0.08083030581474304
0.06559785455465317
0.08473800867795944
0.08732520043849945
0.04491207376122475
0.09747297316789627
0.0810832753777504
0.06145360320806503
0.11616931855678558
0.2080615609884262
0.04230097681283951
0.031653713434934616
0.09317179024219513
0.06300446391105652
0.11047548800706863
0.16544324159622192
0.15542000532150269
0.12161862105131149
0.08178376406431198
0.09358932077884674
0.07965122908353806
0.0678824633359909
0.06280530244112015
0.22556394338607788
0.07299613207578659
0.18886798620224
0.10176876187324524
0.11785966902971268
0.0684177577495575
0.005986589007079601
0.09513285011053085
0.024669397622346878
0.23406754434108734
0.006094237789511681
0.10230106860399246
0.2614292800426483
0.0746283307671547
0.015191355720162392
0.05270230770111084
0.07766661792993546
0.02078367955982685
0.015429900959134102
0.20115886628627777
0.02971518412232399
0.03659208118915558
0.012337228283286095
0.09761905670166016
0.08097246289253235
0.11412670463323593
0.060893893241882324
0.04311180114746094
0.11151274293661118
0.04527861252427101
0.05383676290512085
0.12903623282909393
0.15936967730522156
0.0591755174100399
0.07953239232301712
0.03429687023162842
0.057224519550800323
0.06360571831464767
0.059158675372600555
0.020946765318512917
0.11528889834880829
0.05374699458479881
0.050656162202358246
0.05613931640982628
0.25025326013565063
0.06706439703702927
0.07554564625024796
0.1630048304796219
0.0077165886759757996
0.024509737268090248
0.08177616447210312
0.037309423089027405
0.08699477463960648
0.030268877744674683
0.1335466206073761
0.11581844836473465
0.017036937177181244
0.04617767781019211
0.05546526610851288
0.11217784136533737
0.16437658667564392
0.11425511538982391
0.05920220538973808
0.07235441356897354
0.12240906059741974
0.10401121526956558
0.17356792092323303
0.17842784523963928
0.0772826075553894
0.08935272693634033
0.03314121440052986
0.10603857040405273
0.05581891909241676
0.15119917690753937
0.035505637526512146
0.019322309643030167
0.07140801846981049
0.04863156005740166
0.11165368556976318
0.10453352332115173
0.09619898349046707
0.04083589091897011
0.0905178114771843
0.20648199319839478
0.09967170655727386
0.08103320747613907
0.0735020563006401
0.06329024583101273
0.2764187455177307
0.09934703260660172
0.12966088950634003
0.04176926240324974
0.08583524078130722
0.05006939917802811
0.09450390934944153
0.14569967985153198
0.12084799259901047
0.001681262394413352
0.2477194219827652
0.21446342766284943
0.15649840235710144
0.10074194520711899
0.02411678619682789
0.15721586346626282
0.12344632297754288
0.11161455512046814
0.17973776161670685
0.08738133311271667
0.17415833473205566
0.08881738781929016
0.08610774576663971
0.07662659138441086
0.0917484238743782
0.1438349038362503
0.10810408741235733
0.046333715319633484
0.001064280979335308
0.0957290306687355
0.24720896780490875
0.11608771234750748
0.11384636908769608
0.09275330603122711
0.11812800914049149
0.08734404295682907
0.07502876967191696
0.03866391256451607
0.05564844608306885
0.12083215266466141
0.09558337926864624
0.12856365740299225
0.03281446173787117
0.014548354782164097
0.1571018099784851
0.0898343026638031
0.05038636922836304
0.0396619476377964
0.03617627173662186
0.07082489877939224
0.1535874903202057
0.040258605033159256
0.10491102188825607
0.12112616747617722
0.13766339421272278
0.09101352840662003
0.07484869658946991
0.054510343819856644
0.030844800174236298
0.13154290616512299
0.11870848387479782
0.06858371198177338
0.0684191957116127
0.07605411112308502
0.1331319361925125
0.15309272706508636
0.01708812825381756
0.14654302597045898
0.0784679651260376
0.11419226974248886
0.07827736437320709
0.10479067265987396
0.05052484571933746
0.04965862259268761
0.15711501240730286
0.02444622851908207
0.05966274067759514
0.134751558303833
0.0780172199010849
0.11674568057060242
0.10951916128396988
0.2573496103286743
0.049422070384025574
0.06980704516172409
0.002411310561001301
0.10022325068712234
0.028601374477148056
0.10167354345321655
0.060590438544750214
0.11406303197145462
0.05696125701069832
0.09270962327718735
0.006087098736315966
0.11996150761842728
0.14909766614437103
0.03578319400548935
0.11503862589597702
0.08682022988796234
0.06460360437631607
0.12624935805797577
0.07484812289476395
0.04763079807162285
0.04343929886817932
0.05793479084968567
0.06089111417531967
0.006686471402645111
0.05285122990608215
0.23429468274116516
0.006307066883891821
0.10810548067092896
0.06117385998368263
0.08599679917097092
0.050607334822416306
0.09281183779239655
0.05237090587615967
0.039590466767549515
0.03590729832649231
0.12916094064712524
0.03870406374335289
0.05349884182214737
0.07057048380374908
0.0939219668507576
0.054403968155384064
0.07754750549793243
0.29637661576271057
0.10967732965946198
0.05312766134738922
0.12831149995326996
0.05119272321462631
0.14253027737140656
0.04420314356684685
0.055293045938014984
0.07918377220630646
0.12820473313331604
0.09209899604320526
0.1122104823589325
0.1323721557855606
0.02429274283349514
0.21061883866786957
0.11728930473327637
0.05878913775086403
0.10698435455560684
0.054024357348680496
0.06596303731203079
0.10563116520643234
0.04020329937338829
0.1490519493818283
0.22537751495838165
0.07397732138633728
0.05933726578950882
0.09945287555456161
0.07881130278110504
0.07538759708404541
0.12067506462335587
0.08520110696554184
0.0758330225944519
0.024704378098249435
0.032907821238040924
0.18509264290332794
0.048406440764665604
0.02852487564086914
0.01869155652821064
0.12417808175086975
0.03413986787199974
0.09558986127376556
0.0645008310675621
0.052325330674648285
0.11386895924806595
0.14569872617721558
0.015074176713824272
0.06381222605705261
0.077328622341156
0.06544002890586853
0.08081916719675064
0.024861838668584824
0.09525208175182343
0.08952725678682327
0.03579162061214447
0.06431568413972855
0.0410451665520668
0.051349446177482605
0.08887773007154465
0.037224799394607544
0.12499704957008362
0.11432430893182755
0.035625409334897995
0.07998483628034592
0.14737743139266968
0.03245962783694267
0.05148518085479736
0.06262938678264618
0.05643777921795845
0.06009387969970703
0.13055895268917084
0.06473100185394287
0.09517209231853485
0.16912229359149933
0.06933243572711945
0.09776794165372849
0.06329584866762161
0.05672184377908707
0.05350691080093384
0.026447327807545662
0.08336005359888077
0.059907302260398865
0.08214959502220154
0.19119131565093994
0.14323532581329346
0.07433414459228516
0.07006946951150894
0.05274084210395813
0.14025261998176575
0.07036098837852478
0.08428246527910233
0.08948289602994919
0.035858623683452606
0.112190842628479
0.149690642952919
0.04491256922483444
0.03145579621195793
0.06820353120565414
0.15409161150455475
0.05932699888944626
0.11605674773454666
0.1270463466644287
0.033469654619693756
0.05607062205672264
0.23134934902191162
0.0001958273642230779
0.04420921951532364
0.03371651843190193
0.012223820202052593
0.23717015981674194
0.1731685996055603
0.025434216484427452
0.12189273536205292
0.04786837473511696
0.0980013906955719
0.044880349189043045
0.10280399024486542
0.05481426417827606
0.08240242302417755
0.0018568377709016204
0.04661252722144127
0.01885836571455002
0.06083684042096138
0.0015301702078431845
0.04846496134996414
0.017431005835533142
0.06793560087680817
0.0776086151599884
0.06293345242738724
0.006929459981620312
0.027829062193632126
0.07308024168014526
0.028201812878251076
0.08553697168827057
0.014938036911189556
0.09997566789388657
0.07637336105108261
0.15498580038547516
0.06603673845529556
0.11522268503904343
0.052504345774650574
0.12275736033916473
0.04023618996143341
0.14874371886253357
0.04372298717498779
0.1533847451210022
0.062001392245292664
0.0747394859790802
0.07680214196443558
0.06800912320613861
0.07198821753263474
0.05721728131175041
0.15204203128814697
0.04024196043610573
0.0921335220336914
0.0707913190126419
0.06272953003644943
0.04944775626063347
0.014817251823842525
0.04730933904647827
0.13413631916046143
0.06121698394417763
0.15169329941272736
0.07068780809640884
0.10290739685297012
0.0010014751460403204
0.11861199885606766
0.09119966626167297
0.13982219994068146
0.10646357387304306
0.0998963862657547
0.09645022451877594
0.08228453993797302
0.11314799636602402
0.100804902613163
0.18708662688732147
0.09215155243873596
0.09818076342344284
0.09860492497682571
0.04517502710223198
0.077016681432724
0.13083000481128693
0.002748277736827731
0.07957422733306885
0.13204315304756165
0.12459755688905716
0.03828159719705582
0.13939140737056732
0.04917170852422714
0.07848311215639114
0.20356161892414093
0.0037823161110281944
0.04324355721473694
0.10622689127922058
0.05501670762896538
0.13578367233276367
0.08197526633739471
0.06658753007650375
0.05411428585648537
0.06628817319869995
0.04113350063562393
0.12530292570590973
0.04958464205265045
0.05687084048986435
0.01357652060687542
0.06776532530784607
0.07310659438371658
0.13613340258598328
0.030957698822021484
0.037413910031318665
0.06268884986639023
0.04624154791235924
0.003230202943086624
0.10360077768564224
0.12162641435861588
0.029371798038482666
0.0939004123210907
0.03541538119316101
0.12496394664049149
0.004023742396384478
0.20552034676074982
0.016260946169495583
0.27731966972351074
0.0359862856566906
0.05364983156323433
0.053187958896160126
0.040025077760219574
0.05016232654452324
0.18001554906368256
0.2591588497161865
0.019126832485198975
0.08817031234502792
0.1396048218011856
0.05788768455386162
0.06698542833328247
0.045452747493982315
0.2613145709037781
0.025370251387357712
0.056384094059467316
0.13539889454841614
0.06273925304412842
0.0771576464176178
0.08033023029565811
0.33017781376838684
0.06503357738256454
0.10644378513097763
0.05097673460841179
0.0715097039937973
0.08317340165376663
0.13420088589191437
0.10541147738695145
0.00206838920712471
0.1355362832546234
0.13006924092769623
0.055533234030008316
0.14945530891418457
0.05117972195148468
0.10818690061569214
0.03173522651195526
0.2307884395122528
0.12282886356115341
0.06144321337342262
0.09748777747154236
0.0078061409294605255
0.038565635681152344
0.08837054669857025
0.12629996240139008
0.05520368739962578
0.09133509546518326
0.09200064837932587
0.0034536251332610846
0.23216965794563293
0.03550029173493385
0.08494913578033447
0.13819891214370728
0.06910447031259537
0.12862740457057953
0.1284678727388382
0.10443713515996933
0.06143688037991524
0.06901483982801437
0.05023954063653946
0.20344024896621704
0.15752387046813965
0.029856733977794647
0.14177663624286652
0.09597349166870117
0.11947041749954224
0.03666739910840988
0.0688139796257019
0.044300783425569534
0.1864479035139084
0.05191350355744362
0.08355507999658585
0.06951667368412018
0.0761350616812706
0.1341177225112915
0.19113561511039734
0.09580589830875397
0.08431679010391235
0.05162648484110832
0.21741585433483124
0.049495697021484375
0.060531165450811386
0.0638573095202446
0.1506606638431549
0.011342959478497505
0.16556409001350403
0.0627727285027504
0.008705414831638336
0.004307643044739962
0.0595618300139904
0.17805100977420807
0.05813704803586006
0.040177784860134125
0.1559143215417862
0.16945184767246246
0.04838304966688156
0.04304033890366554
0.06092509254813194
0.09952527284622192
0.04061339423060417
0.08711420744657516
0.036010004580020905
0.18301311135292053
0.07249520719051361
0.007968399673700333
0.026164110749959946
0.05056057125329971
0.04268572852015495
0.12018807977437973
0.04977624490857124
0.09675716608762741
0.0505833700299263
0.03938964009284973
0.1230296790599823
0.09479396045207977
0.1408182680606842
0.09662088006734848
0.13754983246326447
0.2832794785499573
0.0576372854411602
0.012910498306155205
0.09370332211256027
0.029141511768102646
0.11915024369955063
0.054326605051755905
0.07840569317340851
0.07480109483003616
0.06330134719610214
0.09639966487884521
0.09554918110370636
0.03072044439613819
0.15780845284461975
0.10991370677947998
0.3670537769794464
0.048523761332035065
0.14329716563224792
0.05091172084212303
0.07280930131673813
0.14745782315731049
0.08333632349967957
0.038544438779354095
0.08468101918697357
0.05125154182314873
0.01999819278717041
0.13363385200500488
0.13048484921455383
0.061369627714157104
0.07484908401966095
0.11102700978517532
0.11172693222761154
0.13648059964179993
0.09781033545732498
0.044819340109825134
0.1308545023202896
0.017593642696738243
0.09157902747392654
0.10550282895565033
0.04982737824320793
0.08755289018154144
0.07790310680866241
0.15720787644386292
0.07991214841604233
0.05516790226101875
0.07071879506111145
0.25695374608039856
0.09293635189533234
0.07250159978866577
0.1329386681318283
0.035261426120996475
0.07742135226726532
0.027609262615442276
0.07858820259571075
0.07107503712177277
0.09218157827854156
0.0822637528181076
0.048225779086351395
0.008635032922029495
0.10833679139614105
0.09790892153978348
0.09008476138114929
0.14062583446502686
0.0013668444007635117
0.16013416647911072
0.03212067112326622
0.10694476962089539
0.14444608986377716
0.09189853072166443
0.029951291158795357
0.11483500152826309
0.0377737432718277
0.07920943945646286
0.12319114059209824
0.04472377151250839
0.049554821103811264
0.06484740227460861
0.031533148139715195
0.23493127524852753
0.039128027856349945
0.09768643230199814
0.08565418422222137
0.12469706684350967
0.08993875980377197
0.004731697496026754
0.05648533254861832
0.07352294027805328
0.09890877455472946
0.15540501475334167
0.18272267282009125
0.11597955971956253
0.02242169715464115
0.052920084446668625
0.07811500877141953
0.019711162894964218
0.15717294812202454
0.03356452286243439
0.10254653543233871
0.10284262895584106
0.17270024120807648
0.0499001108109951
0.08431252092123032
0.06925906985998154
0.08996041119098663
0.10527622699737549
0.09523262083530426
0.017883257940411568
0.10577760636806488
0.06350910663604736
0.011951503343880177
0.010992666706442833
0.0825255960226059
0.13685142993927002
0.09459704160690308
0.1096666157245636
0.08802666515111923
0.1632150560617447
0.11507487297058105
0.0927271619439125
0.06697176396846771
0.11933374404907227
0.02828766219317913
0.1111411601305008
0.09784655272960663
0.03391274809837341
0.10020390152931213
0.03132485970854759
0.1523018628358841
0.10410236567258835
0.03863459825515747
0.06467408686876297
0.13291889429092407
0.08692675083875656
0.06732496619224548
0.03207593411207199
0.10866333544254303
0.07681963592767715
0.157459557056427
0.07459694147109985
0.007488161325454712
0.005146339535713196
0.07641095668077469
0.03670702129602432
0.08951164036989212
0.061019547283649445
0.034714385867118835
0.04044506326317787
0.05612516030669212
0.05865731090307236
0.13023515045642853
0.07360322028398514
0.05123123526573181
0.049903418868780136
0.04426687955856323
0.1533849984407425
0.03811100125312805
0.028319749981164932
0.0440308079123497
0.08008667826652527
0.029534239321947098
0.11723634600639343
0.023579249158501625
0.03908149525523186
0.07465150952339172
0.07425525039434433
0.12126100808382034
0.09966440498828888
0.012654097750782967
0.08107887208461761
0.06303240358829498
0.2681741416454315
0.25443631410598755
0.07552724331617355
0.0003576825838536024
0.12713435292243958
0.11611630767583847
0.05989670380949974
0.0754055306315422
0.04519379884004593
0.03946167603135109
0.09270910918712616
0.10509893298149109
0.0781121626496315
0.057361651211977005
0.10134388506412506
0.08373328298330307
0.2350057065486908
0.1914202868938446
0.05731556564569473
0.2274911254644394
0.08241713792085648
0.09865450114011765
0.05524483323097229
0.021633021533489227
0.05038128420710564
0.1093192920088768
0.06526682525873184
0.14149613678455353
0.017847388982772827
0.08183533698320389
0.058864276856184006
0.06459733098745346
0.15775056183338165
0.14856477081775665
0.11151669174432755
0.16949240863323212
0.011715030297636986
0.09957903623580933
0.15812817215919495
0.04659532010555267
0.08596694469451904
0.12989114224910736
0.12190244346857071
0.06993633508682251
0.06840042769908905
0.13601435720920563
0.20854084193706512
0.1093326061964035
0.12993571162223816
0.0325341671705246
0.12153971195220947
0.1523757427930832
0.07040264457464218
0.16223649680614471
0.025712087750434875
0.11444419622421265
0.09879674017429352
0.08904947340488434
0.06527244299650192
0.06111932545900345
0.08843843638896942
0.03495752811431885
0.10748674720525742
0.0203668475151062
0.08213825523853302
0.06961692869663239
0.04236535727977753
0.10179741680622101
0.29180970788002014
0.08126598596572876
0.03280572220683098
0.048708707094192505
0.10164042562246323
0.13187919557094574
0.12517526745796204
0.1400706171989441
0.016665318980813026
0.063702791929245
0.0667656660079956
0.10055699944496155
0.12252499908208847
0.07799170166254044
0.07872705906629562
0.07412489503622055
0.10735191404819489
0.05068438500165939
0.06552921235561371
0.030328381806612015
0.08730385452508926
0.12596598267555237
0.15432965755462646
0.06228436157107353
0.07415536046028137
0.07177495211362839
0.06294139474630356
0.019868988543748856
0.011105264537036419
0.03092765435576439
0.11522538214921951
0.07073216140270233
0.10400119423866272
0.0845046192407608
0.17182767391204834
0.09135904163122177
0.07223517447710037
0.03551923483610153
0.0863177627325058
0.18156704306602478
0.05716614052653313
0.17362920939922333
0.08225157111883163
0.10827837884426117
0.09583763033151627
0.1246819943189621
0.10082980245351791
0.08285439759492874
0.22344104945659637
0.053444456309080124
0.16917242109775543
0.09585550427436829
0.04209200665354729
0.23870810866355896
0.10068117082118988
0.08743416517972946
0.07955772429704666
0.09987182170152664
0.1488267332315445
0.01089222077280283
0.0837077721953392
0.23124979436397552
0.06303739547729492
0.1248432993888855
0.11741508543491364
0.035241708159446716
0.018310951068997383
0.19063426554203033
0.02648998610675335
0.06579352915287018
0.06825047731399536
0.040514200925827026
0.0024924844037741423
0.06501301378011703
0.3904546797275543
0.0896967425942421
0.32219529151916504
0.050564661622047424
0.07877226918935776
0.020058218389749527
0.06630243360996246
0.12819400429725647
0.08114339411258698
0.10764285922050476
0.04923580586910248
0.0746854916214943
0.0364890992641449
0.045808397233486176
0.14333520829677582
0.08673737198114395
0.14082397520542145
0.157016783952713
0.06767210364341736
0.054990410804748535
0.22225530445575714
0.031687408685684204
0.03647453710436821
0.09673625230789185
0.08182624727487564
0.09819262474775314
0.03029503859579563
0.09532368928194046
0.0583605095744133
0.03523921221494675
0.04748796671628952
0.0021972472313791513
0.15552587807178497
0.04181434586644173
0.07265713065862656
0.038209859281778336
0.15432165563106537
0.026833094656467438
0.2503639757633209
0.08363770693540573
0.09123393893241882
0.07783816009759903
0.0182932298630476
0.1280178278684616
0.1385899931192398
0.04987095668911934
0.13829751312732697
0.10362362861633301
0.0391472727060318
0.08245817571878433
0.15341271460056305
0.05888105183839798
0.23137353360652924
0.07188423722982407
0.059185296297073364
0.08383385837078094
0.16347821056842804
0.05334709584712982
0.040996238589286804
0.20920293033123016
0.0022263131104409695
0.13220059871673584
0.0738687664270401
0.19941546022891998
0.04043954983353615
0.08846847712993622
0.09737546741962433
0.22884555160999298
0.15633971989154816
0.030910788103938103
0.1062014102935791
0.11007444560527802
0.03273434191942215
0.19295567274093628
0.07495246827602386
0.03428526222705841
0.12733188271522522
0.08927241712808609
0.11452251672744751
0.08968851715326309
0.0024836973752826452
0.1039048358798027
0.142612487077713
0.1359737366437912
0.001817781012505293
0.10103445500135422
0.03821791335940361
0.08025598526000977
0.11185144633054733
0.02353801764547825
0.046066317707300186
0.09290669113397598
0.04037129133939743
0.08370929211378098
0.023914361372590065
0.120606929063797
0.06240622699260712
0.06530716270208359
0.08624468743801117
0.12442479282617569
0.054026246070861816
0.12269885092973709
0.09220142662525177
0.08626406639814377
0.1954108625650406
0.004423944279551506
0.15055766701698303
0.05884721502661705
0.052720800042152405
0.20869337022304535
0.035804007202386856
0.059861112385988235
0.047188904136419296
0.1353324055671692
0.06025268882513046
0.05524175986647606
0.042134907096624374
0.18493197858333588
0.05881465971469879
0.11194492876529694
0.08744102716445923
0.030441541224718094
0.07493596524000168
0.1530793458223343
0.060929328203201294
0.21601784229278564
0.07289253175258636
0.09120622277259827
0.06832272559404373
0.07090572267770767
0.08312318474054337
0.07243966311216354
0.0009749486343935132
0.0027573462575674057
0.11675624549388885
0.09156470000743866
0.1361418217420578
0.09944743663072586
0.06972004473209381
0.053014807403087616
0.08808047324419022
0.08123774081468582
0.05483850836753845
0.06109297275543213
0.10710737109184265
0.11259222775697708
0.1578887701034546
0.06251683831214905
0.1799784153699875
0.07544821500778198
0.14323806762695312
0.08931994438171387
0.014399821870028973
0.08953510224819183
0.026688499376177788
0.07411101460456848
0.05988744646310806
0.1122807189822197
0.09734612703323364
0.05198140814900398
0.0883379653096199
0.091734878718853
0.1999969482421875
0.10992830246686935
0.036499328911304474
0.13914044201374054
0.12791940569877625
0.118813656270504
0.11455211043357849
0.07359214872121811
0.0057325647212564945
0.04857778176665306
0.17934107780456543
0.04323527216911316
0.07222840934991837
0.02534645050764084
0.12207214534282684
0.10167437791824341
0.06323180347681046
0.09583285450935364
0.08064951002597809
0.10423961281776428
0.09310897439718246
0.15873636305332184
0.07835952192544937
0.008512484841048717
0.06715923547744751
0.021143928170204163
0.013084047473967075
0.15270501375198364
0.09398261457681656
0.12010962516069412
0.03564983606338501
0.09179247170686722
0.0664626732468605
0.17231245338916779
0.10278170555830002
0.0651804730296135
0.07915814965963364
0.13370640575885773
0.06469689309597015
0.14811435341835022
0.034975528717041016
0.07504463940858841
0.3238743841648102
0.051394227892160416
0.040500979870557785
0.008566846139729023
0.13152672350406647
0.05239984020590782
0.05995534360408783
0.08725614100694656
0.1400512158870697
0.03112473338842392
0.05856827273964882
0.08691024035215378
0.06021849066019058
0.062237873673439026
0.08372467011213303
0.15176957845687866
0.10506550222635269
0.004668827168643475
0.17405562102794647
0.046932291239500046
0.09915447235107422
0.049813222140073776
0.05945843085646629
0.07026279717683792
0.1866079866886139
0.03423921763896942
0.021960072219371796
0.10444153845310211
0.021876659244298935
0.1005081981420517
0.07288695126771927
0.00027400325052440166
0.17726777493953705
0.05955398827791214
0.02025892399251461
0.06460287421941757
0.06448809057474136
0.1277408003807068
0.009938977658748627
0.039160795509815216
0.07671275734901428
0.09854475408792496
0.24902918934822083
0.05625598877668381
0.0741024911403656
0.09332192689180374
0.0006136573501862586
0.043154001235961914
0.2228720784187317
0.03665675222873688
0.1973128318786621
0.12450018525123596
0.05076916143298149
0.10735099762678146
0.039435598999261856
0.2048753947019577
0.07077397406101227
0.06898324936628342
0.09761665016412735
0.10243616998195648
0.06450186669826508
0.11633294820785522
0.12071320414543152
0.088219054043293
0.1610855907201767
0.2026948183774948
0.09383206069469452
0.0685843899846077
0.06304498016834259
0.07887489348649979
0.05004723370075226
0.04712921753525734
0.07293305546045303
0.04732435569167137
0.03877263516187668
0.10523788630962372
0.23715117573738098
0.16172680258750916
0.07921025156974792
0.10558544099330902
0.01758899725973606
0.07219493389129639
0.06374451518058777
0.06377716362476349
0.08340011537075043
0.2444780468940735
0.043719906359910965
0.08997862040996552
0.1254054754972458
0.08736090362071991
0.3462725877761841
0.08710408210754395
0.11858340352773666
0.03377363830804825
0.10873807221651077
0.14155101776123047
0.08693734556436539
0.11688593029975891
0.12176965177059174
0.04157612845301628
0.11361217498779297
0.11871319264173508
0.14972379803657532
0.04109477996826172
0.26842913031578064
0.11209934204816818
0.027551865205168724
0.06084282323718071
0.12058105319738388
0.023063041269779205
0.1029767319560051
0.0038296428974717855
0.12091933190822601
0.03491246700286865
0.043454669415950775
0.06447968631982803
0.0876014232635498
0.04249509051442146
0.19274292886257172
0.11307063698768616
0.05228070542216301
0.20046381652355194
0.09242348372936249
0.07428346574306488
0.031967777758836746
0.01584155485033989
0.0015110992826521397
0.0658775344491005
0.08418549597263336
0.11622145771980286
0.09251877665519714
0.03201060742139816
0.032616958022117615
0.10970620065927505
0.1123071014881134
0.015288930386304855
0.08779449760913849
0.09006179124116898
0.14261916279792786
0.15793617069721222
0.08056588470935822
0.10096129029989243
0.09073622524738312
0.09286653995513916
0.02418295480310917
0.08159035444259644
0.06241599842905998
0.14843283593654633
0.024279899895191193
0.07563044875860214
0.04193064197897911
0.00398362847045064
0.05423201620578766
0.09443876892328262
0.030222401022911072
0.06668806076049805
0.04796890914440155
0.07990067452192307
0.11838880181312561
0.038007158786058426
0.14166700839996338
0.08595030754804611
0.11931541562080383
0.15951833128929138
0.1418985277414322
0.09475002437829971
0.12357640266418457
0.13342520594596863
0.03810619190335274
0.009154187515377998
0.0006289799930527806
0.08551934361457825
0.07319190353155136
0.09538555145263672
0.12000061571598053
0.017407115548849106
0.0010582999093458056
0.13761301338672638
0.3038259744644165
0.12204490602016449
0.053162507712841034
0.02646821364760399
0.0663827583193779
0.1676417887210846
0.28759461641311646
0.04245934635400772
0.04462651163339615
0.037934768944978714
0.05767902731895447
0.11260382831096649
0.10945739597082138
0.028924742713570595
0.19150108098983765
0.09758681058883667
0.11978140473365784
0.14652705192565918
0.02956010028719902
0.1399785578250885
0.12514527142047882
0.07876311987638474
0.23442235589027405
0.04086859151721001
0.06567446142435074
0.07127384841442108
0.04788852855563164
0.10233931988477707
0.11869654059410095
0.0738835483789444
0.05246317759156227
0.25191637873649597
0.11149910092353821
0.1530401110649109
0.04601361230015755
0.028517765924334526
0.03472091257572174
0.16895364224910736
0.12360330671072006
0.032997582107782364
0.035136908292770386
0.15733294188976288
0.09740835428237915
0.06221465766429901
0.024757448583841324
0.12083899229764938
0.08258341252803802
0.020909508690238
0.00025129358982667327
0.0692644938826561
0.13654391467571259
0.06812755018472672
0.07167308032512665
0.026615280658006668
0.27275213599205017
0.10982263088226318
0.04517490789294243
0.016978265717625618
0.12569715082645416
0.11922774463891983
0.062102481722831726
0.1800086945295334
0.04501187801361084
0.07771003246307373
0.05584227666258812
0.09791670739650726
0.19631458818912506
0.06458237767219543
0.11180903762578964
0.0938974991440773
0.14882414042949677
0.09115468710660934
0.0015564195346087217
0.04074034467339516
0.03580145910382271
0.03946594521403313
0.0613345243036747
0.026411335915327072
0.07399743795394897
0.05078607797622681
0.14973628520965576
0.0013978822389617562
0.08161112666130066
0.08692978322505951
0.0042385621927678585
0.07851830869913101
0.09248751401901245
0.04993167519569397
0.02724255993962288
0.12128641456365585
0.09733682870864868
0.058989740908145905
0.11786790192127228
0.08030317723751068
0.07762067019939423
0.05370882526040077
0.12745819985866547
0.024554889649152756
0.021583592519164085
0.08131524175405502
0.14346756041049957
0.13440419733524323
0.07472483068704605
0.1513509601354599
0.0883663222193718
0.12309414148330688
0.018463630229234695
0.041766975075006485
0.14124786853790283
0.0903472900390625
0.0028138882480561733
0.28011682629585266
0.0396045446395874
0.1634656935930252
0.0416671559214592
0.06168355792760849
0.01860109716653824
0.17659205198287964
0.06465189903974533
0.04653323069214821
0.07960694283246994
0.11768670380115509
0.14295247197151184
0.06151676923036575
0.1195993423461914
0.13015352189540863
0.04502132907509804
0.1920292228460312
0.021318554878234863
0.0739116445183754
0.08052746951580048
0.17497296631336212
0.05346378684043884
0.2666797637939453
0.12106327712535858
0.12216507643461227
0.09578092396259308
0.1031617522239685
0.11858712136745453
0.07400013506412506
0.033880192786455154
0.14510680735111237
0.08540037274360657
0.1284005045890808
0.14796338975429535
0.05733758956193924
0.10957472771406174
0.04534120857715607
0.22348839044570923
0.0466373972594738
0.10331910848617554
0.13664889335632324
0.164266899228096
0.08066806942224503
0.13471285998821259
0.11428985744714737
0.02869356796145439
0.08811653405427933
0.17327569425106049
0.022539697587490082
0.09658787399530411
0.05635513737797737
0.052381861954927444
0.1730775386095047
0.0251742172986269
0.05482965707778931
0.09449239075183868
0.0861533135175705
0.07155824452638626
0.01873798668384552
0.034311484545469284
0.07935962080955505
0.2128269225358963
0.23751960694789886
0.08539211004972458
0.12057983875274658
0.07247303426265717
0.03720557689666748
0.22571487724781036
0.046802207827568054
0.007870782166719437
0.0523838996887207
0.06346673518419266
0.1518847942352295
0.06571614742279053
0.15864381194114685
0.02994430810213089
0.11362946033477783
0.10198430716991425
0.27937954664230347
0.19444207847118378
0.09284564107656479
0.07955235242843628
0.0374172180891037
0.10955614596605301
0.1024416983127594
0.0922507718205452
0.06567271053791046
0.03628420829772949
0.09766678512096405
0.10608668625354767
0.14148561656475067
0.11863242089748383
0.22064444422721863
0.12494289875030518
0.08009210973978043
0.08628469705581665
0.05567200109362602
0.11126355826854706
0.04894450306892395
0.10935996472835541
0.20481644570827484
0.1286998987197876
0.047036062926054
0.02075512334704399
0.12438912689685822
0.21733497083187103
0.0709133893251419
0.01879628375172615
0.10088074952363968
0.08285485953092575
0.049600567668676376
0.09540039300918579
0.1146334633231163
0.2301408350467682
0.047059543430805206
0.06660701334476471
0.15909717977046967
0.24596159160137177
0.026664607226848602
0.1526799499988556
0.08260712027549744
0.05006193369626999
0.07060035318136215
0.09715475887060165
0.17225176095962524
0.037287600338459015
0.10693641006946564
0.03170908987522125
0.1135491207242012
0.054571084678173065
0.02994798868894577
0.24856294691562653
0.06678332388401031
0.189242422580719
0.03589007630944252
0.13698920607566833
0.14635521173477173
0.05642160028219223
0.06530613452196121
0.08008000254631042
0.03347950801253319
0.44832709431648254
0.13588574528694153
0.12111695855855942
0.057807568460702896
0.1279977709054947
0.08974665403366089
0.13979658484458923
0.08496325463056564
0.11542531847953796
0.033721864223480225
0.096054807305336
0.12200777977705002
0.14871515333652496
0.08744515478610992
0.07970910519361496
0.2221873551607132
0.1766011118888855
0.06163688749074936
0.12380396574735641
0.07045862078666687
0.03410870209336281
0.039360251277685165
0.11023729294538498
0.03291337564587593
0.03829391673207283
0.07716875523328781
0.35235482454299927
0.1557883769273758
0.039574142545461655
0.07797134667634964
0.09575504064559937
0.17160625755786896
0.1206202283501625
0.054464191198349
0.08608277142047882
0.044593214988708496
0.08403501659631729
0.08177804201841354
0.07382168620824814
0.17248831689357758
0.14461912214756012
0.2326941043138504
0.021341584622859955
0.04607322812080383
0.027193034067749977
0.07111501693725586
0.0014988613547757268
0.11127633601427078
0.11681164056062698
0.00243208697065711
0.07186427712440491
0.06853572279214859
0.04597991704940796
0.1115288957953453
0.09035543352365494
0.061448484659194946
0.11200684309005737
0.059880804270505905
0.0011621632147580385
0.07798538357019424
0.06700392067432404
0.13179314136505127
0.13122576475143433
0.11873677372932434
0.12730491161346436
0.2072916030883789
0.1230807974934578
0.04556511342525482
0.05993786081671715
0.028390729799866676
0.0006211760337464511
0.11248280107975006
0.03926648572087288
0.012442763894796371
0.06851401925086975
0.028179854154586792
0.07163537293672562
0.09892114251852036
0.20013150572776794
0.059102416038513184
0.1126917377114296
0.101877361536026
0.039915915578603745
0.1097908616065979
0.06044996529817581
0.034635044634342194
0.1132901981472969
0.044843822717666626
0.027538692578673363
0.09180234372615814
0.10251139104366302
0.043281883001327515
0.042028021067380905
0.031917836517095566
0.13611780107021332
0.09426205605268478
0.10069778561592102
0.03455235809087753
0.03571423888206482
0.036822084337472916
0.01372282113879919
0.009091794490814209
0.14919638633728027
0.06581419706344604
0.10977282375097275
0.10418287664651871
0.09188120067119598
0.08861155062913895
0.07362262904644012
0.047539062798023224
0.019447265192866325
0.07918218523263931
0.03740207105875015
0.023350199684500694
0.1593323051929474
0.05090082064270973
0.06804248690605164
0.04705917462706566
0.05567131191492081
0.0439903661608696
0.11659231781959534
0.06407969444990158
0.133691668510437
0.038786351680755615
0.0827009379863739
0.07020244747400284
0.23008787631988525
0.041031595319509506
0.06703047454357147
0.11232427507638931
0.08437265455722809
0.05433618277311325
0.26851552724838257
0.1421850025653839
0.04944425821304321
0.0796736553311348
0.07218466699123383
0.11373677849769592
0.0634353756904602
0.19363218545913696
0.12430859357118607
0.02356254681944847
0.10971395671367645
0.09852969646453857
0.061119258403778076
0.07471783459186554
0.07909707725048065
0.11038166284561157
0.06872140616178513
0.1356208473443985
0.06224760785698891
0.10845594853162766
0.11002037674188614
0.07445152848958969
0.1329018771648407
0.007579498924314976
0.06095559895038605
0.09207881987094879
0.030928276479244232
0.15330283343791962
0.03201824054121971
0.05818996950984001
0.06066020578145981
0.05763335898518562
0.05926746875047684
0.07407350093126297
0.11506818979978561
0.03652830421924591
0.15385836362838745
0.06603453308343887
0.0801435336470604
0.03682909160852432
0.2691384553909302
0.10442322492599487
0.04923201724886894
0.13714569807052612
0.10695704072713852
0.10221245139837265
0.06088525801897049
0.04243200644850731
0.03848247230052948
0.17386451363563538
0.06420482695102692
0.044820386916399
0.29189613461494446
0.05862380936741829
0.13276737928390503
0.09489940851926804
0.11810185015201569
0.11189568787813187
0.15012206137180328
0.1153220534324646
0.03829348087310791
0.06661073118448257
0.060619428753852844
0.2186654806137085
0.07330693304538727
0.11034853756427765
0.10037858784198761
0.054154545068740845
0.07828471064567566
0.07808347046375275
0.04866504296660423
0.1354411095380783
0.05427661910653114
0.04612758010625839
0.2638348937034607
0.054223451763391495
0.08503931015729904
0.13682085275650024
0.08334474265575409
0.11519408226013184
0.06793981045484543
0.16022010147571564
0.08256049454212189
0.018176056444644928
0.048072461038827896
0.057923052459955215
0.030894307419657707
0.05795389786362648
0.046226561069488525
0.07410003989934921
0.04095565527677536
0.0971592590212822
0.06836347281932831
0.20246130228042603
0.07314083725214005
0.0966600626707077
0.05782250314950943
0.08693133294582367
0.19121350347995758
0.27422386407852173
0.03122333437204361
0.03685349225997925
0.23921377956867218
0.10541854053735733
0.013081814162433147
0.1102793738245964
0.04582691937685013
0.003824228420853615
0.14530296623706818
0.03219742327928543
0.1475478559732437
0.032551512122154236
0.09054487943649292
0.10383372753858566
0.10758446902036667
0.10527165234088898
0.12587445974349976
0.04735477268695831
0.05503147467970848
0.059479307383298874
0.1311340183019638
0.03711991012096405
0.0848504975438118
0.09586704522371292
0.06052252650260925
0.05213335156440735
0.21608833968639374
0.05911131203174591
0.10313937813043594
0.11728934943675995
0.020265912637114525
0.1329263150691986
0.012923009693622589
0.12384679913520813
0.044548582285642624
0.19800333678722382
0.07084941864013672
0.04506773501634598
0.09688657522201538
0.12248998135328293
0.11242413520812988
0.23361732065677643
0.04808231070637703
0.04336318001151085
0.07054506242275238
0.11538562178611755
0.11711809039115906
0.04172947630286217
0.20199458301067352
0.12444261461496353
0.10611982643604279
0.24641741812229156
0.13154467940330505
0.09827110171318054
0.014224298298358917
0.07601484656333923
0.09206494688987732
0.0337139330804348
0.10306961089372635
0.03462721407413483
0.17420624196529388
0.026133565232157707
0.14137302339076996
0.12896907329559326
0.16060422360897064
0.06831062585115433
0.0889982357621193
0.056500937789678574
0.06785537302494049
0.12266100943088531
0.04848911985754967
0.05607707053422928
0.03272176906466484
0.0884026512503624
0.09279646724462509
0.07064413279294968
0.24351271986961365
0.015005622990429401
0.06147204712033272
0.006969676353037357
0.09827741980552673
0.082993283867836
0.33026260137557983
0.04231123626232147
0.04045264422893524
0.08645931631326675
0.16976076364517212
0.0216512531042099
0.20940768718719482
0.04006114974617958
0.06981290131807327
0.021962424740195274
0.08283223956823349
0.10417988151311874
0.19012849032878876
0.1489214450120926
0.09177995473146439
0.15034040808677673
0.03603804484009743
0.017281552776694298
0.12426300346851349
0.06437339633703232
0.15811686217784882
0.05796349421143532
0.06418702751398087
0.1026894748210907
0.1070612445473671
0.0880722925066948
0.16324396431446075
0.1096424087882042
0.0542023628950119
0.05398000031709671
0.11264148354530334
0.00033135805279016495
0.08872513473033905
0.0752544179558754
0.06856260448694229
0.1434302031993866
0.0774877592921257
0.04444078356027603
0.08680389076471329
0.08425363898277283
0.022193020209670067
0.11487480252981186
0.10092686116695404
0.1157909631729126
0.05191652104258537
0.08008188754320145
0.20020829141139984
0.08997777104377747
0.037703048437833786
0.06483301520347595
0.122466541826725
0.036844220012426376
0.04121753200888634
0.09535075724124908
0.1552518606185913
0.07861335575580597
0.1751510202884674
0.13129982352256775
0.05475185066461563
0.03561857342720032
0.10496421158313751
0.14579562842845917
0.11192817240953445
0.08565245568752289
0.05579680949449539
0.0686630979180336
0.11046170443296432
0.11040393263101578
0.2164131999015808
0.23112203180789948
0.05167677626013756
0.12276887893676758
0.15464480221271515
0.04592743515968323
0.06706994771957397
0.11365795135498047
0.07195014506578445
0.05113447457551956
0.1495966911315918
0.12016027420759201
0.039583828300237656
0.07721039652824402
0.08020874857902527
0.14329668879508972
0.07962347567081451
0.06548620760440826
0.1605197936296463
0.14016613364219666
0.024100737646222115
0.057950709015131
0.13364051282405853
0.03661955147981644
0.12307235598564148
0.12115593999624252
0.0701858401298523
0.10851392894983292
0.056059062480926514
0.039158016443252563
0.03146477788686752
0.08679898083209991
0.29294100403785706
0.11885051429271698
0.026164520531892776
0.15638530254364014
0.0343124195933342
0.08835242688655853
0.001197646837681532
0.06265438348054886
0.06277436763048172
0.057432666420936584
0.052368901669979095
0.09546434134244919
0.08399774879217148
0.12465781718492508
0.12452799081802368
0.08654185384511948
0.128892183303833
0.13433952629566193
0.017885738983750343
0.0769156813621521
0.0377015545964241
0.1786348819732666
0.061330072581768036
0.22028157114982605
0.06278625130653381
0.10223310440778732
0.060253746807575226
0.12322505563497543
0.07658267021179199
0.10907675325870514
0.2488621324300766
0.0281755980104208
0.11336108297109604
0.062861368060112
0.07362725585699081
0.10269694030284882
0.04484107345342636
0.04350457713007927
0.04176003113389015
0.0871451199054718
0.04638107866048813
0.04959629848599434
0.13029107451438904
0.14676865935325623
0.05580631271004677
0.21248693764209747
0.07873691618442535
0.0669596791267395
0.071014903485775
0.11298621445894241
0.027694502845406532
0.11226636171340942
0.08226126432418823
0.09566131234169006
0.1820286065340042
0.11881061643362045
0.061909500509500504
0.041860420256853104
0.11483968049287796
0.08142685890197754
0.1425103098154068
0.05929596722126007
0.06541960686445236
0.03981352597475052
0.20107834041118622
0.07045204192399979
0.0919370949268341
0.0934804230928421
0.04307476431131363
0.02709173411130905
0.004532837774604559
0.0024960387963801622
0.1501842737197876
0.08480601012706757
0.1144864410161972
0.11482366174459457
0.07790662348270416
0.07042858749628067
0.15347920358181
0.05402437597513199
0.09207642823457718
0.08730737119913101
0.07253851741552353
0.060094449669122696
0.2803383469581604
0.08874871581792831
0.08455059677362442
0.045066215097904205
0.06565789133310318
0.12472419440746307
0.0813005268573761
0.08425167948007584
0.10307330638170242
0.0845327228307724
0.006901973392814398
0.08724689483642578
0.11409062147140503
0.11335468292236328
0.07394757866859436
0.10042367875576019
0.05289426073431969
0.0434383749961853
0.035628385841846466
0.05733676254749298
0.0613555945456028
0.04070538282394409
0.08115530014038086
0.09482254087924957
0.044683054089546204
0.11217423528432846
0.05854494869709015
0.1105838343501091
0.15433017909526825
0.039303895086050034
0.035399336367845535
0.021915504708886147
0.06288576126098633
0.12078990042209625
0.09214646369218826
0.1918991357088089
0.10881156474351883
0.10359354317188263
0.0008031237521208823
0.09304548799991608
0.24051865935325623
0.06645527482032776
0.10512024909257889
0.030374210327863693
0.07753719389438629
0.07488961517810822
0.06278133392333984
0.17864269018173218
0.09065697342157364
0.050774767994880676
0.06266371160745621
0.09273795783519745
0.04867488890886307
0.0554957389831543
0.11308441311120987
0.015595877543091774
0.22533822059631348
0.05302709713578224
0.10322478413581848
0.04914234206080437
0.19311842322349548
0.07822254300117493
0.09443716704845428
0.04420436918735504
0.10644128173589706
0.07103445380926132
0.11688823252916336
0.12157464772462845
0.07300499826669693
0.09701869636774063
0.14186355471611023
0.052730076014995575
0.09363027662038803
0.016811553388834
0.053008534014225006
0.1040114089846611
0.07486400753259659
0.07867518812417984
0.02147664502263069
0.02332254871726036
0.0510413683950901
0.06928582489490509
0.051784612238407135
0.07167928665876389
0.06892584264278412
0.06260526925325394
0.10646773874759674
0.0010262689320370555
0.025945328176021576
0.07474873960018158
0.19422754645347595
0.05623006820678711
0.11326593160629272
0.07523611932992935
0.1575668603181839
0.07879797369241714
0.08280074596405029
0.030067838728427887
0.06412724405527115
0.038766391575336456
0.05507725104689598
0.14773181080818176
0.07746567577123642
0.05454842001199722
0.06315849721431732
0.11444602906703949
0.04374820366501808
0.11508192121982574
0.026386361569166183
0.2680101692676544
0.10029594600200653
0.10161110013723373
0.047831278294324875
0.11543535441160202
0.01422885712236166
0.04106150195002556
0.19818967580795288
0.060538336634635925
0.09226860851049423
0.09798873960971832
0.017686158418655396
0.05859261378645897
0.09010980278253555
0.08710821717977524
0.007537756580859423
0.025129539892077446
0.06312903016805649
0.0996854156255722
0.036668047308921814
0.08043182641267776
0.30716925859451294
0.1877080798149109
0.1721813827753067
0.08873172849416733
0.06926224380731583
0.03527021408081055
0.06624855101108551
0.041378315538167953
0.04879898577928543
0.14215993881225586
0.04894978553056717
0.06862220913171768
0.025613149628043175
0.06004610285162926
0.3760853409767151
0.13565272092819214
0.04112880304455757
0.18038642406463623
0.041158758103847504
0.08968345075845718
0.036478087306022644
0.08500643819570541
0.046145953238010406
0.07375675439834595
0.06538055837154388
0.0898464024066925
0.07371357083320618
0.041866376996040344
0.07591379433870316
0.06814562529325485
0.07791855931282043
0.1339656412601471
0.13262590765953064
0.0985691100358963
0.014167336747050285
0.08360745012760162
0.11497136950492859
0.07587585598230362
0.03127628564834595
0.057407964020967484
0.06468059122562408
0.10991109162569046
0.030122175812721252
0.0193520188331604
0.024307731539011
0.08916451781988144
0.33625006675720215
0.09841445088386536
0.03214513137936592
0.1029919758439064
0.16236375272274017
0.0418769046664238
0.1927354484796524
0.04277249053120613
0.04720551520586014
0.059146273881196976
0.10610033571720123
0.0992947667837143
0.09171479195356369
0.05861803516745567
0.32275640964508057
0.03431091085076332
0.10319102555513382
0.07502759248018265
0.1127898246049881
0.08422127366065979
0.049428921192884445
0.12238601595163345
0.0528215691447258
0.0038780786562711
0.02841874398291111
0.025991879403591156
0.08337105810642242
0.11489097028970718
0.12205692380666733
0.20499515533447266
0.09279708564281464
0.06210534647107124
0.21188414096832275
0.03512325882911682
0.04168234393000603
0.07003562152385712
0.08276914060115814
0.10848179459571838
0.051306918263435364
0.07148127257823944
0.041955895721912384
0.11053261905908585
0.09537526965141296
0.09840744733810425
0.19656790792942047
0.049180272966623306
0.06284556537866592
0.23680749535560608
0.07240444421768188
0.05502714961767197
0.18514440953731537
0.08600476384162903
0.11570252478122711
0.0727633535861969
0.02592608705163002
0.04387468472123146
0.12253386527299881
0.024630285799503326
0.020736878737807274
0.023690443485975266
0.11833938956260681
0.18919360637664795
0.11139538884162903
0.0008491384796798229
0.2199743688106537
0.12324818223714828
0.17809975147247314
0.16094925999641418
0.09837891161441803
0.12114202231168747
0.10150766372680664
0.09736360609531403
0.06806977093219757
0.05335332825779915
0.17330791056156158
0.03082435205578804
0.03481489047408104
0.08024820685386658
0.08532847464084625
0.18337352573871613
0.042798761278390884
0.09445656090974808
0.12947829067707062
0.03486435487866402
0.0840456560254097
0.033953599631786346
0.040175579488277435
0.08212384581565857
0.017425749450922012
0.04204273968935013
0.06370005011558533
0.028479384258389473
0.04846843704581261
0.1355600357055664
0.09394912421703339
0.03435817360877991
0.0916159600019455
0.1395663470029831
0.05292288959026337
0.043496135622262955
0.05533580482006073
0.0672009065747261
0.04970575496554375
0.08907311409711838
0.051954735070466995
0.037940677255392075
0.08431700617074966
0.0775052011013031
0.04450748860836029
0.118138886988163
0.31723275780677795
0.07259729504585266
0.10443700104951859
0.10361446440219879
0.094060979783535
0.08132074773311615
0.09192781150341034
0.02442791685461998
0.09270158410072327
0.04093009978532791
0.10601507127285004
0.2399033159017563
0.049403972923755646
0.045212164521217346
0.16585996747016907
0.06302992254495621
0.05382712185382843
0.043392326682806015
0.02526690438389778
0.08024588227272034
0.09121529757976532
0.09493745863437653
0.05866389721632004
0.09286679327487946
0.04242734611034393
0.05740979686379433
0.05293457210063934
0.07536353170871735
0.0937022864818573
0.07380502671003342
0.11243436485528946
0.039472796022892
0.03672664612531662
0.036555856466293335
0.06618497520685196
0.1048937439918518
0.0516887903213501
0.12263315171003342
0.06942950934171677
0.12137789279222488
0.10295110195875168
0.15089042484760284
0.055874861776828766
0.04637504741549492
0.12880045175552368
0.07220979779958725
0.12049447000026703
0.06292781978845596
0.0823017954826355
0.07501170784235
0.18172280490398407
0.14600332081317902
0.15407295525074005
0.12900878489017487
0.07537239044904709
0.06399555504322052
0.0415000319480896
0.006474548019468784
0.04128233343362808
0.08053838461637497
0.0006368475151248276
0.06867498904466629
0.04746680334210396
0.08467279374599457
0.06799472868442535
0.061940621584653854
0.015956196933984756
0.17456065118312836
0.03793361410498619
0.090748131275177
0.07790277898311615
0.062261614948511124
0.09567892551422119
0.07627270370721817
0.03420165553689003
0.019681723788380623
0.05353819951415062
0.03978480026125908
0.06379429996013641
0.007937392219901085
0.13945409655570984
0.05845417454838753
0.25484904646873474
0.03899189084768295
0.09391405433416367
0.13448099792003632
0.06089285388588905
0.013869359157979488
0.09918771684169769
0.16786931455135345
0.17147694528102875
0.08474590629339218
0.17795394361019135
0.2715398967266083
0.09321855008602142
0.028988154605031013
0.0876656174659729
0.13838687539100647
0.07535067945718765
0.08786606043577194
0.027093777433037758
0.06931427121162415
0.11658485978841782
0.18376466631889343
0.07708577066659927
0.046312619000673294
0.06941042095422745
0.07621858268976212
0.22542700171470642
0.05470774322748184
0.03569386154413223
0.056506019085645676
0.024660315364599228
0.14663845300674438
0.07029520720243454
0.03489738702774048
0.1069486066699028
0.1078760176897049
0.10849642008543015
0.14557118713855743
0.025024447590112686
0.04901699721813202
0.101176917552948
0.08475930243730545
0.044520460069179535
0.018110819160938263
0.023089395835995674
0.045528851449489594
0.02726752497255802
0.035588283091783524
0.10357483476400375
0.06295695900917053
0.05070876330137253
0.22327011823654175
0.10727241635322571
0.04672699049115181
0.027577927336096764
0.09105056524276733
0.07815738767385483
0.04289678484201431
0.09654268622398376
0.08194315433502197
0.08111508190631866
0.009958670474588871
0.14323055744171143
0.09717430919408798
0.09956806153059006
0.08173775672912598
0.07391185313463211
0.06927184015512466
0.038671500980854034
0.15915022790431976
0.08360928297042847
0.08667606115341187
0.07198543846607208
0.08824531733989716
0.11938391625881195
0.04675165191292763
0.10803395509719849
0.11507383733987808
0.12974512577056885
0.08990594744682312
0.03490021824836731
0.03671368956565857
0.00017910769383888692
0.16965796053409576
0.08767997473478317
0.02208203822374344
0.05852602422237396
0.042454592883586884
0.17086365818977356
0.13469992578029633
0.24737872183322906
0.04805000498890877
0.042317233979701996
0.07044008374214172
0.08084649592638016
0.0659104660153389
0.05742708966135979
0.10085493326187134
0.1449405550956726
0.05780578404664993
0.16324076056480408
0.0960267186164856
0.08602253347635269
0.04254046082496643
0.07592559605836868
0.06737084686756134
0.11863629519939423
0.08137952536344528
0.11130306869745255
0.14023610949516296
0.08509795367717743
0.09983158856630325
0.08670134842395782
0.12884892523288727
0.10308152437210083
0.0521664023399353
0.03391322121024132
0.05064867436885834
0.1053265780210495
0.04782526567578316
0.11279870569705963
0.1421239823102951
0.047669898718595505
0.04956602677702904
0.1177344098687172
0.07851283252239227
0.07967232912778854
0.09556516259908676
0.10757863521575928
0.10206690430641174
0.11221931874752045
0.11692450940608978
0.16997025907039642
0.06610400974750519
0.09975729137659073
0.17181162536144257
0.12645627558231354
0.10704535990953445
0.09298323839902878
0.10997407883405685
0.0005282524507492781
0.07496947050094604
0.1999070942401886
0.16498228907585144
0.0909150019288063
0.07560901343822479
0.07294130325317383
0.029687562957406044
0.0702219232916832
0.077191561460495
0.09449061751365662
0.053337227553129196
0.10668399184942245
0.04342827573418617
0.028934206813573837
0.06249373406171799
0.10621283948421478
0.02812534011900425
0.15250802040100098
0.07202669233083725
0.03905840963125229
0.06807377934455872
0.057791732251644135
0.10171828418970108
0.0353967547416687
0.10279732942581177
0.008182047866284847
0.022360775619745255
0.029586706310510635
0.05759540572762489
0.025660663843154907
0.03912544250488281
0.08575678616762161
0.11214157938957214
0.17834638059139252
0.13220833241939545
0.15012407302856445
0.10205741971731186
0.10219951719045639
0.09995631873607635
0.09382330626249313
0.10252619534730911
0.11702819168567657
0.07642088830471039
0.0682930052280426
0.03973294794559479
0.04161815345287323
0.04474054276943207
0.1378484070301056
0.05826447904109955
0.08713796734809875
0.07479175180196762
0.18983975052833557
0.15837018191814423
0.041192956268787384
0.030446158722043037
0.04413215443491936
0.018738670274615288
0.0592077374458313
0.08197653293609619
0.07779454439878464
0.07253535091876984
0.12105884402990341
0.08135271817445755
0.09813512116670609
0.05188446864485741
0.0754508525133133
0.04332653433084488
0.0036740251816809177
0.06966450065374374
0.058327578008174896
0.016691969707608223
0.09009552001953125
0.05609999969601631
0.062479257583618164
0.05350341275334358
0.025093987584114075
0.03828352317214012
0.05251331999897957
0.045752208679914474
0.03402965888381004
0.07193893194198608
0.036503326147794724
0.0608862042427063
0.10240684449672699
0.042474180459976196
0.0801314190030098
0.10546589642763138
0.05210698023438454
0.06999997049570084
0.07050564140081406
0.11368649452924728
0.0443233959376812
0.03299322724342346
0.02084323763847351
0.04909982159733772
0.029823504388332367
0.04640261083841324
0.10387499630451202
0.16934944689273834
0.00031644635600969195
0.07930177450180054
0.07418238371610641
0.07648711651563644
0.08631738275289536
0.06946446001529694
0.08619631081819534
0.06720075011253357
0.1282002180814743
0.09824908524751663
0.0018408610485494137
0.04803219810128212
0.01778235100209713
0.11179938167333603
0.12178841233253479
0.045936666429042816
0.06590031087398529
0.0589560903608799
0.18059223890304565
0.06718362867832184
0.11642105877399445
0.03782207518815994
0.04030117392539978
0.08622073382139206
0.05627688765525818
0.11717740446329117
0.09074436873197556
0.09081762284040451
0.08736007660627365
0.0901516005396843
0.05591057240962982
0.008787988685071468
0.05840810015797615
0.0885714665055275
0.0367266945540905
0.16352176666259766
0.10910572856664658
0.09789197146892548
0.2116655856370926
0.06411906331777573
0.016221309080719948
0.04768003523349762
0.06122855097055435
0.05529465526342392
0.03858869522809982
0.11004903167486191
0.13892695307731628
0.10121722519397736
0.02014038898050785
0.03830548748373985
0.0311787910759449
0.05859985947608948
0.027485959231853485
0.09113132953643799
0.08451879769563675
0.13755933940410614
0.030374176800251007
0.09525533765554428
0.029778411611914635
0.09084565937519073
0.0071867890655994415
0.08700504899024963
0.029919372871518135
0.17536041140556335
0.11000078171491623
0.03300914913415909
0.03131124749779701
0.03211287781596184
0.09582796692848206
0.09683869034051895
0.04376888647675514
0.051728054881095886
0.09083902835845947
0.045409612357616425
0.02287953346967697
0.0841473713517189
0.11245354264974594
0.09429662674665451
0.027275104075670242
0.06752631813287735
0.2653135061264038
0.0983731746673584
0.13735155761241913
0.034764450043439865
0.09138678759336472
0.03313770890235901
0.04761054739356041
0.025259146466851234
0.03151874989271164
0.14138847589492798
0.040453799068927765
0.07793120294809341
0.051643989980220795
0.10599891096353531
0.05387265607714653
0.09819858521223068
0.03599516674876213
0.13702596724033356
0.07350482046604156
0.10567739605903625
0.11957115679979324
0.06077703833580017
0.054300934076309204
0.10510655492544174
0.0420503132045269
0.11350962519645691
0.04782383143901825
0.017327873036265373
0.16405421495437622
0.06440017372369766
0.0754111111164093
0.04928497225046158
0.051356010138988495
0.060490258038043976
0.09976238757371902
0.13054969906806946
0.0019470687257125974
0.08927170187234879
0.06221601739525795
0.06323175877332687
0.059670161455869675
0.0486903078854084
0.13022258877754211
0.3020983636379242
0.10566939413547516
0.053943801671266556
0.06735990941524506
0.052898697555065155
0.05979427695274353
0.07224078476428986
0.06332119554281235
0.06583784520626068
0.25151577591896057
0.16416656970977783
0.02168847806751728
0.04459929093718529
0.05469829589128494
0.09815333038568497
0.07535246759653091
0.18987378478050232
0.053624335676431656
0.0935831218957901
0.11550294607877731
0.0451662614941597
0.07626765966415405
0.058338601142168045
0.1143491268157959
0.09900232404470444
0.07258715480566025
0.049866266548633575
0.029034845530986786
0.05678059533238411
0.06688681244850159
0.1403718888759613
0.12929458916187286
0.017635373398661613
0.007941165938973427
0.043964236974716187
0.08368230611085892
0.027038652449846268
0.049606092274188995
0.04717755690217018
0.05184071138501167
0.019402993842959404
0.061152245849370956
0.07034990191459656
0.03232726827263832
0.09828381985425949
0.05875551700592041
0.15524688363075256
0.08731032907962799
0.0699271410703659
0.0027981731109321117
0.10941852629184723
0.0982079729437828
0.029514897614717484
0.00014859352086205035
0.024549175053834915
0.03067067638039589
0.04974045604467392
0.055079132318496704
0.02549881674349308
0.1637226641178131
0.05534876510500908
0.032981012016534805
0.07218179851770401
0.08592049032449722
0.09332014620304108
0.045486338436603546
0.02135247178375721
0.028720872476696968
0.04252363741397858
0.04435741528868675
0.07640860974788666
0.13858625292778015
0.10893404483795166
0.04412706568837166
0.13100400567054749
0.25432008504867554
0.04483053460717201
0.08805201202630997
0.03916877880692482
0.016625547781586647
0.04732026904821396
0.04667166620492935
0.09584584832191467
0.03089316003024578
0.2234993577003479
0.04398012533783913
0.08016546070575714
0.08251338452100754
0.04576621204614639
0.05932717025279999
0.022482825443148613
0.08983121067285538
0.08004201948642731
0.08403678238391876
0.04787839949131012
0.008160647936165333
0.10234232246875763
0.10279387980699539
0.01095997728407383
0.03615303710103035
0.04506572708487511
0.0724681168794632
0.056867461651563644
0.07126229256391525
0.05364594608545303
0.03996057063341141
0.04685935378074646
0.007355688139796257
0.10539853572845459
0.03986825793981552
0.2180560827255249
0.06725966930389404
0.05812220647931099
0.02192511223256588
0.10275898873806
0.023055322468280792
0.027289874851703644
0.04833201318979263
0.0036101723089814186
0.03520309552550316
0.030152827501296997
0.04947386682033539
0.04159679636359215
0.10674228519201279
0.033063195645809174
0.0615491159260273
0.059516340494155884
0.05536837503314018
0.005153777077794075
0.052942778915166855
0.11097981035709381
0.17859093844890594
0.031373992562294006
0.0445745550096035
0.009546823799610138
0.14827099442481995
0.039632901549339294
0.06344956159591675
0.005969617050141096
0.07659238576889038
0.10028223693370819
0.08623545616865158
0.04516400024294853
0.09989435970783234
0.22994276881217957
0.06027701124548912
0.10063310712575912
0.1741827428340912
0.08502420783042908
0.08408805727958679
0.031245259568095207
0.03702585771679878
0.11568368971347809
0.03615172952413559
0.06088781729340553
0.0502232126891613
0.06381870806217194
0.08446092903614044
0.09358743578195572
0.012988781556487083
0.14085213840007782
0.027074432000517845
0.054807789623737335
0.07861614972352982
0.13371898233890533
0.07438308745622635
0.08264937996864319
0.03850745037198067
0.12160234898328781
0.04884638264775276
0.09892738610506058
0.05327804386615753
0.029806053265929222
0.11412946879863739
0.08517152070999146
0.05887482687830925
0.004127695225179195
0.06967055797576904
0.08774571865797043
0.026616401970386505
0.11029497534036636
0.061627212911844254
0.059687189757823944
0.038777004927396774
0.025791537016630173
0.0829877033829689
0.08731890469789505
0.032877225428819656
0.034788042306900024
0.16918259859085083
0.04100789874792099
0.08063384890556335
0.10884977877140045
0.0497954860329628
0.10180624574422836
0.3079725503921509
0.050600647926330566
0.023811977356672287
0.07244859635829926
0.07524160295724869
0.08171268552541733
0.057874877005815506
0.11348003894090652
0.04770710691809654
0.0754489004611969
0.0898829847574234
0.04111224412918091
0.1445969194173813
0.016509363427758217
0.062405310571193695
0.04778129979968071
0.03914271667599678
0.1027907207608223
0.18644940853118896
0.1193607747554779
0.10850916057825089
0.05328846350312233
0.07350080460309982
0.04905819892883301
0.07812478393316269
0.038233719766139984
0.039555661380290985
0.10262749344110489
0.06429601460695267
0.07502338290214539
0.05280626192688942
0.028646817430853844
0.043758027255535126
0.018460039049386978
0.07359596341848373
0.05681425705552101
0.2123636156320572
0.12517382204532623
0.047350093722343445
0.08742764592170715
0.1010173037648201
0.0650978684425354
0.06290122121572495
0.0893104076385498
0.02626548707485199
0.052970413118600845
0.01968233473598957
0.028358936309814453
0.07116002589464188
0.022259294986724854
0.0857522264122963
0.1844673454761505
0.0562509149312973
0.03648429363965988
0.03930889070034027
0.03488001227378845
0.058540500700473785
0.06357675790786743
0.09021691977977753
0.11922142654657364
0.00032757496228441596
0.17342263460159302
0.0829952210187912
0.08851735293865204
0.06065364181995392
0.12363007664680481
0.014605801552534103
0.15796953439712524
0.10810936242341995
0.049746666103601456
0.04593195766210556
0.060667041689157486
0.07316179573535919
0.051719244569540024
0.05303368344902992
0.10736823827028275
0.03666771948337555
0.1835440993309021
0.05228329822421074
0.09939780086278915
0.07448264211416245
0.05731687322258949
0.001131350640207529
0.042996879667043686
0.26190558075904846
0.05190405994653702
0.06039895862340927
0.1025935485959053
0.03311186656355858
0.032646555453538895
0.04254651069641113
0.008512911386787891
0.09017240256071091
0.07362055033445358
0.04522310197353363
0.08023123443126678
0.040816906839609146
0.04374469071626663
0.06632643938064575
0.21697358787059784
0.12224430590867996
0.06346256285905838
0.027755165472626686
0.04258511960506439
0.002044863533228636
0.13395215570926666
0.15201018750667572
0.14382825791835785
0.09556294232606888
0.00743905222043395
0.026444679126143456
0.046277739107608795
0.12378720194101334
0.171061173081398
0.2521863877773285
0.039157234132289886
0.020975559949874878
0.2135029286146164
0.007434586063027382
0.00030504350434057415
0.08371295779943466
0.1665802150964737
0.11213748902082443
0.10627428442239761
0.12410901486873627
0.08023324608802795
0.0722086951136589
0.10932402312755585
0.1078348234295845
0.07797755300998688
0.022862032055854797
0.04853636026382446
0.0408361442387104
0.13929888606071472
0.07510224729776382
0.14438967406749725
0.126597061753273
0.11322066932916641
0.09062949568033218
0.117825947701931
0.08266602456569672
0.037963591516017914
0.0827081948518753
0.07888080179691315
0.034206800162792206
0.054709456861019135
0.07919352501630783
0.10505456477403641
0.08653901517391205
0.01665252447128296
0.06896992772817612
0.1159072294831276
0.09467734396457672
0.06936638057231903
0.017499933019280434
0.09140648692846298
0.10928336530923843
0.08608078956604004
0.06778647005558014
0.024642543867230415
0.0014103453140705824
0.08844611048698425
0.08035658299922943
0.060341596603393555
0.10675820708274841
0.11681195348501205
0.21349969506263733
0.05912889540195465
0.05481167137622833
0.1643906533718109
0.030265947803854942
0.1017322838306427
0.10018648952245712
0.08619613945484161
0.07752241939306259
0.07916255295276642
0.10321652144193649
0.05443025380373001
0.016203908249735832
0.24315103888511658
0.08248662203550339
0.09590768814086914
0.03990956023335457
0.12455359846353531
0.1595013439655304
0.10271263867616653
0.06622134894132614
0.0892450213432312
0.062426432967185974
0.09402497857809067
0.09317877143621445
0.27345263957977295
0.08096310496330261
0.0016996379708871245
0.06080111488699913
0.12666314840316772
0.06116218864917755
0.018458006903529167
0.10053347051143646
0.08645641803741455
0.045725662261247635
0.051543958485126495
0.11070965975522995
0.005865377373993397
0.07525978982448578
0.017942655831575394
0.07049790769815445
0.001437908736988902
0.06552867591381073
0.04306751862168312
0.03392520174384117
0.015573795884847641
0.05721033737063408
0.10663753002882004
0.03722301125526428
0.0445699580013752
0.05163601040840149
0.10872945189476013
0.09795629978179932
0.01129588857293129
0.03919990733265877
0.08784518390893936
0.08347038924694061
0.11100681871175766
0.05328445881605148
0.09282240271568298
0.021015305072069168
0.18351203203201294
0.02267383597791195
0.17803955078125
0.11396417766809464
0.14396250247955322
0.08737262338399887
0.01380745880305767
0.043860629200935364
0.07379426807165146
0.1085241436958313
0.054018784314394
0.0488920696079731
0.09494854509830475
0.06832828372716904
0.2000192105770111
0.08635098487138748
0.10655804723501205
0.10120337456464767
0.0661747008562088
0.06650953739881516
0.08056820929050446
0.09420382231473923
0.06761794537305832
0.1496763676404953
0.04794999212026596
0.13233676552772522
0.028919631615281105
0.12340889871120453
0.11075430363416672
0.09940531104803085
0.03286666423082352
0.22455662488937378
0.1407729834318161
0.11377047002315521
0.07137220352888107
0.05246236175298691
0.12671653926372528
0.167690709233284
0.0826323851943016
0.10117461532354355
0.08405806869268417
0.07486241310834885
0.03380408510565758
0.05138884484767914
0.060186538845300674
0.02051948569715023
0.11821229010820389
0.06461552530527115
0.05628495663404465
0.05012501776218414
0.043322160840034485
0.0697782039642334
0.026376444846391678
0.02964923158288002
0.12884631752967834
0.11624664068222046
0.04247892647981644
0.15199699997901917
0.09526282548904419
0.10547655820846558
0.3528185188770294
0.0819878876209259
0.054846279323101044
0.1493978649377823
0.10546458512544632
0.0785113051533699
0.07089037448167801
0.09539902210235596
0.07020573318004608
0.11255339533090591
0.09600447863340378
0.10686435550451279
0.20629964768886566
0.07146893441677094
0.06667504459619522
0.026342017576098442
0.11674029380083084
0.00742286117747426
0.05888114497065544
0.1084570363163948
0.08200530707836151
0.0905025377869606
0.0815073624253273
0.09855655580759048
0.10441000759601593
0.03244650363922119
0.08298381417989731
0.11242115497589111
0.06163916736841202
0.09376250952482224
0.043721091002225876
0.1271103322505951
0.054146673530340195
0.12418709695339203
0.044374462217092514
0.024769436568021774
0.1706954836845398
0.027131175622344017
0.08503036201000214
0.10242941975593567
0.15186503529548645
0.04423219710588455
0.07149595767259598
0.2015165090560913
0.0496511310338974
0.09652093797922134
0.009360406547784805
0.08571142703294754
0.03705638647079468
0.04444155469536781
0.09011746197938919
0.02055136300623417
0.04924206808209419
0.053241025656461716
0.07124129682779312
0.09064578264951706
0.11776304990053177
0.049786441028118134
0.01183556579053402
0.0338318906724453
0.058459848165512085
0.06908370554447174
0.08079886436462402
0.0992843508720398
0.2098631113767624
0.0005887607112526894
0.06035717576742172
0.06120448186993599
0.17167598009109497
0.020498383790254593
0.05175411328673363
0.028703171759843826
0.06388543546199799
0.08472097665071487
0.084365114569664
0.03852953016757965
0.014349651522934437
0.05948185920715332
0.0889657661318779
0.06501690298318863
0.04260207712650299
0.05353862792253494
0.01085997000336647
0.0852351263165474
0.01618657261133194
0.13161984086036682
0.0009735568892210722
0.12217219173908234
0.11570144444704056
0.06364802271127701
0.027543267235159874
0.06407605111598969
0.025969181209802628
0.016110701486468315
0.022571532055735588
0.04083995893597603
0.03359191119670868
0.07839973270893097
0.05367860943078995
0.026377592235803604
0.03691607713699341
0.03505156189203262
0.05295547470450401
0.09722644835710526
0.11880125850439072
0.17708928883075714
0.08149011433124542
0.10422880947589874
0.01782802678644657
0.06209239363670349
0.08064211905002594
0.060616616159677505
0.04235592857003212
0.05725845694541931
0.06579749286174774
0.12518206238746643
0.07483292371034622
0.11402910947799683
0.13036106526851654
0.05214635655283928
0.08490122109651566
0.04227880761027336
0.08757798373699188
0.09856653213500977
0.11005602777004242
0.05111345276236534
0.15272803604602814
0.2306414693593979
0.045582231134176254
0.19123195111751556
0.12125559896230698
0.05797506868839264
0.05063498765230179
0.04202653840184212
0.027221819385886192
0.06943562626838684
0.05552154406905174
0.07629323750734329
0.05416782945394516
0.2356559932231903
0.0447227768599987
0.09371305257081985
0.10098233073949814
0.13462509214878082
0.05833209306001663
0.001040226430632174
0.09193733334541321
0.08787272870540619
0.02635190635919571
0.048680976033210754
0.026700712740421295
0.06670334190130234
0.31210801005363464
0.08803614228963852
0.00909615308046341
0.0776710957288742
0.04733864590525627
0.21826353669166565
0.06547663360834122
0.05944560840725899
0.09886585921049118
0.07098881900310516
0.04535151273012161
0.07644648104906082
0.06619276851415634
0.05043578892946243
0.03125465288758278
0.0563536062836647
0.04198850318789482
0.07239712029695511
0.049635276198387146
0.07831279188394547
0.10267067700624466
0.07086370885372162
0.2753848433494568
0.13517582416534424
0.04954519122838974
0.03409940004348755
0.05523265525698662
0.0004930320428684354
0.048871856182813644
0.29519203305244446
0.04424498602747917
0.07589976489543915
0.03766849264502525
0.06366261094808578
0.11013796180486679
0.0003558836178854108
0.06781838089227676
0.05106790363788605
0.04572693258523941
0.05953461676836014
0.013797063380479813
0.045298513025045395
0.031565144658088684
0.06985290348529816
0.0553186871111393
0.12506996095180511
0.060530900955200195
0.05258671194314957
0.09331022948026657
0.06326980143785477
0.10905186086893082
0.024453049525618553
0.13384732604026794
0.022897779941558838
0.05966229364275932
0.03241498023271561
0.038512714207172394
0.02421880140900612
0.14580678939819336
0.029893016442656517
0.05827200412750244
0.07393605262041092
0.11394180357456207
0.051366567611694336
0.08387354761362076
0.10699736326932907
0.07213948667049408
0.08831536024808884
0.06079290062189102
0.08619692176580429
0.10503403097391129
0.013248194009065628
0.03894767537713051
0.10464660823345184
0.037729743868112564
0.06842885166406631
0.13432912528514862
0.04159495234489441
0.06945068389177322
0.1382296085357666
0.05121108517050743
0.05657260864973068
0.14208926260471344
0.0927354097366333
0.05608346685767174
0.05188201367855072
0.11322133988142014
0.09315034747123718
0.055115822702646255
0.06737196445465088
0.07739550620317459
0.10963547974824905
0.003236742690205574
0.17545026540756226
0.07158581167459488
0.09451444447040558
0.09123914688825607
0.09424835443496704
0.054296765476465225
0.02521759271621704
0.025936458259820938
0.08874165266752243
0.026636069640517235
0.09238534420728683
0.03666962310671806
0.1072397232055664
0.08064798265695572
0.2075171321630478
0.08922161906957626
0.08327456563711166
0.053155526518821716
0.08209533989429474
0.06267926841974258
0.13513992726802826
0.21576395630836487
0.013497545383870602
0.20530667901039124
0.10194677114486694
0.09962949901819229
0.07798711210489273
0.04375748708844185
0.03200821578502655
0.07710955291986465
0.042565178126096725
0.03226843476295471
0.0852733850479126
0.054968513548374176
0.07049745321273804
0.22040385007858276
0.06919949501752853
0.037135135382413864
0.13070142269134521
0.046673744916915894
0.19281217455863953
0.06843575090169907
0.051999107003211975
0.04277508705854416
0.12182559818029404
0.11758508533239365
0.07376240938901901
0.10262659937143326
0.041903428733348846
0.04669829457998276
0.023338623344898224
0.07647132128477097
0.1023239940404892
0.0016465082298964262
0.13941653072834015
0.04822023585438728
0.06272786855697632
0.218227818608284
0.06625809520483017
0.013903887942433357
0.06653992086648941
0.08531346917152405
0.08050147444009781
0.06784389913082123
0.2613237798213959
0.12128031998872757
0.07699140906333923
0.10320565849542618
0.07047004997730255
0.09765130281448364
0.09067516028881073
0.11013258248567581
0.03525644913315773
0.07344692945480347
0.04978710040450096
0.07622835040092468
0.055402424186468124
0.07641547918319702
0.007986039854586124
0.04997885227203369
0.055506348609924316
0.10086420923471451
0.06951342523097992
0.09433645755052567
0.14710234105587006
0.02620530128479004
0.10949856042861938
0.10899849981069565
0.03863033279776573
0.02554558776319027
0.0036195055581629276
0.020053155720233917
0.06363974511623383
0.2644394338130951
0.28004691004753113
0.07644078880548477
0.05617089197039604
0.08742699772119522
0.00024187186500057578
0.10307497531175613
0.03560352325439453
0.03365428000688553
0.04201918840408325
0.07104117423295975
0.023187197744846344
0.06373540312051773
0.09941412508487701
0.1227397695183754
0.02346925064921379
0.02844705805182457
0.12461303174495697
0.14163559675216675
0.09033910185098648
0.07828281819820404
0.3053124248981476
0.10384512692689896
0.04536430910229683
0.07252265512943268
0.05859667435288429
0.10319118201732635
0.03640611097216606
0.04712175950407982
0.01609753631055355
0.02959989756345749
0.1323387175798416
0.03609490767121315
0.03853962942957878
0.11500318348407745
0.06362856924533844
0.2303217202425003
0.02662966586649418
0.0833408460021019
0.17187336087226868
0.07470154017210007
0.08726398646831512
0.06034965068101883
0.028024666011333466
0.0628264918923378
0.16184595227241516
0.08091036975383759
0.10071281343698502
0.09561610966920853
0.06280072778463364
0.07622738182544708
0.029742011800408363
0.06064925342798233
0.02783040888607502
0.07826277613639832
0.07373462617397308
0.03154702112078667
0.0586346797645092
0.05272335186600685
0.08497782051563263
0.1169576346874237
0.059477634727954865
0.11808113008737564
0.026758885011076927
0.24709868431091309
0.04859820753335953
0.03308609127998352
0.08687859773635864
0.04703420400619507
0.04386848956346512
0.08245908468961716
0.06355039030313492
0.005571093875914812
0.02999066188931465
0.033365294337272644
0.06108786538243294
0.034301433712244034
0.01889495551586151
0.0690491572022438
0.020448757335543633
0.10927784442901611
0.107414610683918
0.21060654520988464
0.050257712602615356
0.08665517717599869
0.12828291952610016
0.30056729912757874
0.04784443974494934
0.0720951035618782
0.12543530762195587
0.17053164541721344
0.07977180182933807
0.1550130993127823
0.08029309660196304
0.047575969249010086
0.08100372552871704
0.08362394571304321
0.10696087777614594
0.09641274809837341
0.07762371748685837
0.06414509564638138
0.03905040770769119
0.1264161914587021
0.04216483607888222
0.11527874320745468
0.03430307283997536
0.13385555148124695
0.05558566749095917
0.06057344749569893
0.08918202668428421
0.07376255840063095
0.021753665059804916
0.08834449201822281
0.10653272271156311
0.12336429208517075
0.12398403882980347
0.016850531101226807
0.05922430753707886
0.025753088295459747
0.0944480448961258
0.0289091058075428
0.07284019887447357
0.09728922694921494
0.2182711660861969
0.04076171666383743
0.24260087311267853
0.03133076801896095
0.12491710484027863
0.0898880884051323
0.03551165387034416
0.0834294781088829
0.10081490129232407
0.05809616297483444
0.09674422442913055
0.045994073152542114
0.056155987083911896
0.05208555981516838
0.04850170761346817
0.1275821179151535
0.06535501033067703
0.09283389151096344
0.05880201980471611
0.07532273232936859
0.07761450856924057
0.04570290818810463
0.12337945401668549
0.10378403961658478
0.042680397629737854
0.07256542146205902
0.0770665854215622
0.13495823740959167
0.04604184627532959
0.10150972753763199
0.07696837931871414
0.1711275726556778
0.09588345140218735
0.10788585990667343
0.04730911925435066
0.17662078142166138
0.059886764734983444
0.11703267693519592
0.06608453392982483
0.17017319798469543
0.07835739105939865
0.0897815153002739
0.18557704985141754
0.027499767020344734
0.14435334503650665
0.011432003229856491
0.20759639143943787
0.07618598639965057
0.08110788464546204
0.12057334929704666
0.0853952169418335
0.05516211315989494
0.08592159301042557
0.06874383240938187
0.07637323439121246
0.00821148045361042
0.05735047534108162
0.23242227733135223
0.1237725093960762
0.11009806394577026
0.08001216500997543
0.009705047123134136
0.02487136982381344
0.0586235485970974
0.009592199698090553
0.042230334132909775
0.06929587572813034
0.04488695040345192
0.034222330898046494
0.07311578094959259
0.04914764687418938
0.11725138127803802
0.052669815719127655
0.07965586334466934
0.016985252499580383
0.03264536336064339
0.0237654410302639
0.054031383246183395
0.028154540807008743
0.0928422138094902
0.022261394187808037
0.06910133361816406
0.05995147302746773
0.03919419273734093
0.023312851786613464
0.1803930550813675
0.07899004220962524
0.023426545783877373
0.07999628037214279
0.059311021119356155
0.04972117766737938
0.05944433435797691
0.09853623062372208
0.0611577033996582
0.0764840617775917
0.1533549576997757
0.03841153532266617
0.1687576174736023
0.061142344027757645
0.21037569642066956
0.1671084761619568
0.019748235121369362
0.10266383737325668
0.14608629047870636
0.04208596795797348
0.18431268632411957
0.04775695875287056
0.1029401421546936
0.08721749484539032
0.02927492745220661
0.04836931824684143
0.05466103553771973
0.055647946894168854
0.09276186674833298
0.04188515990972519
0.0460275262594223
0.08732939511537552
0.06544690579175949
0.04039711505174637
0.1756695657968521
0.049770619720220566
0.09673187136650085
0.08756258338689804
0.09115812927484512
0.0763537585735321
0.10819068551063538
0.04477369785308838
0.02986169047653675
0.0843704491853714
0.11956091225147247
0.10791359096765518
0.046042971312999725
0.04428036883473396
0.0680966004729271
0.05173836648464203
0.1206727921962738
0.040624987334012985
0.039942704141139984
0.05838235840201378
0.09328315407037735
0.06969131529331207
0.03462309017777443
0.09691871702671051
0.2280481457710266
0.10415325313806534
0.08818257600069046
0.14704196155071259
0.030143190175294876
0.06844270974397659
0.02406579814851284
0.08599205315113068
0.04403463378548622
0.1882312297821045
0.11421816051006317
0.032249338924884796
0.07983357459306717
0.03681308776140213
0.1914740353822708
0.05850515142083168
0.09962347149848938
0.035048726946115494
0.02021106146275997
0.05274342745542526
0.08256740868091583
0.08268382400274277
0.07844993472099304
0.11495307087898254
0.0691777765750885
0.06314589828252792
0.059881389141082764
0.005793053191155195
0.09845177829265594
0.0743459090590477
0.008960561826825142
0.09195497632026672
0.06974095851182938
0.115969218313694
0.14014969766139984
0.065261609852314
0.08257538825273514
0.07084427028894424
0.05169246345758438
0.10178294777870178
0.15480804443359375
0.049101389944553375
0.08166144043207169
0.12411888688802719
0.05461344122886658
0.04592970386147499
0.20582568645477295
0.10409653931856155
0.11862748861312866
0.071497842669487
0.15814289450645447
0.07591458410024643
0.04336462914943695
0.04165809974074364
0.056129418313503265
0.03533781319856644
0.05679647624492645
0.009062244556844234
0.08971484005451202
0.041368018835783005
0.07010739296674728
0.0866030752658844
0.06620114296674728
0.11366328597068787
0.055733077228069305
0.07105271518230438
0.05762558430433273
0.011093168519437313
0.045133959501981735
0.15520870685577393
0.06678745895624161
0.033660948276519775
0.07140762358903885
0.02172536589205265
0.10747293382883072
0.07948245853185654
0.042575474828481674
0.04924309253692627
0.10981497913599014
0.15873637795448303
0.0578293651342392
0.06340309232473373
0.06908100098371506
0.1066690981388092
0.09948009997606277
0.02582637406885624
0.03847751021385193
0.08573661744594574
0.046874742954969406
0.06721796095371246
0.20517705380916595
0.15091361105442047
0.1380373239517212
0.0968896672129631
0.027995718643069267
0.14980366826057434
0.05497919023036957
0.16187116503715515
0.10420010983943939
0.08517847955226898
0.021713051944971085
0.11112616956233978
0.10662195831537247
0.04182782396674156
0.2842477262020111
0.02624725177884102
0.12686309218406677
0.08742547035217285
0.05762627720832825
0.07356403023004532
0.03327260538935661
0.1336876004934311
0.05476696044206619
0.165034681558609
0.06917326152324677
0.059673409909009933
0.03451624512672424
0.16033998131752014
0.028497949242591858
0.07845069468021393
0.0028668162412941456
0.10789903253316879
0.20799659192562103
0.05903228372335434
0.06435182690620422
0.06857575476169586
0.14890986680984497
0.05863110348582268
0.06375598162412643
0.07617698609828949
0.028389064595103264
0.029364345595240593
0.052292872220277786
0.11970862746238708
0.10353120416402817
0.06615962833166122
0.06874244660139084
0.09489216655492783
0.11641860753297806
0.1140110120177269
0.056517813354730606
0.017772331833839417
0.026085056364536285
0.0705120787024498
0.08338208496570587
0.04469798877835274
0.06041068583726883
0.031203661113977432
0.10475701838731766
0.045186836272478104
0.0030395551584661007
0.12725859880447388
0.07438724488019943
0.055778831243515015
0.09188327193260193
0.03387417271733284
0.06896976381540298
0.0724545419216156
0.06299436092376709
0.07173789292573929
0.1249268501996994
0.04951608553528786
0.10278411954641342
0.15352889895439148
0.13119377195835114
0.03269699588418007
0.10215428471565247
0.00686239218339324
0.0209354218095541
0.016036907210946083
0.06949002295732498
0.19861102104187012
0.08882798999547958
0.05516210198402405
0.12378207594156265
0.1762995421886444
0.05308108776807785
0.0903378278017044
0.10262881964445114
0.0634070560336113
0.025097297504544258
0.07828512042760849
0.085162453353405
0.10127667337656021
0.10012181103229523
0.09271956980228424
0.09906316548585892
0.041467130184173584
0.09341917186975479
0.06352709978818893
0.0670977309346199
0.06633883714675903
0.23047120869159698
0.2667311131954193
0.06593819707632065
0.20673011243343353
0.06397122889757156
0.11404119431972504
0.09735092520713806
0.2012101113796234
0.10939380526542664
0.04855767637491226
0.10769061744213104
0.0937432274222374
0.040011171251535416
0.1619046926498413
0.07120765745639801
0.06182127445936203
0.05905969813466072
0.10045269131660461
0.04360956326127052
0.04446173086762428
0.03779273107647896
0.15587836503982544
0.23181995749473572
0.00666250754147768
0.12097382545471191
0.09764031320810318
0.03531315550208092
0.02843903750181198
0.07862603664398193
0.06337049603462219
0.08661254495382309
0.14868581295013428
0.16338498890399933
0.11277695745229721
0.04335962235927582
0.06109408661723137
0.07583301514387131
0.0448453426361084
0.010866147466003895
0.05177087336778641
0.044449321925640106
0.13622798025608063
0.16422772407531738
0.0440792515873909
0.08819740265607834
0.09198050945997238
0.12283600866794586
0.07897910475730896
0.14148619771003723
0.10826227068901062
0.09905750304460526
0.06308191269636154
0.10069423168897629
0.029777968302369118
0.017603043466806412
0.02984447404742241
0.006716282106935978
0.06521457433700562
0.06678875535726547
0.03415735810995102
0.08478128165006638
0.07974927127361298
0.03242279589176178
0.08183334767818451
0.049951840192079544
0.033166274428367615
0.0734972432255745
0.11879478394985199
0.07707991451025009
0.06311828643083572
0.02054746076464653
0.06294874846935272
0.027036266401410103
0.0026124194264411926
0.1221960112452507
0.03582150116562843
0.22931282222270966
0.16457894444465637
0.05152140185236931
0.10274096578359604
0.0793227031826973
0.05137324333190918
0.07257133722305298
0.007731126621365547
0.046977538615465164
0.00172687997110188
0.033272307366132736
0.044674862176179886
0.05434371903538704
0.03817655146121979
0.07798430323600769
0.11471319198608398
0.0495871938765049
0.15550875663757324
0.048107896000146866
0.0833178237080574
0.03618989139795303
0.09660287946462631
0.15032705664634705
0.10558528453111649
0.02610052190721035
0.06528526544570923
0.04730807617306709
0.0018657988402992487
0.057965029031038284
0.096713125705719
0.07916808873414993
0.07013808935880661
0.06322117149829865
0.06344626843929291
0.06922485679388046
0.10642857104539871
0.03733515366911888
0.05020330473780632
0.02372209168970585
0.10258795320987701
0.04796045273542404
0.20652692019939423
0.09649249166250229
0.02742217853665352
0.0488615483045578
0.028853889554739
0.0571240559220314
0.09220696240663528
0.131654292345047
0.05374429374933243
0.11326689273118973
0.06412050873041153
0.05820305645465851
0.10064335912466049
0.14791154861450195
0.073324054479599
0.000952867092564702
0.021537944674491882
0.035134293138980865
0.09678294509649277
0.12558148801326752
0.10959061235189438
0.07998976856470108
0.04732223227620125
0.051742639392614365
0.2348642349243164
0.06026813015341759
0.11645309627056122
0.030379395931959152
0.11639582365751266
0.026193318888545036
0.06969650089740753
0.045500483363866806
0.06074272841215134
0.19986408948898315
0.08410147577524185
0.11372294276952744
0.2391156703233719
0.014985308982431889
0.11099083721637726
0.1516512632369995
0.07089698314666748
0.10176533460617065
0.03468410298228264
0.0772150456905365
0.0486283078789711
0.13979271054267883
0.050586823374032974
0.009546124376356602
0.0027042790316045284
0.07103469967842102
0.06811407208442688
0.056234847754240036
0.08140905201435089
0.07255731523036957
0.08736694604158401
0.03564011678099632
0.09932806342840195
0.06565957516431808
0.16320843994617462
0.03011295199394226
0.08518669754266739
0.1244860365986824
0.043298907577991486
0.09833128750324249
0.03984998166561127
0.04626036062836647
0.06436225026845932
0.005147689022123814
0.07738067954778671
0.024881577119231224
0.03092171996831894
0.05881229788064957
0.04163920134305954
0.0077209859155118465
0.1110161691904068
0.1035410612821579
0.12635742127895355
0.05535142123699188
0.012519012205302715
0.06785477697849274
0.06400386989116669
0.0273690614849329
0.13834722340106964
0.01480851974338293
0.0780220478773117
0.118660569190979
0.11361941695213318
0.08153864741325378
0.07011641561985016
0.015002455562353134
0.10425601899623871
0.028816545382142067
0.027922796085476875
0.0929887667298317
0.03501365706324577
0.07067333906888962
0.019575422629714012
0.15648244321346283
0.08569837361574173
0.05985512584447861
0.0472235344350338
0.1712556779384613
0.2276179939508438
0.07170668244361877
0.10728056728839874
0.11945986747741699
0.06647267937660217
0.09081462770700455
0.1594105213880539
0.11433886736631393
0.1536247283220291
0.033218301832675934
0.04232463240623474
0.1090833991765976
0.05402106046676636
0.04423953592777252
0.07525335252285004
0.0689142644405365
0.020456764847040176
0.061836130917072296
0.09787094593048096
0.015599500387907028
0.17212024331092834
0.11018925905227661
0.05565514415502548
0.017445072531700134
0.06689891964197159
0.04502558708190918
0.09527754038572311
0.021789763122797012
0.07157928496599197
0.04995957762002945
0.139092817902565
0.04648379608988762
0.08427771180868149
0.1054811105132103
0.1153690293431282
0.08629970997571945
0.16514302790164948
0.015161963179707527
0.03714566305279732
0.0523388609290123
0.04570678994059563
0.03677662834525108
0.0454658605158329
0.1145143136382103
0.07007012516260147
0.054748449474573135
0.0333511158823967
0.1315925568342209
0.035617247223854065
0.1353830248117447
0.08216256648302078
0.059763312339782715
0.29927608370780945
0.05734380707144737
0.0743335708975792
0.14908872544765472
0.28910112380981445
0.04264108091592789
0.09030213952064514
0.07575374841690063
0.22379347681999207
0.24253982305526733
0.1478254199028015
0.09287968277931213
0.06293027848005295
0.19522269070148468
0.0711294487118721
0.29591870307922363
0.07389655709266663
0.05696088448166847
0.06282283365726471
0.08305248618125916
0.07742476463317871
0.14503788948059082
0.0687011256814003
0.04240777716040611
0.05229632183909416
0.15393753349781036
0.012585015036165714
0.06995968520641327
0.09803549945354462
0.012799467891454697
0.17428891360759735
0.11038023233413696
0.050215255469083786
0.061691198498010635
0.08885735273361206
0.03324988856911659
0.020276226103305817
0.092473104596138
0.032185088843107224
0.12121608853340149
0.059458985924720764
0.059707485139369965
0.0812850147485733
0.07475008070468903
0.062088917940855026
0.05077992007136345
0.12943319976329803
0.08554235845804214
0.03365662321448326
0.07417706400156021
0.09161698818206787
0.11204872280359268
0.08640709519386292
0.1080884039402008
0.05346842110157013
0.05170372128486633
0.09246872365474701
0.05225082486867905
0.021759314462542534
0.14005911350250244
0.06307385116815567
0.07072068005800247
0.025499412789940834
0.034676551818847656
0.07787837088108063
0.05793953686952591
0.10825010389089584
0.03054022789001465
0.043889470398426056
0.2786892056465149
0.10426788032054901
0.12627367675304413
0.09388910979032516
0.09658936411142349
0.07828168570995331
0.04124500975012779
0.050144895911216736
0.054274700582027435
0.14269879460334778
0.1656409651041031
0.1731768101453781
0.14331230521202087
0.15937352180480957
0.10416796058416367
0.09406697750091553
0.07367610931396484
0.07504110038280487
0.014088599942624569
0.024939103052020073
0.025743991136550903
0.07216169685125351
0.030789874494075775
0.03924231976270676
0.11029350012540817
0.13996225595474243
0.06323930621147156
0.13804179430007935
0.03801373392343521
0.06091420352458954
0.031239578500390053
0.11661525070667267
0.07975608110427856
0.09949921071529388
0.19421546161174774
0.15280872583389282
0.1127488985657692
0.09515411406755447
0.053119782358407974
0.1346619576215744
0.045209817588329315
0.06112348660826683
0.04934684559702873
0.02283695712685585
0.08360456675291061
0.06269894540309906
0.1035780981183052
0.09126874804496765
0.06921239197254181
0.07591469585895538
0.05473779886960983
0.04677589237689972
0.03261531516909599
0.07478156685829163
0.07414529472589493
0.07145940512418747
0.05614171177148819
0.1280333548784256
0.08457035571336746
0.026980740949511528
0.1129351481795311
0.18711428344249725
0.06358667463064194
0.04594191163778305
0.06777193397283554
0.1270090490579605
0.017834488302469254
0.027749743312597275
0.1431603729724884
0.03900153189897537
0.0897163525223732
0.07127128541469574
0.07466743886470795
0.08723782002925873
0.13761937618255615
0.07496458292007446
0.03259764984250069
0.07289743423461914
0.0810428038239479
0.03507539629936218
0.08835766464471817
0.07636895775794983
0.041946280747652054
0.07555869221687317
0.0896729901432991
0.11427265405654907
0.05703503638505936
0.05816204100847244
0.08987988531589508
0.053305819630622864
0.04038039967417717
0.0786658376455307
0.001547923544421792
0.08154798299074173
0.04577973112463951
0.10803428292274475
0.057614926248788834
0.10279762744903564
0.020081356167793274
0.08950531482696533
0.13327603042125702
0.025511613115668297
0.07272230088710785
0.13703009486198425
0.050466395914554596
0.012266709469258785
0.13210436701774597
0.10309622436761856
0.10424084961414337
0.10561881959438324
0.15354453027248383
0.06930352002382278
0.07582234591245651
0.05027198791503906
0.027052072808146477
0.08974429219961166
0.1719094067811966
0.17499221861362457
0.05196387693285942
0.0686982125043869
0.043943796306848526
0.14826448261737823
0.07935839891433716
0.11835940182209015
0.045969631522893906
0.004590239375829697
0.1035805270075798
0.04087243601679802
0.11415564268827438
0.03200976178050041
0.08816725015640259
0.036331675946712494
0.0966307520866394
0.05800437927246094
0.08212099969387054
0.06744567304849625
0.07191236317157745
0.04934808611869812
0.054760437458753586
0.15509828925132751
0.012394774705171585
0.06710974872112274
0.10814222693443298
0.14286470413208008
0.07005047053098679
0.01776898466050625
0.0881475880742073
0.23456935584545135
0.08966819196939468
0.06513810157775879
0.0764116644859314
0.00299216085113585
0.0815470814704895
0.014724263921380043
0.11946061998605728
0.05307658761739731
0.0880230963230133
0.06643984466791153
0.02898731827735901
0.04392891004681587
0.08369498699903488
0.08299338072538376
0.07186923921108246
0.026859449222683907
0.1794949620962143
0.1523343026638031
0.06307197362184525
0.1112469881772995
0.0406971275806427
0.0982615053653717
0.09753838181495667
0.004107790067791939
0.19117318093776703
0.07389546185731888
0.05284930020570755
0.14959153532981873
0.07539137452840805
0.11751406639814377
0.10820084810256958
0.06184673681855202
0.061464857310056686
0.07729990035295486
0.05200876668095589
0.05220617353916168
0.0396437793970108
0.27812331914901733
0.05975321680307388
0.15929250419139862
0.045937422662973404
0.05355265736579895
0.06664136052131653
0.11815063655376434
0.09327444434165955
0.05907098576426506
0.05766863375902176
0.050245996564626694
0.12155921757221222
0.09863848984241486
0.04978547617793083
0.035229381173849106
0.10123445838689804
0.0426771342754364
0.11743494868278503
0.0980464518070221
0.055531881749629974
0.011808390729129314
0.046616099774837494
0.09994194656610489
0.02969941683113575
0.05840709060430527
0.04754618927836418
0.09742917120456696
0.055130403488874435
0.0759381502866745
0.07589767128229141
0.14245907962322235
0.031146157532930374
0.047023527324199677
0.02724470943212509
0.0656726062297821
0.06193122640252113
0.03990040346980095
0.06253542006015778
0.0875985398888588
0.08998220413923264
0.0712433010339737
0.050481464713811874
0.2433134913444519
0.05143637955188751
0.019085541367530823
0.030032962560653687
0.017616502940654755
0.014364063739776611
0.023971673101186752
0.21249714493751526
0.014075913466513157
0.027760224416851997
0.12534041702747345
0.06490194797515869
0.044561032205820084
0.12545084953308105
0.06939005851745605
0.08316981047391891
0.04996766895055771
0.08325157314538956
0.03033273294568062
0.017300572246313095
0.09593701362609863
0.17776229977607727
0.06482689082622528
0.13560935854911804
0.07237207889556885
0.03917352855205536
0.08569417893886566
0.08068852871656418
0.08340603113174438
0.08317501842975616
0.07498317956924438
0.03240559250116348
0.06229732558131218
0.0459539070725441
0.06855221092700958
0.1259995996952057
0.1396620273590088
0.054118648171424866
0.07554887980222702
0.058978572487831116
0.004271534271538258
0.037759970873594284
0.10100281238555908
0.04779854416847229
0.0989152193069458
0.10834762454032898
0.06297559291124344
0.11826955527067184
0.05209742859005928
0.012250150553882122
0.08774945139884949
0.04243906959891319
0.061191171407699585
0.09175021201372147
0.13148893415927887
0.0500861220061779
0.014662115834653378
0.05808638781309128
0.037562429904937744
0.12260233610868454
0.030097374692559242
0.31276434659957886
0.04834294319152832
0.09910506010055542
0.10995607823133469
0.08471633493900299
0.14877791702747345
0.11312456429004669
0.05005704239010811
0.06710558384656906
0.02695908024907112
0.09960166364908218
0.17603786289691925
0.09624352306127548
0.04551751911640167
0.07264166325330734
0.04257737845182419
0.039939381182193756
0.21582072973251343
0.09996208548545837
0.06325314193964005
0.0468565858900547
0.0011273876298218966
0.1366441696882248
0.05117109790444374
0.2060413658618927
0.08188355714082718
0.07004840672016144
0.09427913278341293
0.05544443055987358
0.08603552728891373
0.0844840258359909
0.08104416728019714
0.05160427466034889
0.020805036649107933
0.16881871223449707
0.026280533522367477
0.18691904842853546
0.024692866951227188
0.015955088660120964
0.23909850418567657
0.010767651721835136
0.01335079688578844
0.11307209730148315
0.074009969830513
0.15595631301403046
0.08318082988262177
0.06461925804615021
0.16007621586322784
0.02002500370144844
0.1120908260345459
0.10407338291406631
0.09087397903203964
0.08166063576936722
0.11892069876194
0.2273382842540741
0.05141130089759827
0.038960617035627365
0.04787736386060715
0.048130471259355545
0.08925419300794601
0.02191361039876938
0.05476706475019455
0.1947690099477768
0.11566812545061111
0.003692984813824296
0.04808081313967705
0.09360875189304352
0.026959436014294624
0.1270846277475357
0.07073523104190826
0.09743919968605042
0.015546048060059547
0.0427127331495285
0.04067374765872955
0.08988123387098312
0.055175960063934326
0.2809942364692688
0.0013356127310544252
0.06957677006721497
0.01915672793984413
0.10334773361682892
0.13512206077575684
0.16535058617591858
0.07005846500396729
0.12593990564346313
0.14886949956417084
0.12013130635023117
0.2449731081724167
0.11474143713712692
0.08265750110149384
0.05198158696293831
0.08711608499288559
0.09849028289318085
0.050563253462314606
0.0668899342417717
0.13231535255908966
0.03605068475008011
0.05134992301464081
0.10022955387830734
0.0015315627679228783
0.10600502789020538
0.04057743400335312
0.09872438758611679
0.08822613209486008
0.1542513221502304
0.1516096442937851
0.12404630333185196
0.1610666662454605
0.054015904664993286
0.1455143243074417
0.15915799140930176
0.06645812094211578
0.1278420090675354
0.06737346202135086
0.07346867024898529
0.028865627944469452
0.02366759441792965
0.033258385956287384
0.11217472702264786
0.12331946194171906
0.11605305969715118
0.06163165718317032
0.03454585373401642
0.0785365179181099
0.17577868700027466
0.10346634685993195
0.04811079800128937
0.08245536684989929
0.06797020882368088
0.060933321714401245
0.1122327521443367
0.05230562388896942
0.10575595498085022
0.08723903447389603
0.1429692506790161
0.05476364865899086
0.07870753109455109
0.0025465672370046377
0.17720329761505127
0.0479484386742115
0.07699316740036011
0.31408628821372986
0.10060204565525055
0.08647976815700531
0.0570019967854023
0.06030283495783806
0.15801827609539032
0.01139016542583704
0.142446368932724
0.06255225092172623
0.015113350003957748
0.06714662909507751
0.12438850104808807
0.08870124816894531
0.24687562882900238
0.039301659911870956
0.10502831637859344
0.017529679462313652
0.07328565418720245
0.13708944618701935
0.11454080790281296
0.05598826706409454
0.02713010646402836
0.07351294904947281
0.02526349574327469
0.06841199845075607
0.09773676097393036
0.054419178515672684
0.060017067939043045
0.101411834359169
0.08015857636928558
0.08647365868091583
0.059399817138910294
0.10787645727396011
0.041224535554647446
0.06733676791191101
0.21930480003356934
0.07288850843906403
0.07236175239086151
0.06858774274587631
0.3500434458255768
0.020540548488497734
0.10156060010194778
0.059387411922216415
0.06205905228853226
0.0011440557427704334
0.11486094444990158
0.07212527096271515
0.08325415849685669
0.1671600192785263
0.07503076642751694
0.02913312055170536
0.03738347440958023
0.03550330549478531
0.09031271189451218
0.04950789362192154
0.13437049090862274
0.09173689782619476
0.06100529059767723
0.031025966629385948
0.08592917025089264
0.11959358304738998
0.07689366489648819
0.1507766991853714
0.03558454290032387
0.06536464393138885
0.1635138988494873
0.01753888465464115
0.08922703564167023
0.07282991707324982
0.07146060466766357
0.07504600286483765
0.05437083914875984
0.07021739333868027
0.012905655428767204
0.04020906239748001
0.03135351836681366
0.03750923275947571
0.029170604422688484
0.19807769358158112
0.11029545962810516
0.031343743205070496
0.0518532432615757
0.05068821832537651
0.13053274154663086
0.04359759762883186
0.025650007650256157
0.02030709758400917
0.059540070593357086
0.05413227900862694
0.047889843583106995
0.05488746985793114
0.051184751093387604
0.1277666538953781
0.0015174761647358537
0.021815720945596695
0.11941435188055038
0.041702792048454285
0.08325958251953125
0.09490703046321869
0.07136498391628265
0.016673190519213676
0.16056805849075317
0.04469332844018936
0.13741792738437653
0.13091875612735748
0.11142081767320633
0.17539189755916595
0.0634041428565979
0.12117031961679459
0.054653022438287735
0.08517654240131378
0.07567974925041199
0.06379153579473495
0.041312672197818756
0.08760233968496323
0.102263905107975
0.02911616675555706
0.0432632677257061
0.05302029103040695
0.08935758471488953
0.0839422270655632
0.0045625194907188416
0.03787315636873245
0.0874900370836258
0.05601142346858978
0.07532991468906403
0.06805092841386795
0.10738906264305115
0.22966574132442474
0.1201593279838562
0.06415056437253952
0.03039514645934105
0.16678188741207123
0.0021426111925393343
0.116056889295578
0.0410037487745285
0.05275119096040726
0.058343224227428436
0.07704544067382812
0.1084999069571495
0.08268383145332336
0.026155641302466393
0.03268507868051529
0.030255939811468124
0.05934027209877968
0.09705408662557602
0.1061020940542221
0.027182724326848984
0.034157902002334595
0.06651601195335388
0.05277104675769806
0.15533038973808289
0.021286742761731148
0.05520950257778168
0.1368299424648285
0.09803210198879242
0.10152104496955872
0.04517306014895439
0.08563954383134842
0.03509162366390228
0.17920251190662384
0.03783126920461655
0.15988509356975555
0.05562188848853111
0.0650329664349556
0.05901487544178963
0.05579204484820366
0.1390211582183838
0.13952812552452087
0.048127349466085434
0.0788104236125946
0.0812167376279831
0.1022004783153534
0.05314557999372482
0.05218706279993057
0.08458633720874786
0.13640926778316498
0.006873080041259527
0.05735616385936737
0.019151369109749794
0.22436735033988953
0.1738099306821823
0.2568000555038452
0.03809725493192673
0.09789194166660309
0.06621135771274567
0.03844573721289635
0.02164093777537346
0.021357638761401176
0.10107970982789993
0.18359480798244476
0.12901730835437775
0.06433021277189255
0.024275770410895348
0.08856439590454102
0.10399951040744781
0.20601949095726013
0.11183924973011017
0.02562965638935566
0.10488475859165192
0.07534705102443695
0.16204266250133514
0.07833288609981537
0.08357588201761246
0.09795587509870529
0.05039304867386818
0.05511970818042755
0.1928180754184723
0.12027707695960999
0.03661056235432625
0.09691604971885681
0.016612831503152847
0.18133005499839783
0.08508393913507462
0.10802368074655533
0.13638466596603394
0.09378661960363388
0.08130354434251785
0.06776399910449982
0.07585739344358444
0.08511731028556824
0.029842698946595192
0.12624262273311615
0.11035966873168945
0.12266816198825836
0.047515902668237686
0.1285778433084488
0.07276230305433273
0.1411166489124298
0.10218441486358643
0.10152100026607513
0.09596536308526993
0.10347670316696167
0.1367332488298416
0.048872239887714386
0.10497134178876877
0.05715581774711609
0.0391000397503376
0.10641930252313614
0.14386476576328278
0.07077906280755997
0.05174693465232849
0.02703351341187954
0.10106027871370316
0.018733175471425056
0.136789470911026
0.01740165613591671
0.004857813473790884
0.0996408686041832
0.08229561150074005
0.06087556481361389
0.07679592072963715
0.10057474672794342
0.10392270237207413
0.05512208864092827
0.03443901240825653
0.121776282787323
0.04177441820502281
0.09618554264307022
0.08802013844251633
0.046210307627916336
0.09510830044746399
0.0548110194504261
0.08268148452043533
0.14701230823993683
0.0755753442645073
0.03176482394337654
0.10368580371141434
0.022630374878644943
0.10844893753528595
0.038795895874500275
0.03291230648756027
0.0745672881603241
0.06926532089710236
0.00421809172257781
0.061039019376039505
0.03960157930850983
0.1495419591665268
0.032576244324445724
0.019528063014149666
0.0018059912836179137
0.1042221337556839
0.09108857810497284
0.09978994727134705
0.16025245189666748
0.05509290471673012
0.04071634262800217
0.029168004170060158
0.12741437554359436
0.11564938724040985
0.04830407723784447
0.13369327783584595
0.08053014427423477
0.034754570573568344
0.13975390791893005
0.10749167948961258
0.08559217303991318
0.07425476610660553
0.06640012562274933
0.06021799147129059
0.046970825642347336
0.12322869151830673
0.10007447004318237
0.05744588002562523
0.027371760457754135
0.03796519711613655
0.16799168288707733
0.025393618270754814
0.10515948385000229
0.1227346658706665
0.11945308744907379
0.1296365112066269
0.002155244816094637
0.06875499337911606
0.10855786502361298
0.004563830327242613
0.07250082492828369
0.13366547226905823
0.03661259263753891
0.03312141075730324
0.039443936198949814
0.030018707737326622
0.11869765818119049
0.06378353387117386
0.13344918191432953
0.01898343302309513
0.035436030477285385
0.06766825169324875
0.05580925568938255
0.059715963900089264
0.0780099481344223
0.03302697464823723
0.055828534066677094
0.043045394122600555
0.05222804471850395
0.026354650035500526
0.05938520282506943
0.04179614037275314
0.11027474701404572
0.20644545555114746
0.0002914474462158978
0.08143894374370575
0.0583200640976429
0.06690280884504318
0.04991888999938965
0.07262512296438217
0.21349851787090302
0.08993688970804214
0.05904249846935272
0.08851224929094315
0.060046616941690445
0.08710579574108124
0.058942366391420364
0.1237826719880104
0.09403983503580093
0.04854658246040344
0.06278736889362335
0.06268016993999481
0.10654722899198532
0.002744980389252305
0.02490096166729927
0.07571955770254135
0.04817960038781166
0.029236340895295143
0.20549480617046356
0.15593048930168152
0.0764814093708992
0.11450601369142532
0.13428041338920593
0.0828060731291771
0.016002601012587547
0.14825133979320526
0.09904079884290695
0.07939688116312027
0.04913037642836571
0.06092817336320877
0.12522153556346893
0.08719770610332489
0.06179502233862877
0.08412683010101318
0.08309324085712433
0.059703029692173004
0.000439147581346333
0.050704486668109894
0.05423228442668915
0.09854207932949066
0.029682332649827003
0.0607464499771595
0.1324920505285263
0.07220762968063354
0.1519746482372284
0.054608412086963654
0.08747535198926926
0.07282102108001709
0.172951802611351
0.04181559011340141
0.024910464882850647
0.058848295360803604
0.18886122107505798
0.09635914117097855
0.014281686395406723
0.12106944620609283
0.09134160727262497
0.09729062020778656
0.11758124828338623
0.018157070502638817
0.10855076462030411
0.16690286993980408
0.1628739833831787
0.002897252095863223
0.07198002189397812
0.016291601583361626
0.056618038564920425
0.10967327654361725
0.04237065836787224
0.11072006821632385
0.06337887048721313
0.10476657003164291
0.09111625701189041
0.03889549523591995
0.09342055022716522
0.13197419047355652
0.2515069544315338
0.06439996510744095
0.043680690228939056
0.06294165551662445
0.03471410274505615
0.12834689021110535
0.04786212369799614
0.06299722194671631
0.09847656637430191
0.09518855065107346
0.11477085947990417
0.0848381519317627
0.15359053015708923
0.3436320722103119
0.114866241812706
0.10723337531089783
0.05796346440911293
0.26087599992752075
0.022058332338929176
0.032233696430921555
0.07658762484788895
0.03986503183841705
0.03734659403562546
0.031151609495282173
0.03483320772647858
0.05494203045964241
0.08138339966535568
0.07203472405672073
0.2842279076576233
0.134397953748703
0.16442756354808807
0.046852946281433105
0.08872096985578537
0.11477547138929367
0.05786234140396118
0.08068513125181198
0.0004142772522754967
0.08066015690565109
0.022380832582712173
0.05468939244747162
0.08698178827762604
0.043165285140275955
0.10751847177743912
0.14451123774051666
0.026459934189915657
0.058643922209739685
0.15786094963550568
0.10597600787878036
0.2008131742477417
0.11104030162096024
0.008811485953629017
0.08672550320625305
0.15274828672409058
0.0692877396941185
0.025882413610816002
0.07765638083219528
0.09331037104129791
0.18762968480587006
0.05559539794921875
0.10968901216983795
0.06757089495658875
0.09103067219257355
0.004464603494852781
0.07366032153367996
0.04503301903605461
0.028078820556402206
0.06409165263175964
0.031191490590572357
0.10913694649934769
0.034623678773641586
0.05678343400359154
0.0891316831111908
0.04130086302757263
0.053189266473054886
0.058946140110492706
0.15193934738636017
0.05298607796430588
0.19233937561511993
0.036734744906425476
0.06254927814006805
0.0722537487745285
0.038883406668901443
0.16860496997833252
0.05403544753789902
0.05542939156293869
0.07907448709011078
0.10296163707971573
0.057649560272693634
0.05582118034362793
0.06502572447061539
0.08613909780979156
0.06081197038292885
0.024024048820137978
0.13672514259815216
0.059669945389032364
0.06350814551115036
0.05756222456693649
0.15985189378261566
0.06922285258769989
0.037771571427583694
0.14164215326309204
0.040298230946063995
0.149671733379364
0.14856329560279846
0.025553956627845764
0.05152331665158272
0.028167512267827988
0.029645973816514015
0.0019406848587095737
0.04294222220778465
0.05662626400589943
0.10816964507102966
0.04810978099703789
0.09059388935565948
0.08586615324020386
0.03175066411495209
0.0649707168340683
0.20057466626167297
0.026507699862122536
0.13760216534137726
0.055162977427244186
0.03255639970302582
0.028328442946076393
0.0013695008819922805
0.040245164185762405
0.12852950394153595
0.02664373256266117
0.03035612963140011
0.030936945229768753
0.10850684344768524
0.0482904277741909
0.04307574778795242
0.009230328723788261
0.0226803719997406
0.017885545268654823
6.539779860759154e-05
0.11900876462459564
0.1101633831858635
0.11009536683559418
0.029912346974015236
0.06020953506231308
0.07680543512105942
0.11087745428085327
0.14647060632705688
0.22047832608222961
0.06503258645534515
0.030856432393193245
0.0871300995349884
0.10939670354127884
0.051561806350946426
0.08606110513210297
0.0008943320717662573
0.048430152237415314
0.09142189472913742
0.13372544944286346
0.045049332082271576
0.06291928887367249
0.050300925970077515
0.13201028108596802
0.4131490886211395
0.06139769405126572
0.09932467341423035
0.06715971976518631
0.037237752228975296
0.27194586396217346
0.01339261420071125
0.04961683973670006
0.003065234748646617
0.07575588673353195
0.08297397941350937
0.05639529973268509
0.031644947826862335
0.07464728504419327
0.005943735130131245
0.08139139413833618
0.1449654996395111
0.07133643329143524
0.016966672614216805
0.049326494336128235
0.05010875314474106
0.06876514106988907
0.12093789875507355
0.10274828225374222
0.09035234898328781
0.08557155728340149
0.18036186695098877
0.07270418852567673
0.08408065140247345
0.08805854618549347
0.19534336030483246
0.09474608302116394
0.056509263813495636
0.07738965004682541
0.17934884130954742
0.042158711701631546
0.03424930199980736
0.07687100023031235
0.14174708724021912
0.0861409604549408
0.00956724863499403
0.04853557050228119
0.08467662334442139
0.03526739031076431
0.18784752488136292
0.05417386814951897
0.09526322782039642
0.03636923059821129
0.0712389200925827
0.012261047028005123
0.046914488077163696
0.05044860765337944
0.036973483860492706
0.09799712151288986
0.04050348699092865
0.06838130205869675
0.08492918312549591
0.04260021075606346
0.026070797815918922
0.12714815139770508
0.06826688349246979
0.0953688845038414
0.10671331733465195
0.043610457330942154
0.029660534113645554
0.044367820024490356
0.03916434198617935
0.137101411819458
0.02347927913069725
0.05807722732424736
0.03173060715198517
0.05453057214617729
0.0018977776635438204
0.058051880449056625
0.0335601344704628
0.08206240832805634
0.07770533114671707
0.1340329498052597
0.05691216513514519
0.10367810726165771
0.07111237943172455
0.09108621627092361
0.09388088434934616
0.2541368901729584
0.0503595732152462
0.03684242442250252
0.10337862372398376
0.04309765622019768
0.0746588334441185
0.2333870232105255
0.12045739591121674
0.04190447926521301
0.08037983626127243
0.1301184445619583
0.034167781472206116
0.0004388738889247179
0.11702819168567657
0.027604900300502777
0.07959255576133728
0.041509393602609634
0.026580721139907837
0.08027291297912598
0.07040410488843918
0.0914873480796814
0.08255234360694885
0.05182124674320221
0.049860842525959015
0.21181662380695343
0.1528686285018921
0.08172423392534256
0.13567137718200684
0.09730653464794159
0.17260506749153137
0.1825098693370819
0.06562518328428268
0.06438381224870682
0.10215391218662262
0.10481524467468262
0.047918640077114105
0.048931390047073364
0.05853573977947235
0.044093333184719086
0.05155592039227486
0.02371094934642315
0.0830751582980156
0.08093719929456711
0.05916759371757507
0.09443215280771255
0.12973780930042267
0.1811717450618744
0.11365650594234467
0.048697330057621
0.09950753301382065
0.15495538711547852
0.046688567847013474
0.02994694374501705
0.06297279894351959
0.06339404731988907
0.044882144778966904
0.047954950481653214
0.043486107140779495
0.05765964463353157
0.08544538170099258
0.07609600573778152
0.1747407764196396
0.05408313125371933
0.09113582223653793
0.07470426708459854
0.05579958111047745
0.09960035979747772
0.2558509111404419
0.037069398909807205
0.08772489428520203
0.026129066944122314
0.04249700903892517
0.13179129362106323
0.04354964196681976
0.02105509117245674
0.08305379748344421
0.1379346251487732
0.03273257985711098
0.1125725731253624
0.0628865510225296
0.17582345008850098
0.09822270274162292
0.10546444356441498
0.01597457565367222
0.05928141623735428
0.062092848122119904
0.033275287598371506
0.05269380658864975
0.057954736053943634
0.04627050459384918
0.1351097822189331
0.11560375243425369
0.1376967579126358
0.0875270888209343
0.011264259926974773
0.035440728068351746
0.16081900894641876
0.14368247985839844
0.06340296566486359
0.033401377499103546
0.23970550298690796
0.12273495644330978
0.06477981060743332
0.08157259225845337
0.0055976505391299725
0.07995528727769852
0.07686782628297806
0.08281766623258591
0.07237991690635681
0.04584282264113426
0.11903604120016098
0.115057073533535
0.042187873274087906
0.07615993916988373
0.06056610494852066
0.12081903219223022
0.07318936288356781
0.021876748651266098
0.02968728356063366
0.013045827858150005
0.04207558184862137
0.0523628406226635
0.11869235336780548
0.06876002997159958
0.06868013739585876
0.04860616847872734
0.0010680125560611486
0.09459548443555832
0.16166257858276367
0.07989087700843811
0.0755820944905281
0.0439894013106823
0.041682615876197815
0.09493038803339005
0.21293064951896667
0.1804424673318863
0.03667110949754715
0.04781700298190117
0.06727328896522522
0.07123249024152756
0.0488208532333374
0.10028549283742905
0.02906978130340576
0.0879545509815216
0.10435763001441956
0.05893789604306221
0.09338449686765671
0.07808374613523483
0.14948797225952148
0.04880550131201744
0.06740418076515198
0.04976644366979599
0.050687775015830994
0.13252486288547516
0.017093146219849586
0.03647729009389877
0.09542544186115265
0.0693819522857666
0.10264739394187927
0.044718995690345764
0.028292663395404816
0.0619485080242157
0.05783117562532425
0.07456040382385254
0.0604446642100811
0.05470116063952446
0.15442140400409698
0.0697571188211441
0.025062965229153633
0.02056417241692543
0.07099674642086029
0.060093604028224945
0.06252166628837585
0.0782640129327774
0.16938424110412598
0.03165768086910248
0.0005738678737543523
0.05458056181669235
0.0800347775220871
0.08369087427854538
0.1730147749185562
0.260862797498703
0.0778682604432106
0.1992727518081665
0.06791214644908905
0.06418699771165848
0.03379456326365471
0.16311462223529816
0.14156696200370789
0.020180771127343178
0.0627879649400711
0.028975211083889008
0.1040821298956871
0.015826856717467308
0.06813295185565948
0.11299119889736176
0.0025412251707166433
0.0561273954808712
0.11698141694068909
0.024106046184897423
0.24878647923469543
0.07427319884300232
0.08178521692752838
0.07037965208292007
0.15670007467269897
0.08116299659013748
0.09900563210248947
0.15623913705348969
0.055669382214546204
0.09287963807582855
0.09805691242218018
0.03885826840996742
0.07842185348272324
0.0689297690987587
0.09334538877010345
0.09129036962985992
0.112625852227211
0.08271858841180801
0.12672419846057892
0.04496452957391739
0.19695688784122467
0.09661661833524704
0.14061056077480316
0.0896885097026825
0.155033141374588
0.060322921723127365
0.08076398074626923
0.24395941197872162
0.2428610473871231
0.07587888091802597
0.11160287261009216
0.09880971908569336
0.06431174278259277
0.18326188623905182
0.1328957974910736
0.13774476945400238
0.1275542676448822
0.04460233822464943
0.12075503170490265
0.2416265606880188
0.055472057312726974
0.15384510159492493
0.08399408310651779
0.07885309308767319
0.12872430682182312
0.11903321743011475
0.0558365061879158
0.0954710990190506
0.0670861303806305
0.137701153755188
0.05555051565170288
0.1269204318523407
0.11350123584270477
0.11017566174268723
0.14750441908836365
0.14671160280704498
0.10674124956130981
0.06996983289718628
0.13325555622577667
0.05761921778321266
0.026712769642472267
0.07913579791784286
0.0034065195359289646
0.023019101470708847
0.10290270298719406
0.08623293787240982
0.07830189913511276
0.08968393504619598
0.05395151302218437
0.03992965817451477
0.13303738832473755
0.034842442721128464
0.15027159452438354
0.0684940293431282
0.0595051646232605
0.044219933450222015
0.10381675511598587
0.06741796433925629
0.059645120054483414
0.17036329209804535
0.14577960968017578
0.18122979998588562
0.0017412391025573015
0.04945506528019905
0.08100803196430206
0.09418361634016037
0.12107940763235092
0.05758746340870857
0.04844588041305542
0.0949673280119896
0.09233923256397247
0.06288204342126846
0.07862899452447891
0.09619194269180298
0.03737461566925049
0.2104678601026535
0.07511954009532928
0.07103267312049866
0.013087484985589981
0.08337654173374176
0.030131861567497253
0.0478329099714756
0.05707748979330063
0.06673898547887802
0.030713355168700218
0.04757053777575493
0.02952735871076584
0.049784958362579346
0.09576006978750229
0.07097495347261429
0.08477562665939331
0.06714479625225067
0.08069395273923874
0.03858464956283569
0.19691038131713867
0.13080495595932007
0.09089045971632004
0.16880221664905548
0.08690746128559113
0.036654017865657806
0.06905703991651535
0.20115889608860016
0.0031262319535017014
0.06640692055225372
0.16671675443649292
0.13141602277755737
0.06982596218585968
0.06121420860290527
0.08217965066432953
0.03442629799246788
0.06138518452644348
0.1714516133069992
0.08472966402769089
0.15022878348827362
0.12599493563175201
0.0681174173951149
0.10121577233076096
0.11454349756240845
0.08526268601417542
0.134514719247818
0.11433545500040054
0.1257917582988739
0.015293106436729431
0.10639064759016037
0.060591693967580795
0.04845940321683884
0.07064869999885559
0.10513588786125183
0.0716831311583519
0.0651872307062149
0.16839458048343658
0.07859930396080017
0.18833838403224945
0.0012203637743368745
0.028228171169757843
0.09960052371025085
0.10813296586275101
0.0753309577703476
0.07435428351163864
0.06010742112994194
0.09849561005830765
0.06582186371088028
0.0962609276175499
0.046795763075351715
0.019319886341691017
0.07032034546136856
0.05850878357887268
0.12264031916856766
0.09250465035438538
0.00533374072983861
0.06096288561820984
0.06772160530090332
0.03594864904880524
0.07262082397937775
0.10380012542009354
0.10211998969316483
0.08617895096540451
0.042919229716062546
0.040896836668252945
0.09361346811056137
0.09432659298181534
0.0004747216298710555
0.073419950902462
0.07853339612483978
0.14537200331687927
0.11780768632888794
0.20565040409564972
0.042515140026807785
0.04712120443582535
0.06794305890798569
0.07169993221759796
0.15529364347457886
0.15557801723480225
0.05380155146121979
0.004088462796062231
0.058183081448078156
0.12661334872245789
0.09381043910980225
0.037986963987350464
0.10449985414743423
0.02394268475472927
0.09614620357751846
0.00038803817005828023
0.1328100562095642
0.11157236993312836
0.0598982572555542
0.11365355551242828
0.15594087541103363
0.0625971108675003
0.04150691628456116
0.026328569278120995
0.09915827214717865
0.12798824906349182
0.09753570705652237
0.08090567588806152
0.11969055980443954
0.14914409816265106
0.08968499302864075
0.09080672264099121
0.07492665201425552
0.0833362564444542
0.14764149487018585
0.036595892161130905
0.058881618082523346
0.06881290674209595
0.12280427664518356
0.052238188683986664
0.09910328686237335
0.037445150315761566
0.02824857085943222
0.100712850689888
0.009113321080803871
0.07353181391954422
0.042434319853782654
0.02551230415701866
0.08373654633760452
0.06938273459672928
0.006442635785788298
0.08285093307495117
0.024956319481134415
0.08360050618648529
0.2477889358997345
0.05210903659462929
0.16222542524337769
0.067296102643013
0.13364291191101074
0.19299425184726715
0.10262531042098999
0.1405443698167801
0.059899426996707916
0.08377274125814438
0.07117262482643127
0.03312632441520691
0.04815446212887764
0.05603036656975746
0.11134105920791626
0.08153003454208374
0.07813073694705963
0.04936324059963226
0.11002662032842636
0.03444691002368927
0.06317136436700821
0.20204561948776245
0.0011604658793658018
0.03262036666274071
0.12293130904436111
0.04064498841762543
0.12359204888343811
0.08582458645105362
0.09044114500284195
0.007422203663736582
0.11004576832056046
0.12294937670230865
0.08443864434957504
0.06548770517110825
0.04958926513791084
0.07724617421627045
0.12686294317245483
0.06355658918619156
0.048241324722766876
0.1201542317867279
0.06822621077299118
0.047043025493621826
0.028531212359666824
0.10587026923894882
0.10061223804950714
0.06592826545238495
0.23834264278411865
0.050145868211984634
0.04776529595255852
0.03901192545890808
0.06584298610687256
0.07055433094501495
0.09992911666631699
0.14273037016391754
0.0009974369313567877
0.09903969615697861
0.044952135533094406
0.12291116267442703
0.08680360019207001
0.13347898423671722
0.12329673767089844
0.014256422407925129
0.07487361133098602
0.01441414188593626
0.13700497150421143
0.10051431506872177
0.06719958782196045
0.07399647682905197
0.08869991451501846
0.06820691376924515
0.012889979407191277
0.09377039968967438
0.08111916482448578
0.028386453166604042
0.13250406086444855
0.046849869191646576
0.043215274810791016
0.07797594368457794
0.03300027921795845
0.1671653389930725
0.16645455360412598
0.024615725502371788
0.03157420456409454
0.05462650582194328
0.14948955178260803
0.02600676566362381
0.02149721421301365
0.1659947782754898
0.08857132494449615
0.22610631585121155
0.0883108526468277
0.1079067811369896
0.16154032945632935
0.1070738434791565
0.09495256096124649
0.15828396379947662
0.16674110293388367
0.0768732950091362
0.10948257893323898
0.18642157316207886
0.04843110963702202
0.09148774296045303
0.0130812618881464
0.06645575910806656
0.039795294404029846
0.10296416282653809
0.0330301858484745
0.06403213739395142
0.07869630306959152
0.06393150240182877
0.2625913619995117
0.16862155497074127
0.03652391582727432
0.07310798764228821
0.13572175800800323
0.11434352397918701
0.06716711074113846
0.16643454134464264
0.10190927982330322
0.007007872220128775
0.0990627259016037
0.08070860058069229
0.04595087096095085
0.05193696916103363
0.05414479598402977
0.06192154809832573
0.07131268829107285
0.006119925063103437
0.03698155656456947
0.08311853557825089
0.042913053184747696
0.09569632261991501
0.1080641821026802
0.060526929795742035
0.04608532041311264
0.08432033658027649
0.04858599230647087
0.047979049384593964
0.06550440192222595
0.144399955868721
0.0901176780462265
0.04559222236275673
0.028857726603746414
0.0161663219332695
0.04864063486456871
0.09146904945373535
0.10872906446456909
0.17021262645721436
0.13420021533966064
0.09194307029247284
0.030609315261244774
0.0786551758646965
0.08357398957014084
0.06243889033794403
0.07342822104692459
0.048044003546237946
0.060970645397901535
0.14128516614437103
0.04052929952740669
0.1172124519944191
0.18774756789207458
0.04618017002940178
0.06443218141794205
0.06126832589507103
0.050386883318424225
0.09968160837888718
0.05512072518467903
0.061976995319128036
0.09123939275741577
0.029775992035865784
0.09222650527954102
0.005338164512068033
0.0007875403389334679
0.010338515043258667
0.08134070038795471
0.09195421636104584
0.036572836339473724
0.08863206952810287
0.03264813497662544
0.11900932341814041
0.14814502000808716
0.0884658470749855
0.10089846700429916
0.15146198868751526
0.009453164413571358
0.13665731251239777
0.21822847425937653
0.0728679671883583
0.35065457224845886
0.024197449907660484
0.07428000867366791
0.06118344888091087
0.08378399163484573
0.004742310382425785
0.11324214190244675
0.10548797249794006
0.09393087029457092
0.0563138872385025
0.09480050951242447
0.08694060146808624
0.054924704134464264
0.08590713143348694
0.07973749190568924
0.04196678847074509
0.07969368994235992
0.03146495297551155
0.3927766978740692
0.13784711062908173
0.05126617103815079
0.04495411366224289
0.03756890073418617
0.11405768245458603
0.1404493749141693
0.1489080786705017
0.024968652054667473
0.062284354120492935
0.13342323899269104
0.07546243816614151
0.05256446450948715
0.04536529630422592
0.05700258910655975
0.13984328508377075
0.041358888149261475
0.14829584956169128
0.0020769869443029165
0.010311044752597809
0.11194883286952972
0.017517605796456337
0.0412922203540802
0.2078789323568344
0.02766217105090618
0.07390710711479187
0.03998841717839241
0.11681210249662399
0.09364581108093262
0.049709729850292206
0.05499178171157837
0.027529871091246605
0.09374099224805832
0.048881564289331436
0.04605059325695038
0.13497717678546906
0.08900842070579529
0.09633908420801163
0.017917374148964882
0.10249413549900055
0.0587189756333828
0.12569713592529297
0.11225786060094833
0.11369186639785767
0.03609415888786316
0.20567241311073303
0.13745129108428955
0.11536243557929993
0.024868562817573547
0.26325297355651855
0.054201655089855194
0.13657987117767334
0.06157219782471657
0.07265219837427139
0.02623268961906433
0.10788725316524506
0.09129232168197632
0.056733448058366776
0.0669746994972229
0.04380863532423973
0.06848887354135513
0.10148220509290695
0.07361344993114471
0.06922292709350586
0.09161831438541412
0.08418745547533035
0.08906185626983643
0.04372180625796318
0.24456746876239777
0.06724895536899567
0.052619121968746185
0.11297739297151566
0.0509992353618145
0.03478602319955826
0.06591258943080902
0.07624155282974243
0.05018535256385803
0.04970833659172058
0.011348428204655647
0.0718478336930275
0.0638488382101059
0.07543148100376129
0.06653231382369995
0.051112569868564606
0.03991761803627014
0.02203308418393135
0.05517168715596199
0.02592119388282299
0.08234403282403946
0.08346149325370789
0.0016715074889361858
0.013223935849964619
0.12653936445713043
0.08979320526123047
0.041977815330028534
0.10023011267185211
0.206282377243042
0.1473851203918457
0.11543094366788864
0.06935818493366241
0.040132809430360794
0.13594605028629303
0.07012023031711578
0.11513679474592209
0.08594433963298798
0.010837397538125515
0.07991733402013779
0.07465745508670807
0.04494383931159973
0.08022917807102203
0.03342216834425926
0.03885548934340477
0.1522144079208374
0.33052706718444824
0.16533473134040833
0.0031231194734573364
0.07873955368995667
0.07045743614435196
0.08611419051885605
0.11469653248786926
0.028702357783913612
0.0908130407333374
0.032910577952861786
0.10366793721914291
0.17946743965148926
0.06584573537111282
0.18851198256015778
0.15467654168605804
0.11624239385128021
0.05327342078089714
0.1489575058221817
0.05331931263208389
0.12767155468463898
0.06127681955695152
0.10409288853406906
0.015043574385344982
0.03292517364025116
0.24900662899017334
0.02710701897740364
0.04224178567528725
0.09207185357809067
0.06365276128053665
0.043607790023088455
0.0431426540017128
0.05195171386003494
0.14337070286273956
0.11501151323318481
0.02750205621123314
0.06260688602924347
0.0761738196015358
0.05599630996584892
0.042959462851285934
0.13136817514896393
0.10865389555692673
0.14121025800704956
0.03968639299273491
0.10626578330993652
0.25523024797439575
0.016994688659906387
0.08148866146802902
0.028073906898498535
0.06534085422754288
0.03818034380674362
0.23356914520263672
0.07797037810087204
0.0009812928037717938
0.07439399510622025
0.0609741136431694
0.05808122083544731
0.1422692835330963
0.07392920553684235
0.0005871920729987323
0.06701862812042236
0.11754485964775085
0.08322135359048843
0.0417817085981369
0.06871018558740616
0.2299233078956604
0.03911443054676056
0.04912641644477844
0.20935304462909698
0.041501034051179886
0.020265575498342514
0.0007694379892200232
0.09612242132425308
0.08714736998081207
0.053274158388376236
0.050007518380880356
0.10863109678030014
0.07179097831249237
0.03771340847015381
0.08632008731365204
0.19211646914482117
0.1404920220375061
0.1710262894630432
0.10688509792089462
0.12076038867235184
0.10190260410308838
0.04577302187681198
0.07294334471225739
0.0407746359705925
0.047048624604940414
0.11967118829488754
0.05859817937016487
0.05323471501469612
0.07921186089515686
0.014641799032688141
0.09352021664381027
0.12149158120155334
0.08954276889562607
0.0791938528418541
0.18836069107055664
0.0813409835100174
0.07050676643848419
0.1178620457649231
0.07144227623939514
0.10063931345939636
0.048705171793699265
0.04677991569042206
0.0652632862329483
0.014863832853734493
0.0808204635977745
0.06519772112369537
0.09416008740663528
0.09878626465797424
0.04978642612695694
0.051165785640478134
0.16612374782562256
0.23432309925556183
0.10431531071662903
0.06437871605157852
0.25832831859588623
0.0007856999291107059
0.05066050961613655
0.1221637949347496
0.11208674311637878
0.10670245438814163
0.15616898238658905
0.07593567669391632
0.023215439170598984
0.02158961445093155
0.0686434805393219
0.24974560737609863
0.11092337965965271
0.02206399478018284
0.10672871023416519
0.035018034279346466
0.1913771629333496
0.031027112156152725
0.03147115185856819
0.059572260826826096
0.0763440951704979
0.047296661883592606
0.19142891466617584
0.09089580923318863
0.0744386687874794
0.04782756790518761
0.04286537319421768
0.05113104730844498
0.10729338973760605
0.10892993956804276
0.07538684457540512
0.11696048080921173
0.08034244179725647
0.01861819066107273
0.0923515260219574
0.08607692271471024
0.05584913492202759
0.07723195850849152
0.08611329644918442
0.001220982987433672
0.17514996230602264
0.06816353648900986
0.09262720495462418
0.08268813043832779
0.069289430975914
0.048687614500522614
0.22350040078163147
0.16991251707077026
0.0766180157661438
0.013239456340670586
0.0456310398876667
0.06188499182462692
0.0629488006234169
0.07522601634263992
0.08686263114213943
0.01634395681321621
0.026237329468131065
0.057941533625125885
0.08524313569068909
0.09635744243860245
0.05158524960279465
0.014024697244167328
0.031005853787064552
0.02479870617389679
0.0263692494481802
0.06030724570155144
0.045918453484773636
0.04978526383638382
0.042441193014383316
0.02815364859998226
0.029386168345808983
0.09806296229362488
0.04409649223089218
0.002506642136722803
0.05307989567518234
0.10269685089588165
0.08349301666021347
0.09246812015771866
0.03328586742281914
0.022628135979175568
0.25118425488471985
0.024442067369818687
0.20511136949062347
0.036627233028411865
0.03062530793249607
0.04840155318379402
0.07319016009569168
0.007708526682108641
0.08641938865184784
0.030752120539546013
0.06006820499897003
0.004272876773029566
0.020153218880295753
0.09075278788805008
0.05534730479121208
0.1308085322380066
0.09205425530672073
0.1276642084121704
0.11111834645271301
0.12188940495252609
0.04956604167819023
0.0725490152835846
0.04041386395692825
0.03183805197477341
0.05768674239516258
0.058587446808815
0.09276164323091507
0.060553330928087234
0.02707003802061081
0.030896861106157303
0.059000756591558456
0.06883043050765991
0.0003960158210247755
0.16436055302619934
0.1110803484916687
0.057784538716077805
0.015682876110076904
0.06068837642669678
0.13744927942752838
0.13854964077472687
0.051355209201574326
0.008772321045398712
0.055393803864717484
0.05302847921848297
0.058458201587200165
0.39870718121528625
0.11449448019266129
0.046955205500125885
0.020417580381035805
0.043970588594675064
0.13896611332893372
0.07234911620616913
0.1165483146905899
0.27159541845321655
0.1863071620464325
0.0651359036564827
0.09728036820888519
0.08439071476459503
0.0963672623038292
0.14189304411411285
0.051877737045288086
0.1361759901046753
0.0049550714902579784
0.04733540862798691
0.12444016337394714
0.08931903541088104
0.09486625343561172
0.04244908690452576
0.058910030871629715
0.0864228829741478
0.03826440870761871
0.07774674147367477
0.041240185499191284
0.14039349555969238
0.12311572581529617
0.06331584602594376
0.10865532606840134
0.15050938725471497
0.06762654334306717
0.0332164540886879
0.1563015878200531
0.07844699919223785
0.15528230369091034
0.13089433312416077
0.006764931604266167
0.07473565638065338
0.072744220495224
0.07402953505516052
0.01077244896441698
0.03390969708561897
0.0858008861541748
0.133496955037117
0.006966309156268835
0.08926379680633545
0.06821208447217941
0.08711280673742294
0.07321088016033173
0.04772784188389778
0.03818922117352486
0.09252180904150009
0.09237267822027206
0.011609617620706558
0.09877512603998184
0.06953934580087662
0.077165886759758
0.02649271860718727
0.04510404169559479
0.27263933420181274
0.061696331948041916
0.05570591613650322
0.10593988001346588
0.08607690036296844
0.0790185034275055
0.06053115427494049
0.05953832343220711
0.07502127438783646
0.06595104187726974
0.16555918753147125
0.02852083183825016
0.09758242964744568
0.06132857874035835
0.09287812560796738
0.06417343765497208
0.033798471093177795
0.08030738681554794
0.16675521433353424
0.03488066792488098
0.22393321990966797
0.09863768517971039
0.05418896675109863
0.09557528793811798
0.056790273636579514
0.06912560760974884
0.06782855838537216
0.11766712367534637
0.16841080784797668
0.05575407296419144
0.05960167199373245
0.0013103175442665815
0.06745783984661102
0.06623612344264984
0.0817505344748497
0.08243882656097412
0.057037658989429474
0.009612642228603363
0.02404411882162094
0.10125172883272171
0.0784786194562912
0.07904573529958725
0.046190086752176285
0.09710346907377243
0.02216668799519539
0.053990449756383896
0.10136725753545761
0.05314767733216286
0.10147649794816971
0.0022737253457307816
0.02182992920279503
0.0598485991358757
0.25329962372779846
0.001070006750524044
0.16937679052352905
0.08254628628492355
0.0995895266532898
0.10053472220897675
0.18877120316028595
0.018747244030237198
0.053900931030511856
0.12686511874198914
0.06284134835004807
0.17994165420532227
0.09853916615247726
0.09534037113189697
0.05430702120065689
0.08587158471345901
0.07041610032320023
0.03062029927968979
0.07549542933702469
0.16262604296207428
0.13927417993545532
0.029021048918366432
0.2653256058692932
0.04898759350180626
0.09728347510099411
0.07876694947481155
0.08996166288852692
0.15969888865947723
0.043100059032440186
0.060844626277685165
0.0637018084526062
0.10978896915912628
0.06801191717386246
0.0587291419506073
0.0006230123108252883
0.026812104508280754
0.09328901022672653
0.08404683321714401
0.08145730197429657
0.1155654639005661
0.0732811912894249
0.003998754546046257
0.13663449883460999
0.044329266995191574
0.043960362672805786
0.06614717841148376
0.03396270051598549
0.09359253942966461
0.1351936310529709
0.04750454053282738
0.0781577080488205
0.12467551976442337
0.10941534489393234
0.030676860362291336
0.014250059612095356
0.05757461115717888
0.055026862770318985
0.18367183208465576
0.06876953691244125
0.037191133946180344
0.045466672629117966
0.026183778420090675
0.1005006805062294
0.035217296332120895
0.0666670873761177
0.022304566577076912
0.019444763660430908
0.04428967088460922
0.06615292280912399
0.07698025554418564
0.06965778023004532
0.0328267440199852
0.029241297394037247
0.14690174162387848
0.06921800225973129
0.14170393347740173
0.0419321283698082
0.14203470945358276
0.011917559430003166
0.030618885532021523
0.0633079931139946
0.09952724725008011
0.04665940999984741
0.08957602083683014
0.0390494242310524
0.06283233314752579
0.04062245786190033
0.061382975429296494
0.03771152347326279
0.06577599793672562
0.026073584333062172
0.039274267852306366
0.052772700786590576
0.0015300557715818286
0.004912558943033218
0.09644776582717896
0.07114045321941376
0.12272434681653976
0.03420611098408699
0.07609456777572632
0.07155956327915192
0.004974459297955036
0.08795680850744247
0.03734452649950981
0.03610933572053909
0.05265410989522934
0.05880644917488098
0.02967568300664425
0.07199162244796753
0.12378475815057755
0.03654179349541664
0.06408103555440903
0.0465000756084919
0.10060814768075943
0.047031156718730927
0.05937599763274193
0.1057056188583374
0.04618165269494057
0.18357998132705688
0.06958051770925522
0.2042171061038971
0.03788520768284798
0.06666342169046402
0.08638209849596024
0.04130857437849045
0.07540257275104523
0.08411190658807755
0.09730806946754456
0.04476073384284973
0.04691655561327934
0.0031607241835445166
0.05878867954015732
0.04093180596828461
0.16431310772895813
0.0760607123374939
0.05716511234641075
0.19943417608737946
0.07090315222740173
0.017360039055347443
0.0529899001121521
0.13322296738624573
0.13489282131195068
0.04435650259256363
0.023295335471630096
0.09477604180574417
0.03268348425626755
0.06142250448465347
0.12025751173496246
0.1179346963763237
0.2876611053943634
0.06426073610782623
0.09936994314193726
0.16492655873298645
0.1694367378950119
0.05415567383170128
0.10127808898687363
0.12471306324005127
0.05280371382832527
0.06097353622317314
0.07880491763353348
0.024794235825538635
0.03606801852583885
0.1474021077156067
0.11190517991781235
0.061396967619657516
0.08681188523769379
0.008412390016019344
0.06837785989046097
0.10042854398488998
0.09131724387407303
0.06556086987257004
0.14605484902858734
0.030146028846502304
0.06019901484251022
0.10327386111021042
0.09198809415102005
0.08667507022619247
0.07017777860164642
0.08364971727132797
0.18452192842960358
0.06449801474809647
0.026068108156323433
0.14128735661506653
0.08030620962381363
0.030185438692569733
0.0026870155707001686
0.028406279161572456
0.02248253859579563
0.11097727715969086
0.038014210760593414
0.24756596982479095
0.05116943642497063
0.0037253363989293575
0.035798329859972
0.09632251411676407
0.014891568571329117
0.17470955848693848
0.06867970526218414
0.08659928292036057
0.15313300490379333
0.11221486330032349
0.09220758825540543
0.09575023502111435
0.08502823859453201
0.04470045119524002
0.08286862075328827
0.15379410982131958
0.055834680795669556
0.038456182926893234
0.10858795791864395
0.19771651923656464
0.11499040573835373
0.034906525164842606
0.06077771261334419
0.10865586251020432
0.028412962332367897
0.05228634923696518
0.05750838667154312
0.08240403234958649
0.24081826210021973
0.04246509447693825
0.28731265664100647
0.03696877881884575
0.10588521510362625
0.06113239750266075
0.09494908154010773
0.09369143098592758
0.09839214384555817
0.13915221393108368
0.11388431489467621
0.0922539234161377
0.05225422605872154
0.04484392702579498
0.1254863142967224
0.07850459218025208
0.06803218275308609
0.04725928604602814
0.05618919059634209
0.01444113440811634
0.10121283680200577
0.13283787667751312
0.13507409393787384
0.052152134478092194
0.10436884313821793
0.23168812692165375
0.12956582009792328
0.11250019818544388
0.14850455522537231
0.19536013901233673
0.03381412476301193
0.11789613217115402
0.10368230938911438
0.11541424691677094
0.06686585396528244
0.06112634390592575
0.07657308131456375
0.04789059981703758
0.031165508553385735
0.050108522176742554
0.04554054141044617
0.047720830887556076
0.08085749298334122
0.01272652018815279
0.03627808019518852
0.08130116760730743
0.0861140713095665
0.11557871103286743
0.04158054664731026
0.16690312325954437
0.08068687468767166
0.03417138382792473
0.08052491396665573
0.10208576172590256
0.06213177368044853
0.06462923437356949
0.003859647549688816
0.11156884580850601
0.10935011506080627
0.03227945417165756
0.04802318289875984
0.06663820892572403
0.08154179155826569
0.19261054694652557
0.11071951687335968
0.08300179243087769
0.08800910413265228
0.04144837707281113
0.06785409152507782
0.05929955840110779
0.0005626959609799087
0.055487047880887985
0.1542435735464096
0.05967143550515175
0.052534885704517365
0.04299471527338028
0.058087944984436035
0.12161450833082199
0.0785125344991684
0.11899963021278381
0.07136652618646622
0.14073242247104645
0.042043380439281464
0.054944172501564026
0.06639929860830307
0.05460851266980171
0.018798047676682472
0.0078094820491969585
0.053689878433942795
0.014482536353170872
0.20715299248695374
0.07932578772306442
0.042735934257507324
0.03507322445511818
0.09581151604652405
0.1617492437362671
0.11499157547950745
0.09837791323661804
0.061102308332920074
0.11030438542366028
0.06546870619058609
0.15541356801986694
0.10930348932743073
0.023902345448732376
0.08225911855697632
0.08547521382570267
0.0807390883564949
0.08107248693704605
0.059633951634168625
0.13812629878520966
0.14690609276294708
0.05240608751773834
0.012261833995580673
0.061290666460990906
0.08137033134698868
0.054450877010822296
0.05073194578289986
0.09019757062196732
0.15906678140163422
0.03708675131201744
0.04162871465086937
0.01277913711965084
0.11444071680307388
0.18183419108390808
0.0990590900182724
0.02351595275104046
0.06086775287985802
0.11312903463840485
0.07929806411266327
0.19359540939331055
0.09572047740221024
0.1269545555114746
0.04349343851208687
0.11120614409446716
0.0878799632191658
0.0239245742559433
0.02674759551882744
0.0876544862985611
0.08645738661289215
0.07035934925079346
0.09543508291244507
0.16519466042518616
0.014355425722897053
0.13663962483406067
0.06051921471953392
0.06922461837530136
0.09664074331521988
0.1256670355796814
0.09719026833772659
0.030813615769147873
0.1321391463279724
0.04897131770849228
0.08096450567245483
0.02973962016403675
0.06298400461673737
0.08650036156177521
0.010039969347417355
0.012510042637586594
0.06520572304725647
0.11213524639606476
0.06974362581968307
0.05462926998734474
0.06204576790332794
0.08599734306335449
0.02290024608373642
0.08848031610250473
0.07043667882680893
0.042489368468523026
0.03959798812866211
0.05549418553709984
0.024001814424991608
0.05001537874341011
0.023132985457777977
0.10028686374425888
0.11165138334035873
0.02451694756746292
0.09169218689203262
0.06696686893701553
0.021304061636328697
0.0023648517671972513
0.036064427345991135
0.07094026356935501
0.05815419182181358
0.058725010603666306
0.15224656462669373
0.104242242872715
0.058029256761074066
0.044332899153232574
0.050026994198560715
0.10787814110517502
0.09627719968557358
0.04205448552966118
0.02121671661734581
0.0529511384665966
0.11186257004737854
0.004254546016454697
0.08129666745662689
0.09014512598514557
0.0791531354188919
0.0923687070608139
0.10921800881624222
0.047604482620954514
0.07739424705505371
0.08251162618398666
0.1486101746559143
0.0015394710935652256
0.021870285272598267
0.07719677686691284
0.09425554424524307
0.03350218012928963
0.044958919286727905
0.05491981655359268
0.08775581419467926
0.058909669518470764
0.06275510042905807
0.058527398854494095
0.06948427855968475
0.10816528648138046
0.1256876438856125
0.05066045746207237
0.08299481123685837
0.012624959461390972
0.08689920604228973
0.08148782700300217
0.009364219382405281
0.10282973945140839
0.1004144549369812
0.03891220688819885
0.04958167299628258
0.11099151521921158
0.11599254608154297
0.38480275869369507
0.03887731581926346
0.1225241869688034
0.06628567725419998
0.0869169682264328
0.08501314371824265
0.05643332004547119
0.05614391341805458
0.0004444948863238096
0.04920059069991112
0.11069919168949127
0.24105165898799896
0.060204438865184784
0.03664007410407066
0.1758735477924347
0.023620130494236946
0.14347931742668152
0.20614613592624664
0.040886033326387405
0.0978422611951828
0.06866244971752167
0.020936084911227226
0.059783726930618286
0.02523457258939743
0.18941782414913177
0.019446812570095062
0.042852744460105896
0.06931483745574951
0.10609365254640579
0.05782769247889519
0.06027664244174957
0.034173108637332916
0.1078491061925888
0.057018689811229706
0.058383990079164505
0.051439933478832245
0.09813826531171799
0.08349484950304031
0.01867729052901268
0.1647152453660965
0.09180013835430145
0.12114562839269638
0.11817174404859543
0.03510020673274994
0.13111406564712524
0.0809239074587822
0.07876507937908173
0.11186706274747849
0.09911841154098511
0.00575914466753602
0.007236200384795666
0.02787957713007927
0.0240505188703537
0.11282318085432053
0.06985361874103546
0.07002198696136475
0.08871892839670181
0.05951278656721115
0.1300061047077179
0.09533651173114777
0.11239299923181534
0.09703469276428223
0.038723424077034
0.03586658835411072
0.06664404273033142
0.08566729724407196
0.11913977563381195
0.06425360590219498
0.11762411147356033
0.17927870154380798
0.0767076164484024
0.0849870815873146
0.10295470803976059
0.0011555742239579558
0.07474742829799652
0.0832977220416069
0.05582019314169884
0.032835621386766434
0.039624739438295364
0.07018720358610153
0.04624534770846367
0.056783437728881836
0.10756058245897293
0.02991756610572338
0.02777046710252762
0.09937286376953125
0.039268944412469864
0.05263112857937813
0.09514884650707245
0.05016309767961502
0.11359475553035736
0.140519380569458
0.053782351315021515
0.25493124127388
0.10628405213356018
0.1279425173997879
0.06009417027235031
0.05179707333445549
0.10659393668174744
0.050637438893318176
0.05157356709241867
0.09634523838758469
0.07005197554826736
0.07664026319980621
0.15063416957855225
0.2533760070800781
0.10804201662540436
0.07049322128295898
0.059761058539152145
0.0993935838341713
0.07512535154819489
0.06315946578979492
0.09209039807319641
0.04010839760303497
0.1386069357395172
0.02832862362265587
0.01923496648669243
0.07536165416240692
0.06925850361585617
0.03830284997820854
0.034114547073841095
0.12982910871505737
0.04599194973707199
0.031754590570926666
0.039340030401945114
0.029100893065333366
0.0873987153172493
0.004231493920087814
0.0620386078953743
0.04644986242055893
0.042781610041856766
0.14188775420188904
0.0439208447933197
0.05795701593160629
0.07828475534915924
0.02628723531961441
0.042103320360183716
0.001061293063685298
0.02804848738014698
0.009967329911887646
0.05566843971610069
0.02118469774723053
0.09202392399311066
0.025489546358585358
0.07529505342245102
0.0003360206028446555
0.09060796350240707
0.03292540833353996
0.028603315353393555
0.04201621562242508
0.023319551721215248
0.07743087410926819
0.08373937755823135
0.06290377676486969
0.0306511539965868
0.05711150914430618
0.026725556701421738
0.09620200842618942
0.14884428679943085
0.08574020862579346
0.10443755984306335
0.0010705695021897554
0.10668471455574036
0.05056801810860634
0.04175584390759468
0.06663833558559418
0.034300900995731354
0.09926686435937881
0.04593214392662048
0.06881783902645111
0.055761177092790604
0.0041202278807759285
0.0028328089974820614
0.002459042239934206
0.0822765901684761
0.07809790223836899
0.06948322802782059
0.08365950733423233
0.17533566057682037
0.11488798260688782
0.13775189220905304
0.0557950884103775
0.05066874623298645
0.1173856109380722
0.10362860560417175
0.07129544019699097
0.03304293379187584
0.0960632935166359
0.10604792833328247
0.18441832065582275
0.099147729575634
0.25055190920829773
0.041694525629282
0.02163424901664257
0.21026478707790375
0.006352175958454609
0.02161450870335102
0.10666334629058838
0.10148902982473373
0.03047018125653267
0.059240393340587616
0.07095037400722504
0.10147503763437271
0.023876983672380447
0.16298355162143707
0.062238745391368866
0.15767398476600647
0.00859766360372305
0.12694095075130463
0.004760711453855038
0.07713496685028076
0.1920829862356186
0.2336360365152359
0.13457399606704712
0.0699222981929779
0.09546893835067749
0.045128464698791504
0.016787203028798103
0.032695356756448746
0.031506627798080444
0.0371076762676239
0.11097811162471771
0.05499577894806862
0.05413823947310448
0.03353015333414078
0.02279997430741787
0.2734430432319641
0.0668850764632225
0.10982074588537216
0.049525655806064606
0.054120007902383804
0.047793734818696976
0.062345411628484726
0.16962726414203644
0.12266286462545395
0.07556774467229843
0.059836648404598236
0.13427209854125977
0.08107106387615204
0.09263172000646591
0.03416520729660988
0.021352499723434448
0.1270247995853424
0.015471933409571648
0.06453797966241837
0.040089577436447144
0.07130573689937592
0.12057288736104965
0.06209942325949669
0.10267169773578644
0.07288479059934616
0.09962668269872665
0.03336496651172638
0.1574147492647171
0.023647338151931763
0.028565265238285065
0.05181030556559563
0.019749315455555916
0.10153067111968994
0.12865786254405975
0.0747016966342926
0.16289545595645905
0.11032511293888092
0.09103300422430038
0.051556047052145004
0.10978041589260101
0.14924661815166473
0.09351664036512375
0.10673151165246964
0.030803417786955833
0.21224868297576904
0.0556531623005867
0.06915689259767532
0.21139152348041534
0.058216020464897156
0.17067041993141174
0.10890400409698486
0.08423320949077606
0.0005579131538979709
0.04172765836119652
0.06230587884783745
0.053837213665246964
0.025208106264472008
0.05930038541555405
0.11043146252632141
0.009193534962832928
0.033364031463861465
0.08744342625141144
0.16424156725406647
0.2354273647069931
0.07137598097324371
0.09342561662197113
0.0748041644692421
0.10854727029800415
0.005816575605422258
0.02473967708647251
0.06428177654743195
0.0894828736782074
0.04407817870378494
0.028918545693159103
0.028014561161398888
0.0850461944937706
0.08089011162519455
0.08748491108417511
0.12886278331279755
0.11245361715555191
0.042485568672418594
0.09468358010053635
0.11341685056686401
0.13462944328784943
0.021766528487205505
0.08267299830913544
0.1009521409869194
0.0789216086268425
0.11596176028251648
0.08561021089553833
0.0788489282131195
0.09222280979156494
0.07437728345394135
0.088078074157238
0.1492546796798706
0.0027789976447820663
0.11622853577136993
0.12853485345840454
0.044142093509435654
0.12648378312587738
0.10346487909555435
0.016724465414881706
0.05430906265974045
0.07577694207429886
0.07059668004512787
0.05371249094605446
0.033363424241542816
0.1171199381351471
0.13211549818515778
0.018885305151343346
0.06764392554759979
0.10566771030426025
0.029739612713456154
0.07559646666049957
0.08314349502325058
0.019247401505708694
0.021463636308908463
0.17929978668689728
0.1170276328921318
0.06907574832439423
0.1559394747018814
0.04875621572136879
0.0906205102801323
0.07292363792657852
0.07239106297492981
0.19800373911857605
0.15064027905464172
0.08760782331228256
0.1622205525636673
0.17082251608371735
0.025228606536984444
0.01521985698491335
0.05707448348402977
0.09496065229177475
0.046268098056316376
0.042893122881650925
0.06444434076547623
0.0013241793494671583
0.19926701486110687
0.12938939034938812
0.09896759688854218
0.02372111938893795
0.022192316129803658
0.03568784147500992
0.06679532676935196
0.026056576520204544
0.06913095712661743
0.054133977741003036
0.1100904792547226
0.11347583681344986
0.04356234520673752
0.06461355835199356
0.11187878251075745
0.020255394279956818
0.03045179508626461
0.14774316549301147
0.06342193484306335
0.06921413540840149
0.031504660844802856
0.02713586390018463
0.052009258419275284
0.054853860288858414
0.0655796006321907
0.12659840285778046
0.09106726944446564
0.12098492681980133
0.010467326268553734
0.08605504035949707
0.18822820484638214
0.0846746489405632
0.19956724345684052
0.11112024635076523
0.060016240924596786
0.07144909352064133
0.002009538235142827
0.054596737027168274
0.0989876464009285
0.07682361453771591
0.21597939729690552
0.05292830616235733
0.14553560316562653
0.03019016794860363
0.09026902914047241
0.13634377717971802
0.06478244811296463
0.03730682283639908
0.06687503308057785
0.08479511737823486
0.00822400487959385
0.002758557675406337
0.1182124987244606
0.006862559821456671
0.06294374167919159
0.08510706573724747
0.091431625187397
0.08238082379102707
0.11566930264234543
0.06535135209560394
0.0011670852545648813
0.09702172875404358
0.07222748547792435
0.07829959690570831
0.03387961909174919
0.04692590981721878
0.05881349369883537
0.047223545610904694
0.04754801094532013
0.13994944095611572
0.08687543869018555
0.09328119456768036
0.08139090240001678
0.09439535439014435
0.09283433854579926
0.09437070041894913
0.10226838290691376
0.07791492342948914
0.031178539618849754
0.12512002885341644
0.040157560259103775
0.0941319689154625
0.0720948576927185
0.02653062529861927
0.03526190295815468
0.11168211698532104
0.09904585033655167
0.14530804753303528
0.09033061563968658
0.02421478182077408
0.034957341849803925
0.08979883044958115
0.07302384078502655
0.036093857139348984
0.03270667791366577
0.08170241117477417
0.13156601786613464
0.05434097349643707
0.21825267374515533
0.06753657758235931
0.15699318051338196
0.03484413027763367
0.03902845084667206
0.21553705632686615
0.1053069457411766
0.09539411216974258
0.06479630619287491
0.18973009288311005
0.20672237873077393
0.0811925008893013
0.030328206717967987
0.0932457223534584
0.08698738366365433
0.084120012819767
0.04611954838037491
0.022469379007816315
0.09215597808361053
0.04842440038919449
0.2143833190202713
0.053318772464990616
0.12208013981580734
0.14274093508720398
0.07951758801937103
0.058408044278621674
0.10195516794919968
0.05828200280666351
0.04678479582071304
0.061409447342157364
0.03692600131034851
0.04026585817337036
0.08190419524908066
0.07406958937644958
0.08649289608001709
0.040953341871500015
0.002379537560045719
0.08609706163406372
0.034996066242456436
0.0544060617685318
0.22202037274837494
0.05968163534998894
0.05178738385438919
0.0324830561876297
0.11692264676094055
0.06597637385129929
0.0017493367195129395
0.08994241058826447
0.1394401639699936
0.019756609573960304
0.025141406804323196
0.03942945972084999
0.242019385099411
0.1197257861495018
0.24265159666538239
0.043517518788576126
0.019104309380054474
0.018521493300795555
0.05746391415596008
0.07440295815467834
0.12157571315765381
0.09788332134485245
0.06342232972383499
0.07405400276184082
0.1316792070865631
0.03214404359459877
0.11978844553232193
0.0843522846698761
0.060128312557935715
0.05392678081989288
0.1163492277264595
0.01733275316655636
0.12764719128608704
0.04566838592290878
0.021470332518219948
0.08605097979307175
0.08816605061292648
0.10992936044931412
0.031196163967251778
0.041959282010793686
0.05939527601003647
0.1023736521601677
0.0904439389705658
0.09806124866008759
0.08957146108150482
0.10022544115781784
0.05778652802109718
0.06203567609190941
0.22254399955272675
0.21318258345127106
0.0705171674489975
0.10204237699508667
0.16014400124549866
0.13243873417377472
0.03817606344819069
0.10749530047178268
0.0699145570397377
0.07362441718578339
0.05859885737299919
0.003354968037456274
0.05486191436648369
0.033965516835451126
0.05377991497516632
0.12349630892276764
0.06064048036932945
0.024123143404722214
0.04581904783844948
0.0627850741147995
0.04864970222115517
0.058253075927495956
0.0822247713804245
0.05378636717796326
0.06296829134225845
0.11969447880983353
0.17716620862483978
0.06145153194665909
0.015082286670804024
0.04469090700149536
0.09443064779043198
0.04571136459708214
0.11570879071950912
0.12986668944358826
0.15869873762130737
0.10210403054952621
0.11052167415618896
0.08114393800497055
0.07741307467222214
0.20382194221019745
0.07687672227621078
0.03676344081759453
0.001382228801958263
0.08189257979393005
0.02166440151631832
0.03562783822417259
0.21678438782691956
0.00227066851221025
0.03811582177877426
0.02780463732779026
0.04255550727248192
0.038422033190727234
0.08688779920339584
0.027407454326748848
0.12344500422477722
0.12403234094381332
0.028474170714616776
0.15953494608402252
0.092946857213974
0.02652149274945259
0.06546048074960709
0.06773260235786438
0.06554129719734192
0.039878442883491516
0.07371564954519272
0.059251818805933
0.03769216686487198
0.11775075644254684
0.12019214034080505
0.09436959773302078
0.0380311980843544
0.08242335170507431
0.040257640182971954
0.08681578934192657
0.09342406690120697
0.09943113476037979
0.0285755954682827
0.02070239558815956
0.10058803856372833
0.1851053237915039
0.10672938078641891
0.0776887983083725
0.008190943859517574
0.22353129088878632
0.10886726528406143
0.05988065153360367
0.0800928920507431
0.08882642537355423
0.13298988342285156
0.07457312196493149
0.02757675014436245
0.07529250532388687
0.04701010882854462
0.02478698641061783
0.06051645800471306
0.07360335439443588
0.13760468363761902
0.09533265233039856
0.028449907898902893
0.08972397446632385
0.1515589952468872
0.012792233377695084
0.10347577184438705
0.09534969925880432
0.09224177151918411
0.03731173276901245
0.13366083800792694
0.07645118981599808
0.057105548679828644
0.04073159769177437
0.04551831632852554
0.07885795086622238
0.009698799811303616
0.06095770001411438
0.05222269520163536
0.10070327669382095
0.08866550773382187
0.07429400831460953
0.07252033054828644
0.03567255660891533
0.26329365372657776
0.05202464759349823
0.0365612618625164
0.04105517268180847
0.0702587142586708
0.15781502425670624
0.10168135911226273
0.10837402939796448
0.04517741501331329
0.06088362634181976
0.08092878758907318
0.05067946016788483
0.07831893116235733
0.0040409257635474205
0.03597278892993927
0.13667598366737366
0.05598220229148865
0.0519898384809494
0.04553842544555664
0.11380872875452042
0.09673984348773956
0.02641066163778305
0.061307039111852646
0.029730280861258507
0.08167563378810883
0.05595069378614426
0.1820904165506363
0.09060269594192505
0.13053277134895325
0.06721209734678268
0.05701367184519768
0.17475855350494385
0.2011968195438385
0.10352395474910736
0.04698013514280319
0.027859069406986237
0.08803511410951614
0.07002352923154831
0.08767866343259811
0.05052703246474266
0.0476004034280777
0.054597485810518265
0.06249699369072914
0.27644824981689453
0.07165449857711792
0.004303350578993559
0.05828976258635521
0.05009746178984642
0.04478539153933525
0.09815210103988647
0.10436313599348068
0.2650313377380371
0.08324164897203445
0.03214624524116516
0.0407729372382164
0.12925776839256287
0.09183181077241898
0.08464477211236954
0.05264259874820709
0.08438258618116379
0.030761651694774628
0.05327042192220688
0.06040526553988457
0.048065029084682465
0.11228502541780472
0.09449184685945511
0.030640067532658577
0.11182250827550888
0.040897078812122345
0.0011915989452973008
0.035609886050224304
0.03431358560919762
0.03662450611591339
0.0611397847533226
0.075922392308712
0.1319625973701477
0.004707979504019022
0.03677060455083847
0.03643115609884262
0.07493618130683899
0.16487658023834229
0.05565385892987251
0.10492400079965591
0.12834908068180084
0.04862186312675476
0.07005719840526581
0.0005294388975016773
0.07655342668294907
0.19316361844539642
0.15489661693572998
0.04260162636637688
0.05213946849107742
0.0944058746099472
0.08178548514842987
0.05253160372376442
0.09842675924301147
0.11899394541978836
0.13458789885044098
0.005125483497977257
0.03939324617385864
0.08605536073446274
0.1359838992357254
0.2168344259262085
0.06644262373447418
0.12899240851402283
0.08502309769392014
0.25235697627067566
0.17195945978164673
0.052691854536533356
0.012593403458595276
0.07931922376155853
0.12534387409687042
0.09527959674596786
0.10895118862390518
0.050292354077100754
0.07406441867351532
0.06959069520235062
0.07540235668420792
0.07623731344938278
0.08764979243278503
0.1461271047592163
0.06427709758281708
0.0293448343873024
0.07858486473560333
0.09981656819581985
0.0560934916138649
0.03375716507434845
0.06394229829311371
0.06146205961704254
0.02891259267926216
0.0816793441772461
0.03009595163166523
0.039956968277692795
0.13311345875263214
0.0405304990708828
0.4021196663379669
0.03658033162355423
0.0029384985100477934
0.023679636418819427
0.023856818675994873
0.1037178635597229
0.13541948795318604
0.04559364914894104
0.05019838735461235
0.05586609989404678
0.011102813296020031
0.1081748679280281
0.1428489089012146
0.142641082406044
0.014893938787281513
0.07967326045036316
0.07962489128112793
0.020119156688451767
0.06824662536382675
0.09326254576444626
0.06981433928012848
0.08649040013551712
0.1012711152434349
0.06895806640386581
0.03317920118570328
0.10184089094400406
0.11996421217918396
0.12718971073627472
0.08365104347467422
0.07664801180362701
0.10831956565380096
0.13370724022388458
0.05369352549314499
0.038703225553035736
0.045551177114248276
0.08401317149400711
0.0015405938029289246
0.12038203328847885
0.03999782353639603
0.08524500578641891
0.1106569841504097
0.09595750272274017
0.0832718014717102
0.10243536531925201
0.1243005320429802
0.15765996277332306
0.10511649399995804
0.04406929388642311
0.041891757398843765
0.025352125987410545
0.029190797358751297
0.06967589259147644
0.05345253646373749
0.31100624799728394
0.06461697071790695
0.022541994228959084
0.08091177046298981
0.09280097484588623
0.10633642971515656
0.09038865566253662
0.11536949127912521
0.17394866049289703
0.05657991021871567
0.08317937701940536
0.1646016538143158
0.24615168571472168
0.008651886135339737
0.06394564360380173
0.10384434461593628
0.08791988343000412
0.06464885175228119
0.21379061043262482
0.0099450359120965
0.0868944376707077
0.08043445646762848
0.04927774891257286
0.05013459175825119
0.11635956913232803
0.07664240896701813
0.0319712795317173
0.1059502512216568
0.0391007661819458
0.0712485983967781
0.046193405985832214
0.17251218855381012
0.07080305367708206
0.09105589985847473
0.03403394669294357
0.050380025058984756
0.029395174235105515
0.195329487323761
0.2696917653083801
0.06533896923065186
0.08611280471086502
0.09896901994943619
0.08825942873954773
0.018603244796395302
0.06437364965677261
0.0022005680948495865
0.029682498425245285
0.14591479301452637
0.13588356971740723
0.1674651950597763
0.060602229088544846
0.13872872292995453
0.12696623802185059
0.07896996289491653
0.03806295245885849
0.16116540133953094
0.02490927465260029
0.12785476446151733
0.11035579442977905
0.0012010923819616437
0.03162388503551483
0.0725749284029007
0.17353186011314392
0.11030746251344681
0.07471037656068802
0.041564468294382095
0.020123789086937904
0.1449199765920639
0.22307851910591125
0.060463156551122665
0.030346114188432693
0.03829357773065567
0.135691836476326
0.029561078175902367
0.21940277516841888
0.1113998144865036
0.07364190369844437
0.031349655240774155
0.007422438822686672
0.10852913558483124
0.05348609760403633
0.04332805797457695
0.104306161403656
0.09110318124294281
0.06403173506259918
0.08657177537679672
0.064254529774189
0.02922808937728405
0.0006589230615645647
0.24731582403182983
0.06075357645750046
0.09885961562395096
0.06505420058965683
0.06843070685863495
0.08956294506788254
0.03963576629757881
0.08564721792936325
0.02276858314871788
0.09373418986797333
0.02746433950960636
0.009992502629756927
0.11388442665338516
0.09061071276664734
0.11170856654644012
0.06223170459270477
0.056741245090961456
0.11190289258956909
0.08058202266693115
0.053283125162124634
0.05417609214782715
0.04350288584828377
0.06994020938873291
0.07359465956687927
0.04027498513460159
0.0785687044262886
0.029162952676415443
0.11266747117042542
0.13512130081653595
0.06393950432538986
0.10760930925607681
0.007281518541276455
0.03382519632577896
0.1718839854001999
0.07135429978370667
0.12033604085445404
0.06937510520219803
0.06855957210063934
0.02478100173175335
0.009863837622106075
0.06914593279361725
0.08111120760440826
0.0703667402267456
0.06614033132791519
0.1632857769727707
0.1458885669708252
0.18445470929145813
0.000983667909167707
0.06503819674253464
0.024502353742718697
0.004865157417953014
0.06657496094703674
0.05428623408079147
0.12719987332820892
0.03378135338425636
0.08361844718456268
0.10270772874355316
0.02145514078438282
0.1093299388885498
0.07759985327720642
0.032961953431367874
0.07298480719327927
0.07016544044017792
0.10900592803955078
0.10669013857841492
0.14323438704013824
0.06192401051521301
0.08242214471101761
0.1280565708875656
0.06061404198408127
0.114822618663311
0.039683010429143906
0.07219037413597107
0.0951363667845726
0.16147062182426453
0.1790345311164856
0.10088816285133362
0.148224875330925
0.001692290767095983
0.05640775337815285
0.058072976768016815
0.0556274838745594
0.04486118257045746
0.030588962137699127
0.011199086904525757
0.047155119478702545
0.04719064384698868
0.22796416282653809
0.07205459475517273
0.11131724715232849
0.22585202753543854
0.08198689669370651
0.04231077432632446
0.11369307339191437
0.1687786728143692
0.11354324221611023
0.11866182833909988
0.05359647050499916
0.0319405235350132
0.10986839234828949
0.038777485489845276
0.12382067739963531
0.07595375180244446
0.05576378107070923
0.24383988976478577
0.041886717081069946
0.001324731856584549
0.017791137099266052
0.12337502092123032
0.04078102111816406
0.05723874270915985
0.08335485309362411
0.0730070099234581
0.11153502017259598
0.03432903811335564
0.30232033133506775
0.12744669616222382
0.12211523205041885
0.04356231540441513
0.04063665494322777
0.11752572655677795
0.2157600075006485
0.03228110447525978
0.0029888658318668604
0.241681307554245
0.0995514839887619
0.09714619815349579
0.028943561017513275
0.2175847589969635
0.1554470658302307
0.07245346158742905
0.0071957907639443874
0.01574137806892395
0.02874412015080452
0.1119832918047905
0.19785238802433014
0.08527027070522308
0.04708676040172577
0.06151300296187401
0.06932878494262695
0.01948857121169567
0.07362429052591324
0.02822975069284439
0.08646609634160995
0.03172474727034569
0.10927782952785492
0.12129291892051697
0.08957022428512573
0.21490173041820526
0.1075848788022995
0.0070489803329110146
0.04890817776322365
0.14491736888885498
0.1821942776441574
0.1115281879901886
0.0776185393333435
0.032854966819286346
0.1299481987953186
0.08436378091573715
0.08485987037420273
0.1810387521982193
0.08271636068820953
0.028995439410209656
0.0259559266269207
0.030593374744057655
0.05948054790496826
0.13838185369968414
0.06205048784613609
0.07411164790391922
0.15423764288425446
0.16788414120674133
0.13477614521980286
0.07316321134567261
0.024451859295368195
0.06427847594022751
0.06319749355316162
0.1027521938085556
0.15986368060112
0.05574823543429375
0.03927388787269592
0.059613265097141266
0.0919208973646164
0.08356176316738129
0.21925769746303558
0.04402724280953407
0.09360216557979584
0.09759759157896042
0.06765347719192505
0.0795355960726738
0.19942525029182434
0.1339813768863678
0.044146254658699036
0.05063999816775322
0.07774987071752548
0.09354455769062042
0.048055242747068405
0.08371300995349884
0.14708760380744934
0.10754866153001785
0.24366126954555511
0.07677838951349258
0.02628117799758911
0.032604463398456573
0.04647620767354965
0.09201712906360626
0.0952741950750351
0.12245918065309525
0.08021710067987442
0.15484532713890076
0.11120627820491791
0.21133708953857422
0.03786071389913559
0.03626638278365135
0.2090623378753662
0.09651558846235275
0.0375734306871891
0.04839019849896431
0.26140472292900085
0.02205786295235157
0.075936459004879
0.08312281966209412
0.05088910460472107
0.06295634806156158
0.11112015694379807
0.07568886131048203
0.1598633974790573
0.13272811472415924
0.060518551617860794
0.03351116180419922
0.05097396299242973
0.09940904378890991
0.07978961616754532
0.08024267852306366
0.20202602446079254
0.023797545582056046
0.03693784773349762
0.06336218863725662
0.0667918249964714
0.11566275358200073
0.086675263941288
0.11104308813810349
0.13186967372894287
0.04919838905334473
0.14489568769931793
0.09058074653148651
0.041823145002126694
0.010782740078866482
0.0564727745950222
0.07534117996692657
0.022985544055700302
0.14979930222034454
0.03251330181956291
0.10859706997871399
0.1077333465218544
0.043329689651727676
0.0705152079463005
0.0007103550597093999
0.09681864827871323
0.17987249791622162
0.0876990482211113
0.03028617426753044
0.09459958225488663
0.04532581940293312
0.26254338026046753
0.0879511684179306
0.13495822250843048
0.11826854944229126
0.09196095168590546
0.062200676649808884
0.14315637946128845
0.18568186461925507
0.07548201084136963
0.057729754596948624
0.1064007580280304
0.09872370213270187
0.11249387264251709
0.04473225027322769
0.10164929926395416
0.16530431807041168
0.04595526307821274
0.07037756592035294
0.10510573536157608
0.08795199543237686
0.030158553272485733
0.2116602659225464
0.03636022284626961
0.038861796259880066
0.12600165605545044
0.09118705987930298
0.17425528168678284
0.06888991594314575
0.05104293301701546
0.09513085335493088
0.04383514076471329
0.0021642588544636965
0.18841959536075592
0.08763392269611359
0.12095624953508377
0.1339215785264969
0.12234043329954147
0.044063352048397064
0.05686981976032257
0.07806416600942612
0.048011522740125656
0.07131259888410568
0.07008032500743866
0.07811035960912704
0.04813370481133461
0.08142820745706558
0.036686599254608154
0.1401388943195343
0.07022053748369217
0.04254141449928284
0.07016092538833618
0.08118561655282974
0.04131610691547394
0.07260897755622864
0.04080438241362572
0.03366568684577942
0.10720216482877731
0.042764291167259216
0.05311006307601929
0.05601758137345314
0.041351135820150375
0.05264560133218765
0.05964788794517517
0.0005938909016549587
0.02899952232837677
0.0835847333073616
0.06178385764360428
0.10920291393995285
0.10970360040664673
0.031965866684913635
0.03362170234322548
0.09618403017520905
0.04673227295279503
0.01952388696372509
0.023032639175653458
0.05726522579789162
0.06082563102245331
0.04880698397755623
0.07562322914600372
0.07163809984922409
0.03343622013926506
0.046905267983675
0.15936604142189026
0.039679788053035736
0.03379010036587715
0.08332927525043488
0.06629060953855515
0.09351754188537598
0.06364168971776962
0.018331721425056458
0.03769465908408165
0.05959196761250496
0.06602273881435394
0.2027619332075119
0.03216933086514473
0.11336048692464828
0.07955319434404373
0.14456912875175476
0.13879229128360748
0.053020261228084564
0.06406514346599579
0.08097793161869049
0.03514150530099869
0.030507313087582588
0.0929763913154602
0.05619509890675545
0.0757082924246788
0.0169220007956028
0.09461624920368195
0.03962397202849388
0.06836677342653275
0.07508420944213867
0.11196833848953247
0.29632967710494995
0.1375773847103119
0.05268559977412224
0.0671667829155922
0.03941713273525238
0.1420695036649704
0.05872001871466637
0.07092856615781784
0.0889647901058197
0.04983789846301079
0.02127317152917385
0.0858660638332367
0.1378365457057953
0.15957508981227875
0.08995778858661652
0.019167078658938408
0.056990884244441986
0.16101200878620148
0.061939787119627
0.07660108804702759
0.04003288969397545
0.0332646481692791
0.04409603774547577
0.0796085074543953
0.050831880420446396
0.0727483257651329
0.07199256122112274
0.0572422556579113
0.05004548653960228
0.017067577689886093
0.06247447803616524
0.14439810812473297
0.09636982530355453
0.07004786282777786
0.06123928353190422
0.08131559193134308
0.009390990249812603
0.06510307639837265
0.0868583470582962
0.09979984909296036
0.038926247507333755
0.020096860826015472
0.027300450950860977
0.07448165118694305
0.020408539101481438
0.09165274351835251
0.14629580080509186
0.13940419256687164
0.07292179763317108
0.08427426964044571
0.17437739670276642
0.04576496407389641
0.0787089392542839
0.10240247845649719
0.07762296497821808
0.010959532111883163
0.07178488373756409
0.12844164669513702
0.06481167674064636
0.05004679784178734
0.07563289254903793
0.08186277002096176
0.12101182341575623
0.08521489053964615
0.14123818278312683
0.05583152174949646
0.08158768713474274
0.18607936799526215
0.0015768192242830992
0.07420558482408524
0.12962600588798523
0.1361614316701889
0.11456979811191559
0.008636902086436749
0.10967124253511429
0.09835568815469742
0.05947989597916603
0.1421855390071869
0.08089953660964966
0.11261501908302307
0.10404117405414581
0.08582399785518646
0.0937943160533905
0.08244558423757553
0.03533982113003731
0.11737829446792603
0.023887861520051956
0.09741386026144028
0.0656825453042984
0.11132311820983887
0.0986998975276947
0.008332669734954834
0.06538558006286621
0.07826768606901169
0.02644137479364872
0.11638107150793076
0.17407146096229553
0.1802525669336319
0.015723878517746925
0.07975813001394272
0.030361076816916466
0.1442749947309494
0.062146008014678955
0.05356433615088463
0.011229357682168484
0.05808806046843529
0.013750642538070679
0.03260262683033943
0.12089156359434128
0.06187563017010689
0.08316227793693542
0.06782357394695282
0.11034386605024338
0.061639875173568726
0.05350193381309509
0.04032009094953537
0.08401378244161606
0.009045214392244816
0.07938268780708313
0.04677256941795349
0.05243465304374695
0.06502805650234222
0.02444927580654621
0.11378279328346252
0.07813877612352371
0.17209865152835846
0.05738852918148041
0.06608249992132187
0.09916418790817261
0.06486020982265472
0.09308215975761414
0.10057232528924942
0.06669367849826813
0.06349561363458633
0.04173740744590759
0.07790513336658478
0.003345619421452284
0.039953555911779404
0.04231074079871178
0.10693486779928207
0.04947509616613388
0.06032878905534744
0.11435355991125107
0.05666182562708855
0.0008636998827569187
0.18407106399536133
0.00048765281098894775
0.04192550852894783
0.05006086453795433
0.12169896066188812
0.028054270893335342
5.651223909808323e-05
0.052756160497665405
0.08150219172239304
0.08182897418737411
0.12284679710865021
0.008317790925502777
0.07366152852773666
0.05177108570933342
0.1832977682352066
0.10404150933027267
0.08070570230484009
0.05742726847529411
0.03150161728262901
0.25467538833618164
0.04891929775476456
0.19343914091587067
0.14487047493457794
0.03773561492562294
0.07698463648557663
0.03315989300608635
0.03842875733971596
0.043055709451436996
0.12679167091846466
0.18384253978729248
0.0824296846985817
0.06677814573049545
0.08361935615539551
0.06967539340257645
0.2576391100883484
0.07521489262580872
0.14856013655662537
0.11325091868638992
0.060835614800453186
0.08734805881977081
0.027594363316893578
0.048113588243722916
0.03625896945595741
0.10897216945886612
0.0992400050163269
0.013720693066716194
0.06694920361042023
0.026319509372115135
0.06873232871294022
0.11435193568468094
0.05689780041575432
0.0641384944319725
0.11058232188224792
0.1334518939256668
0.1611514538526535
0.015150641091167927
0.08368882536888123
0.11046996712684631
0.06905151903629303
0.08625710010528564
0.09971831738948822
0.03210115805268288
0.12087314575910568
0.06519809365272522
0.04526215419173241
0.1006048396229744
0.0688493475317955
0.06665875017642975
0.13280156254768372
0.024979528039693832
0.104546457529068
0.04818611964583397
0.04140455275774002
0.08979007601737976
0.05080994591116905
0.07235482335090637
0.04881657287478447
0.1469477266073227
0.08667590469121933
0.1800612211227417
0.08435945212841034
0.08439190685749054
0.09875409305095673
0.03247427940368652
0.17480862140655518
0.03954169899225235
0.06738904863595963
0.039090581238269806
0.014926227740943432
0.05557608604431152
0.1305331438779831
0.067598856985569
0.04087858647108078
0.06766980141401291
0.0558898001909256
0.10541144758462906
0.1460665911436081
0.05309031158685684
0.03409188613295555
0.17327389121055603
0.10906665027141571
0.027303030714392662
0.12650372087955475
0.06747262924909592
0.02826882153749466
0.12353353947401047
0.12313555181026459
0.03939314931631088
0.0683048889040947
0.14987193048000336
0.13368259370326996
0.12377915531396866
0.09263674914836884
0.07828802615404129
0.06135198846459389
0.0738585889339447
0.18152102828025818
0.10227889567613602
0.07577504962682724
0.13774967193603516
0.03266933560371399
0.08696170896291733
0.11689212918281555
0.07681047916412354
0.0457320511341095
0.11879617720842361
0.04441218823194504
0.09169546514749527
0.025083061307668686
0.06421107798814774
0.06763698160648346
0.05406806245446205
0.0629541426897049
0.11917632073163986
0.10353563725948334
0.08438277989625931
0.03301848843693733
0.11209683865308762
0.05035167187452316
0.027861768379807472
0.12706224620342255
0.08082409203052521
0.10434356331825256
0.16407345235347748
0.07290393114089966
0.1123051866889
0.06803345680236816
0.08386866003274918
0.06935848295688629
0.07827276736497879
0.08184105902910233
0.019906051456928253
0.043394338339567184
0.20417708158493042
0.0005328330444172025
0.0004504481330513954
0.049225591123104095
0.029745951294898987
0.14919757843017578
0.01804141141474247
0.05417817458510399
0.018685027956962585
0.1176162138581276
0.029097963124513626
0.12577258050441742
0.12429429590702057
0.021192723885178566
0.13004419207572937
0.1493304967880249
0.0852314755320549
0.015934225171804428
0.05528461933135986
0.019894706085324287
0.05311056599020958
0.020902885124087334
0.07830201089382172
0.039366427809000015
0.042138874530792236
0.1006765067577362
0.15344418585300446
0.049416739493608475
0.1984800398349762
0.07002329081296921
0.06548963487148285
0.08497747778892517
0.03238338232040405
0.09764324873685837
0.12463212758302689
0.11816059052944183
0.07817935198545456
0.05223684757947922
0.06204628571867943
0.09940885752439499
0.08967440575361252
0.12918151915073395
0.049237627536058426
0.004897511564195156
0.06902746856212616
0.08319369703531265
0.08071595430374146
0.11947387456893921
0.057605527341365814
0.11529567837715149
0.13407191634178162
0.11063951253890991
0.13837778568267822
0.042999766767024994
0.1225878894329071
0.026913601905107498
0.02929835021495819
0.09306206554174423
0.10226114839315414
0.06622583419084549
0.09764006733894348
0.11512476950883865
0.04435262829065323
0.20789918303489685
0.019854707643389702
0.034395426511764526
0.08833031356334686
0.07010103762149811
0.051500167697668076
0.08910556882619858
0.03331170603632927
0.06462706625461578
0.09346970170736313
0.11547724157571793
0.09455813467502594
0.06480363011360168
0.11246038228273392
0.04444025084376335
0.08080466836690903
0.09304992109537125
0.11541646718978882
0.0038892060983926058
0.04909537360072136
0.16189144551753998
0.23938867449760437
0.19865351915359497
0.03280879184603691
0.13506385684013367
0.03640732914209366
0.09513835608959198
0.05996366962790489
0.073222815990448
0.20454446971416473
0.07277393341064453
0.03609680011868477
0.05005272477865219
0.08878760039806366
0.08957061916589737
0.0652705505490303
0.07352720946073532
0.11286135762929916
0.03775719925761223
0.12433671951293945
0.14135517179965973
0.007873079739511013
0.08246494829654694
0.06267724186182022
0.056074358522892
0.10438521951436996
0.043358273804187775
0.10014881938695908
0.070722296833992
0.137329563498497
0.019043831154704094
0.05957476422190666
0.10426262021064758
0.029206521809101105
0.09037789702415466
0.11275363713502884
0.0011162261944264174
0.044621292501688004
0.216637521982193
0.07227934151887894
0.03595925495028496
0.03707316517829895
0.07558474689722061
0.11435376852750778
0.06263591349124908
0.05773645639419556
0.02159569039940834
0.034879691898822784
0.061010587960481644
0.08274585008621216
0.07036507874727249
0.13397903740406036
0.021832682192325592
0.05686422064900398
0.08834855258464813
0.03991929814219475
0.0537966713309288
0.12443768978118896
0.022380176931619644
0.027915483340620995
0.05417481064796448
0.09637182950973511
0.09163331240415573
0.06145649403333664
0.06999076157808304
0.016177799552679062
0.03815928474068642
0.03862453252077103
0.08341662585735321
0.08532169461250305
0.020722541958093643
0.062296267598867416
0.08119817823171616
0.0012997217709198594
0.033942289650440216
0.023179275915026665
0.03184715658426285
0.08528180420398712
0.13562075793743134
0.15726348757743835
0.08158951997756958
0.04335906729102135
0.054016463458538055
0.19293193519115448
0.1715850681066513
0.20438557863235474
0.14722706377506256
0.21587707102298737
0.024530911818146706
0.19447451829910278
0.04574921727180481
0.03649449720978737
0.04856186360120773
0.05712135136127472
0.07442505657672882
0.05274912342429161
0.06255166977643967
0.026150111109018326
0.19443795084953308
0.05992073193192482
0.03804078698158264
0.27936676144599915
0.11677122116088867
0.07135166227817535
0.07114649564027786
0.20580698549747467
0.06706391274929047
0.09721645712852478
0.08353584259748459
0.016041947528719902
0.045635320246219635
0.04536241292953491
0.08071084320545197
0.035650502890348434
0.08593351393938065
0.12583090364933014
0.11875329166650772
0.1608743816614151
0.01842348650097847
0.08718172460794449
0.07243833690881729
0.24238015711307526
0.052068691700696945
0.037537332624197006
0.09142667800188065
0.03557703271508217
0.10968214273452759
0.07053174823522568
0.08222363889217377
0.05894390493631363
0.06877616047859192
0.09409833699464798
0.04535999149084091
0.09890858829021454
0.05991993844509125
0.06565047055482864
0.0367884635925293
0.05384921282529831
0.05160537734627724
0.21443340182304382
0.09403809905052185
0.07726436108350754
0.06942447274923325
0.08914784342050552
0.10747325420379639
0.24929384887218475
0.050880663096904755
0.02112402953207493
0.11805657297372818
0.0653763860464096
0.21210815012454987
0.045555949211120605
0.06557454913854599
0.12897427380084991
0.032596565783023834
0.16492970287799835
0.07242251932621002
0.020015070214867592
0.12589192390441895
0.11968836933374405
0.17321892082691193
0.081759974360466
0.07894137501716614
0.10959949344396591
0.056325893849134445
0.09324683994054794
0.08131945133209229
0.04901287704706192
0.09200597554445267
0.04389481991529465
0.06458144634962082
0.0656389445066452
0.08146503567695618
0.028658542782068253
0.04333682358264923
0.06517215073108673
0.15934371948242188
0.04662981629371643
0.10702930390834808
0.15153071284294128
0.10755470395088196
0.12327522039413452
0.0959305390715599
0.06527510285377502
0.04385087266564369
0.01729745790362358
0.0005728171090595424
0.0631248950958252
0.057791512459516525
0.10100246965885162
0.08833137154579163
0.12581004202365875
0.05306346341967583
0.07600818574428558
0.0006229458376765251
0.2398005723953247
0.14029914140701294
0.02790852077305317
0.15107068419456482
0.10300354659557343
0.0717720240354538
0.05590561777353287
0.06439559906721115
0.12771840393543243
0.09461270272731781
0.06577545404434204
0.07562411576509476
0.053835924714803696
0.1413692831993103
0.07642800360918045
0.014995510689914227
0.05330471321940422
0.09848792850971222
0.19537502527236938
0.12085045874118805
0.1625278741121292
0.05204848572611809
0.04596100002527237
0.08105297386646271
0.07755902409553528
0.07243053615093231
0.04481514170765877
0.21601177752017975
0.15537449717521667
0.11779430508613586
0.09644650667905807
0.19693930447101593
0.044784821569919586
0.09012836217880249
0.09899579733610153
0.16925807297229767
0.19076068699359894
0.13295669853687286
0.11378327012062073
0.2119065374135971
0.024362824857234955
0.09996159374713898
0.09047532826662064
0.07818470150232315
0.020770685747265816
0.03679761290550232
0.10591805726289749
0.19879308342933655
0.04906134679913521
0.0033525582402944565
0.08876700699329376
0.05051886662840843
0.04016680642962456
0.16618862748146057
0.06810223311185837
0.10584419965744019
0.0866069495677948
0.08363336324691772
0.001716766506433487
0.08437046408653259
0.1481366902589798
0.062496744096279144
0.09603416919708252
0.14078986644744873
0.08106523007154465
0.05435499921441078
0.03692005202174187
0.04152729734778404
0.005076916888356209
0.08553420007228851
0.047366924583911896
0.1026001051068306
0.07798955589532852
0.0874645859003067
0.05069641023874283
0.026273321360349655
0.14000287652015686
0.07857177406549454
0.12053754180669785
0.07891000807285309
0.09415978193283081
0.08047406375408173
0.10932409763336182
0.08096659183502197
0.02001792937517166
0.0012924912152811885
0.06772144883871078
0.10070919990539551
0.06664671003818512
0.17458312213420868
0.2837919592857361
0.09422693401575089
0.024776525795459747
0.06372886896133423
0.05126715451478958
0.05573488026857376
0.048195384442806244
0.08601968735456467
0.11469236016273499
0.08643831312656403
0.0009582993807271123
0.07719427347183228
0.09529692679643631
0.10884818434715271
0.08005829900503159
0.08464785665273666
0.04684929549694061
0.1787770688533783
0.04938356578350067
0.06567221879959106
0.07449966669082642
0.16119790077209473
0.10086771845817566
0.09644420444965363
0.09618769586086273
0.012614911422133446
0.11910460889339447
0.01749381050467491
0.02016509883105755
0.050967879593372345
0.13992060720920563
0.03495276719331741
0.05934441462159157
0.03048894740641117
0.04466187581419945
0.14121784269809723
0.1427295207977295
0.07379814982414246
0.0477248951792717
0.07173888385295868
0.07989159226417542
0.1145777627825737
0.04238983243703842
0.09008437395095825
0.007459129206836224
0.08553849905729294
0.021162094548344612
0.04182688146829605
0.09945191442966461
0.027783218771219254
0.0075056832283735275
0.04063771665096283
0.0655210018157959
0.07826390117406845
0.07665086537599564
0.03526528924703598
0.034269239753484726
0.08512920141220093
0.1185070276260376
0.025777384638786316
0.10198423266410828
0.08276247978210449
0.016689524054527283
0.05829506367444992
0.11633336544036865
0.16522416472434998
0.13156090676784515
0.05578397214412689
0.039414182305336
0.03540220856666565
0.07809744030237198
0.023470187559723854
0.08495843410491943
0.1455555260181427
0.01730736345052719
0.09485957771539688
0.18872018158435822
0.04360172897577286
0.11650966107845306
0.02688981406390667
0.07901234924793243
0.10065056383609772
0.06806505471467972
0.1639169454574585
0.08328699320554733
0.037028033286333084
0.0417659655213356
0.08032842725515366
0.046570248901844025
0.07750727981328964
0.13314476609230042
0.041054632514715195
0.13080257177352905
0.039815206080675125
0.0541042722761631
0.03465002402663231
0.07324238121509552
0.1402813047170639
0.09835853427648544
0.07127195596694946
0.06155179813504219
0.15910452604293823
0.03928273171186447
0.03683751821517944
0.10041505843400955
0.09858640283346176
0.059733808040618896
0.047470059245824814
0.09234901517629623
0.0315503254532814
0.09612575173377991
0.071195088326931
0.0738750770688057
0.07934653759002686
0.035624850541353226
0.24263226985931396
0.10754920542240143
0.0486784428358078
0.12100036442279816
0.09498757869005203
0.04254700988531113
0.06212468072772026
0.06961535662412643
0.09846664220094681
0.07865839451551437
0.07514923810958862
0.028171725571155548
0.021806849166750908
0.09435360133647919
0.11264146864414215
0.08852338045835495
0.08381867408752441
0.05615956708788872
0.08403214812278748
0.09846191108226776
0.010282395407557487
0.1504783183336258
0.03543192893266678
0.07410965114831924
0.10503004491329193
0.08202403038740158
0.06622802466154099
0.04861145094037056
0.06065501272678375
0.0887044221162796
0.019736137241125107
0.060303714126348495
0.12004511058330536
0.04011591151356697
0.14122895896434784
0.15676964819431305
0.10685591399669647
0.0028645028360188007
0.03995780646800995
0.0974041000008583
0.060517724603414536
0.03884255513548851
0.0025185877457261086
0.07241888344287872
0.07185448706150055
0.0551077239215374
0.14529886841773987
0.0621187798678875
0.10936553031206131
0.0815529078245163
0.058135535567998886
0.06625466048717499
0.09360387921333313
0.08803088217973709
0.09774456918239594
0.1208113431930542
0.02751540020108223
0.0887015238404274
0.09740690141916275
0.06090516597032547
0.05212134122848511
0.09036441892385483
0.14354413747787476
0.05975395813584328
0.01963503658771515
0.12611965835094452
0.07484698295593262
0.2000621110200882
0.03049599938094616
0.03694690018892288
0.0885750949382782
0.08577459305524826
0.04079210013151169
0.03188439458608627
0.12650568783283234
0.05014284327626228
0.07678426802158356
0.12365971505641937
0.10700962692499161
0.05887956917285919
0.13947349786758423
0.12938128411769867
0.0910174548625946
0.07874760776758194
0.07145296782255173
0.052071623504161835
0.08511655032634735
0.1596662700176239
0.07293706387281418
0.035172902047634125
0.03522053360939026
0.15598361194133759
0.1570684164762497
0.02430833876132965
0.10215269029140472
0.06670132279396057
0.07449309527873993
0.036945831030607224
0.029714064672589302
0.16315793991088867
0.06339128315448761
0.04489217698574066
0.07047715783119202
0.021809151396155357
0.08606131374835968
0.05765698477625847
0.02933911234140396
0.07276087999343872
0.09418284147977829
0.07338355481624603
0.09976408630609512
0.027043476700782776
0.05273723602294922
0.02837451919913292
0.13489191234111786
0.14569391310214996
0.10174819827079773
0.08167815208435059
0.061784371733665466
0.05233553424477577
0.09508718550205231
0.07935034483671188
0.11517056077718735
0.09241628646850586
0.06280830502510071
0.10703203082084656
0.04566153883934021
0.0637444406747818
0.17975126206874847
0.11881652474403381
0.09514592587947845
0.11238951236009598
0.03135016933083534
0.09118765592575073
0.1958891898393631
0.033998746424913406
0.05317261815071106
0.004583991132676601
0.035039812326431274
0.04682290181517601
0.09745871275663376
0.0003210105933248997
0.08640921860933304
0.07902755588293076
0.02256758138537407
0.10086551308631897
0.07324043661355972
0.06576845049858093
0.0601668544113636
0.03196188807487488
0.001789172412827611
0.03428025171160698
0.0035535127390176058
0.1062348261475563
0.11929629743099213
0.04406525939702988
0.038457099348306656
0.10879350453615189
0.06448360532522202
0.04105422645807266
0.09669318050146103
0.11009767651557922
0.0665898472070694
0.02879834920167923
0.03603004664182663
0.06847870349884033
0.06028451398015022
0.018281064927577972
0.025304708629846573
0.09713958203792572
0.10946694761514664
0.04595999792218208
0.08598192781209946
0.09611311554908752
0.030787013471126556
0.16933074593544006
0.0031151436269283295
0.19012561440467834
0.0605604313313961
0.06433538347482681
0.08533746749162674
0.11192456632852554
0.009180123917758465
0.09127619862556458
0.0244207214564085
0.07553840428590775
0.009142260067164898
0.008331635035574436
0.09594354778528214
0.0713537335395813
0.04692833870649338
0.024500718340277672
0.07362566143274307
0.045562032610177994
0.08412313461303711
0.10592733323574066
0.1055414229631424
0.046665627509355545
0.033953290432691574
0.06099672242999077
0.023905785754323006
0.1389085054397583
0.061669811606407166
0.0016438474413007498
0.03351990506052971
0.0004637616511899978
0.05651184543967247
0.035603608936071396
0.10086240619421005
0.0965673103928566
0.07607593387365341
0.056901805102825165
0.03183551877737045
0.05279409512877464
0.13879960775375366
0.03773398697376251
0.0890730619430542
0.04907403886318207
0.2045411765575409
0.07993048429489136
0.19525381922721863
0.10195407271385193
0.08922583609819412
0.09066101908683777
0.10068929940462112
0.045954689383506775
0.006286869756877422
0.04394388571381569
0.03216101601719856
0.2088037133216858
0.1004323735833168
0.04055481031537056
0.07718304544687271
0.046582356095314026
0.03755294159054756
0.091157466173172
0.027866609394550323
0.07654852420091629
0.14027300477027893
0.06355082243680954
0.06301725655794144
0.04129168018698692
0.07841570675373077
0.16965322196483612
0.1022145003080368
0.07739805430173874
0.15039442479610443
0.0823662206530571
0.08495191484689713
0.06689095497131348
0.014533295296132565
0.09410274028778076
0.4430501461029053
0.05338370054960251
0.18922117352485657
0.09177535027265549
0.04867399483919144
0.16016940772533417
0.03626173734664917
0.12397891283035278
0.04667270928621292
0.07804392278194427
0.022739291191101074
0.09863235801458359
0.2036808729171753
0.10225219279527664
0.1845618486404419
0.0822388157248497
0.04352828115224838
0.03663025423884392
0.05886401981115341
0.06272798031568527
0.11458548158407211
0.04944830387830734
0.10241096466779709
0.05411270633339882
0.06781359016895294
0.045378074049949646
0.0898054987192154
0.06989230960607529
0.020390156656503677
0.11253836750984192
0.062477707862854004
0.052586186677217484
0.0342278815805912
0.05432146415114403
0.12488622218370438
0.10337907820940018
0.06697390973567963
0.02840685285627842
0.07262126356363297
0.17625068128108978
0.04498680308461189
0.04074805602431297
0.06808453798294067
0.04600203409790993
0.04950057715177536
0.05398904159665108
0.08295562118291855
0.1224963590502739
0.0012195262825116515
0.13059492409229279
0.0465848483145237
0.06527473032474518
0.04652411863207817
0.11302057653665543
0.12003197520971298
0.012304437346756458
0.09397922456264496
0.06315962225198746
0.09697185456752777
0.0587444081902504
0.09030985087156296
0.0959559977054596
0.06612427532672882
0.032907627522945404
0.046576496213674545
0.10780147463083267
0.12634888291358948
0.1609993726015091
0.05138405039906502
0.11967504024505615
0.09365521371364594
0.04361967742443085
0.03688976541161537
0.11448638886213303
0.08016258478164673
0.07961859554052353
0.06580949574708939
0.04864911735057831
0.02845824882388115
0.040762025862932205
0.09773805737495422
0.0029345201328396797
0.08488894253969193
0.10774489492177963
0.0300806425511837
0.09884490817785263
0.002451271517202258
0.0832965299487114
0.06076405569911003
0.03434102609753609
0.020596029236912727
0.04353296011686325
0.10842382162809372
0.05572919547557831
0.03955918923020363
0.059508293867111206
0.04254291206598282
0.12788036465644836
0.07454375177621841
0.06484448164701462
0.07665209472179413
0.1167442724108696
0.03545716777443886
0.024331722408533096
0.00455427635461092
0.020103657618165016
0.05186515301465988
0.00036020492552779615
0.038652047514915466
0.07837211340665817
0.24422325193881989
0.04199614375829697
0.025566762313246727
0.09986849874258041
0.14671355485916138
0.07663002610206604
0.0975891500711441
0.09892817586660385
0.07848431915044785
0.0035064341500401497
0.06972305476665497
0.06551399827003479
0.04840933158993721
0.025388432666659355
0.024722808972001076
0.1653815060853958
0.05888713523745537
0.06648261100053787
0.17863179743289948
0.13267071545124054
0.06978090107440948
0.08982136100530624
0.03707871958613396
0.13904577493667603
0.033326271921396255
0.09617973119020462
0.09005182236433029
0.11481715738773346
0.07294654846191406
0.06980367749929428
0.06365809589624405
0.004658704157918692
0.006498618051409721
0.04363954812288284
0.11608704179525375
0.05058019235730171
0.035576120018959045
0.08664042502641678
0.03896278515458107
0.05114860460162163
0.10797756165266037
0.07155287265777588
0.03610497713088989
0.06276195496320724
0.09572920203208923
0.10857825726270676
0.1034357026219368
0.048287902027368546
0.014420056715607643
0.06811722368001938
0.00977369211614132
0.09343212842941284
0.07029374688863754
0.06912267953157425
0.06046570837497711
0.09686579555273056
0.1303090751171112
0.025625215843319893
0.047698620706796646
0.27582547068595886
0.03908007591962814
0.05593336373567581
0.13195721805095673
0.2752699851989746
0.09282222390174866
0.05173883214592934
0.07763248682022095
0.0588570162653923
0.12461376190185547
0.11184581369161606
0.04951834678649902
0.17080366611480713
0.0992051512002945
0.10119958221912384
0.02245175838470459
0.04550584405660629
0.12468025833368301
0.09211047738790512
0.04856115207076073
0.08244893699884415
0.09569753706455231
0.0654849112033844
0.11458345502614975
0.06860306859016418
0.07551003992557526
0.11816584318876266
0.020259400829672813
0.0815594494342804
0.0015568583039566875
0.0752895399928093
0.2851489782333374
0.17818649113178253
0.06364275515079498
0.28274938464164734
0.09284462779760361
0.06111261993646622
0.06350190192461014
0.0736137181520462
0.013862398453056812
0.0723029226064682
0.05928964540362358
0.05042264983057976
0.06326652318239212
0.07132838666439056
0.10302415490150452
0.02864956110715866
0.10781197994947433
0.09121783077716827
0.0428101047873497
0.04852892830967903
0.06569601595401764
0.16296781599521637
0.13464567065238953
0.0684627965092659
0.03334296867251396
0.08266935497522354
0.03415921330451965
0.10610760003328323
0.04013097286224365
0.06485718488693237
0.06723842769861221
0.052726250141859055
0.033808644860982895
0.02510623261332512
0.1359574794769287
0.051761992275714874
0.06371103972196579
0.09076114743947983
0.003206579713150859
0.055643826723098755
0.08203373104333878
0.03016333281993866
0.06944550573825836
0.13816310465335846
0.11720746010541916
0.037831731140613556
0.031270720064640045
0.0833410695195198
0.10075071454048157
0.10470836609601974
0.12242160737514496
0.07195282727479935
0.11753955483436584
0.0058222804218530655
0.09981797635555267
0.18346934020519257
0.05269716680049896
0.05699807032942772
0.03851497173309326
0.03704681620001793
0.047550078481435776
0.02517341822385788
0.04384705424308777
0.016088686883449554
0.04966142401099205
0.04203670844435692
0.07116670161485672
0.07430896162986755
0.05246197432279587
0.09532756358385086
0.04858781769871712
0.04125593602657318
0.03930092975497246
0.060048557817935944
0.07065070420503616
0.058505844324827194
0.2100358009338379
0.12540240585803986
0.07837479561567307
0.07571028172969818
0.07110238075256348
0.05375824496150017
0.03529062122106552
0.0351259782910347
0.09019727259874344
0.03209022432565689
0.07368152588605881
0.10527225583791733
0.10232552886009216
0.05845830589532852
0.07951083779335022
0.050965722650289536
0.07246409356594086
0.025122469291090965
0.14906474947929382
0.095282182097435
0.2359647899866104
0.06045738607645035
0.16002973914146423
0.051017798483371735
0.05069033056497574
0.2809908390045166
0.024315599352121353
0.03926162049174309
0.12854477763175964
0.08289150893688202
0.1139976903796196
0.1730223149061203
0.07048477977514267
0.10954031348228455
0.02983052283525467
0.059302665293216705
0.03833463788032532
0.1357448548078537
0.08512808382511139
0.09344398975372314
0.01755324751138687
0.16491243243217468
0.061685387045145035
0.15199540555477142
0.05547190457582474
0.06804828345775604
0.1484077423810959
0.06599750369787216
0.13414150476455688
0.08258277922868729
0.10776481032371521
0.18989445269107819
0.06852251291275024
0.09816504269838333
0.12296001613140106
0.14979714155197144
0.093335822224617
0.06413566321134567
0.144862100481987
0.03533894196152687
0.0484280101954937
0.06960094720125198
0.09690438956022263
0.12314265966415405
0.07671485841274261
0.023817984387278557
0.07744655013084412
0.0887177437543869
0.10890070348978043
0.1879671961069107
0.06590603291988373
0.009043586440384388
0.32019275426864624
0.04585488140583038
0.07376066595315933
0.08180446922779083
0.12713861465454102
0.1117188110947609
0.10577510297298431
0.05404076725244522
0.028226980939507484
0.0503820963203907
0.1424407660961151
0.0778353363275528
0.1251095086336136
0.05864674597978592
0.052242591977119446
0.12887196242809296
0.07855281978845596
0.16986513137817383
0.028708122670650482
0.08532127737998962
0.07797285914421082
0.23435817658901215
0.09551650285720825
0.005002105608582497
0.020658763125538826
0.14677812159061432
0.048431191593408585
0.08672866225242615
0.09398935735225677
0.07179652154445648
0.032488301396369934
0.07481000572443008
0.06598511338233948
0.0216465312987566
0.04298178479075432
0.17064103484153748
0.0662882849574089
0.044819727540016174
0.045125849545001984
0.05143723264336586
0.10333794355392456
0.23937205970287323
0.11060720682144165
0.11427009850740433
0.062058281153440475
0.10828996449708939
0.06735801696777344
0.02218637242913246
0.07354474067687988
0.0126002486795187
0.06302326917648315
0.0749199315905571
0.020348133519291878
0.03165331855416298
0.04558891803026199
0.08460033684968948
0.12861044704914093
0.10799127072095871
0.05815187841653824
0.04569811746478081
0.13107137382030487
0.07577293366193771
0.08490487188100815
0.11919697374105453
0.11781728267669678
0.212092325091362
0.037011533975601196
0.025784164667129517
0.0015787174925208092
0.04701932147145271
0.10188232362270355
0.06143958866596222
0.07171813398599625
0.043045274913311005
0.08718568831682205
0.04485652595758438
0.0985308438539505
0.06120976060628891
0.05989040061831474
0.0872463658452034
0.04120020568370819
0.10843241214752197
0.05539576709270477
0.07342924922704697
0.11976975202560425
0.08716490864753723
0.0743565559387207
0.23783887922763824
0.06171081215143204
0.17440907657146454
0.07417285442352295
0.027886459603905678
0.0048034824430942535
0.3279804587364197
0.1597144901752472
0.05997629091143608
0.0303658377379179
0.06940564513206482
0.07748496532440186
0.1699320375919342
0.18598605692386627
0.07077299058437347
0.0293666273355484
0.0395590178668499
0.06403475254774094
0.02512694150209427
0.11863730847835541
0.06237413361668587
0.04118545353412628
0.02607625536620617
0.015526829287409782
0.11728605628013611
0.14046336710453033
0.02477034367620945
0.024113034829497337
0.03473546355962753
0.05011621490120888
0.06446662545204163
0.1132640540599823
0.10405782610177994
0.04620987921953201
0.07115500420331955
0.173691064119339
0.07646921277046204
0.0433444082736969
0.010529040358960629
0.06242102012038231
0.1254481077194214
0.08551037311553955
0.0542839877307415
0.05231085047125816
0.18983399868011475
0.18253503739833832
0.1478574275970459
0.049038756638765335
0.05324194207787514
0.04431544244289398
0.09248603135347366
0.30399829149246216
0.07869315147399902
0.08193498849868774
0.05674757808446884
0.21969060599803925
0.09014860540628433
0.09026964753866196
0.06578543037176132
0.08394692838191986
0.04381042718887329
0.07323434948921204
0.0841570496559143
0.07870849221944809
0.10253742337226868
0.09704797714948654
0.06572975218296051
0.023490432649850845
0.052824895828962326
0.07591626048088074
0.10345278680324554
0.06747476011514664
0.029518119990825653
0.030880751088261604
0.03373855724930763
0.12451358139514923
0.07340474426746368
0.15983566641807556
0.06862955540418625
0.04625954106450081
0.048324234783649445
0.066982701420784
0.024358324706554413
0.018375644460320473
0.03490418195724487
0.146497443318367
0.012791438959538937
0.08848998695611954
0.133892223238945
0.030240293592214584
0.07233510166406631
0.03422239050269127
0.0872230976819992
0.1451256275177002
0.2368200272321701
0.029283540323376656
0.15632033348083496
0.04503549635410309
0.08127809315919876
0.0969431921839714
0.07922472059726715
0.09952989220619202
0.03802960366010666
0.030357463285326958
0.0475744865834713
0.1511581689119339
0.05243390426039696
0.05747886747121811
0.13887234032154083
0.10185479372739792
0.13413411378860474
0.02475818619132042
0.07053588330745697
0.04300505295395851
0.03280029818415642
0.07678909599781036
0.06865252554416656
0.04111318290233612
0.03658069670200348
0.02476629987359047
0.06212452054023743
0.25756731629371643
0.053996194154024124
0.046889085322618484
0.10501538962125778
0.069525808095932
0.031464699655771255
0.1751227080821991
0.14876826107501984
0.041845377534627914
0.027912184596061707
0.08138148486614227
0.04565005749464035
0.011325189843773842
0.04537980630993843
0.09218869358301163
0.08054666221141815
0.12988293170928955
0.03770871460437775
0.03379715606570244
0.17162030935287476
0.09148317575454712
0.008566083386540413
0.09228911250829697
0.08095218986272812
0.05748426541686058
0.14920444786548615
0.16263626515865326
0.0473911352455616
0.10348961502313614
0.041169241070747375
0.1395414173603058
0.08006200194358826
0.053982239216566086
0.025904852896928787
0.059420548379421234
0.03726593405008316
0.07322334498167038
0.09745468199253082
0.007222896907478571
0.08124794065952301
0.07592157274484634
0.11630506068468094
0.1097443699836731
0.12324822694063187
0.08501271158456802
0.02615480124950409
0.0879988819360733
0.1228509321808815
0.10115008056163788
0.06073259934782982
0.05938853323459625
0.0906614288687706
0.1842995434999466
0.0007001968333497643
0.06299939751625061
0.05201347917318344
0.07293917238712311
0.07854106277227402
0.06337863206863403
0.14492380619049072
0.08932483941316605
0.048906322568655014
0.017294537276029587
0.08243484795093536
0.05024629831314087
0.15530914068222046
0.04475018009543419
0.06656056642532349
0.05233065038919449
0.06943991035223007
0.04037163034081459
0.07283765822649002
0.11194071918725967
0.06322935223579407
0.004072690382599831
0.16537968814373016
0.05245242267847061
0.06787189841270447
0.08276842534542084
0.08456778526306152
0.08062632381916046
0.09543073922395706
0.12236068397760391
0.02848834916949272
0.07575128227472305
0.0366845466196537
0.07394617795944214
0.048855796456336975
0.0445525236427784
0.06716861575841904
0.03129151463508606
0.029098521918058395
0.0007001740159466863
0.09823315590620041
0.10585083067417145
0.06383883208036423
0.06560081988573074
0.042350027710199356
0.12349239736795425
0.09448939561843872
0.09559722989797592
0.07795123010873795
0.07781168073415756
0.07997729629278183
0.25896188616752625
0.0537591390311718
0.00164429796859622
0.04205494001507759
0.04175324738025665
0.053703080862760544
0.02457723394036293
0.030730418860912323
0.0874204933643341
0.049169380217790604
0.09219160676002502
0.033058926463127136
0.07446663081645966
0.05071322247385979
0.17541426420211792
0.060391865670681
0.04907579347491264
0.040446799248456955
0.051416631788015366
0.048112425953149796
0.05612928047776222
0.06665794551372528
0.038626428693532944
0.07955146580934525
0.030259376391768456
0.07890968769788742
0.11018170416355133
0.16194133460521698
0.01083061471581459
0.13165661692619324
0.05847986787557602
0.14264965057373047
0.043103720992803574
0.1218501478433609
0.08713478595018387
0.004023342858999968
0.023217128589749336
0.08959135413169861
0.045651115477085114
0.07980471849441528
0.07191465049982071
0.09003978967666626
0.09020934998989105
0.003098816145211458
0.06893092393875122
0.07416888326406479
0.09122952818870544
0.11140194535255432
0.05155493691563606
0.1050834059715271
0.05579552799463272
0.07280739396810532
0.11781880259513855
0.06502687186002731
0.08073732256889343
0.041867490857839584
0.16537407040596008
0.03586999699473381
0.08717003464698792
0.05384346470236778
0.07251932471990585
0.0754895955324173
0.16175659000873566
0.0754358172416687
0.07043622434139252
0.06391876935958862
0.01726503111422062
0.12484407424926758
0.09089688956737518
0.13767240941524506
0.08223776519298553
0.09543459862470627
0.05112645402550697
0.042156171053647995
0.04806359484791756
0.04239729791879654
0.042698320001363754
0.09314505010843277
0.08162332326173782
0.05683622136712074
0.05503373220562935
0.06079413741827011
0.12034408003091812
0.24376073479652405
0.07338756322860718
0.06927073001861572
0.05396217480301857
0.07231563329696655
0.03089146874845028
0.05958961695432663
0.12060540914535522
0.11432020366191864
0.028721433132886887
0.07697457820177078
0.11742521822452545
0.08183305710554123
0.03390566632151604
0.1343231499195099
0.09408403187990189
0.021523408591747284
0.3713238835334778
0.09707124531269073
0.07965222001075745
0.0799875259399414
0.04841344431042671
0.14252373576164246
0.09551635384559631
0.006614438258111477
0.13396723568439484
0.07157130539417267
0.08906348794698715
0.044731467962265015
0.0895838811993599
0.04447576776146889
0.1462484896183014
0.21531596779823303
0.08147061616182327
0.004760832525789738
0.039322882890701294
0.07165330648422241
0.05577680096030235
0.04942169040441513
0.0881202220916748
0.010061747394502163
0.06153656169772148
0.015445549972355366
0.07101212441921234
0.07595603168010712
0.09321174025535583
0.04921961948275566
0.06019117683172226
0.05907764285802841
0.03461385518312454
0.06485410779714584
0.0382782481610775
0.04560451582074165
0.023323697969317436
0.07059160619974136
0.0442490428686142
0.0605001300573349
0.14570856094360352
0.07328896224498749
0.16067208349704742
0.07847362756729126
0.10602360963821411
0.022811613976955414
0.051234472543001175
0.0840575322508812
0.09828081727027893
0.05151734873652458
0.06545417755842209
0.07707145810127258
0.048192303627729416
0.05239718034863472
0.07478667795658112
0.04414220526814461
0.032806701958179474
0.08097252249717712
0.02857370860874653
0.04186084121465683
0.05070529505610466
0.09544055908918381
0.07326640188694
0.06377476453781128
0.06848964840173721
0.16026762127876282
0.007350175641477108
0.07702562212944031
0.07881931960582733
0.008554952219128609
0.11299937963485718
0.03579235449433327
0.05989234894514084
0.06820564717054367
0.1165623888373375
0.06979093700647354
0.14657311141490936
0.03365877643227577
0.00366297853179276
0.05620197206735611
0.05808873102068901
0.12537190318107605
0.049574609845876694
0.11554516851902008
0.05750156566500664
0.03730706125497818
0.05385982245206833
0.0847986489534378
0.03703080117702484
0.019789833575487137
0.08644913136959076
0.052039116621017456
0.05775144323706627
0.15574397146701813
0.13593724370002747
0.1243414580821991
0.10433202981948853
0.020272962749004364
0.04811996594071388
0.02302609756588936
0.0007688446785323322
0.04005192965269089
0.23067021369934082
0.08960947394371033
0.07350306957960129
0.09078404307365417
0.07743317633867264
0.04487376660108566
0.030474280938506126
0.10148334503173828
0.16732722520828247
0.060037970542907715
0.054119788110256195
0.10881546139717102
0.02580573596060276
0.0798383355140686
0.10830270498991013
0.016435250639915466
0.1497740000486374
0.10068951547145844
0.08587899059057236
0.056824665516614914
0.10552239418029785
0.057884909212589264
0.031028209254145622
0.0034746539313346148
0.05866530165076256
0.1782897561788559
0.10621354728937149
0.027421249076724052
0.20064310729503632
0.15856307744979858
0.19356650114059448
0.07704330235719681
0.0879245325922966
0.1445809155702591
0.05629167705774307
0.07056257873773575
0.05863552168011665
0.019366798922419548
0.13154266774654388
0.053479474037885666
0.03001844696700573
0.040572769939899445
0.09786870330572128
0.04534890502691269
0.15326030552387238
0.06796987354755402
0.10375328361988068
0.07055763155221939
0.06399144977331161
0.06560210883617401
0.04369249567389488
0.08232438564300537
0.10018642991781235
0.018732110038399696
0.07699768245220184
0.07080952823162079
0.0701860710978508
0.07668784260749817
0.009415372274816036
0.00192712910939008
0.0115650724619627
0.05892331898212433
0.13867677748203278
0.04917681962251663
0.08624972403049469
0.020331893116235733
0.1252748817205429
0.04658212885260582
0.0430179238319397
0.144059419631958
0.08661635220050812
0.11366577446460724
0.03318851813673973
0.026764193549752235
0.11337633430957794
0.06403718143701553
0.07497096061706543
0.045402731746435165
0.02719854936003685
0.1144675686955452
0.07342294603586197
0.07246249169111252
0.01588519662618637
0.0638187825679779
0.13313469290733337
0.07448258996009827
0.22372734546661377
0.01712104305624962
0.03303711861371994
0.06518427282571793
0.025469601154327393
0.0495917946100235
0.1015123501420021
0.05262594297528267
0.05922381579875946
0.14350080490112305
0.1204889565706253
0.0796981006860733
0.11245732754468918
0.07344639301300049
0.07650340348482132
0.011361867189407349
0.14472956955432892
0.1080770194530487
0.07723955810070038
0.1592635065317154
0.05502535402774811
0.05804957449436188
0.10738737881183624
0.13286243379116058
0.05567638576030731
0.08146710693836212
0.1122407466173172
0.055673811584711075
0.053138379007577896
0.11358828842639923
0.04811054840683937
0.04100024700164795
0.0026873804163187742
0.09305799007415771
0.047999195754528046
0.09748955816030502
0.08925110101699829
0.08934549987316132
0.08957648277282715
0.10052381455898285
0.034955818206071854
0.035279035568237305
0.018915550783276558
0.04693617671728134
0.07347646355628967
0.04796662926673889
0.07372759282588959
0.22079791128635406
0.03629058972001076
0.09324663877487183
0.11719343811273575
0.11800272762775421
0.059209201484918594
0.08984638750553131
0.11681120097637177
0.08002126961946487
0.054445475339889526
0.003278298070654273
0.07523345947265625
0.07543473690748215
0.07558131963014603
0.03462813049554825
0.011631716042757034
0.05075181648135185
0.14549575746059418
0.05028872191905975
0.19881117343902588
0.022050080820918083
0.08541110157966614
0.03520055487751961
0.1653342843055725
0.0764266699552536
0.08720210939645767
0.022229792550206184
0.0668656975030899
0.13917788863182068
0.039433225989341736
0.07490704953670502
0.03920720890164375
0.11430364847183228
0.09191947430372238
0.09104911983013153
0.12240750342607498
0.07153001427650452
0.07321614027023315
0.014578232541680336
0.08789807558059692
0.08644981682300568
0.06593387573957443
0.21483853459358215
0.09092308580875397
0.02405928261578083
0.10087575018405914
0.049492284655570984
0.04102754965424538
0.1430673748254776
0.03933236747980118
0.0007221021223813295
0.058281395584344864
0.011055232025682926
0.051554180681705475
0.07229658216238022
0.17969021201133728
0.05312448367476463
0.049642935395240784
0.21284669637680054
0.08092686533927917
0.18392632901668549
0.11873654276132584
0.05055755376815796
0.06657282263040543
0.03295937925577164
0.043448761105537415
0.1373908668756485
0.04717445746064186
0.1876787692308426
0.11418774724006653
0.025596527382731438
0.03857855126261711
0.11697797477245331
0.05172646418213844
0.029650839045643806
0.13789118826389313
0.10141467303037643
0.08083069324493408
0.0596577525138855
0.047154948115348816
0.08215294033288956
0.061811912804841995
0.08288244903087616
0.09398020058870316
0.0032815008889883757
0.07034721225500107
0.04022779315710068
0.026017257943749428
0.13342814147472382
0.10821782797574997
0.07872560620307922
0.0638393834233284
0.21760472655296326
0.10641676187515259
0.20886509120464325
0.0839342474937439
0.11693733930587769
0.0660315752029419
0.11509067565202713
0.009044582024216652
0.045630503445863724
0.062265995889902115
0.058566175401210785
0.05057372897863388
0.09864860028028488
0.14023463428020477
0.05080859735608101
0.08114346861839294
0.1358460932970047
0.019820118322968483
0.08054263144731522
0.0319468155503273
0.07090822607278824
0.0018924514297395945
0.003960425965487957
0.053192295134067535
0.06069808825850487
0.023437269032001495
0.058714158833026886
0.07814861088991165
0.0480479896068573
0.06444652378559113
0.27719101309776306
0.047823306173086166
0.11379091441631317
0.0355074480175972
0.08268751949071884
0.07622465491294861
0.08527809381484985
0.042782559990882874
0.0021084947511553764
0.03927833214402199
0.07378249615430832
0.0009761576075106859
0.12679246068000793
0.10237353295087814
0.05072062090039253
0.02435755357146263
0.08140243589878082
0.07847903668880463
0.03468439355492592
0.07288207113742828
0.07725276052951813
0.011305861175060272
0.03621412441134453
0.16668273508548737
0.07081033289432526
0.006270873360335827
0.059945739805698395
0.08491247892379761
0.09012269973754883
0.12411952018737793
0.13325746357440948
0.09819817543029785
0.04311009868979454
0.20024679601192474
0.103572316467762
0.15779389441013336
0.1506611704826355
0.022961309179663658
0.11918742954730988
0.0685439258813858
0.21615588665008545
0.07279447466135025
0.04570280387997627
0.06701412796974182
0.030518215149641037
0.10660022497177124
0.11279737949371338
0.06785684078931808
0.04467272385954857
0.026172855868935585
0.01284466776996851
0.029442792758345604
0.06348858028650284
0.03176159784197807
0.09658444672822952
0.12039153277873993
0.14642539620399475
0.13085044920444489
0.06657225638628006
0.04006073623895645
0.07488848268985748
0.08528607338666916
0.09520630538463593
0.06084756925702095
0.09998921304941177
0.03884559124708176
0.16193126142024994
0.061600178480148315
0.10270998626947403
0.10996554046869278
0.10627884417772293
0.07190076261758804
0.007156330160796642
0.12429147958755493
0.09009108692407608
0.12005434930324554
0.04261660948395729
0.05028258264064789
0.09281106293201447
0.026655608788132668
0.012982622720301151
0.060323406010866165
0.05563895404338837
0.0701112374663353
0.0978095754981041
0.021251168102025986
0.14040607213974
0.05264045670628548
0.08025620132684708
0.03360193222761154
0.09305819123983383
0.13184988498687744
0.17699791491031647
0.1222594678401947
0.05446581542491913
0.08893868327140808
0.09957470744848251
0.08886533975601196
0.06311892718076706
0.07157106697559357
0.07405680418014526
0.12912246584892273
0.24966566264629364
0.11236592382192612
0.049676720052957535
0.06393193453550339
0.11557608842849731
0.09607852250337601
0.08269594609737396
0.022233717143535614
0.13642272353172302
0.028879256919026375
0.009613975882530212
0.07600125670433044
0.08366549015045166
0.10600735992193222
0.05039351433515549
0.012022482231259346
0.09530320018529892
0.060941338539123535
0.03408238664269447
0.08711916208267212
0.07528615742921829
0.038932543247938156
0.06349530071020126
0.053282126784324646
0.1222735121846199
0.12312674522399902
0.06125641241669655
0.019917652010917664
0.03100990317761898
0.11201842129230499
0.09108971059322357
0.16485324501991272
0.09544506669044495
0.04877921938896179
0.08815837651491165
0.07191585004329681
0.0469178631901741
0.08471894264221191
0.004951680079102516
0.0921291708946228
0.31049492955207825
0.04986691102385521
0.128029465675354
0.0027741158846765757
0.048537157475948334
0.1323687732219696
0.09216347336769104
0.0865778923034668
0.045462001115083694
0.09227345883846283
0.056248169392347336
0.08546553552150726
0.06522566080093384
0.10380293428897858
0.13910430669784546
0.03186055272817612
0.007362555246800184
0.17003950476646423
0.12676745653152466
0.028011448681354523
0.22034449875354767
0.0650131106376648
0.041320525109767914
0.08171980828046799
0.0956980511546135
0.05786914378404617
0.035757146775722504
0.06970387697219849
0.016673371195793152
0.11111508309841156
0.05702066421508789
0.06348959356546402
0.023846104741096497
0.18749471008777618
0.08266078680753708
0.04930201172828674
0.08746588230133057
0.17201046645641327
0.007548687048256397
0.06861084699630737
0.07907974720001221
0.10830768197774887
0.07266578078269958
0.053370170295238495
0.07487374544143677
0.07769593596458435
0.08403991162776947
0.08042772114276886
0.05918613821268082
0.04544423520565033
0.11071641743183136
0.05295177176594734
0.14914964139461517
0.07188154011964798
0.08448442816734314
0.030280979350209236
0.0631699338555336
0.027811141684651375
0.06436551362276077
0.07126769423484802
0.21433597803115845
0.0756748765707016
0.09513495862483978
0.046378668397665024
0.04927634820342064
0.0381648875772953
0.08611396700143814
0.18492217361927032
0.07344722002744675
0.052146319299936295
0.056478455662727356
0.12239107489585876
0.09392312169075012
0.1379668414592743
0.1319975107908249
0.0970841720700264
0.07830608636140823
0.10639441758394241
0.12795940041542053
0.05303215608000755
0.038308292627334595
0.04110720753669739
0.0783093273639679
0.061003874987363815
0.0682830661535263
0.11263395100831985
0.09075890481472015
0.09157516807317734
0.07695815712213516
0.1831047236919403
0.06920430809259415
0.07863704860210419
0.044125065207481384
0.007343712262809277
0.04235776513814926
0.07068712264299393
0.09145253896713257
0.20056943595409393
0.004718910902738571
0.03662518411874771
0.03993753716349602
0.06199416145682335
0.13641205430030823
0.02346142567694187
0.025560084730386734
0.07400832325220108
0.03676573559641838
0.08377529680728912
0.03388870880007744
0.0905395969748497
0.023716898635029793
0.03536522015929222
0.04802703112363815
0.021371493116021156
0.019610503688454628
0.03647233173251152
0.05696078762412071
0.21860483288764954
0.2242937535047531
0.11098930984735489
0.05883774161338806
0.07676258683204651
0.08867079019546509
0.4004803001880646
0.08466702699661255
0.22376608848571777
0.0987119972705841
0.056999292224645615
0.22474229335784912
0.05475851893424988
0.09608352929353714
0.0695054829120636
0.05635921657085419
0.13746796548366547
0.12553533911705017
0.06695878505706787
0.13708345592021942
0.0372190847992897
0.10442928969860077
0.07977648079395294
0.07926281541585922
0.053493350744247437
0.0698273554444313
0.03908858075737953
0.11946031451225281
0.140153169631958
0.13517014682292938
0.0777917355298996
0.023068219423294067
0.020212044939398766
0.02956385910511017
0.08150535076856613
0.08241800218820572
0.33300670981407166
0.15490201115608215
0.10449924319982529
0.0684952437877655
0.0008879610104486346
0.09316675364971161
0.1513051986694336
0.003861025208607316
0.021188514307141304
0.1632080227136612
0.11299128085374832
0.018772097304463387
0.030611727386713028
0.129505917429924
0.19804415106773376
0.22475290298461914
0.07808529585599899
0.12308314442634583
0.11925843358039856
0.2279624193906784
0.036575138568878174
0.10848382860422134
0.08244576305150986
0.07144735753536224
0.0829811617732048
0.10434255003929138
0.05232982337474823
0.033061202615499496
0.09751273691654205
0.116326242685318
0.0321490615606308
0.05075088515877724
0.10105399787425995
0.059677109122276306
0.0626530647277832
0.07333951443433762
0.06120304763317108
0.055537182837724686
0.002431610133498907
0.08129860460758209
0.24647070467472076
0.0858728289604187
0.09613730758428574
0.17740195989608765
0.11818227171897888
0.04257650673389435
0.025514941662549973
0.059151504188776016
0.05458853021264076
0.051916178315877914
0.07108856737613678
0.10500457882881165
0.13884171843528748
0.07040761411190033
0.08491459488868713
0.01075712963938713
0.06473692506551743
0.030023304745554924
0.11646807938814163
0.031924057751894
0.06174234673380852
0.09231799840927124
0.07403040677309036
0.04902983456850052
0.001766182016581297
0.03406736999750137
0.00030776631319895387
0.06026838347315788
0.04834903031587601
0.07038338482379913
0.055468760430812836
0.1260552853345871
0.0524473711848259
0.21249598264694214
0.021462207660079002
0.021142641082406044
0.08695275336503983
0.049817051738500595
0.03579402342438698
0.08295636624097824
0.07619480788707733
0.15257294476032257
0.06962572038173676
0.07847964763641357
0.1350906789302826
0.22140152752399445
0.017608001828193665
0.03236870467662811
0.1775590479373932
0.059255607426166534
0.02625318244099617
0.059124596416950226
0.03531898185610771
0.0029675178229808807
0.026579475030303
0.21151265501976013
0.10366913676261902
0.04460025206208229
0.06387507170438766
0.11945425719022751
0.02998514473438263
0.044537801295518875
0.16989949345588684
0.09770946949720383
0.003715300699695945
0.10399986803531647
0.26690584421157837
0.06564626097679138
0.11671222746372223
0.031907856464385986
0.02529395930469036
0.05220689997076988
0.022904273122549057
0.15742535889148712
0.10016199201345444
0.06082653999328613
0.02511313185095787
0.08799418061971664
0.10295356810092926
0.11600171774625778
0.06462424993515015
0.11747445166110992
0.2713242173194885
0.049215953797101974
0.07112248241901398
0.06342072784900665
0.09011803567409515
0.13834987580776215
0.044582583010196686
0.08394896984100342
0.037325628101825714
0.024704668670892715
0.10487322509288788
0.03015284426510334
0.016987059265375137
0.06637082248926163
0.03845517709851265
0.009129868820309639
0.01865709200501442
0.1189233809709549
0.01974295824766159
0.056462716311216354
0.031727515161037445
0.07931455224752426
0.06088148429989815
0.051808107644319534
0.10556233674287796
0.006180799566209316
0.09250880032777786
0.12547113001346588
0.03448759391903877
0.09083384275436401
0.10432206839323044
0.04281846433877945
0.08387728780508041
0.05545029416680336
0.0860782340168953
0.017392655834555626
0.05817287042737007
0.11444578319787979
0.04100024327635765
0.1940111666917801
0.10459138453006744
0.0836678072810173
0.08670812845230103
0.1636330783367157
0.035493750125169754
0.06134161353111267
0.03605533391237259
0.11552568525075912
0.037073764950037
0.09220867604017258
0.11900646984577179
0.07445607334375381
0.1163942962884903
0.08950461447238922
0.09044738113880157
0.1171555444598198
0.10014481097459793
0.06575773656368256
0.04204830899834633
0.10057426244020462
0.18659844994544983
0.14958524703979492
0.054090458899736404
0.033761221915483475
0.1269138604402542
0.12838934361934662
0.103859081864357
0.12758341431617737
0.006600204389542341
0.05536966770887375
0.11274290084838867
0.11975117772817612
0.06158154457807541
0.08929671347141266
0.0924418568611145
0.027738023549318314
0.06786046922206879
0.0619693361222744
0.22884154319763184
0.11562570184469223
0.008160196244716644
0.14740045368671417
0.09010643512010574
0.12616416811943054
0.04864443093538284
0.0519164614379406
0.17161816358566284
0.07333504408597946
0.0524621456861496
0.04262528195977211
0.043032512068748474
0.04445955529808998
0.05582141876220703
0.08934814482927322
0.023614292964339256
0.112094946205616
0.061786822974681854
0.0532144270837307
0.10451145470142365
0.09923695027828217
0.03253025934100151
0.001902323798276484
0.06448236852884293
0.0003117263549938798
0.05385729670524597
0.15612605214118958
0.013610790483653545
0.1047113835811615
0.020601071417331696
0.06415931135416031
0.1329028606414795
0.015250365249812603
0.24859383702278137
0.09009718894958496
0.061392638832330704
0.02460215426981449
0.13697697222232819
0.03489365801215172
0.07166037708520889
0.17399181425571442
0.100562684237957
0.02459007129073143
0.03088342398405075
0.05367486923933029
0.04813019931316376
0.07091514021158218
0.06016601622104645
0.0006130561814643443
0.08211511373519897
0.05541887879371643
0.1040186733007431
0.01981854997575283
0.06075911968946457
0.06518998742103577
0.031607531011104584
0.12170719355344772
0.01304645836353302
0.09490358084440231
0.04347041994333267
0.06305023282766342
0.06535090506076813
0.045416321605443954
0.0987350344657898
0.12330778688192368
0.0243906881660223
0.004713830538094044
0.02066086232662201
0.04444684833288193
0.05760063976049423
0.07523085176944733
0.11353334784507751
0.008491226471960545
0.0775122195482254
0.07212495058774948
0.0006431179353967309
0.12320172041654587
0.13164246082305908
0.0399119034409523
0.08494521677494049
0.24737145006656647
0.15604457259178162
0.054255545139312744
0.02841370180249214
0.10000782459974289
0.037209402769804
0.13074474036693573
0.11047373712062836
0.08435147255659103
0.1144619733095169
0.056345030665397644
0.12061450630426407
0.05388786643743515
0.029688749462366104
0.062095582485198975
0.06394650787115097
0.05346914380788803
0.07765977084636688
0.11727654933929443
0.04810511693358421
0.01653972826898098
0.020430756732821465
0.08926980197429657
0.144643634557724
0.032716572284698486
0.07251272350549698
0.04764384776353836
0.10152988880872726
0.09840673953294754
0.043657463043928146
0.026113547384738922
0.0768902599811554
0.01503316592425108
0.034928157925605774
0.26011306047439575
0.04429713636636734
0.09013114869594574
0.12140308320522308
0.0529402419924736
0.18177250027656555
0.00754604721441865
0.10907376557588577
0.0472843274474144
0.054453421384096146
0.09627015888690948
0.03794628009200096
0.044557616114616394
0.09342198073863983
0.11763884872198105
0.07902661710977554
0.1920282542705536
0.15872366726398468
0.038993291556835175
0.07269395887851715
0.1596970111131668
0.025212876498699188
0.11064931750297546
0.03813837096095085
0.13033151626586914
0.08709342032670975
0.013730601407587528
0.04278351739048958
0.26766836643218994
0.050098732113838196
0.05914228409528732
0.06310547888278961
0.05797566473484039
0.02981480583548546
0.12495508790016174
0.037075627595186234
0.18440145254135132
0.0787096619606018
0.02549850009381771
0.07173015922307968
0.06994686275720596
0.06728541851043701
0.09675133228302002
0.035236962139606476
0.07982812821865082
0.13534720242023468
0.10854346305131912
0.03654911369085312
0.04196520894765854
0.045400552451610565
0.051423072814941406
0.1091865673661232
0.06303814053535461
0.06084044650197029
0.00985818263143301
0.18356823921203613
0.08261458575725555
0.04177653044462204
0.06534262001514435
0.07636931538581848
0.06950868666172028
0.1646789014339447
0.09462179243564606
0.055835410952568054
0.0069365911185741425
0.0679994449019432
0.004123496823012829
0.016053710132837296
0.0628294125199318
0.03670979663729668
0.029117293655872345
0.07264295965433121
0.031564805656671524
0.03843649849295616
0.021124759688973427
0.070160873234272
0.05570552870631218
0.0618588849902153
0.07493221759796143
0.12167668342590332
0.04574500024318695
0.14431385695934296
0.05220111832022667
0.04544316604733467
0.06835779547691345
0.09588945657014847
0.0382622554898262
0.07258792966604233
0.038900505751371384
0.1369941532611847
0.03645254299044609
0.06620824337005615
0.059274572879076004
0.0030625304207205772
0.09564267843961716
0.13132238388061523
0.24874427914619446
0.1515336036682129
0.0731469988822937
0.04846559092402458
0.1426563262939453
0.07278748601675034
0.03764049708843231
0.04704829677939415
0.11725963652133942
0.08695380389690399
0.019688379019498825
0.04161835461854935
0.06770054250955582
0.04015679284930229
0.06168254092335701
0.03906647861003876
0.056367821991443634
0.12974771857261658
0.04794362932443619
0.08269115537405014
0.0646124854683876
0.07451364398002625
0.02766568772494793
0.03518010303378105
0.06914902478456497
0.052147772163152695
0.10022631287574768
0.09146318584680557
0.04121255502104759
0.09048840403556824
0.08896280080080032
0.09875692427158356
0.12711916863918304
0.06464403122663498
0.18030191957950592
0.11192439496517181
0.05580003932118416
0.0449812114238739
0.08488933742046356
0.08906273543834686
0.09130201488733292
0.024263456463813782
0.1081596240401268
0.102120541036129
0.015311471186578274
0.08011164516210556
0.044833287596702576
0.025654129683971405
0.049318987876176834
0.041672974824905396
0.0002765279496088624
0.022722577676177025
0.03964080661535263
0.08998003602027893
0.05790462717413902
0.07731720060110092
0.04298818111419678
0.026364173740148544
0.0323677696287632
0.0697048157453537
0.14258883893489838
0.000992530956864357
0.044136181473731995
0.027789274230599403
0.04466484859585762
0.05903039500117302
0.1296408474445343
0.025943297892808914
0.05580525100231171
0.09547579288482666
0.045872949063777924
0.05016689747571945
0.06012281775474548
0.03177657723426819
0.10527946799993515
0.047989509999752045
0.02826901711523533
0.040159229189157486
0.04969975724816322
0.08877871930599213
0.03249584510922432
0.08776489645242691
0.05738651752471924
0.06434869766235352
0.019607538357377052
0.2038809359073639
0.07761926203966141
0.08432350307703018
0.1313631534576416
0.10486278682947159
0.0377749539911747
0.08172719180583954
0.050846703350543976
0.0917249396443367
0.01555826235562563
0.12910184264183044
0.04096648097038269
0.03336746618151665
0.0649433583021164
0.0660107210278511
0.0326317623257637
0.03929084166884422
0.058338336646556854
0.0036971319932490587
0.09611878544092178
0.19742363691329956
0.05620580539107323
0.07978152483701706
0.06408306211233139
0.013470577076077461
0.057898689061403275
0.06236807256937027
0.09423822164535522
0.16280698776245117
0.0025425914209336042
0.0396440364420414
0.026382211595773697
0.08048328757286072
0.14960412681102753
0.047199904918670654
0.10953935980796814
0.14904047548770905
0.037195704877376556
0.04383758082985878
0.0448366142809391
0.039247188717126846
0.12225835025310516
0.03015960566699505
0.045440442860126495
0.020503131672739983
0.03210078552365303
0.08860921114683151
0.05847040191292763
0.04346298798918724
0.09839922934770584
0.10871752351522446
0.1196427047252655
0.021202901378273964
0.0021753692999482155
0.04381797835230827
0.07792285829782486
0.07276436686515808
0.06452766805887222
0.04061359167098999
0.07528533041477203
0.055486537516117096
0.12787427008152008
0.06096229702234268
0.03808745741844177
0.06050154194235802
0.02393128164112568
0.06979027390480042
0.0397554486989975
0.2505747079849243
0.11124659329652786
0.07373879849910736
0.10175985097885132
0.22965963184833527
0.12929977476596832
0.05848291516304016
0.07189812511205673
0.10188516974449158
0.07388466596603394
0.01987770013511181
0.02436874993145466
0.000931629678234458
0.06915636360645294
0.2131514698266983
0.015289826318621635
0.07483764737844467
0.08432109653949738
0.07253064960241318
0.0695621594786644
0.041942063719034195
0.02954726666212082
0.07287153601646423
0.001121456385590136
0.0839226245880127
0.09010203182697296
0.07010790705680847
0.005735209211707115
0.02722008526325226
0.05918777361512184
0.05028809234499931
0.04631265252828598
0.07341276109218597
0.07184702903032303
0.006898313760757446
0.13751013576984406
0.0675438717007637
0.05544956773519516
0.07617628574371338
0.10044638067483902
0.053252656012773514
0.0783843994140625
0.0839967206120491
0.03446048125624657
0.040014009922742844
0.031211350113153458
0.0770837590098381
0.0624982975423336
0.016926106065511703
0.11784254759550095
0.08583270758390427
0.08828523755073547
0.03398610278964043
0.11798545718193054
0.07872598618268967
0.08806301653385162
0.06332667171955109
0.04960661381483078
0.2061469405889511
0.011753036640584469
0.06614409387111664
0.2811625003814697
0.06754066795110703
0.04579813405871391
0.08636551350355148
0.0616489015519619
0.0005408592405728996
0.02872614935040474
0.15974079072475433
0.0754120871424675
0.12453578412532806
0.021339144557714462
0.07612784951925278
0.18951474130153656
0.10763305425643921
0.09027675539255142
0.078287772834301
0.07403577864170074
0.20394770801067352
0.14702050387859344
0.01943862996995449
0.0620451495051384
0.08253578841686249
0.03407134860754013
0.0004562902613542974
0.07404563575983047
0.056246206164360046
0.023823628202080727
0.05560187250375748
0.008205967023968697
0.043690990656614304
0.05596361681818962
0.10727913677692413
0.10147660970687866
0.1045965626835823
0.03423861414194107
0.0971837267279625
0.10118753463029861
0.12785601615905762
0.0914340391755104
0.03250718116760254
0.06327761709690094
0.032491929829120636
0.08673559129238129
0.05852878838777542
0.060414448380470276
0.07523144781589508
0.1163758710026741
0.11523673683404922
0.08983492106199265
0.1163816824555397
0.02385464496910572
0.042816244065761566
0.0642029270529747
0.029365021735429764
0.07049141079187393
0.032661814242601395
0.11405683308839798
0.06528887152671814
0.04258713498711586
0.0691152960062027
0.13514220714569092
0.23089133203029633
0.031599320471286774
0.05833113193511963
0.0011990370694547892
0.2335708886384964
0.02279854565858841
0.03268205374479294
0.08101200312376022
0.11732747405767441
0.06224260851740837
0.2519737482070923
0.08486207574605942
0.044703319668769836
0.07819671928882599
0.08794919401407242
0.053491268306970596
0.07318617403507233
0.07032440602779388
0.03284820541739464
0.018505103886127472
0.061666905879974365
0.11504021286964417
0.18377536535263062
0.054544638842344284
0.10155357420444489
0.05683779716491699
0.15782900154590607
0.1499732881784439
0.09847971796989441
0.01943305693566799
0.11271835118532181
0.06814608722925186
0.09891971945762634
0.1255689561367035
0.04305465146899223
0.046969301998615265
0.049341171979904175
0.08658769726753235
0.07824081927537918
0.023383064195513725
0.024983249604701996
0.10403332114219666
0.05642367899417877
0.05165563523769379
0.10093221068382263
0.059976231306791306
0.06020115688443184
0.26425352692604065
0.1015513688325882
0.11787806451320648
0.004081111866980791
0.0505027174949646
0.005323481746017933
0.11224773526191711
0.055083077400922775
0.08082082867622375
0.0004112064780201763
0.04796827584505081
0.1475164294242859
0.04245424270629883
0.08767323195934296
0.02422347292304039
0.07151965796947479
0.1512540876865387
0.02788499929010868
0.047238368541002274
0.04500306770205498
0.048496052622795105
0.009056045673787594
0.11058218777179718
0.18464109301567078
0.02288506180047989
0.10072377324104309
0.07970430701971054
0.11566901952028275
0.12079741060733795
0.09570592641830444
0.08859921991825104
0.036985769867897034
0.029901547357439995
0.04038956016302109
0.11990203708410263
0.08304169774055481
0.08817018568515778
0.030429817736148834
0.09352299571037292
0.08876635879278183
0.08166960626840591
0.04968668892979622
0.05895492807030678
0.14464116096496582
0.0788193941116333
0.04446376860141754
0.02705485187470913
0.11849678307771683
0.03492111340165138
0.03889036178588867
0.019070230424404144
0.055346034467220306
0.11489833891391754
0.2682536840438843
0.07507539540529251
0.031111033633351326
0.05644205957651138
0.06176377087831497
0.018948277458548546
0.09516420215368271
0.1058589518070221
0.060986027121543884
0.05416775867342949
0.06867708265781403
0.09440847486257553
0.03457189351320267
0.10009189695119858
0.07401836663484573
0.06625106930732727
0.08003468811511993
0.0231330506503582
0.05577493831515312
0.026984727010130882
0.053042761981487274
0.07682620733976364
0.08069043606519699
0.09408017992973328
0.10321911424398422
0.024922184646129608
0.00047233025543391705
0.01836717128753662
0.02493700198829174
0.09375327825546265
0.08012307435274124
0.12016914784908295
0.03307412564754486
0.08919846266508102
0.07597748190164566
0.06429191678762436
0.14138472080230713
0.027804484590888023
0.07313834875822067
0.09983208030462265
0.012655229307711124
0.10257197171449661
0.05766303092241287
0.2034706175327301
0.035678934305906296
0.13694970309734344
0.08749138563871384
0.11613231897354126
0.10663546621799469
0.09583301842212677
0.05996672809123993
0.015844229608774185
0.02005884237587452
0.07285168766975403
0.06207013502717018
0.10244343429803848
0.06689557433128357
0.03289525955915451
0.1438046544790268
0.05373726040124893
0.0904214009642601
0.03749755397439003
0.06056990101933479
0.05112959071993828
0.02828429453074932
0.11335071921348572
0.08041166514158249
0.06562350690364838
0.06779178231954575
0.005651639774441719
0.01964529976248741
0.11055479198694229
0.0003325936559122056
0.04570332542061806
0.0954783484339714
0.05085711181163788
0.07238930463790894
0.12369194626808167
0.06473284959793091
0.1307351291179657
0.037711091339588165
0.22860197722911835
0.09085513651371002
0.00042144962935708463
0.022486262023448944
0.05648688226938248
0.03781326115131378
0.019708648324012756
0.13789120316505432
0.06709404289722443
0.03429654985666275
0.03793357312679291
0.06296893954277039
0.056571464985609055
0.02156793884932995
0.05251532420516014
0.0006949050584807992
0.07156608253717422
0.10612887144088745
0.07911010086536407
0.12341389060020447
0.006642691325396299
0.053042951971292496
0.10490300506353378
0.03846968337893486
0.01762966997921467
0.04200295731425285
0.0389464870095253
0.1236380860209465
0.06812319159507751
0.055321674793958664
0.05790305137634277
0.09719233959913254
0.05959709733724594
0.1420050859451294
0.04949295148253441
0.08821014314889908
0.02005520462989807
0.053670670837163925
0.18649110198020935
0.10700617730617523
0.09155993163585663
0.009049445390701294
0.028837736696004868
0.10150894522666931
0.10764117538928986
0.058289263397455215
0.06780347973108292
0.09817830473184586
0.05267946049571037
0.07260351628065109
0.00872440729290247
0.07155733555555344
0.03563223034143448
0.04298192262649536
0.0783323422074318
0.030862117186188698
0.05857573822140694
0.06254611164331436
0.08537942171096802
0.12202833592891693
0.1209869310259819
0.06728282570838928
0.07422678172588348
0.07329191267490387
0.030871817842125893
0.1436605304479599
0.0410730242729187
0.05555959790945053
0.10979150980710983
0.03664190694689751
0.035070423036813736
0.04112296923995018
0.13348472118377686
0.05806662514805794
0.06265965849161148
0.03976421430706978
0.05735449492931366
0.10351439565420151
0.036157894879579544
0.10587523877620697
0.1408357471227646
0.20995771884918213
0.0007353246328420937
0.09905139356851578
0.045837339013814926
0.04912202060222626
0.013045149855315685
0.19136947393417358
0.058874279260635376
0.07298396527767181
0.10276955366134644
0.11291048675775528
0.1002875566482544
0.14546747505664825
0.024676183238625526
0.03466620296239853
0.07399194687604904
0.03757435455918312
0.0005679511232301593
0.06869010627269745
0.08546461910009384
0.0015203997027128935
0.10635334253311157
0.08054504543542862
0.05536295846104622
0.16638295352458954
0.054295532405376434
0.06692801415920258
0.08024059981107712
0.027256691828370094
0.0788155272603035
0.06693518906831741
0.05347411334514618
0.10094563663005829
0.027209976688027382
0.06159551814198494
0.013552314601838589
0.06929964572191238
0.055371448397636414
0.08509501069784164
0.10157192498445511
0.05027078464627266
0.05712469667196274
0.02892099693417549
0.06901897490024567
0.045667387545108795
0.09857460856437683
0.006597218103706837
0.09048482775688171
0.13018620014190674
0.11741272360086441
0.12079313397407532
0.07072977721691132
0.04568052291870117
0.10077307373285294
0.07869832217693329
0.07546498626470566
0.06156134605407715
0.07436330616474152
0.03166954964399338
0.09542366862297058
0.026178603991866112
0.0743536427617073
0.23832879960536957
0.06625277549028397
0.088004931807518
0.18647246062755585
0.08827929943799973
0.05576077848672867
0.07583209127187729
0.0349353589117527
0.005207679234445095
0.010407947935163975
0.04212772473692894
0.10158608853816986
0.04487038403749466
0.08173845708370209
0.06980880349874496
0.09937291592359543
0.12365106493234634
0.06448505818843842
0.11402348428964615
0.06981278955936432
0.05483599007129669
0.07707100361585617
0.06756797432899475
0.07981909811496735
0.023235930129885674
0.06293026357889175
0.05153788626194
0.03594547510147095
0.08611414581537247
0.07939934730529785
0.04887319728732109
0.06402932107448578
0.04162423685193062
0.1230851486325264
0.06788808107376099
0.06328701227903366
0.18057101964950562
0.10625499486923218
0.10729032754898071
0.024927016347646713
0.042818594723939896
0.11482298374176025
0.08003231883049011
0.09756755828857422
0.09843744337558746
0.02325492911040783
0.18267565965652466
0.030780253931879997
0.0719190314412117
0.1301763951778412
0.29142290353775024
0.05931653827428818
0.09535413235425949
0.05585916340351105
0.02959119714796543
0.16707275807857513
0.041872769594192505
0.18978510797023773
0.062312282621860504
0.09038802981376648
0.08551569283008575
0.017992621287703514
0.07994355261325836
0.04108204320073128
0.08011786639690399
0.09537665545940399
0.03229663893580437
0.045119065791368484
0.09251239895820618
0.14029325544834137
0.08723197132349014
0.05484768748283386
0.13856124877929688
0.12052281945943832
0.053839925676584244
0.0817384421825409
0.12716200947761536
0.058469854295253754
0.032902155071496964
0.07126783579587936
0.0016382340108975768
0.14680351316928864
0.06685644388198853
0.13348263502120972
0.1493486762046814
0.06448051333427429
0.13850584626197815
0.11020999401807785
0.10882105678319931
0.11032705008983612
0.025483129546046257
0.07789088040590286
0.06814952194690704
0.08620692789554596
0.03482726588845253
0.112724170088768
0.07731512188911438
0.07487422227859497
0.05574553832411766
0.006363085471093655
0.09963133931159973
0.08231614530086517
0.041608430445194244
0.08124911040067673
0.09077088534832001
0.15533292293548584
0.09222376346588135
0.062222689390182495
0.05202906206250191
0.08801804482936859
0.09450939297676086
0.08665336668491364
0.07819753885269165
0.03306737169623375
0.15604950487613678
0.09349533915519714
0.04780513793230057
0.06258578598499298
0.0885123461484909
0.05432946979999542
0.12467852234840393
0.05193560570478439
0.021447958424687386
0.05331888422369957
0.05175156891345978
0.09275233745574951
0.13358275592327118
0.07366681843996048
0.11993331462144852
0.058595139533281326
0.08374729752540588
0.11728795617818832
0.0517987459897995
0.04996327683329582
0.06525274366140366
0.0813450813293457
0.12212236225605011
0.15971697866916656
0.07318568974733353
0.14548903703689575
0.06814956665039062
0.10725250095129013
0.06881890445947647
0.12081806361675262
0.04821949452161789
0.09283445030450821
0.023520834743976593
0.12328147888183594
0.0299614816904068
0.04440227150917053
0.08210472762584686
0.055152777582407
0.08489051461219788
0.05238336697220802
0.07805488258600235
0.014853926375508308
0.053456611931324005
0.14851810038089752
0.0635366141796112
0.03766055777668953
0.11313693225383759
0.09314814954996109
0.06011510640382767
0.01629350148141384
0.0024018501862883568
0.18093241751194
0.06571851670742035
0.037388019263744354
0.02872142568230629
0.14899909496307373
0.05383315682411194
0.027795596048235893
0.04572931304574013
0.03387001156806946
0.04375997185707092
0.09705556184053421
0.033880289644002914
0.026460982859134674
0.08419550210237503
0.12525297701358795
0.22661110758781433
0.03586793690919876
0.04502968490123749
0.0006242893286980689
0.07908137887716293
0.10152432322502136
0.07415169477462769
0.10588663071393967
0.14098547399044037
0.0585404634475708
0.03279626742005348
0.07239318639039993
0.09301617741584778
0.019489914178848267
0.0448899045586586
0.04351391643285751
0.018601076677441597
0.06280246376991272
0.027334745973348618
0.09049276262521744
0.04982340335845947
0.009151741862297058
0.13516563177108765
0.04921038821339607
0.10849406570196152
0.05180692672729492
0.1270439624786377
0.05345221608877182
0.025942327454686165
0.20997460186481476
0.1455877274274826
0.060221120715141296
0.047988634556531906
0.06148219108581543
0.1519220471382141
0.0041963146068155766
0.08035343885421753
0.10463137179613113
0.07421659678220749
0.0633026510477066
0.06308429688215256
0.01122562400996685
0.0790766105055809
0.031938496977090836
0.05862307548522949
0.05795218050479889
0.059623315930366516
0.018878687173128128
0.21955302357673645
0.09628114104270935
0.049698356539011
0.07781636714935303
0.03448387607932091
0.03579339012503624
0.022800585255026817
0.016976147890090942
0.03830518200993538
0.04451232776045799
0.044162169098854065
0.0977955088019371
0.09964374452829361
0.030423231422901154
0.07145772874355316
0.03150663152337074
0.07208245992660522
0.13246601819992065
0.07751932740211487
0.07378911972045898
0.07140683382749557
0.08082142472267151
0.09761364012956619
0.09151273220777512
0.1915663778781891
0.165899395942688
0.058540087193250656
0.08705951273441315
0.128214031457901
0.06888159364461899
0.03406042233109474
0.04615537449717522
0.06037534773349762
0.1870102882385254
0.16939212381839752
0.03949134796857834
0.05784781277179718
0.11418214440345764
0.13495640456676483
0.037588249891996384
0.07019784301519394
0.030607445165514946
0.06779132783412933
0.036939702928066254
0.05127795785665512
0.0931587740778923
0.09476478397846222
0.03467835113406181
0.011665191501379013
0.03245420381426811
0.09345945715904236
0.060633957386016846
0.08117472380399704
0.04334776848554611
0.024223346263170242
0.10658115148544312
0.06282227486371994
0.03290335461497307
0.10242689400911331
0.05971384793519974
0.04474722221493721
0.12636592984199524
0.047844525426626205
0.05495118349790573
0.09558280557394028
0.07145696133375168
0.14692318439483643
0.07093778252601624
0.08116468042135239
0.06732358783483505
0.0579025037586689
0.10034795850515366
0.3150129020214081
0.07487717270851135
0.16535598039627075
0.03164966031908989
0.06950459629297256
0.0849597379565239
0.004757080692797899
0.015200427733361721
0.02427685633301735
0.10344724357128143
0.09026015549898148
0.1149807795882225
0.053940314799547195
0.0486379936337471
0.013131379149854183
0.0976203978061676
0.0831151157617569
0.1116490587592125
0.06405854970216751
0.06985892355442047
0.02795792743563652
0.11159222573041916
0.04808662831783295
0.07410982251167297
0.2608245611190796
0.09698186069726944
0.24499526619911194
0.015771742910146713
0.0642869770526886
0.10011397302150726
0.0828002467751503
0.031108448281884193
0.08344733715057373
0.0631495788693428
0.04259834438562393
0.06416714936494827
0.14413215219974518
0.007586387451738119
0.1458226442337036
0.011453064158558846
0.07440353184938431
0.1445416510105133
0.025875290855765343
0.06291011720895767
0.023570934310555458
0.25629734992980957
0.05142472684383392
0.09791212528944016
0.07255388796329498
0.10918246954679489
0.13957685232162476
0.06078128516674042
0.10010635107755661
0.12752185761928558
0.13322128355503082
0.011513356119394302
0.06744488328695297
0.04424956440925598
0.0631970763206482
0.09402263164520264
0.0684901773929596
0.030193893238902092
0.01807604357600212
0.03748004883527756
0.09087542444467545
0.2979259788990021
0.06502044200897217
0.010381167754530907
0.08221004903316498
0.08523671329021454
0.02205408364534378
0.13011914491653442
0.05492264777421951
0.05195258557796478
0.06634645909070969
0.04175713658332825
0.06986173987388611
0.10948807746171951
0.14077386260032654
0.06367897242307663
0.01239736843854189
0.12752169370651245
0.05295897647738457
0.17645768821239471
0.10726039856672287
0.159711092710495
0.019785402342677116
0.10031207650899887
0.05965336412191391
0.10380389541387558
0.10219952464103699
0.07694178074598312
0.0022756648249924183
0.0022666750010102987
0.07562090456485748
0.13428112864494324
0.10723741352558136
0.08028313517570496
0.10806973278522491
0.018660660833120346
0.06540913134813309
0.10623069107532501
0.0849083736538887
0.049361586570739746
0.09450721740722656
0.07315506786108017
0.1455630213022232
0.06860245019197464
0.0625343918800354
0.009260175749659538
0.044123824685811996
0.10807964205741882
0.08441063016653061
0.048044562339782715
0.07483081519603729
0.028908004984259605
0.024615086615085602
0.011035097762942314
0.06431698799133301
0.08976881951093674
0.06727394461631775
0.03945232182741165
0.11685722321271896
0.026594214141368866
0.01424010656774044
0.02604650892317295
0.04674682393670082
0.044845886528491974
0.058838050812482834
0.057910673320293427
0.06428846716880798
0.00793464109301567
0.07903310656547546
0.02495591714978218
0.13043342530727386
0.08200249075889587
0.07920815795660019
0.058733388781547546
0.03610244020819664
0.04096948355436325
0.14141549170017242
0.0006591601413674653
0.07066036760807037
0.07566197961568832
0.051619015634059906
0.046752993017435074
0.12110856175422668
0.052609797567129135
0.03996489942073822
0.014248916879296303
0.1701676994562149
0.09626062214374542
0.04813504219055176
0.0896078571677208
0.07112149894237518
0.04978353902697563
0.12572939693927765
0.024025719612836838
0.03491408750414848
0.05998806282877922
0.09496097266674042
0.10308142006397247
0.05682380497455597
0.053859274834394455
0.07716700434684753
0.038191504776477814
0.06078191474080086
0.09995522350072861
0.04558495804667473
0.10616806894540787
0.07608642429113388
0.09036920964717865
0.08116622269153595
0.03877108171582222
0.18988503515720367
0.09816118329763412
0.12325634062290192
0.10227122902870178
0.03509433940052986
0.09222768247127533
0.0789819061756134
0.12621276080608368
0.06767765432596207
0.11313682794570923
0.11492274701595306
0.09127438813447952
0.0145904291421175
0.022528482601046562
0.12130554020404816
0.011659725569188595
0.03565129265189171
0.016886083409190178
0.11726408451795578
0.10611862689256668
0.025604039430618286
0.026588361710309982
0.05025783181190491
0.039209965616464615
0.09485623985528946
0.04653839394450188
0.23514139652252197
0.060879629105329514
0.06633356213569641
0.023474086076021194
0.14643409848213196
0.000904556829482317
0.07990672439336777
0.264822393655777
0.052743859589099884
0.03494097664952278
0.012409010902047157
0.10515311360359192
0.01681319996714592
0.06687615811824799
0.04443111643195152
0.048151418566703796
0.1912999004125595
0.04694471135735512
0.05504594370722771
0.04102124646306038
0.04030501842498779
0.29082247614860535
0.05913739651441574
0.07154527306556702
0.01578245684504509
0.13296376168727875
0.11533217132091522
0.0011221980676054955
0.09228858351707458
0.04861179366707802
0.20288589596748352
0.18647897243499756
0.030037343502044678
0.09476789832115173
0.0807567834854126
0.04687832295894623
0.11471068114042282
0.03651566058397293
0.19193005561828613
0.05382659286260605
0.18364760279655457
0.030084194615483284
0.1143859252333641
0.06019562855362892
0.07281304150819778
0.03388966619968414
0.07296208292245865
0.18445546925067902
0.027971765026450157
0.1042008176445961
0.17185696959495544
0.11660248041152954
0.06643566489219666
0.1789427399635315
0.0821901187300682
0.07950776815414429
0.07149683684110641
0.04444387927651405
0.07707632333040237
0.0856216624379158
0.05083855614066124
0.06763722002506256
0.06316911429166794
0.08636949956417084
0.02558007836341858
0.03297847509384155
0.022748827934265137
0.06185567378997803
0.05915750190615654
0.021820634603500366
0.07596718519926071
0.2060723453760147
0.13156954944133759
0.13493923842906952
0.00822844821959734
0.038374245166778564
0.08879312872886658
0.19563543796539307
0.10291021317243576
0.042666904628276825
0.039060626178979874
0.023106466978788376
0.076307512819767
0.045608796179294586
0.1270984560251236
0.009473440237343311
0.041070640087127686
0.056332267820835114
0.08632530272006989
0.010393030941486359
0.06742098182439804
0.03253013640642166
0.09090462327003479
0.22725671529769897
0.09074249118566513
0.034446489065885544
0.01667465642094612
0.05894451588392258
0.10098547488451004
0.039622895419597626
0.032383378595113754
0.018381068482995033
0.07372698187828064
0.07235157489776611
0.05491727590560913
0.040268827229738235
0.15813829004764557
0.04525889828801155
0.10742568224668503
0.0282747745513916
0.11006839573383331
0.05019821599125862
0.1219877228140831
0.011326921172440052
0.03525284305214882
0.016451731324195862
0.08098902553319931
0.045339278876781464
0.013111739419400692
0.022214535623788834
0.07649343460798264
0.07527074217796326
0.0326107032597065
0.15834474563598633
0.055850230157375336
0.06071600690484047
0.11754554510116577
0.16805170476436615
0.08255071938037872
0.054219137877225876
0.06276755779981613
0.03640659898519516
0.04124419763684273
0.0908651128411293
0.09652478247880936
0.08802001923322678
0.024847961962223053
0.03608324006199837
0.08181161433458328
0.09018327295780182
0.03188015893101692
0.08172987401485443
0.06651438772678375
0.04810146987438202
0.08236587047576904
0.031021447852253914
0.09867247939109802
0.27882280945777893
0.1161796897649765
0.10095237195491791
0.06685778498649597
0.023834722116589546
0.10954761505126953
0.2000177502632141
0.044914282858371735
0.06519460678100586
0.0036801574751734734
0.057067420333623886
0.09559527784585953
0.0347735695540905
0.08080676198005676
0.07284559309482574
0.08108220249414444
0.051367610692977905
0.11247856914997101
0.05416836589574814
0.06308644264936447
0.04682541266083717
0.035191211849451065
0.06825824081897736
0.05334148928523064
0.08050748705863953
0.0618089884519577
0.04351133108139038
0.06965312361717224
0.06801563501358032
0.12771660089492798
0.048365481197834015
0.2014629989862442
0.08211638033390045
0.039555277675390244
0.031211910769343376
0.05393819883465767
0.06426727026700974
0.23200181126594543
0.06748360395431519
0.05586574599146843
0.06766553968191147
0.07573752850294113
0.07069067656993866
0.056126244366168976
0.04372972995042801
0.025052251294255257
0.07395122945308685
0.02699977718293667
0.036944545805454254
0.11102091521024704
0.041744403541088104
0.005678321700543165
0.09288322925567627
0.03199521079659462
0.08129765093326569
0.022082611918449402
0.015597962774336338
0.035908423364162445
0.03755396977066994
0.07583607733249664
0.05893253907561302
0.01159848552197218
0.038405947387218475
0.05964658781886101
0.031183551996946335
0.04219965636730194
0.013310498557984829
0.06480929255485535
0.09653491526842117
0.027902837842702866
0.07432879507541656
0.016916032880544662
0.08170531690120697
0.054234977811574936
0.1037328690290451
0.044463373720645905
0.1014089584350586
0.07609638571739197
0.0702567994594574
0.09182904660701752
0.06809097528457642
0.036994919180870056
0.11027413606643677
0.011063545942306519
0.06462500989437103
0.04444611072540283
0.09029773622751236
0.005726528353989124
0.08394122123718262
0.06039196625351906
0.046118494123220444
0.028686685487627983
0.09976733475923538
0.026429323479533195
0.04062045365571976
0.04672790318727493
0.08465295284986496
0.06495843827724457
0.03251564875245094
0.07881729304790497
0.019778624176979065
0.009639049880206585
0.04870093613862991
0.004014236852526665
0.03373979404568672
0.009043265134096146
0.06686367094516754
0.04116833955049515
0.062295492738485336
0.026416001841425896
0.016629617661237717
0.1292482316493988
0.04846669360995293
0.02587505616247654
0.07645004242658615
0.0547153577208519
0.07089656591415405
0.08905065804719925
0.08164674043655396
0.07275200635194778
0.028139257803559303
0.015515142120420933
0.058678027242422104
0.08666674047708511
0.06321929395198822
0.07800265401601791
0.04837672784924507
0.06354633718729019
0.021516278386116028
0.09023840725421906
0.015439245849847794
0.0355929397046566
0.0342419259250164
0.05609789863228798
0.10998701304197311
0.06751300394535065
0.035338107496500015
0.018948474898934364
0.18484172224998474
0.14486762881278992
0.08088354766368866
0.04422207921743393
0.06628028303384781
0.02473272755742073
0.12156739085912704
0.052394282072782516
0.03787614777684212
0.04386954754590988
0.018359128385782242
0.012385624460875988
0.051098424941301346
0.07936971634626389
0.06762431561946869
0.04623233899474144
0.07080529630184174
0.0335618257522583
0.03443555906414986
0.044922273606061935
0.0008818304631859064
0.07759468257427216
0.06848710030317307
0.05181388929486275
0.0884125828742981
0.12873981893062592
0.18876272439956665
0.16771440207958221
0.032629869878292084
0.10745959728956223
0.0671287402510643
0.06448184698820114
0.02309180237352848
0.07090224325656891
0.013015540316700935
0.09295742958784103
0.05753614008426666
0.16838181018829346
0.045087963342666626
0.020836811512708664
0.07315456867218018
0.054172635078430176
0.08000361174345016
0.07312197983264923
0.09225647151470184
0.03470834344625473
0.02757137641310692
0.06626515090465546
0.1728368103504181
0.02575867623090744
0.0450279600918293
0.07902614027261734
0.028392748907208443
0.03514493256807327
0.04601568728685379
0.02469269186258316
0.09935541450977325
0.0009756653453223407
0.08654701709747314
0.038199879229068756
0.0016710603376850486
0.056089021265506744
0.10799487680196762
0.12605996429920197
0.033195678144693375
0.056000303477048874
0.10651925951242447
0.044796574860811234
0.2683633267879486
0.07836057990789413
0.0425865612924099
0.09202717989683151
0.04916401579976082
0.015106084756553173
0.11361604183912277
0.03262561187148094
0.05870814248919487
0.062021974474191666
0.0010667956667020917
0.042724043130874634
0.011471852660179138
0.05483374744653702
0.05452703312039375
0.04874638468027115
0.03442194312810898
0.0285760760307312
0.11522166430950165
0.01250851433724165
0.024009037762880325
0.04338382929563522
0.027091458439826965
0.028060389682650566
0.05973207950592041
0.004373741336166859
0.03695230931043625
0.03005727007985115
0.0448654480278492
0.1994069367647171
0.03346342593431473
0.06121712923049927
0.03765953704714775
0.07270815223455429
0.047016292810440063
0.1843642294406891
0.12725740671157837
0.03511076048016548
0.03908364847302437
0.12577901780605316
0.07382247596979141
0.10367120057344437
0.060471899807453156
0.06239273399114609
0.05076102912425995
0.0861254334449768
0.07142531126737595
0.039744045585393906
0.05637645721435547
0.039564792066812515
0.047011129558086395
0.030403219163417816
0.07923456281423569
0.03441141918301582
0.03829159960150719
0.11056926846504211
0.06721164286136627
0.049815159291028976
0.07784593850374222
0.05044971778988838
0.07907005399465561
0.05447511747479439
0.010595851577818394
0.09450104832649231
0.06936131417751312
0.1666947305202484
0.1385912001132965
0.10129570960998535
0.027362285181879997
0.07287288457155228
0.030498236417770386
0.045168839395046234
0.13142794370651245
0.0570719949901104
0.18361486494541168
0.026830974966287613
0.015424955636262894
0.07527367770671844
0.1052795797586441
0.13296912610530853
0.0397767536342144
0.01924373209476471
0.23323555290699005
0.0508059561252594
0.15016910433769226
0.0017590185161679983
0.014430452138185501
0.0006421811413019896
0.10121522098779678
0.10051565617322922
0.028123358264565468
0.035031840205192566
0.04941572621464729
0.022378435358405113
0.04024732857942581
0.0367693267762661
0.1783325970172882
0.028754228726029396
0.02974775992333889
0.02682417817413807
0.19217142462730408
0.04677516222000122
0.09951554983854294
0.05369971692562103
0.03468489274382591
0.05628633871674538
0.03522009775042534
0.03826219215989113
0.05817049741744995
0.04468212649226189
0.06435786932706833
0.0305959302932024
0.040857478976249695
0.03214939311146736
0.054794471710920334
0.03349204361438751
0.0207305159419775
0.06451934576034546
0.14264559745788574
0.027830516919493675
0.08292554318904877
0.051509708166122437
0.0007915314636193216
0.08347702026367188
0.24840208888053894
0.04499313235282898
0.05502656474709511
0.06210211291909218
0.03045746497809887
0.029042668640613556
0.03522896021604538
0.0008206720813177526
0.10079589486122131
0.09760559350252151
0.06966070830821991
0.09396065771579742
0.11672860383987427
0.015507899224758148
0.045322999358177185
0.09291043132543564
0.06216075271368027
0.05817780643701553
0.036302950233221054
0.10515286028385162
0.018860705196857452
0.03676415607333183
0.1813422292470932
0.11065281182527542
0.033641815185546875
0.1669212281703949
0.04548559710383415
0.03132688254117966
0.03480862081050873
0.2578931450843811
0.20216642320156097
0.04234548658132553
0.0679645761847496
0.03124883770942688
0.06002720445394516
0.057302407920360565
0.05948216840624809
0.03056647628545761
0.046015966683626175
0.02702629752457142
0.06763843446969986
0.12952092289924622
0.045299071818590164
0.08381010591983795
0.019836802035570145
0.034839559346437454
0.15040342509746552
0.06565668433904648
0.039989352226257324
0.08482018113136292
0.028337249532341957
0.10980754345655441
0.037990108132362366
0.02923889085650444
0.03483735769987106
0.03462101146578789
0.08288058638572693
0.0014201926533132792
0.045951757580041885
0.012892652302980423
0.01588810421526432
0.022398967295885086
0.09212539345026016
0.024377908557653427
0.04376029968261719
0.03947000578045845
0.06396912783384323
0.07611634582281113
0.09292706847190857
0.027879053726792336
0.09791066497564316
0.06478112936019897
0.03175140172243118
0.03994734212756157
0.03111410140991211
0.0180258359760046
0.13511842489242554
0.07055886089801788
0.030016841366887093
0.08609790354967117
0.03551072999835014
0.031418412923812866
0.04643213376402855
0.06906096637248993
0.05828790366649628
0.09554232656955719
0.052959561347961426
0.09959632903337479
0.05785143002867699
0.03631836175918579
0.041692525148391724
0.052306707948446274
0.04340218007564545
0.0672476515173912
0.11681170016527176
0.02866324968636036
0.01936684176325798
0.06620098650455475
0.06681853532791138
0.04297894611954689
0.026613593101501465
0.07752898335456848
0.10313958674669266
0.04654563218355179
0.0673355683684349
0.027412617579102516
0.06000819802284241
0.025905335322022438
0.16095218062400818
0.009756619110703468
0.04906195029616356
0.02376788668334484
0.08538560569286346
0.04052932932972908
0.07294309139251709
0.07790087908506393
0.08938667178153992
0.062439218163490295
0.00589144229888916
0.08396267890930176
0.0935078114271164
0.10516548156738281
0.04362213611602783
0.08542799949645996
0.02326470986008644
0.02800355665385723
0.0434315986931324
0.05415705218911171
0.05259227752685547
0.03701280429959297
0.024285485967993736
0.017186209559440613
0.20679987967014313
0.03205912560224533
0.07345694303512573
0.02734685130417347
0.05980198457837105
0.062415432184934616
0.10778845846652985
0.04239942878484726
0.07385847717523575
0.03357332944869995
0.058475591242313385
0.04141637310385704
0.15038704872131348
0.01303364522755146
0.0011887399014085531
0.028580861166119576
0.011896468698978424
0.07282768934965134
0.03603966161608696
0.10010485351085663
0.04583480581641197
0.037268225103616714
0.12728217244148254
0.03171704337000847
0.031038368120789528
0.030600642785429955
0.047590095549821854
0.025704275816679
0.0068684956058859825
0.027526624500751495
0.029300309717655182
0.000259093678323552
0.040600262582302094
0.03416715934872627
0.048974063247442245
0.015919918194413185
0.03856757655739784
0.0027326797135174274
0.06773698329925537
0.07023022323846817
0.032459359616041183
0.05657341331243515
0.06964723765850067
0.02909960225224495
0.05873396620154381
0.08205706626176834
0.05868232250213623
0.02051977999508381
0.039184197783470154
0.04100074619054794
0.07109393924474716
0.016622524708509445
0.10127893835306168
0.044140685349702835
0.042239636182785034
0.16685110330581665
0.013828285038471222
0.026249554008245468
0.04073683172464371
0.08529648929834366
0.007346394006162882
0.052972711622714996
0.02953873574733734
0.17336267232894897
0.07807096838951111
0.0711934044957161
0.05198297277092934
0.07389049232006073
0.019708342850208282
0.04033440351486206
0.05430072173476219
0.07345950603485107
0.161086767911911
0.07992977648973465
0.047259312123060226
0.053581349551677704
0.12440908700227737
0.07813945412635803
0.049946319311857224
0.06666926294565201
0.051002513617277145
0.07508055120706558
0.025494517758488655
0.01334307249635458
0.015591295436024666
0.05126522481441498
0.01911165937781334
0.01924227364361286
0.06374828517436981
0.07664796710014343
0.048682622611522675
0.07943502068519592
0.04898831620812416
0.17172463238239288
0.13156455755233765
0.026107534766197205
0.047322697937488556
0.11602815240621567
0.07533292472362518
0.038745444267988205
0.037753909826278687
0.06226988136768341
0.08906620740890503
0.06223751977086067
0.04874524101614952
0.04946484416723251
0.0642201229929924
0.0440002977848053
0.031581804156303406
0.043967947363853455
0.07875457406044006
0.08517391234636307
0.07541179656982422
0.08815038204193115
0.04823005944490433
0.028469402343034744
0.07061182707548141
0.031609147787094116
0.07285594940185547
0.07527895271778107
0.07230493426322937
0.02782721444964409
0.06367480754852295
0.04221726581454277
0.04453444480895996
0.19672127068042755
0.13983222842216492
0.05040716007351875
0.022203492000699043
0.036488842219114304
0.07052285224199295
0.05497356131672859
0.08081762492656708
0.13066354393959045
0.055801667273044586
0.04471074044704437
0.06773003935813904
0.08984626084566116
0.024734318256378174
0.05755727365612984
0.022702664136886597
0.027639053761959076
0.08434423804283142
0.08597180247306824
0.11717763543128967
0.07018229365348816
0.021167533472180367
0.08361364156007767
0.04166194424033165
0.09109946340322495
0.1604287475347519
0.14101099967956543
0.0583590492606163
0.06061432883143425
0.049342744052410126
0.022893143817782402
0.11789757013320923
0.03624235838651657
0.09428723156452179
0.038069646805524826
0.038789618760347366
0.05435914173722267
0.023262517526745796
0.020223595201969147
0.007996620610356331
0.1406477838754654
0.09986846894025803
0.1171136125922203
0.056826893240213394
0.05675293877720833
0.06220006197690964
0.09921368956565857
0.021605588495731354
0.06347529590129852
0.06451662629842758
0.10652557760477066
0.09613464772701263
0.04304930567741394
0.037610627710819244
0.02072039246559143
0.0035435431636869907
0.05510905385017395
0.16922613978385925
0.13834552466869354
0.02003348059952259
0.01838735304772854
0.07716937363147736
0.06197672337293625
0.11852744221687317
0.021661143749952316
0.08845894783735275
0.0003873238747473806
0.06183646246790886
0.03586642071604729
0.1827385574579239
0.0025892944540828466
0.016391707584261894
0.014435474760830402
0.016284305602312088
0.02852742373943329
0.033917851746082306
0.057792775332927704
0.03728262335062027
0.03228110074996948
0.2167593091726303
0.007516035810112953
0.0804416611790657
0.11719474196434021
0.13294875621795654
0.04712212085723877
0.04314274340867996
0.012907788157463074
0.005726121366024017
0.058916352689266205
0.046283330768346786
0.08844916522502899
0.0826483964920044
0.09831468015909195
0.05979025363922119
0.07542549818754196
0.01043724175542593
0.022076120600104332
0.0385916642844677
0.10279332101345062
0.05318913236260414
0.04978885501623154
0.06259016692638397
0.0698002278804779
0.06865999102592468
0.01658909022808075
0.14458222687244415
0.06825955212116241
0.035644952207803726
0.12810729444026947
0.045060690492391586
0.0452263206243515
0.024019787088036537
0.083324134349823
0.12801513075828552
0.06451966613531113
0.05518580973148346
0.057178348302841187
0.0702449306845665
0.11904974281787872
0.03241106867790222
0.005134547594934702
0.05386476218700409
0.009599490091204643
0.05331280454993248
0.07640525698661804
0.08330845087766647
0.05882227048277855
0.08416835218667984
0.0373295396566391
0.29349666833877563
0.09575255215167999
0.01812019944190979
0.07550735026597977
0.07010716944932938
0.056823451071977615
0.07922162115573883
0.10002581030130386
0.03765327110886574
0.03661481663584709
0.10429579019546509
0.038595348596572876
0.02953418903052807
0.06444979459047318
0.04181438311934471
0.05439869314432144
0.16615237295627594
0.01813214272260666
0.06971467286348343
0.02874705195426941
0.0009327722364105284
0.07352685183286667
0.08120518922805786
0.025596242398023605
0.05836690962314606
0.12094234675168991
0.04217521473765373
0.0910518616437912
0.07585175335407257
0.15915393829345703
0.03921034559607506
0.0503140389919281
0.06886778771877289
0.0332205668091774
0.007288891822099686
0.04533248767256737
0.0253441259264946
0.04480766877532005
0.05897609516978264
0.036899447441101074
0.06516663730144501
0.05020544305443764
0.053117938339710236
0.07787884026765823
0.0580260269343853
0.01786850020289421
0.04884393885731697
0.06133386120200157
0.08120991289615631
0.22698277235031128
0.025149764493107796
0.02513829804956913
0.024936802685260773
0.12959282100200653
0.05283377319574356
0.14029476046562195
0.03295571729540825
0.007764260284602642
0.10439176857471466
0.06803573668003082
0.046953991055488586
0.04356835409998894
0.05638847500085831
0.06791944056749344
0.024746280163526535
0.029301071539521217
0.04891228303313255
0.11851836740970612
0.020623663440346718
0.018358658999204636
0.047362715005874634
0.11947084218263626
0.018895819783210754
0.07298662513494492
0.020718075335025787
0.06684615463018417
0.0412677600979805
0.04465252906084061
0.0719141811132431
0.025047771632671356
0.05194065719842911
0.050388988107442856
0.059955894947052
0.1009807363152504
0.017212072387337685
0.07427886873483658
0.038829147815704346
0.049928195774555206
0.09448227286338806
0.05295517295598984
0.06084253638982773
0.00781974010169506
0.06820623576641083
0.0734730213880539
0.05997703596949577
0.058279093354940414
0.053968630731105804
0.20914918184280396
0.033982399851083755
0.02224191464483738
0.0604170598089695
0.04305127263069153
0.018657801672816277
0.04425754398107529
0.05877818167209625
0.09922279417514801
0.021377459168434143
0.020867912098765373
0.0653279572725296
0.030377667397260666
0.031622447073459625
0.04431014135479927
0.10235980153083801
0.012357650324702263
0.04529903084039688
0.0002997540286742151
0.13833719491958618
0.008761624805629253
0.054159119725227356
0.01991172693669796
0.03240935504436493
0.015573746524751186
0.024152129888534546
0.03272722661495209
0.1842072457075119
0.033542193472385406
0.06668386608362198
0.027927402406930923
0.06704837083816528
0.10111378133296967
0.08952245861291885
0.10984504967927933
0.0012275901390239596
0.08968006074428558
0.05216201767325401
0.03544832766056061
0.052137818187475204
0.0810471698641777
0.11548235267400742
0.058582983911037445
0.0118322242051363
0.06918726116418839
0.04500884190201759
0.0008422766113653779
0.0362248457968235
0.0191488116979599
0.059929557144641876
0.1096411943435669
0.14543265104293823
0.05329011753201485
0.034838978201150894
0.05195479467511177
0.04246765375137329
0.02662632428109646
0.04258387163281441
0.0657542496919632
0.08257212489843369
0.05743510276079178
0.08862965553998947
0.0519895926117897
0.09010209143161774
0.15449751913547516
0.07780840992927551
0.05105964466929436
0.10087595134973526
0.06182641535997391
0.054723575711250305
0.0731612965464592
0.0649975910782814
0.03364388644695282
0.105124831199646
0.06847337633371353
0.05085304379463196
0.04528133571147919
0.026850512251257896
0.05052928254008293
0.11501900106668472
0.03705974295735359
0.07976040244102478
0.0219428651034832
0.059683606028556824
0.03448009863495827
0.03445573151111603
0.04421820864081383
0.12869471311569214
0.07271220535039902
0.030674980953335762
0.05959450080990791
0.11065463721752167
0.05484249070286751
0.08394123613834381
0.10780659317970276
0.0159838255494833
0.038915351033210754
0.040388889610767365
0.016825394704937935
0.037809036672115326
0.04332844913005829
0.0675092563033104
0.04702639952301979
0.017042985185980797
0.026025470346212387
0.05525803938508034
0.19853302836418152
0.030065299943089485
0.12523922324180603
0.003990921191871166
0.034598369151353836
0.022689182311296463
0.03450607880949974
0.07904155552387238
0.09817785024642944
0.04914996773004532
0.028121763840317726
0.14611594378948212
0.05039839446544647
0.03496284782886505
0.0307865422219038
0.18218328058719635
0.0374886728823185
0.0136672118678689
0.017738301306962967
0.07403934746980667
0.11489173769950867
0.10991290956735611
0.015025821514427662
0.028454316779971123
0.06959792226552963
0.04843728616833687
0.08070623874664307
0.025162599980831146
0.09337486326694489
0.08092516660690308
0.05074859783053398
0.06543619185686111
0.0437835194170475
0.03128786012530327
0.0549410805106163
0.05476831644773483
0.043362800031900406
0.030388465151190758
0.02760307863354683
0.1399962604045868
0.010107860900461674
0.056484028697013855
0.0628090649843216
0.04891248792409897
0.052470527589321136
0.051851119846105576
0.046699605882167816
0.00029339513275772333
0.015670601278543472
0.04208706319332123
0.10019992291927338
0.04368274658918381
0.037979550659656525
0.007892441935837269
0.02486487850546837
0.06191852688789368
0.014338759705424309
0.056993965059518814
0.07325805723667145
0.05248523876070976
0.017849672585725784
0.05477867275476456
0.024222398176789284
0.02763098105788231
0.012006142176687717
0.1339462697505951
0.09473826736211777
0.022511713206768036
0.08304309844970703
0.0779835507273674
0.08417853713035583
0.020728526636958122
0.06364761292934418
0.08901678025722504
0.07380455732345581
0.05469890683889389
0.035389065742492676
0.14579066634178162
0.05322297289967537
0.16783300042152405
0.04020214080810547
0.05618530139327049
0.013358809053897858
0.0022282644640654325
0.022035721689462662
0.05527183786034584
0.05127245560288429
0.12330657988786697
0.022601094096899033
0.0775163322687149
0.09775738418102264
0.0812576487660408
0.02121628262102604
0.018448209390044212
0.13416877388954163
0.0787157192826271
0.008386710658669472
0.009443799033761024
0.08153054118156433
0.0506119541823864
0.056578874588012695
0.05744415894150734
0.04172372445464134
0.018001317977905273
0.036117494106292725
0.1510435789823532
0.042415253818035126
0.012154359370470047
0.07497473806142807
0.20618972182273865
0.0677105113863945
0.06577753275632858
0.027510398998856544
0.07052977383136749
0.05444797873497009
0.10129734128713608
0.07213849574327469
0.16629338264465332
0.10041787475347519
0.0700896680355072
0.018214674666523933
0.03450664132833481
0.025905318558216095
0.04418940469622612
0.03334195539355278
0.07302536815404892
0.041749127209186554
0.0019456702284514904
0.06849019229412079
0.10379761457443237
0.08990593999624252
0.07827695459127426
0.04476754367351532
0.019322076812386513
0.1132630854845047
0.11532634496688843
0.05287216231226921
0.06045243889093399
0.07658298313617706
0.0770014077425003
0.08127997070550919
0.027647187933325768
0.0802561342716217
0.018952395766973495
0.046674903482198715
0.11184524744749069
0.024367593228816986
0.0500553697347641
0.029318511486053467
0.02510967291891575
0.014381988905370235
0.050779178738594055
0.16332784295082092
0.0464625209569931
0.06300131231546402
0.08879093080759048
0.06770939379930496
0.04823078587651253
0.10682482272386551
0.06334114819765091
0.04340626671910286
0.0473189502954483
0.12440343201160431
0.048247192054986954
0.05063149705529213
0.015896381810307503
0.00903658103197813
0.00018455753161106259
0.0835288017988205
0.04457628354430199
0.04652915894985199
0.03202761709690094
0.07662293314933777
0.08178134262561798
0.046211645007133484
0.029176846146583557
0.0835622102022171
0.11399602144956589
0.07495991140604019
0.04579100385308266
0.10770086199045181
0.03815307840704918
0.0011378617491573095
0.11930152028799057
0.03259671479463577
0.1010400727391243
0.039850953966379166
0.07558169960975647
0.05182221531867981
0.05611767619848251
0.134239062666893
0.019132478162646294
0.13287781178951263
0.09256019443273544
0.02967424876987934
0.07939040660858154
0.047378551214933395
0.05172231048345566
0.12828132510185242
0.0069714798592031
0.038249991834163666
0.016591988503932953
0.06534567475318909
0.06639722734689713
0.017068397253751755
0.025873936712741852
0.039960961788892746
0.021451370790600777
0.1834685504436493
0.023123590275645256
0.0524122416973114
0.05627471208572388
0.12654775381088257
0.1540488451719284
0.07393787801265717
0.08415941894054413
0.06763602048158646
0.05786983668804169
0.023954736068844795
0.11321952193975449
0.08685000240802765
0.05969632789492607
0.01042196899652481
0.02316843532025814
0.036071810871362686
0.192140594124794
0.09344087541103363
0.03148142620921135
0.0355057567358017
0.030281107872724533
0.03737809509038925
0.015703260898590088
0.05068652331829071
0.034942373633384705
0.00017641211161389947
0.030145971104502678
0.0289940033107996
0.04179121553897858
0.08440220355987549
0.052527885884046555
0.14256928861141205
0.07681058347225189
0.04168791323900223
0.1363595575094223
0.0574369803071022
0.15629281103610992
0.025389904156327248
0.03808390349149704
0.06579925119876862
0.00991205032914877
0.09661877155303955
0.08752179145812988
0.0367928147315979
0.08151756227016449
0.030119214206933975
0.026776833459734917
0.01848514936864376
0.13606877624988556
0.10069744288921356
0.023231465369462967
0.07391352951526642
0.05963537096977234
0.06994730979204178
0.04579301178455353
0.019898708909749985
0.037775080651044846
0.039571117609739304
0.0533522367477417
0.09068046510219574
0.038939256221055984
0.03723612427711487
0.04555533081293106
0.000947107037063688
0.03984122350811958
0.046029072254896164
0.06359213590621948
0.06385614722967148
0.08794369548559189
0.049728114157915115
0.04126425087451935
0.02435324154794216
0.03473615273833275
0.07122185081243515
0.008813793770968914
0.023293279111385345
0.05332302674651146
0.08548155426979065
0.013156493194401264
0.027448689565062523
0.07946918159723282
0.03575026988983154
0.10783190280199051
0.13360244035720825
0.025384588167071342
0.050114668905735016
0.03979458659887314
0.007443259470164776
0.0522032305598259
0.03815227001905441
0.03349854797124863
0.03570813685655594
0.004469734150916338
0.05713539570569992
0.049558792263269424
0.033198948949575424
0.0663830116391182
0.04405466839671135
0.05969301238656044
0.024602454155683517
0.07308473438024521
0.03522729501128197
0.09902405738830566
0.04486444592475891
0.006711322348564863
0.058986786752939224
0.053067564964294434
0.08384402096271515
0.06052857264876366
0.019430043175816536
0.09175495058298111
0.12183243036270142
0.025900008156895638
0.06454427540302277
0.04583534225821495
0.05091249570250511
0.03139849752187729
0.1526305377483368
0.02801268920302391
0.053024232387542725
0.03033958375453949
0.012287374585866928
0.05849017947912216
0.06593170017004013
0.08230159431695938
0.03397276997566223
0.057385049760341644
0.055208802223205566
0.028773266822099686
0.032692715525627136
0.05400344729423523
0.002859300933778286
0.04150177165865898
0.05687500536441803
0.06602133065462112
0.054964616894721985
0.19102758169174194
0.10226951539516449
0.09159720689058304
0.037605784833431244
0.09962090104818344
0.03889111429452896
0.057753339409828186
0.04736550524830818
0.06687625497579575
0.12524880468845367
0.021616218611598015
0.017727669328451157
0.011464172974228859
0.07228823751211166
0.0642051249742508
0.08688458800315857
0.030720530077815056
0.010633105412125587
0.02887219376862049
0.04243256524205208
0.19727644324302673
0.013797630555927753
0.08221347630023956
0.0890296921133995
0.02700776234269142
0.0018344465643167496
0.02545023337006569
0.07288597524166107
0.023955371230840683
0.036530736833810806
0.015971502289175987
0.03988414630293846
0.053258467465639114
0.09598424285650253
0.05159568414092064
0.11485661566257477
0.04945855215191841
0.053184106945991516
0.05673928186297417
0.049196500331163406
0.0374789796769619
0.025971170514822006
0.014762352220714092
0.007861809805035591
0.2076960802078247
0.048365768045186996
0.014054696075618267
0.044746946543455124
0.08077462017536163
0.050201211124658585
0.06043660640716553
0.0554167665541172
0.10744840651750565
0.03568466380238533
0.06049831584095955
0.08327457308769226
0.08009110391139984
0.0015727668069303036
0.05307070165872574
0.09151891618967056
0.0947146862745285
0.05327267199754715
0.046983860433101654
0.025980984792113304
0.08208496868610382
0.07053279876708984
0.16277079284191132
0.0780303105711937
0.0681304782629013
0.036914803087711334
0.03129679337143898
0.029283246025443077
0.057913485914468765
0.09286301583051682
0.05145992711186409
0.18642790615558624
0.08261201530694962
0.08139050006866455
0.15283943712711334
0.07412398606538773
0.05598702281713486
0.044006358832120895
0.022611044347286224
0.030547045171260834
0.056138865649700165
0.04969174787402153
0.05076957866549492
0.11851102113723755
0.05047958344221115
0.027451837435364723
0.021702075377106667
0.08611021190881729
0.09648565202951431
0.04661261662840843
0.030676832422614098
0.03331311419606209
0.025921139866113663
0.012430916540324688
0.03034267947077751
0.13404007256031036
0.1470857411623001
0.07644766569137573
0.09473205357789993
0.03213529661297798
0.062322258949279785
0.1225472167134285
0.07730602473020554
0.0422033816576004
0.09596609324216843
0.0825919657945633
0.0459989532828331
0.041204795241355896
0.020570673048496246
0.088652603328228
0.029919898137450218
0.04495090991258621
0.03085779771208763
0.060226742178201675
0.06859437376260757
0.006594110280275345
0.02120373211801052
0.0350656621158123
0.012729370966553688
0.09354230761528015
0.02369880862534046
0.0003713396727107465
0.07465030997991562
0.08570757508277893
0.09269722551107407
0.05800633504986763
0.05360955372452736
0.032719776034355164
0.07898633927106857
0.03662277013063431
0.02629987522959709
0.052901316434144974
0.03703076392412186
0.04861252382397652
0.08056092262268066
0.055417921394109726
0.023223482072353363
0.04891246557235718
0.03844694793224335
0.13085202872753143
0.07230185717344284
0.044605597853660583
0.09512616693973541
0.02308196946978569
0.04061974585056305
0.04271114617586136
0.08807837963104248
0.07641995698213577
0.1456621140241623
0.03467788174748421
0.008469298481941223
0.05376891419291496
0.06682559102773666
0.09539955854415894
0.0364583395421505
0.027251390740275383
0.06576614826917648
0.06393487751483917
0.0027923528105020523
0.11937323957681656
0.07341361045837402
0.07131817191839218
0.04178474098443985
0.0486370250582695
0.09341465681791306
0.04867245629429817
0.0746852234005928
0.11335982382297516
0.09895378351211548
0.0018638507463037968
0.07785573601722717
0.15801632404327393
0.08763965964317322
0.0253363698720932
0.0916711762547493
0.06020832434296608
0.06867421418428421
0.0730433315038681
0.035091184079647064
0.03293462470173836
0.07007700949907303
0.0808839201927185
0.03860698267817497
0.06731637567281723
0.01331407018005848
0.018340228125452995
0.06153159961104393
0.029888464137911797
0.05080768093466759
0.07381533086299896
0.05588354170322418
0.04948218911886215
0.043312918394804
0.02502666413784027
0.05788633972406387
0.02908388152718544
0.09084195643663406
0.06467583775520325
0.05852237343788147
0.008237537927925587
0.02041270025074482
0.017241165041923523
0.04205349460244179
0.05362892150878906
0.0712544396519661
0.07901202887296677
0.04432334005832672
0.008301062509417534
0.07881403714418411
0.04015602916479111
0.04545652121305466
0.04021819308400154
0.03930940106511116
0.0993102416396141
0.07795190811157227
0.00012018068082397804
0.14590786397457123
0.020148325711488724
0.03860847279429436
0.0852346271276474
0.06845948845148087
0.029519889503717422
0.08823327720165253
0.1122610867023468
0.011688916943967342
0.09955034404993057
0.1813722401857376
0.07422854751348495
0.0875694528222084
0.03690813481807709
0.08245377987623215
0.07221093773841858
0.06017637997865677
0.039931003004312515
0.001715318881906569
0.055843841284513474
0.05123245716094971
0.10542129725217819
0.1269204318523407
0.020106837153434753
0.03876255080103874
0.07830186188220978
0.029211677610874176
0.02416350692510605
0.0009013278177008033
0.034843962639570236
0.042607977986335754
0.08263086527585983
0.08553124964237213
0.013205564580857754
0.04761706292629242
0.0011272733099758625
0.034117504954338074
0.12107774615287781
0.051743220537900925
0.022842086851596832
0.0751320868730545
0.11075211316347122
0.07204826176166534
0.07539354264736176
0.10631544142961502
0.05489209294319153
0.09691363573074341
0.017560670152306557
0.01214383915066719
0.13142365217208862
0.07692297548055649
0.015509364195168018
0.02078082226216793
0.13286302983760834
0.13129271566867828
0.016029642894864082
0.043260253965854645
0.004543624818325043
0.06396256387233734
0.04160794988274574
0.05144994333386421
0.09337566047906876
0.1270797848701477
0.04208366572856903
0.04281796142458916
0.17651626467704773
0.022935818880796432
0.018840013071894646
0.06449972093105316
0.03898933157324791
0.013328908011317253
0.11903423070907593
0.04504101350903511
0.05888788029551506
0.06498917937278748
0.14483892917633057
0.13140903413295746
0.012098779901862144
0.02245405875146389
0.08525415509939194
0.059889160096645355
0.06242350861430168
0.0705491304397583
0.14319871366024017
0.017262062057852745
0.06393308937549591
0.12127333134412766
0.0041603888384997845
0.07185471057891846
0.0736985132098198
0.08672023564577103
0.006461829412728548
0.0457683727145195
0.04328577592968941
0.039013754576444626
0.02767210453748703
0.06165102869272232
0.05546269565820694
0.07039688527584076
0.012560922652482986
0.011670627631247044
0.11710508167743683
0.05736198648810387
0.10989418625831604
0.034187547862529755
0.038198914378881454
0.08776050806045532
0.04323548823595047
0.022097624838352203
0.04924941435456276
0.06729498505592346
0.0730014517903328
0.07487250119447708
0.17538133263587952
0.06910773366689682
0.12883307039737701
0.021963227540254593
0.02045338973402977
0.032509468495845795
0.04471203684806824
0.024807458743453026
0.08796598762273788
0.025652378797531128
0.03736663609743118
0.1229247972369194
0.04759214073419571
0.07286529242992401
0.017716528847813606
0.017156412824988365
0.0439581423997879
0.017410947009921074
0.044497571885585785
0.10810191929340363
0.031827811151742935
0.04940740391612053
0.011675477959215641
0.1012406200170517
0.0357329398393631
0.04794653132557869
0.1164889931678772
0.13086555898189545
0.04332762211561203
0.06348829716444016
0.04122990742325783
0.014836513437330723
0.08491639047861099
0.005168814677745104
0.03174223750829697
0.035035163164138794
0.0005766804679296911
0.0919528603553772
0.11401105672121048
0.04131242260336876
0.11613622307777405
0.0457267090678215
0.13533596694469452
0.05592818930745125
0.07206249982118607
0.05967288091778755
0.037543922662734985
0.0001617082889424637
0.024050073698163033
0.15861019492149353
0.016998115926980972
0.0696440041065216
0.0429474338889122
0.07449610531330109
0.09576280415058136
0.05413607507944107
0.036704834550619125
0.028479821979999542
0.05738116055727005
0.031392693519592285
0.07007274031639099
0.05962434411048889
0.10858529061079025
0.09333763271570206
0.051698699593544006
0.05555237457156181
0.22776147723197937
0.031870920211076736
0.036455269902944565
0.026284510269761086
0.04149336367845535
0.01886703260242939
0.05531550198793411
0.2133079469203949
0.19435283541679382
0.018825173377990723
0.016245299950242043
0.014589657075703144
0.10639107972383499
0.127957284450531
0.03889596462249756
0.04580936208367348
0.03060934506356716
0.08802436292171478
0.12297255545854568
0.051857441663742065
0.07909810543060303
0.04735987260937691
0.13407635688781738
0.023816706612706184
0.10865584015846252
0.12401889264583588
0.05515524744987488
0.011470703408122063
0.11313822865486145
0.027978502213954926
0.10686058551073074
0.06724298000335693
0.07408153265714645
0.041734784841537476
0.18487556278705597
0.06214231997728348
0.01012694276869297
0.0712440237402916
0.06148465350270271
0.04537281394004822
0.08617570996284485
0.04163379594683647
0.04547998681664467
0.061787199229002
0.07014819234609604
0.023924149572849274
0.04030057415366173
0.06245848536491394
0.05183996260166168
0.047026947140693665
0.015523316338658333
0.03718216344714165
0.047365717589855194
0.19758379459381104
0.1404014527797699
0.03142734616994858
0.07257774472236633
0.03346087783575058
0.043693479150533676
0.03553934022784233
0.15469104051589966
0.04121345654129982
0.03604142740368843
0.047106556594371796
0.047517478466033936
0.07943134754896164
0.04303934797644615
0.07877242565155029
0.06131720915436745
0.015822334215044975
0.24149559438228607
0.06992394477128983
0.08566822111606598
0.029610035941004753
0.0413314551115036
0.035734523087739944
0.002143708523362875
0.030885204672813416
0.029380694031715393
0.07086978107690811
0.1852039396762848
0.0629361942410469
0.036386530846357346
0.02136101946234703
0.07009575515985489
0.02968970686197281
0.11322099715471268
0.08186817169189453
0.026854898780584335
0.06301840394735336
0.016860391944646835
0.03861319646239281
0.001493796706199646
0.018001001328229904
0.012756681069731712
0.09226542711257935
0.04089576378464699
0.003199144033715129
0.06690969318151474
0.03616511821746826
0.021924210712313652
0.009230371564626694
0.13959896564483643
0.035494912415742874
0.023134276270866394
0.029805811122059822
0.03728261962532997
0.10621269792318344
0.040331535041332245
0.04511360079050064
0.06671694666147232
0.00014045117131900042
0.02603105828166008
0.05371306836605072
9.66653460636735e-05
0.08013012260198593
0.08287928253412247
0.0299119520932436
0.02725178375840187
0.05369418114423752
0.06671549379825592
0.0538930743932724
0.024008387699723244
0.054435234516859055
0.1189022958278656
0.05395124480128288
0.0461994931101799
0.061932217329740524
0.031780365854501724
0.11710149049758911
0.08037595450878143
0.03688184171915054
0.05880982056260109
0.20078933238983154
0.04762020707130432
0.04145561531186104
0.051142167299985886
0.05445248633623123
0.04002713784575462
0.0032453921157866716
0.026833485811948776
0.04965224117040634
0.021750036627054214
0.06191577389836311
0.05278019234538078
0.04589829966425896
0.039796702563762665
0.04973817244172096
0.09725923091173172
0.04191429913043976
0.052064958959817886
0.06262487918138504
0.027642255648970604
0.06634777784347534
0.040415484458208084
0.029471727088093758
0.05713945999741554
0.08519280701875687
0.056426238268613815
0.020909134298563004
0.0029733292758464813
0.0762573704123497
0.04331935569643974
0.038921065628528595
0.040042344480752945
0.07508999109268188
0.04315166547894478
0.07659900188446045
0.036197416484355927
0.06288741528987885
0.010649663396179676
0.09701994061470032
0.07456222176551819
0.016905181109905243
0.022728977724909782
0.06077178567647934
0.05141237750649452
0.022040877491235733
0.03878633677959442
0.052669938653707504
0.07174379378557205
0.11607229709625244
0.022735178470611572
0.043960195034742355
0.11380892246961594
0.008373560383915901
0.028572479262948036
0.07372719794511795
0.023356657475233078
0.06238915026187897
0.04514223709702492
0.04633403569459915
0.03719298541545868
0.0005180257139727473
0.036557186394929886
0.043420322239398956
0.01960308663547039
0.04663453996181488
0.031790073961019516
0.0542440339922905
0.025940338149666786
0.04980085790157318
0.032178498804569244
0.06898196041584015
0.08697957545518875
0.0465882234275341
0.03684879094362259
0.060963451862335205
0.03235306590795517
0.06551552563905716
0.0275439266115427
0.03834559768438339
0.01359888818114996
0.040493641048669815
0.022777529433369637
0.06288885325193405
0.05284322798252106
0.05738406628370285
0.08562301099300385
0.049181338399648666
0.09648856520652771
0.04482389613986015
0.02743375487625599
0.06960347294807434
0.05566016212105751
0.09773276001214981
0.08881811052560806
0.0967131033539772
0.03343664109706879
0.1831520050764084
0.04100141301751137
0.031847428530454636
0.06363449990749359
0.06412627547979355
0.11482462286949158
0.043252602219581604
0.018616223707795143
0.05309624597430229
0.024162685498595238
0.06519018858671188
0.0894400030374527
0.06333040446043015
0.008358566090464592
0.08269541710615158
0.07012894749641418
0.09841504693031311
0.021126488223671913
0.04276080057024956
0.07060294598340988
0.12418176233768463
0.024730540812015533
0.04309781268239021
0.04713871330022812
0.11044378578662872
0.1310848742723465
0.04537182301282883
0.06177859380841255
0.027628019452095032
0.15108095109462738
0.013964641839265823
0.12414848059415817
0.03992315009236336
0.11216291040182114
0.03473620116710663
0.006004334893077612
0.045248277485370636
0.08772014081478119
0.026615608483552933
0.11191471666097641
0.024650121107697487
0.059609342366456985
0.008701830171048641
0.05387740209698677
0.055439483374357224
0.06030640751123428
0.05804689601063728
0.09197356551885605
0.019986918196082115
0.05311814695596695
0.033766407519578934
0.10208763927221298
0.04768219217658043
0.05550650134682655
0.0037295171059668064
0.022251754999160767
0.00014355985331349075
0.03542298078536987
0.04693587124347687
0.029641393572092056
0.1715860813856125
0.05546014383435249
0.014176711440086365
0.014400064945220947
0.13124540448188782
0.04556167870759964
0.03931877762079239
0.03869832307100296
0.032718725502491
0.027191240340471268
0.05085677653551102
0.028894683346152306
0.00011905397695954889
0.03824077174067497
0.08619628846645355
0.0021264799870550632
0.003082958050072193
0.04604797065258026
0.04533177241683006
0.01790124736726284
0.05802621319890022
0.1188739612698555
0.05385155230760574
0.03464990854263306
0.16997867822647095
0.07960517704486847
0.12467976659536362
0.004736244212836027
0.038943756371736526
0.08031324297189713
0.08855465799570084
0.05942399799823761
0.04577804356813431
0.03067087009549141
0.016826661303639412
0.0193410012871027
0.07496164739131927
0.03159533068537712
0.0428144633769989
0.03952512517571449
0.02091374807059765
0.094439297914505
0.03460932895541191
0.09593186527490616
0.04919809103012085
0.053010109812021255
0.0611661858856678
0.029443440958857536
0.041797537356615067
0.0944175198674202
0.031938496977090836
0.09202110022306442
0.033309996128082275
0.07333454489707947
0.1122928112745285
0.0532863512635231
0.15897950530052185
0.03900670260190964
0.022184401750564575
0.038617853075265884
0.06487981975078583
0.07961025089025497
0.06089908629655838
0.06426207721233368
0.02590799704194069
0.05803181231021881
0.05234210938215256
0.1145586371421814
0.08721394091844559
0.048405975103378296
0.05892682075500488
0.019815806299448013
0.01424245536327362
0.09844405204057693
0.0625920295715332
0.05784790590405464
0.10265497863292694
0.05504770204424858
0.02472514845430851
0.057834964245557785
0.015029683709144592
0.07952527701854706
0.01000081654638052
0.027520082890987396
0.03121340647339821
0.0007245538290590048
0.10262659192085266
0.008233556523919106
0.05694226548075676
0.0333239771425724
0.02199326828122139
0.045995600521564484
0.0004906930262222886
0.2409609705209732
0.05177919194102287
0.027280179783701897
0.0224795863032341
0.03962111473083496
0.14743520319461823
0.02481120452284813
0.06556703895330429
0.053343310952186584
0.09185628592967987
0.07424107939004898
0.09103262424468994
0.040239814668893814
0.07513030618429184
0.022557426244020462
0.10653282701969147
0.03563084825873375
0.027792811393737793
0.035236671566963196
0.08399894088506699
0.020862769335508347
0.05749040096998215
0.036420248448848724
0.10497618466615677
0.04680804908275604
0.01836729794740677
0.053472407162189484
0.11018483340740204
0.11810901761054993
0.0683615505695343
0.05360846221446991
0.10910388827323914
0.008613454177975655
0.1982070505619049
0.05887318402528763
0.053041283041238785
0.055915866047143936
0.02463947795331478
0.021620921790599823
0.06251674890518188
0.11548715084791183
0.06201273202896118
0.14153312146663666
0.14229871332645416
0.00018182798521593213
0.0006633506854996085
0.08732786029577255
0.16971741616725922
0.04147275164723396
0.04222282022237778
0.04612946882843971
0.0038144264835864305
0.03246253728866577
0.09557820111513138
0.06215934455394745
0.03873858600854874
0.05622832477092743
0.021560747176408768
0.018137218430638313
0.10699696838855743
0.03516499698162079
0.010454092174768448
0.04386055842041969
0.08138022571802139
0.05367814004421234
0.07869838923215866
0.058197394013404846
0.03986462205648422
0.0054785022512078285
0.02385122887790203
0.050628043711185455
0.047119058668613434
0.047655921429395676
0.026700900867581367
0.04501553252339363
0.20252671837806702
0.031053682789206505
0.043319184333086014
0.01570810377597809
0.01870030350983143
0.08015519380569458
0.04078752547502518
0.12689734995365143
0.08159348368644714
0.030599921941757202
0.047943130135536194
0.04132378101348877
0.029834389686584473
0.04859863221645355
0.054940175265073776
0.05509202554821968
0.033203575760126114
0.037739627063274384
0.033536870032548904
0.06739687919616699
0.03340523689985275
0.07114382088184357
0.02962872013449669
0.07113472372293472
0.058200154453516006
0.05824437364935875
0.03966566175222397
0.09971311688423157
0.04546019434928894
0.06504420191049576
0.06274150311946869
0.045997634530067444
0.07054516673088074
0.05028734356164932
0.025517301633954048
0.03887011110782623
0.10682374238967896
0.03358445316553116
0.1503632813692093
0.04118859022855759
0.08723689615726471
0.08073179423809052
0.04056253284215927
0.08211551606655121
0.030397985130548477
0.03404208645224571
0.05817970633506775
0.039767518639564514
0.037684738636016846
0.03274448961019516
0.02738204598426819
0.04745481163263321
0.12086476385593414
0.06403188407421112
0.027421876788139343
0.045597098767757416
0.05221294239163399
0.14714695513248444
0.0012468455825001001
0.07364419102668762
0.001801073201932013
0.02587520144879818
0.070482037961483
0.06511469930410385
0.03951882943511009
0.05745405703783035
0.04828467220067978
0.032495055347681046
0.05289275571703911
0.07036449760198593
0.03699478879570961
0.016429994255304337
0.03219107165932655
0.034837111830711365
0.0245952270925045
0.09722055494785309
0.07321009039878845
0.0876360833644867
0.04448302835226059
0.016240883618593216
0.034797120839357376
0.03934035450220108
0.09948305040597916
0.03458930924534798
0.013585866428911686
0.041928261518478394
0.11210869997739792
0.04222838580608368
0.03850128874182701
0.08002761006355286
0.0291108600795269
0.016165582463145256
0.12389586120843887
0.04380420967936516
0.03159939497709274
0.05389750003814697
0.06013311818242073
0.04634661227464676
0.06729739904403687
0.04270284250378609
0.05418001860380173
0.09296050667762756
0.04075206071138382
0.04002033546566963
0.04246026277542114
0.04059233143925667
0.028776254504919052
0.10289546847343445
0.03356848284602165
0.04032421484589577
0.013860234059393406
0.010402335785329342
0.09445216506719589
0.031836360692977905
0.04647490382194519
0.09993399679660797
0.08578073233366013
0.05614244565367699
0.03951152041554451
0.0789199247956276
0.060551416128873825
0.03357652202248573
0.07509572058916092
0.12136201560497284
0.15454530715942383
0.0007791114039719105
0.04234551265835762
0.03627282753586769
0.02906688302755356
0.11480530351400375
0.024218501523137093
0.06407416611909866
0.09223313629627228
0.029714997857809067
0.055053919553756714
0.10558315366506577
0.08141105622053146
0.05183062702417374
0.21027721464633942
0.053309813141822815
0.06275314092636108
0.02321118861436844
0.04248495027422905
0.03616848587989807
0.060764048248529434
0.06922242045402527
0.14710238575935364
0.08887447416782379
0.032205551862716675
0.014162440784275532
0.060814280062913895
0.001970781711861491
0.0970054492354393
0.023151496425271034
0.0014410571893677115
0.024793382734060287
0.06512387096881866
0.06856825947761536
0.020737316459417343
0.148629292845726
0.08101499825716019
0.030433354899287224
0.05149966478347778
0.0010758921271190047
0.054793424904346466
0.0026007965207099915
0.0429406501352787
0.03703683987259865
0.015671711415052414
0.0010886933887377381
0.11243848502635956
0.06594256311655045
0.029382936656475067
0.032033681869506836
0.046609584242105484
0.05452965945005417
0.045649509876966476
0.08875925093889236
0.10250042378902435
0.04516560211777687
0.04417251795530319
0.01420099101960659
0.0683610811829567
0.018022960051894188
0.030572757124900818
0.07345269620418549
0.08790405094623566
0.024591345340013504
0.048952363431453705
0.03425009176135063
0.002234675223007798
0.07399722933769226
0.041642602533102036
0.20633307099342346
0.0332760252058506
0.046363212168216705
0.02730928547680378
0.02573351189494133
0.05173628404736519
0.04084280505776405
0.07369964569807053
0.029584866017103195
0.14641313254833221
0.005175624508410692
0.14680196344852448
0.02826608717441559
0.10223263502120972
0.07018812000751495
0.029377298429608345
0.06444115191698074
0.020815568044781685
0.06050257757306099
0.007291073445230722
0.045397497713565826
0.03101915679872036
0.029730254784226418
0.02894696034491062
0.018858525902032852
0.04074010252952576
0.023552706465125084
0.05859404057264328
0.04720749706029892
0.05587255582213402
0.029789045453071594
0.12639030814170837
0.018114013597369194
0.014117931947112083
0.09829534590244293
0.051837366074323654
0.025195498019456863
0.02483348920941353
0.018308568745851517
0.02056887000799179
0.017616475000977516
0.1003509908914566
0.026369817554950714
0.05156823247671127
0.029581094160676003
0.026174165308475494
0.06312093138694763
0.07229042798280716
0.047392867505550385
0.019881010055541992
0.04098876193165779
0.06412628293037415
0.0518232136964798
0.0620713010430336
0.033377453684806824
0.08788198232650757
0.05588220804929733
0.15796811878681183
0.019084956496953964
0.05697375163435936
0.03929125517606735
0.09277234971523285
0.06280361115932465
0.08628395944833755
0.06781207770109177
0.11909975856542587
0.04922807216644287
0.03730826824903488
0.04427195340394974
0.04999760538339615
0.05267047882080078
0.07350912690162659
0.0391569547355175
0.05240461975336075
0.15486013889312744
0.04879158362746239
0.07507424801588058
0.08468353003263474
0.08148757368326187
0.042571112513542175
0.005255955271422863
0.0005264844512566924
0.05816354602575302
0.039593104273080826
0.07267379760742188
0.07070011645555496
0.0844465121626854
0.029981272295117378
0.08444362878799438
0.08483373373746872
0.06305336952209473
0.0833163931965828
0.03538660332560539
0.13740025460720062
0.02414429560303688
0.06192529946565628
0.01747782714664936
0.05197776481509209
0.07902985066175461
0.07069329172372818
0.1268359124660492
0.08021776378154755
0.041927289217710495
0.024345139041543007
0.042490873485803604
0.08298474550247192
0.06499925255775452
0.09048613160848618
0.044223081320524216
0.05284970998764038
0.10196587443351746
0.027549419552087784
0.07375132292509079
0.09979691356420517
0.04498603940010071
0.10934877395629883
0.024387339130043983
0.024732638150453568
0.047243066132068634
0.07765393704175949
0.08579935878515244
0.009229674935340881
0.02405538596212864
0.02240338735282421
0.036753952503204346
0.02870691940188408
0.11773227155208588
0.06560808420181274
0.0789860337972641
0.05888890102505684
0.03898794203996658
0.03438284620642662
0.045648835599422455
0.03908213973045349
0.05283532664179802
0.021995138376951218
0.057358380407094955
0.18391156196594238
0.0001937451452249661
0.033084239810705185
0.041662029922008514
0.060439806431531906
0.061260733753442764
0.05787558853626251
0.0536297932267189
0.060623202472925186
0.06261488795280457
0.08640151470899582
0.04722746089100838
0.022683460265398026
0.028707006946206093
0.06272964179515839
0.10157252848148346
0.1066756546497345
0.08667365461587906
0.03734341263771057
0.08161380141973495
0.08380232006311417
0.01713976450264454
0.03577199950814247
0.04029758647084236
0.044563084840774536
0.03735833987593651
0.06605584174394608
0.06676709651947021
0.04725531488656998
0.04134517163038254
0.003380752867087722
0.07441112399101257
0.03066008724272251
0.02584473416209221
0.014544582925736904
0.04899129644036293
0.09560756385326385
0.09476471692323685
0.022886719554662704
0.017960049211978912
0.10207845270633698
0.03688355162739754
0.062508225440979
0.02661696821451187
0.02590424194931984
0.02357877604663372
0.06292769312858582
0.06205848231911659
0.08181264996528625
0.04676528647542
0.05063515156507492
0.012007473967969418
0.039169128984212875
0.044029079377651215
0.00030434661312028766
0.13551978766918182
0.04779374971985817
0.10504710674285889
0.061341047286987305
0.08947107940912247
0.021908234804868698
0.04932142049074173
0.035258352756500244
0.041735127568244934
0.05378420278429985
0.07790067046880722
0.03248300030827522
0.06916144490242004
0.05563238635659218
0.01816422864794731
0.055973004549741745
0.014497330412268639
0.02438603900372982
0.07594838738441467
0.025191770866513252
0.06448293477296829
0.022355612367391586
0.10030768066644669
0.06585471332073212
0.11581853777170181
0.08011718839406967
0.07520327717065811
0.08197658509016037
0.03320617601275444
0.11681405454874039
0.02963227406144142
0.07054296135902405
0.042522020637989044
0.13495363295078278
0.05408935248851776
0.011077030561864376
0.0209119264036417
0.07682663202285767
0.022724494338035583
0.01947745867073536
0.040138352662324905
0.06449606269598007
0.07246997952461243
0.11260802298784256
0.06625757366418839
0.11070767790079117
0.09015023708343506
0.11154653877019882
0.019837168976664543
0.0455939918756485
0.14384329319000244
0.0668458491563797
0.045164257287979126
0.05987934023141861
0.10728656500577927
0.084385946393013
0.11773095279932022
0.06522291153669357
0.141412615776062
0.0763268917798996
0.08379516005516052
0.08615272492170334
0.021187450736761093
0.1062408909201622
0.04589790478348732
0.09591162949800491
0.06952261179685593
0.09211169928312302
0.08613386005163193
0.04960395768284798
0.03044227696955204
0.03182430565357208
0.02999301254749298
0.053352490067481995
0.009227700531482697
0.07191579043865204
0.053591977804899216
0.021521521732211113
0.09710410982370377
0.03594019263982773
0.22172009944915771
0.04856913909316063
0.04615115746855736
0.06549105793237686
0.08321712166070938
0.05252532660961151
0.12501974403858185
0.03785709664225578
0.11565066874027252
0.03003515861928463
0.11495694518089294
0.03134060278534889
0.06432490050792694
0.026391392573714256
0.09944695979356766
0.115324005484581
0.015511883422732353
0.08162862062454224
0.0395812913775444
0.05057980865240097
0.008002806454896927
0.08392712473869324
0.07413461804389954
0.0010320814326405525
0.03337312862277031
0.0237761028110981
0.079019695520401
0.08071715384721756
0.14318621158599854
0.05887405574321747
0.047888580709695816
0.04117846488952637
0.06701342016458511
0.07007306069135666
0.01990436017513275
0.052342649549245834
0.04020533338189125
0.07580048590898514
0.10716666281223297
0.05275694280862808
0.07357972115278244
0.04030114412307739
0.018338458612561226
0.05421487241983414
0.10758034139871597
0.16027551889419556
0.0470220148563385
0.13658207654953003
0.05580432340502739
0.10040631145238876
0.032714180648326874
0.04229952394962311
0.034743040800094604
0.04003717377781868
0.06753639876842499
0.023722447454929352
0.04996674880385399
0.04693112149834633
0.07844991981983185
0.06180465593934059
0.05078652501106262
0.1643633246421814
0.0530000776052475
0.0950523242354393
0.11394353955984116
0.0297456756234169
0.01436215452849865
0.09992868453264236
0.04334178939461708
0.05533035099506378
0.10010626167058945
0.10610698908567429
0.15068963170051575
0.06689951568841934
0.17258892953395844
0.05497990548610687
0.02019321173429489
0.045089878141880035
0.006341028958559036
0.02404237724840641
0.13141857087612152
0.09068471193313599
0.15659262239933014
0.03344464302062988
0.08549865335226059
0.011896842159330845
0.2861548960208893
0.03592102974653244
0.049270693212747574
0.034259192645549774
0.06986799091100693
0.004584676586091518
0.057000331580638885
0.05581049248576164
0.11701814085245132
0.05357558652758598
0.04706280678510666
0.059900205582380295
0.04307945817708969
0.04593842104077339
0.022503305226564407
0.09032104909420013
0.012399952858686447
0.0767289474606514
0.03649219498038292
0.14662784337997437
0.10673269629478455
0.01561659574508667
0.021122684702277184
0.05894353985786438
0.04145754873752594
0.09626785665750504
0.0002793562598526478
0.02577706053853035
0.05680087208747864
0.008436459116637707
0.020697137340903282
0.028644345700740814
0.03828217834234238
0.059946298599243164
0.08901657164096832
0.048686664551496506
0.04967988282442093
0.023115411400794983
0.14265555143356323
0.07123246043920517
0.006924149580299854
0.03488150238990784
0.11199214309453964
0.09570266306400299
0.17856495082378387
0.10606735199689865
0.033181287348270416
0.03835456818342209
0.025439133867621422
0.04828406870365143
0.03866669163107872
0.057354893535375595
0.011278972029685974
0.07824975997209549
0.04115147888660431
0.12280460447072983
0.059156134724617004
0.05363055318593979
0.10342248529195786
0.05101193115115166
0.060613203793764114
0.1674363613128662
0.08118421584367752
0.012708364985883236
0.16149863600730896
0.08116703480482101
0.13070045411586761
0.0065958839841187
0.06946197152137756
0.0274075698107481
0.04429171234369278
0.02151823230087757
0.08772985637187958
0.00792622473090887
0.17056713998317719
0.042071886360645294
0.058895137161016464
0.051468998193740845
0.12474451214075089
0.11189328134059906
0.12774819135665894
0.09876064211130142
0.0033872202038764954
0.08593131601810455
0.03155137971043587
0.06401541084051132
0.09429338574409485
0.03896106779575348
0.04138952121138573
0.10919667780399323
0.06576668471097946
0.04157768562436104
0.001220708480104804
0.00725989043712616
0.023170001804828644
0.13050685822963715
0.034989867359399796
0.1461862325668335
0.04536602273583412
0.05635497346520424
0.038120511919260025
0.04946991056203842
0.043993640691041946
0.098124660551548
0.07480210810899734
0.07355380058288574
0.0641842931509018
0.0459359847009182
0.027873588725924492
0.05040698125958443
0.1640244722366333
0.061044130474328995
0.014436203986406326
0.015591450035572052
0.15660302340984344
0.04311655834317207
0.11530083417892456
0.056183792650699615
0.00661132950335741
0.04998686909675598
0.08907641470432281
0.11485299468040466
0.02093624882400036
0.008395317010581493
0.044446974992752075
0.03249577805399895
0.04074951633810997
0.05730225145816803
0.047997672110795975
0.02207280695438385
0.08272435516119003
0.06298192590475082
0.006575691048055887
0.01110673788934946
0.020314235240221024
0.0005479766987264156
0.039538025856018066
0.11803380399942398
0.20025189220905304
0.03287062421441078
0.018693841993808746
0.02421077899634838
0.0032849758863449097
0.04845479875802994
0.09284725785255432
0.022195471450686455
0.17304573953151703
0.04225882887840271
0.1522129774093628
0.07870402187108994
0.15773969888687134
0.05275893956422806
0.07842736691236496
0.05442865192890167
0.17978861927986145
0.08456617593765259
0.0688527449965477
0.052040595561265945
0.011111143976449966
0.033055853098630905
0.0611710287630558
0.1184755340218544
0.02871614694595337
0.06554418802261353
0.1066272035241127
0.04734620451927185
0.21272310614585876
0.07287729531526566
0.19141891598701477
0.0158111359924078
0.11985011398792267
0.04324707016348839
0.03193513676524162
0.023130405694246292
0.026419037953019142
0.04816577211022377
0.01860780268907547
0.0008583395974710584
0.048545245081186295
0.08858092129230499
0.040215156972408295
0.0825885608792305
0.09250584989786148
0.034680020064115524
0.026782330125570297
0.008427303284406662
0.10602150112390518
0.07911917567253113
0.05444293096661568
0.09084320068359375
0.05845744535326958
0.029719650745391846
0.02210843190550804
0.04750332236289978
0.060886722058057785
0.06316035985946655
0.03432660549879074
0.001271075219847262
0.04480961710214615
0.10767927765846252
0.050922051072120667
0.03877361863851547
0.03130567446351051
0.01595962420105934
0.07523532211780548
0.11832928657531738
0.11924644559621811
0.048248473554849625
0.04407208040356636
0.021312374621629715
0.15340444445610046
0.11309823393821716
0.00015890525537543
0.04351389408111572
0.04065599665045738
0.06472941488027573
0.05752648785710335
0.08466039597988129
0.033276136964559555
0.04725004732608795
0.09794066846370697
0.04472345486283302
0.06804987788200378
0.029660262167453766
0.0019167321734130383
0.03691026568412781
0.08043169975280762
0.04869005084037781
0.13982167840003967
0.02266985923051834
0.09529033303260803
0.06653695553541183
0.03496400639414787
0.1263437420129776
0.034677743911743164
0.052361246198415756
0.00034988729748874903
0.05105448514223099
0.0721811056137085
0.05948847532272339
0.038464974611997604
0.09145420789718628
0.08204841613769531
0.0006016997504048049
0.034245818853378296
0.06506313383579254
0.013137642294168472
0.04395512491464615
0.014028721489012241
0.04820561036467552
0.045078326016664505
0.011801667511463165
0.03313228860497475
0.00033933582017198205
0.09364660084247589
0.0333305187523365
0.062020137906074524
0.08840295672416687
0.04776684194803238
0.03415876254439354
0.043599940836429596
0.051316726952791214
0.08274810016155243
0.000479664362501353
0.037032436579465866
0.060308534651994705
0.04376402124762535
0.027832379564642906
0.09707123786211014
0.029697032645344734
0.042112912982702255
0.01434643566608429
0.06584616005420685
0.01863488182425499
0.022301582619547844
0.05438528582453728
0.06534028798341751
0.05596039816737175
0.05453662946820259
0.12393255531787872
0.0643022432923317
0.061961423605680466
0.034426067024469376
0.05243687331676483
0.03831298276782036
0.04028839245438576
0.0015002372674643993
0.06285794079303741
0.013107886537909508
0.020150285214185715
0.058668047189712524
0.0016219012904912233
0.06493397802114487
0.09064774960279465
0.0713307186961174
0.06885035336017609
0.147987961769104
0.19037914276123047
0.05968230962753296
0.037589721381664276
0.0397786907851696
0.043228860944509506
0.001833575195632875
0.06994129717350006
0.06502500921487808
0.075045146048069
0.03747492656111717
0.06727468967437744
0.06311746686697006
0.0119369151070714
0.04212493076920509
0.09208228439092636
0.07546169310808182
0.1301272064447403
0.06568723171949387
0.029774783179163933
0.09504696726799011
0.047245707362890244
0.16805514693260193
0.04779915139079094
0.024101827293634415
0.05802764743566513
0.07775481790304184
0.017121009528636932
0.025206422433257103
0.038459718227386475
0.10976236313581467
0.1257597804069519
0.024764491245150566
0.11408543586730957
0.046595267951488495
0.07200747728347778
0.01931259222328663
0.03500218689441681
0.0417579747736454
0.011343036778271198
0.05292695388197899
0.10284982621669769
0.12047863006591797
0.0807090699672699
0.02949340268969536
0.03679557144641876
0.16730643808841705
0.15203747153282166
0.07234382629394531
0.05759992077946663
0.09501821547746658
0.09943802654743195
0.1847740262746811
0.008997672237455845
0.01703387312591076
0.052632082253694534
0.12018769979476929
0.07673097401857376
0.12689144909381866
0.08018080145120621
0.09442667663097382
0.04438180476427078
0.01497466117143631
0.06503516435623169
0.050049878656864166
0.04665125533938408
0.030096910893917084
0.05006571114063263
0.047524284571409225
0.01696675643324852
0.04258592426776886
0.050361864268779755
0.09513849765062332
0.0019714380614459515
0.04643789678812027
0.0224772859364748
0.042418885976076126
0.014642132446169853
0.04092714935541153
0.02595125325024128
0.04512448608875275
0.0499839149415493
0.06423839926719666
0.005157416220754385
0.03285611793398857
0.05875135958194733
0.04036666825413704
0.05782431364059448
0.0625297799706459
0.07377815246582031
0.020626775920391083
0.06470765918493271
0.022951453924179077
0.08681920915842056
0.006219719536602497
0.016713734716176987
0.04059979319572449
0.14167091250419617
0.042159780859947205
0.046003613620996475
0.02530035376548767
0.13538388907909393
0.08013741672039032
0.03810374438762665
0.07719384878873825
0.07655282318592072
0.06274159252643585
0.13245317339897156
0.05716189742088318
0.045031748712062836
0.06701432913541794
0.08637253195047379
0.009351275861263275
0.0366048626601696
0.022995952516794205
0.06237438693642616
0.03983251005411148
0.06725846230983734
0.01962549239397049
0.01297571137547493
0.03934450075030327
0.0031312243081629276
0.07889942824840546
0.08242637664079666
0.014819290488958359
0.05974731966853142
0.03722485899925232
0.019317278638482094
0.020646868273615837
0.037928204983472824
0.021363375708460808
0.03731456398963928
0.04712855815887451
0.04257911443710327
0.029070967808365822
0.06601367890834808
0.056718990206718445
0.0014973857905715704
0.014061834663152695
0.02806214988231659
0.19310468435287476
0.13351547718048096
0.028950953856110573
0.026725713163614273
0.14366541802883148
0.030174078419804573
0.05263466760516167
0.002332939999178052
0.029133597388863564
0.057487308979034424
0.024475516751408577
0.06008213385939598
0.03939935937523842
0.026713350787758827
0.04254567250609398
0.06382903456687927
0.024426309391856194
0.11107178777456284
0.13352902233600616
0.04126680642366409
0.03734154626727104
0.058341413736343384
0.09279455244541168
0.06562059372663498
0.03176983445882797
0.03762758895754814
0.029893165454268456
0.028821425512433052
0.04795476049184799
0.034969087690114975
0.017943425104022026
0.08188629895448685
0.02944965660572052
0.0336056724190712
0.08440089970827103
0.10729434341192245
0.0007643196731805801
0.1059790551662445
0.07367046922445297
0.06726454198360443
0.16471195220947266
0.030687639489769936
0.05736887827515602
0.02033662423491478
0.051713913679122925
0.08176102489233017
0.043193839490413666
0.08257528394460678
0.07244128733873367
0.06375500559806824
0.04487704858183861
0.06338682025671005
0.036399319767951965
0.040700290352106094
0.04065098613500595
0.07441117614507675
0.06361893564462662
0.025769421830773354
0.07090210169553757
0.0359785370528698
0.06837055832147598
0.05977126955986023
0.01592620462179184
0.030370237305760384
0.021652311086654663
0.04770807921886444
0.03624812513589859
0.0926351249217987
0.03438659384846687
0.03152204677462578
0.060075465589761734
0.009130257181823254
0.05763286352157593
0.000160879353643395
0.029167259112000465
0.07943306863307953
0.030189108103513718
0.044858209788799286
0.07312589138746262
0.029585303738713264
0.036672238260507584
0.01968548260629177
0.016550337895751
0.044941242784261703
0.020221605896949768
0.03947622328996658
0.051568686962127686
0.056385722011327744
0.06903211772441864
0.09871307015419006
0.03167615458369255
0.059814196079969406
0.001838215161114931
0.027906384319067
0.0011956887319684029
0.09908373653888702
0.10114304721355438
0.03467090055346489
0.07610838115215302
0.09851357340812683
0.08682338148355484
0.012578246183693409
0.018103715032339096
0.05072750523686409
0.040038011968135834
0.02721542678773403
0.055342353880405426
0.09515876322984695
0.05074986070394516
0.03460296243429184
0.048570819199085236
0.034604910761117935
0.04248639941215515
0.08983369916677475
0.10737109184265137
0.2267272025346756
0.04475866258144379
0.018272660672664642
0.05212851241230965
0.039299268275499344
0.04306773468852043
0.03922551870346069
0.04347803443670273
0.0025365371257066727
0.04364514723420143
0.04514099285006523
0.031106453388929367
0.030736850574612617
0.026779374107718468
0.06390424072742462
0.09422646462917328
0.05908007547259331
0.049547407776117325
0.13923391699790955
0.050885431468486786
0.03332822397351265
0.10739228874444962
0.15799139440059662
0.018867187201976776
0.010905229486525059
0.05208292603492737
0.03530821576714516
0.06568741053342819
0.03942777216434479
0.009976875968277454
0.06027030944824219
0.07874900102615356
0.07699298113584518
0.09011131525039673
0.11627891659736633
0.02252696454524994
0.024532441049814224
0.08338194340467453
0.1372254192829132
0.049097951501607895
0.020364908501505852
0.04966563731431961
0.053549379110336304
0.026105675846338272
0.07141134142875671
0.06162358447909355
0.01058585662394762
0.0765988752245903
0.06420240551233292
0.015457297675311565
0.061781737953424454
0.10631684213876724
0.04935850203037262
0.12833620607852936
0.14944875240325928
0.04509534314274788
0.03464360535144806
0.08445273339748383
0.16130566596984863
0.01046268455684185
0.040245044976472855
0.0562453493475914
0.0724039226770401
0.02951943874359131
0.0553971491754055
0.12491188198328018
0.06672942638397217
0.07428082078695297
0.07827837020158768
0.04592587426304817
0.032578568905591965
0.06021006032824516
0.06893208622932434
0.04118239879608154
0.07436925172805786
0.020649800077080727
0.0049111079424619675
0.10392535477876663
0.029994100332260132
0.12160681188106537
0.03689755126833916
0.020809520035982132
0.1389676183462143
0.02223457396030426
0.02823673002421856
0.05583629012107849
0.024245113134384155
0.013581524603068829
0.08287019282579422
0.09634318947792053
0.03729979321360588
0.06101377680897713
0.13216489553451538
0.06303851306438446
0.10225987434387207
0.1046987920999527
0.10629291832447052
0.04208007827401161
0.01988128200173378
0.020887402817606926
0.0019088564440608025
0.0533263236284256
0.015555398538708687
0.04386015236377716
0.017727097496390343
0.03150688111782074
0.0308499988168478
0.045801132917404175
0.060687899589538574
0.04146559536457062
0.0863635465502739
0.04458635672926903
0.024174954742193222
0.03922778367996216
0.010465542785823345
0.04803439974784851
0.05508705601096153
0.1218656525015831
0.03798743709921837
0.04932793974876404
0.05423629656434059
0.020024051889777184
0.03621403127908707
0.126291885972023
0.03507707267999649
0.02637508139014244
0.05517898499965668
0.0689951553940773
0.1497448980808258
0.01935432478785515
0.0388321690261364
0.004461015574634075
0.030790001153945923
0.14571793377399445
0.020103473216295242
0.06488421559333801
0.05408594757318497
0.07386115193367004
0.016001021489501
0.034659598022699356
0.06692769378423691
0.00046905322233214974
0.07250944525003433
0.10317037254571915
0.048830609768629074
0.038273945450782776
0.07649511843919754
0.017930546775460243
0.18106211721897125
0.04260736703872681
0.045826662331819534
0.16368766129016876
0.05587272718548775
0.04688619449734688
0.12561438977718353
0.004873896017670631
0.12990355491638184
0.023152105510234833
0.045194219797849655
0.06675247102975845
0.04360831901431084
0.04240547865629196
0.029643448069691658
0.10060176998376846
0.06904202699661255
0.008193673565983772
0.04388939216732979
0.12175416946411133
0.026614941656589508
0.06002267077565193
0.06604097783565521
0.05233900621533394
0.03635009378194809
0.023947564885020256
0.05810936540365219
0.07517912238836288
0.0005826893029734492
0.05431928485631943
0.0850033313035965
0.056873422116041183
0.0636902004480362
0.060045626014471054
0.07245440036058426
0.04796535521745682
0.06392701715230942
0.012455340474843979
0.08314285427331924
0.03721226751804352
0.01374273281544447
0.04110050946474075
0.057828325778245926
0.024724261835217476
0.0006673240568488836
0.018713388592004776
0.061406273394823074
0.08725104480981827
0.07240080833435059
0.06547446548938751
0.02664106711745262
0.028826743364334106
0.03979421406984329
0.020858222618699074
0.08998844027519226
0.03762195631861687
0.06241367384791374
0.07074779272079468
0.059912946075201035
0.05672789737582207
0.01878105103969574
0.0685037299990654
0.048676181584596634
0.04868391901254654
0.005869712680578232
0.12242688983678818
0.10237019509077072
0.09460906684398651
0.062081240117549896
0.053011178970336914
0.21450959146022797
0.004528705030679703
0.07564111053943634
0.03922843188047409
0.026344163343310356
0.07971227914094925
0.023364387452602386
0.035490069538354874
0.00165811728220433
0.051307857036590576
0.053832121193408966
0.07468858361244202
0.025383440777659416
0.13001567125320435
0.06795500218868256
0.01192211639136076
0.06701520085334778
0.04227394610643387
0.0004188283928669989
0.04157697409391403
0.043318040668964386
0.05964977294206619
0.0920604020357132
0.04986987262964249
0.09965362399816513
0.09044776856899261
0.02360730804502964
0.05420061573386192
0.08287758380174637
0.09002503752708435
0.10453050583600998
0.06149610877037048
0.020239077508449554
0.06217115372419357
0.04230049252510071
0.012084785848855972
0.0692339688539505
0.01784868724644184
0.03586288169026375
0.06339576840400696
0.16649305820465088
0.044437654316425323
0.07201587408781052
0.04992295056581497
0.1426750272512436
0.04461657628417015
0.1009274497628212
0.01770136132836342
0.02358628623187542
0.04768386855721474
0.0691227838397026
0.026815926656126976
0.017481254413723946
0.06460138410329819
0.19809359312057495
0.10002856701612473
0.04953164607286453
0.0172245055437088
0.05401448905467987
0.08269432187080383
0.03007025644183159
0.08334488421678543
0.005131721030920744
0.05823191627860069
0.047683000564575195
0.04713171720504761
0.05153730511665344
0.01042096596211195
0.09259291738271713
0.05649137496948242
0.039599791169166565
0.03660574555397034
0.1106444001197815
0.08106879889965057
0.053866785019636154
0.038088005036115646
0.04092315584421158
0.01646810956299305
0.11517265439033508
0.06511232256889343
0.06882072240114212
0.05870809406042099
0.057767368853092194
0.07674547284841537
0.044467177242040634
0.048716239631175995
0.03883890062570572
0.03128022328019142
0.021272096782922745
0.07960489392280579
0.011245687492191792
0.0001288994972128421
0.09763455390930176
0.02532011829316616
0.06628378480672836
0.12199994176626205
0.14380763471126556
0.08737343549728394
0.0219319686293602
0.07275775820016861
0.037985723465681076
0.0964953675866127
0.04862109199166298
0.02141951210796833
0.0354415699839592
0.02621975913643837
0.09558409452438354
0.017004184424877167
0.03725742548704147
0.08382195234298706
0.04824631288647652
0.019264381378889084
0.06730727851390839
0.029513055458664894
0.041094399988651276
0.06891613453626633
0.047959741204977036
0.04171418398618698
0.038220878690481186
0.0592561736702919
0.049244269728660583
0.0725281834602356
0.03991171345114708
0.03814345598220825
0.08324155956506729
0.04667776823043823
0.00010272147483192384
0.0799679234623909
0.0010216759983450174
0.045664314180612564
0.025522904470562935
0.08546921610832214
0.04273880273103714
0.028176870197057724
0.02605278603732586
0.05196872726082802
0.061920929700136185
0.10997983068227768
0.050416138023138046
0.03006114438176155
0.1378975659608841
0.0002986915351357311
0.128703311085701
0.04136428236961365
0.09431193023920059
0.052721057087183
0.05681769922375679
0.04261834919452667
0.03442908823490143
0.00218356866389513
0.008640228770673275
0.05938625708222389
0.05199050158262253
0.01987282931804657
0.1830083578824997
0.06952504813671112
0.04059085622429848
0.021197229623794556
0.03404238447546959
0.248443141579628
0.02463545650243759
0.025852473452687263
0.054433297365903854
0.031158242374658585
0.02229905128479004
0.03533855080604553
0.015626564621925354
0.057090356945991516
0.0875832661986351
0.001730078482069075
0.08407434821128845
0.02908211387693882
5.365519245970063e-05
0.0361858531832695
0.07381785660982132
0.07869337499141693
0.2634228467941284
0.005936803761869669
0.029472531750798225
0.016356714069843292
0.028672346845269203
0.07851517200469971
0.041533179581165314
0.07871125638484955
0.0005380394868552685
0.025812998414039612
0.09983200579881668
0.030759455636143684
0.08205601572990417
0.0342436246573925
0.00895252637565136
0.032774776220321655
0.04387179762125015
0.08978753536939621
0.05651169642806053
0.04905937239527702
0.036772508174180984
0.03080950677394867
0.17556819319725037
0.04473787173628807
0.0877019613981247
0.10572914779186249
0.10447634011507034
0.010757813230156898
0.05487057939171791
0.04124065116047859
0.15068307518959045
0.09908849000930786
0.050861261785030365
0.06401140242815018
0.12746238708496094
0.03142096847295761
0.07509616017341614
0.05169685184955597
0.07858354598283768
0.0359274260699749
0.06403343379497528
0.07225949317216873
0.055900510400533676
0.04944418743252754
0.045019205659627914
0.03976760059595108
0.029075797647237778
0.02589588053524494
0.03181270882487297
0.03023875690996647
0.026904920116066933
0.0514848418533802
0.009669902734458447
0.03444504365324974
0.045572105795145035
0.03973260521888733
0.05849214270710945
0.025074612349271774
0.20502609014511108
0.028653046116232872
0.04944005236029625
0.10922381281852722
0.03779219835996628
0.044032447040081024
0.0175120048224926
0.025189902633428574
0.020790226757526398
0.07808421552181244
0.08163674175739288
0.06117577850818634
0.08505645394325256
0.06355641782283783
0.08354911208152771
0.0317256860435009
0.13520865142345428
0.25969991087913513
0.03360388055443764
0.058160945773124695
0.021363798528909683
0.02017917111515999
0.1814841628074646
0.009682675823569298
0.07702241837978363
0.060823485255241394
0.07412224262952805
0.04181426391005516
0.05820528790354729
0.012871966697275639
0.02251598984003067
0.05068311095237732
0.06633920222520828
0.04179980233311653
0.14101459085941315
0.017370183020830154
0.05344058573246002
0.08647165447473526
0.02765074372291565
0.039537232369184494
0.10926198214292526
0.07220683991909027
0.10605351626873016
0.035310856997966766
0.041569117456674576
0.027071136981248856
0.0802336186170578
0.15332140028476715
0.03868157044053078
0.02531970851123333
0.12254209816455841
0.15209315717220306
0.03860452398657799
0.01369266677647829
0.044166382402181625
0.02834242396056652
0.06477323174476624
0.044128842651844025
0.018369974568486214
0.04012066870927811
0.032537706196308136
0.035785973072052
0.024236595258116722
0.10443335771560669
0.07121437042951584
0.039799489080905914
0.03589576482772827
0.1062123253941536
0.014278039336204529
0.07938788831233978
0.044627007097005844
0.08803151547908783
0.030918341130018234
0.16002996265888214
0.08131828159093857
0.08765710145235062
0.10294350236654282
0.06610424816608429
0.009152666665613651
0.048404138535261154
0.049793656915426254
0.059551455080509186
0.0900668352842331
0.08001110702753067
0.051061227917671204
0.019360696896910667
0.02039388194680214
0.07321429997682571
0.012561457231640816
0.021192843094468117
0.0346844457089901
0.020295705646276474
0.06449681520462036
0.08041045814752579
0.040608521550893784
0.04467809200286865
0.012950820848345757
0.07097066938877106
0.05782921984791756
0.04567980766296387
0.06087721511721611
0.08949311077594757
0.05934368818998337
0.026957498863339424
0.0009638194460421801
0.0683368593454361
0.07519782334566116
0.031792398542165756
0.04844420403242111
0.039421066641807556
0.037085264921188354
0.08603891730308533
0.05045602098107338
0.024167897179722786
0.0810953751206398
0.02530282363295555
0.07128162682056427
0.018790386617183685
0.1216975525021553
0.0406639389693737
0.06477411091327667
0.1378641128540039
0.037882089614868164
0.08020137250423431
0.05402183532714844
0.03656185045838356
0.04383930191397667
0.05006757006049156
0.04146075248718262
0.007584881503134966
0.04570735618472099
0.06499981135129929
0.08438047021627426
0.0592728853225708
0.1393478661775589
0.04650086909532547
0.08244829624891281
0.10162223875522614
0.05847115069627762
0.04963793233036995
0.0321156270802021
0.03117399290204048
0.059953778982162476
0.07159260660409927
0.015557362698018551
0.2113964855670929
0.0474148690700531
0.1278255581855774
0.10331518948078156
0.008219031617045403
0.03578300029039383
0.10246915370225906
0.045938242226839066
0.0877295657992363
0.042945727705955505
0.027015825733542442
0.08994169533252716
0.011121922172605991
0.019369127228856087
0.06411874294281006
0.07856611907482147
0.05239233747124672
0.1437499076128006
0.12279590219259262
0.022698016837239265
0.006619173102080822
0.07038410007953644
0.12425971031188965
0.0008740531629882753
0.24903161823749542
0.05710667371749878
0.092242531478405
0.037156518548727036
0.1358005404472351
0.06706365942955017
0.029415909200906754
0.05203762277960777
0.08021365106105804
0.05745882913470268
0.030754832550883293
0.018838170915842056
0.16788482666015625
0.026270315051078796
0.020431192591786385
0.040880002081394196
0.09719949215650558
0.03703651204705238
0.08227244764566422
0.09014051407575607
0.10830693691968918
0.029776401817798615
0.02495717443525791
0.06571944057941437
0.058527808636426926
0.10919277369976044
0.023267759010195732
0.05004967749118805
0.03897654265165329
0.05820544809103012
0.12189629673957825
0.06059793010354042
0.037338703870773315
0.04516462981700897
0.0335279256105423
0.027371224015951157
0.04314087703824043
0.04981830343604088
0.12937551736831665
0.03861621767282486
0.07305707037448883
0.025395339354872704
0.1248554214835167
0.03386696055531502
0.03507060557603836
0.05450398474931717
0.07569120824337006
0.14257431030273438
0.09372536092996597
0.02451349049806595
0.016726192086935043
0.13523221015930176
0.054181672632694244
0.05178901553153992
0.03856992349028587
0.04280897229909897
0.022874562069773674
0.06504398584365845
0.0108659528195858
0.058533575385808945
0.0707646980881691
0.05235814303159714
0.016837449744343758
0.0013537077466025949
0.04271543398499489
0.1290937215089798
0.04506497457623482
0.11821714043617249
0.04090476036071777
0.06446197628974915
0.04534174129366875
0.06698482483625412
0.02856520190834999
0.06644605100154877
0.017295772209763527
0.03952695056796074
0.017918046563863754
0.0337243527173996
0.03524859994649887
0.113491952419281
0.0678194984793663
0.037238556891679764
0.06407840549945831
0.06451763957738876
0.021372992545366287
0.08893346041440964
0.13587160408496857
0.06805931776762009
0.033329665660858154
0.09499330073595047
0.023676596581935883
0.003292948706075549
0.015461565926671028
0.017271248623728752
0.01130733359605074
0.0406617633998394
0.038293082267045975
0.2025531679391861
0.019870631396770477
0.0482146218419075
0.062376659363508224
0.007286180276423693
0.06467664986848831
0.08517979830503464
0.023597044870257378
0.28982803225517273
0.07657019048929214
0.04017537087202072
0.06973457336425781
0.04614649713039398
0.09306677430868149
0.01639091968536377
0.020416582003235817
0.03147806599736214
0.08530323207378387
0.025988087058067322
0.024932080879807472
0.03951976075768471
0.07419486343860626
0.07111354917287827
0.08494836837053299
0.020195743069052696
0.06554344296455383
0.04267532005906105
0.07184268534183502
0.05519171804189682
0.05766722559928894
0.031780410557985306
0.0688599944114685
0.09306064993143082
0.05356286093592644
0.08705789595842361
0.011876792646944523
0.038960013538599014
0.030287865549325943
0.03017278015613556
0.29567965865135193
0.024657733738422394
0.12432210892438889
0.008950727991759777
0.037412259727716446
0.04776915907859802
0.015385317616164684
0.04394245520234108
0.03348599746823311
0.028437485918402672
0.04777318611741066
0.10040637105703354
0.05538056418299675
0.04537627473473549
0.04278817027807236
0.051230814307928085
0.010759265162050724
0.052646536380052567
0.09257520735263824
0.030034467577934265
0.09745307266712189
0.07041313499212265
0.019945019856095314
0.09764082729816437
0.027339013293385506
0.0659700557589531
0.03960714489221573
0.03588588908314705
0.034117020666599274
0.03372422233223915
0.01943679340183735
0.07595182210206985
0.04858178272843361
0.0442737340927124
0.04226510599255562
0.1179613247513771
0.012671133503317833
0.025308575481176376
0.0013590152375400066
0.07428857684135437
0.10032263398170471
6.511720857815817e-05
0.041894618421792984
0.1049497202038765
0.06921720504760742
0.027809754014015198
0.017374088987708092
0.14501157402992249
0.08855661004781723
0.10436636954545975
0.08127149939537048
0.032975152134895325
0.07079166173934937
0.04277601093053818
0.11971992999315262
0.09225919097661972
0.054362647235393524
0.07737448811531067
0.1083323210477829
0.06054907292127609
0.026763012632727623
0.027354354038834572
0.0657951682806015
0.03914571925997734
0.02180318720638752
0.048632245510816574
0.05218280851840973
0.006873867940157652
0.03702772408723831
0.056665051728487015
0.058670710772275925
0.058667946606874466
0.15448760986328125
0.03576184809207916
0.045159727334976196
0.06622108817100525
0.056987516582012177
0.013138994574546814
0.02560109831392765
0.07986803352832794
0.10410648584365845
0.05730312317609787
0.029418809339404106
0.04332898557186127
0.03936787322163582
0.06556911021471024
0.06650595366954803
0.04910961166024208
0.029805416241288185
0.026714231818914413
0.04314112663269043
0.0724039077758789
0.10498485714197159
0.10429355502128601
0.0216150414198637
0.1049879714846611
0.026835676282644272
0.018620440736413002
0.09829685091972351
0.03361991047859192
0.0944497212767601
0.05283864587545395
0.0420701801776886
0.002900598803535104
0.06397311389446259
0.019442124292254448
0.029958659783005714
0.16671547293663025
0.049472760409116745
0.03757988661527634
0.12489975988864899
0.08312495797872543
0.08022131770849228
0.035084255039691925
0.06255356222391129
0.07960419356822968
0.039950110018253326
0.07361401617527008
0.040943924337625504
0.08043499290943146
0.031116429716348648
0.07850034534931183
0.043673574924468994
0.05047321319580078
0.050988487899303436
0.07735343277454376
0.11325183510780334
0.10919950157403946
0.08622884005308151
0.021969811990857124
0.0012036529369652271
0.08359726518392563
0.05194338038563728
0.03337722644209862
0.0769098550081253
0.07520529627799988
0.11296924203634262
0.018415318801999092
0.031119247898459435
0.018305081874132156
0.001377070089802146
0.02618882618844509
0.05850521847605705
0.031155630946159363
0.04209795221686363
0.05540478974580765
0.07621382921934128
0.01327841728925705
0.042131032794713974
0.10998906195163727
0.07893703877925873
0.025955501943826675
0.06582411378622055
0.007057461887598038
0.09243568778038025
0.012722766026854515
0.006758853793144226
0.046664442867040634
0.08364225178956985
0.03269662708044052
0.039359621703624725
0.06943666934967041
0.054470181465148926
0.03783920407295227
0.10461984574794769
0.07659025490283966
0.074510857462883
0.09136393666267395
0.04882555827498436
0.026034845039248466
0.0476146824657917
0.11287889629602432
0.041158709675073624
0.10649123042821884
0.07671110332012177
0.10221445560455322
0.033580075949430466
0.2756780982017517
0.04600919038057327
0.06554841995239258
0.022853702306747437
0.1047094538807869
0.04568956792354584
0.011850540526211262
0.025503404438495636
0.11256468296051025
0.06465616822242737
0.046282216906547546
0.018432987853884697
0.030927691608667374
0.07674168795347214
0.02358352579176426
0.037675563246011734
0.00626530172303319
0.07459236681461334
0.05373565852642059
0.03204739838838577
0.09602513164281845
0.06002305448055267
0.07658486068248749
0.022806664928793907
0.09617388993501663
0.11664517223834991
0.0856160894036293
0.055393923074007034
0.045633796602487564
0.05298108235001564
0.015267971903085709
0.011467251926660538
0.05952741578221321
0.030643802136182785
0.05305037647485733
0.04485657066106796
0.12033754587173462
0.07798869907855988
0.04965903237462044
0.09359708428382874
0.01015859842300415
0.10287557542324066
0.06362906098365784
0.07402489334344864
0.05730155482888222
0.07094413042068481
0.05856982618570328
0.04600339010357857
0.04726220667362213
0.03484766185283661
0.06253866851329803
0.0007529425201937556
0.0287310853600502
0.06094996631145477
0.07131779193878174
0.12610198557376862
0.0399169996380806
0.02392728440463543
0.03914264589548111
0.05128677934408188
0.05123575031757355
0.03234725818037987
0.06575487554073334
0.1284169703722
0.06428370624780655
0.028270456939935684
0.0453249029815197
0.09531044960021973
0.013684675097465515
0.03888062760233879
0.03689122945070267
0.07921166718006134
0.03495434299111366
0.03414899855852127
0.03733614459633827
0.03769265487790108
0.04458922520279884
0.07826307415962219
0.0405757874250412
0.02739701233804226
0.07160769402980804
0.04145384207367897
0.10593941062688828
0.029186343774199486
0.0010905767558142543
0.04956485703587532
0.06780993938446045
0.030593888834118843
0.025236045941710472
0.09565558284521103
0.018642207607626915
0.04137979820370674
0.062192726880311966
0.06668761372566223
0.06335332244634628
0.000409439904615283
0.0186601709574461
0.10535183548927307
0.11248461157083511
0.2518211901187897
0.04381395876407623
0.09614527225494385
0.007940970361232758
0.04949725791811943
0.053382426500320435
0.000552897050511092
0.041204843670129776
0.05809555947780609
0.023434042930603027
0.03406945988535881
0.011493553407490253
0.020219745114445686
0.05260652303695679
0.015207594260573387
0.03788783401250839
0.026641301810741425
0.0016586591955274343
0.026791883632540703
0.03710059076547623
0.013382228091359138
0.01890680566430092
0.05351293459534645
0.051585786044597626
0.03485336899757385
0.06919381022453308
0.0209343321621418
0.09989147633314133
0.025763751938939095
0.019676797091960907
0.11631245911121368
0.006361279636621475
0.12273911386728287
0.018341317772865295
0.05150645971298218
0.019973499700427055
0.05349355936050415
0.013361082412302494
0.04299185052514076
0.0855356752872467
0.09807126969099045
0.11381667852401733
0.0173703171312809
0.049138348549604416
0.046051181852817535
0.07504207640886307
0.08207733929157257
0.06013189256191254
0.06641501188278198
0.11082147806882858
0.1103576198220253
0.027344217523932457
0.05818682536482811
0.06009583920240402
0.020590536296367645
0.08555560559034348
0.01714382879436016
0.04184680059552193
0.03092065081000328
0.0644197091460228
0.059377580881118774
0.03599466755986214
0.06304515898227692
0.07930920273065567
0.025005752220749855
0.13372723758220673
0.024738362058997154
0.03188987821340561
0.13185271620750427
0.02941470593214035
0.0004937906051054597
0.0816832035779953
0.056038759648799896
0.08126795291900635
0.08960464596748352
0.07942179590463638
0.09883278608322144
0.04139252379536629
0.01781698502600193
0.1387973576784134
0.0702785849571228
0.034879982471466064
0.044068269431591034
0.07744056731462479
0.047611113637685776
0.11022017896175385
0.12215843051671982
0.08356896787881851
0.039438165724277496
0.050723712891340256
0.08669304847717285
0.11667747050523758
0.027710624039173126
0.036674343049526215
0.03714565187692642
0.13600899279117584
0.044561054557561874
0.039023060351610184
0.025646425783634186
0.011100614443421364
0.0429905503988266
0.13442696630954742
0.04307948797941208
0.11357652395963669
0.06406466662883759
0.05645040050148964
0.09622655063867569
0.07360880076885223
0.1642344743013382
0.03114347718656063
0.04266193136572838
0.11281716823577881
0.0452648364007473
0.07565581798553467
0.013718933798372746
0.03480781987309456
0.02442377805709839
0.04051966220140457
0.05813722684979439
0.02000291272997856
0.24943284690380096
0.09602607041597366
0.06495397537946701
0.03189434856176376
0.04122520610690117
0.053979795426130295
0.027133353054523468
0.03430691361427307
0.03518512845039368
0.03720835596323013
0.08300884813070297
0.03784319758415222
0.11941082030534744
0.006499551236629486
0.010722423903644085
0.02896210364997387
0.04446303844451904
0.06857630610466003
0.021512676030397415
0.06860940903425217
0.012681401334702969
0.040073830634355545
0.04520589858293533
0.0707264244556427
0.0720762312412262
0.04894477501511574
0.018174603581428528
0.1303188055753708
0.026216963306069374
0.1036822646856308
0.00031063356436789036
0.08135637640953064
0.10153528302907944
0.01911083422601223
0.047197747975587845
0.027401326224207878
0.019087066873908043
0.0684434100985527
0.14568831026554108
0.08387922495603561
0.043021783232688904
0.0385608971118927
0.05008555203676224
0.06846895813941956
0.009042971767485142
0.041448306292295456
0.0037938677705824375
0.055488329380750656
0.040339644998311996
0.04948835447430611
0.07909899950027466
0.03626096621155739
0.05229289457201958
0.007242140360176563
0.07564227283000946
0.0314243845641613
0.0328642874956131
0.125657320022583
0.02349061332643032
0.0029066295828670263
0.030346643179655075
0.034641992300748825
0.08395775407552719
0.04797728732228279
0.19497014582157135
0.004033899866044521
0.04126090556383133
0.039343275129795074
0.046594150364398956
0.024201273918151855
0.04675636813044548
0.06491953879594803
0.025804536417126656
0.048799630254507065
0.044448647648096085
0.029609229415655136
0.08719630539417267
0.10142835229635239
0.04433610662817955
0.07155963033437729
0.09735583513975143
0.023462098091840744
0.04025588557124138
0.0708206370472908
0.052011679857969284
0.023048127070069313
0.029380496591329575
0.032825570553541183
0.06720732897520065
0.0383266881108284
0.07259419560432434
0.024802902713418007
0.012317229062318802
0.0470508374273777
0.022243913263082504
0.022942977026104927
0.007813314907252789
0.08816970884799957
0.05744464322924614
0.06888648122549057
0.11426929384469986
0.03378312662243843
0.0714319571852684
0.05401509255170822
0.0031133664306253195
0.0384710468351841
0.0423663891851902
0.051657430827617645
0.16915012896060944
0.04920245334506035
0.08787558972835541
0.07716333121061325
0.059950027614831924
0.04208939149975777
0.02927486039698124
0.05584036931395531
0.024712877348065376
0.0728202611207962
0.038650400936603546
0.06822865456342697
0.03358851373195648
0.08760219812393188
0.01769493706524372
0.007066403049975634
0.04215436428785324
0.0550532341003418
0.016570137813687325
0.025169216096401215
0.1429985910654068
0.040303267538547516
0.04840800538659096
0.022472960874438286
0.022650083526968956
0.00043379105045460165
0.04889582470059395
0.01836477778851986
0.07051188498735428
0.072316013276577
0.06110142171382904
0.061762839555740356
0.03821546956896782
0.004499637056142092
0.049810174852609634
0.05752604454755783
0.056421663612127304
0.05459561571478844
0.04588714987039566
0.04452557489275932
0.07484310120344162
0.04629041254520416
0.06262877583503723
0.0628388375043869
0.04224079102277756
0.0653497651219368
0.054686564952135086
0.044165294617414474
0.3220539391040802
0.09530293196439743
0.038782816380262375
0.06820433586835861
0.08484131097793579
0.13377875089645386
0.1018708124756813
0.04178311303257942
0.13723863661289215
0.040132395923137665
0.11188149452209473
0.015187285840511322
0.0034487571101635695
0.11290866881608963
0.04164276644587517
0.021559402346611023
0.11505785584449768
0.01675015315413475
0.02060112915933132
0.15333658456802368
0.025067370384931564
0.0776086077094078
0.044647179543972015
0.020422223955392838
0.022984974086284637
0.13080863654613495
0.0004180797259323299
0.06861844658851624
0.024071555584669113
0.05666152387857437
0.01807943545281887
0.022764425724744797
0.11158256232738495
0.07363656908273697
0.00041298134601674974
0.05515775829553604
0.02624192275106907
0.02078467234969139
0.05952858552336693
0.030123446136713028
0.04639234021306038
0.0687924325466156
0.034085460007190704
0.08431732654571533
0.08840815722942352
0.09387287497520447
0.10208387672901154
0.06748579442501068
0.05579375848174095
0.05404702201485634
0.03265264257788658
0.08941949903964996
0.048768844455480576
0.22917672991752625
0.06377668678760529
0.06628500670194626
0.04743221774697304
0.10673539340496063
0.08062264323234558
0.11479610204696655
0.08295800536870956
0.06286876648664474
0.00956062600016594
0.04772036522626877
0.0603632815182209
0.05062041059136391
0.04466365650296211
0.011179645545780659
0.04099220037460327
0.0338478721678257
0.02867790311574936
0.01236512791365385
0.04973775893449783
0.06957230716943741
0.08873400092124939
0.01248952653259039
0.06156245246529579
0.0450572669506073
0.03718017414212227
0.06148044019937515
0.06632474809885025
0.0538419745862484
0.08782488107681274
0.04916193708777428
0.028565948829054832
0.05162527412176132
0.03178158402442932
0.13905492424964905
0.028535401448607445
0.05446118488907814
0.05328954756259918
0.19799356162548065
0.04998655989766121
0.03546370565891266
0.07100419700145721
0.05036930739879608
0.07376071065664291
0.05163964256644249
0.04852420464158058
0.047986824065446854
0.0736602246761322
0.10797615349292755
0.04065105691552162
0.13302510976791382
0.05148814991116524
0.06360742449760437
0.02031254768371582
0.07851526886224747
0.02654094249010086
0.08797793090343475
0.024522041901946068
0.045394401997327805
0.04833417758345604
0.0007545000407844782
0.03373696282505989
0.06395791471004486
0.02090933732688427
0.04128769040107727
0.12322375923395157
0.11998819559812546
0.055750772356987
0.062031086534261703
0.052849989384412766
0.07170460373163223
0.08902610093355179
0.048815786838531494
0.04131273552775383
0.02029578946530819
0.04365496709942818
0.1318565458059311
0.053216271102428436
0.0642789900302887
0.037319615483284
0.03748074173927307
0.06944020092487335
0.019487736746668816
0.046445075422525406
0.018579214811325073
0.19339102506637573
0.11434091627597809
0.07753697782754898
0.018734576180577278
0.07635883241891861
0.030957531183958054
0.011496447958052158
0.06949059665203094
0.03938525915145874
0.073370061814785
0.0373321957886219
0.019701339304447174
0.0936906486749649
0.11322124302387238
0.055954549461603165
0.07277307659387589
0.11463567614555359
0.03457900881767273
0.07915212213993073
0.021336860954761505
0.09273166209459305
0.033468183130025864
0.19785362482070923
0.029889199882745743
0.02807222306728363
0.009081842377781868
0.0647817999124527
0.10250062495470047
0.12706764042377472
0.03357056900858879
0.1027294471859932
0.0652119517326355
0.07517445087432861
0.026820233091711998
0.020947661250829697
0.08480405062437057
0.07139916718006134
0.03524351492524147
0.09745568782091141
0.011052141897380352
0.05869873985648155
0.024887697771191597
0.050335101783275604
0.05630660429596901
0.05293184146285057
0.03877968713641167
0.02643413655459881
0.0363449901342392
0.0007276533870026469
0.06177979335188866
0.03887122496962547
0.035916052758693695
0.03246112912893295
0.09104626625776291
0.07784417271614075
0.03076309710741043
0.15229733288288116
0.07020237296819687
0.14538255333900452
0.12359969317913055
0.005889379419386387
0.10655482113361359
0.03160438314080238
0.0643095076084137
0.053642723709344864
0.022378910332918167
0.01980622485280037
0.029491418972611427
0.04395154491066933
0.04636802151799202
0.09280674904584885
0.036143653094768524
0.01990915648639202
0.01279734168201685
0.02797919325530529
0.0639820396900177
0.05547533929347992
0.07312588393688202
0.10890387743711472
0.05977125093340874
0.06357135623693466
0.03666200116276741
0.11294592916965485
0.07031893730163574
0.04084164276719093
0.022550106048583984
0.05316787213087082
0.0805782601237297
0.01326353196054697
0.05959863215684891
0.056356098502874374
0.05665455386042595
0.058589376509189606
0.061843547970056534
0.05683980509638786
0.06346563249826431
0.028898896649479866
0.07507453113794327
0.09260150045156479
0.025272104889154434
0.12977276742458344
0.07047003507614136
0.044616084545850754
0.06508512794971466
0.030729833990335464
0.049008723348379135
0.09979483485221863
0.0784946158528328
0.04940520226955414
0.08635565638542175
0.0533844493329525
0.029051512479782104
0.052608177065849304
0.05631609633564949
0.08024828135967255
0.0877479687333107
0.14765305817127228
0.04576585441827774
0.005000195000320673
0.017300041392445564
0.07251262664794922
0.06637111306190491
0.026848923414945602
0.07925380021333694
0.08433998376131058
0.05044247955083847
0.04288335517048836
0.08652257174253464
0.030036261305212975
0.029930084943771362
0.3091941475868225
0.07735220342874527
0.008611686527729034
0.0808439701795578
0.08915258944034576
0.0404290035367012
0.021400410681962967
0.07874903082847595
0.04556094855070114
0.08685824275016785
0.034018564969301224
0.06337077915668488
0.07723031938076019
0.012890126556158066
0.05192246660590172
0.07256278395652771
0.03142228722572327
0.016871897503733635
0.11202122271060944
0.022221839055418968
0.010901679284870625
0.06154080107808113
0.09824340790510178
0.023792939260601997
0.03433506190776825
0.02783295325934887
0.03083127923309803
0.09237498790025711
0.02285359613597393
0.07171829044818878
0.06077221781015396
0.05992579832673073
0.08236239850521088
0.09104505926370621
0.04486166313290596
0.17386798560619354
0.05072604864835739
0.025959953665733337
0.12366844713687897
0.11674363166093826
0.05480554327368736
0.03373286873102188
0.010685655288398266
0.18471567332744598
0.014678403735160828
0.09116479009389877
0.09616263210773468
0.0283440463244915
0.05009044334292412
0.041041966527700424
0.011544080451130867
0.055904943495988846
0.09652671217918396
0.10073001682758331
0.01520914863795042
0.011850981041789055
0.05123487859964371
0.02160598151385784
0.06480681151151657
0.052203524857759476
0.10929538309574127
0.06981172412633896
0.09375057369470596
0.06622142344713211
0.017788365483283997
0.02618543431162834
0.014952344819903374
0.068649061024189
0.054245203733444214
0.001400102162733674
0.04489314183592796
0.01714841090142727
0.020697377622127533
0.06353998929262161
0.05438268557190895
0.03169342502951622
0.04311852157115936
0.008372783660888672
0.06378912925720215
0.05265149846673012
0.07445310801267624
0.0445091687142849
0.051384277641773224
0.13992968201637268
0.02711287885904312
0.01993691176176071
0.03857136517763138
0.03761570528149605
0.08564134687185287
0.04553675279021263
0.062392715364694595
0.014436055906116962
0.07235731929540634
0.03225426748394966
0.1620592474937439
0.0580945685505867
0.07788615673780441
0.07327201962471008
0.06013037636876106
0.027279391884803772
0.03484918922185898
0.048450909554958344
0.05828618258237839
0.08720814436674118
0.045813679695129395
0.07667901366949081
0.036690473556518555
0.06909550726413727
0.048547569662332535
0.02748490497469902
0.03848478943109512
0.07331588864326477
0.12141761183738708
0.017363937571644783
0.01358585711568594
0.09508571028709412
0.03154733031988144
0.13536858558654785
0.04330727830529213
0.0394149087369442
0.05113542824983597
0.018647586926817894
0.04809708520770073
0.03758757933974266
0.06064717471599579
0.029582688584923744
0.030203603208065033
0.04207120090723038
0.060020506381988525
0.045473821461200714
0.03659704327583313
0.0605585090816021
0.028087181970477104
0.05657769367098808
0.08805853128433228
0.05649809539318085
0.06758608669042587
0.049620792269706726
0.0113504808396101
0.2371465414762497
0.007302195765078068
0.0504508912563324
0.09174627810716629
0.04802714288234711
0.09011127054691315
0.04589006304740906
0.00024278934870380908
0.0589604489505291
0.025677390396595
0.02947397343814373
0.016535742208361626
0.09803929179906845
0.03134490177035332
0.03162166476249695
0.12119364738464355
0.0756702870130539
0.1965930014848709
0.05267811939120293
0.021597182378172874
0.07334708422422409
0.02073690854012966
0.046498171985149384
0.13482734560966492
0.06347886472940445
0.031521592289209366
0.05538686737418175
0.18321259319782257
0.24771028757095337
0.01187165081501007
0.08510613441467285
0.03495398536324501
0.05036398395895958
0.054148104041814804
0.057358115911483765
0.10663969814777374
0.03764839842915535
0.06357204169034958
0.12284830212593079
0.09493668377399445
0.06046519801020622
0.055134449154138565
0.0779595747590065
0.048552874475717545
0.06350967288017273
0.05249129608273506
0.10434307157993317
0.022172652184963226
0.001519557205028832
0.025103090330958366
0.1591472327709198
0.035221029072999954
0.07654192298650742
0.08171899616718292
0.09471768885850906
0.027235576882958412
0.08626852929592133
0.046754661947488785
0.009139892645180225
0.00626001600176096
0.13073940575122833
0.013203752227127552
0.09552757441997528
0.11230052262544632
0.0037242623511701822
0.045222245156764984
0.12626567482948303
0.05605190992355347
0.06980949640274048
0.12013568729162216
0.03511884808540344
0.21434175968170166
0.09402842074632645
0.04209374636411667
0.09779970347881317
0.10656635463237762
0.003671580459922552
0.13279348611831665
0.0837164968252182
0.029754217714071274
0.0002251111000077799
0.13270413875579834
0.053710684180259705
0.07271755486726761
0.05404286831617355
0.06446046382188797
0.01424328237771988
0.051854439079761505
0.009578311815857887
0.0924871638417244
0.04135441780090332
0.04301530867815018
0.09151594340801239
0.04531727731227875
0.04502907022833824
0.03604095056653023
0.12113048136234283
0.05574005842208862
0.05222759768366814
0.02776298113167286
0.02585158497095108
0.049239639192819595
0.09111034870147705
0.06293913722038269
0.04649884253740311
0.04171600937843323
0.0817074179649353
0.067141592502594
0.030529223382472992
0.06890323758125305
0.12020833790302277
0.051142267882823944
0.05374979227781296
0.11877620965242386
0.0333900973200798
0.057244740426540375
0.0420285202562809
0.09048625081777573
0.03586233779788017
0.03478032723069191
0.04328005760908127
0.22279448807239532
0.04727460443973541
0.03884602710604668
0.03548353165388107
0.0946919322013855
0.0890953466296196
0.04325072839856148
0.06465043872594833
0.041125938296318054
0.022563375532627106
0.006918545812368393
0.04254012554883957
0.07788936793804169
0.05888602137565613
0.05853668227791786
0.01637754589319229
0.010722560808062553
0.015588713809847832
0.09107667207717896
0.07074066251516342
0.018910735845565796
0.030620945617556572
0.002004916314035654
0.06168394908308983
0.05179011821746826
0.06590332835912704
0.10117446631193161
0.05538449063897133
0.08405575156211853
0.030193964019417763
0.05127611756324768
0.08127190917730331
0.09591026604175568
0.07571309804916382
0.16238412261009216
0.012441067956387997
0.030573245137929916
0.08007768541574478
0.013057333417236805
0.04705844447016716
0.04077412560582161
0.09693923592567444
0.019971292465925217
0.06422937661409378
0.042945582419633865
0.023282218724489212
0.045246656984090805
0.0414481945335865
0.038271378725767136
0.08111465722322464
0.12787817418575287
0.05304288864135742
0.04833042621612549
0.05297750234603882
0.04985884204506874
0.06909577548503876
0.043507229536771774
0.039963021874427795
0.04218381643295288
0.07906027883291245
0.02098730020225048
0.03940976411104202
0.07562194019556046
0.039139218628406525
0.053668394684791565
0.013941866345703602
0.012137217447161674
0.08387887477874756
0.06010328233242035
0.24556511640548706
0.048913586884737015
0.007646747399121523
0.04479355737566948
0.08010189235210419
0.012316364794969559
0.05467738211154938
0.02799610048532486
0.032832447439432144
0.0019563324749469757
0.008096161298453808
0.04509967565536499
0.0369318425655365
0.09645972400903702
0.07468802481889725
0.06880377233028412
0.03964164853096008
0.04686325043439865
0.022871902212500572
0.032244276255369186
0.06302671879529953
0.04905515909194946
0.061768364161252975
0.09166734665632248
0.03606923297047615
0.02161210961639881
0.21190384030342102
0.07684917747974396
0.0585671104490757
0.005450565367937088
0.043069954961538315
0.017748674377799034
0.022473057731986046
0.08344103395938873
0.09474391490221024
0.050876885652542114
0.08099912106990814
0.0572752021253109
0.057460613548755646
0.04753877595067024
0.08829386532306671
0.030082816258072853
0.027576833963394165
0.03202793002128601
0.06950849294662476
0.02190478704869747
0.059275101870298386
0.07097970694303513
0.06134432554244995
0.05968240648508072
0.09722833335399628
0.026720130816102028
0.0570959635078907
0.02058989368379116
0.010331823490560055
0.01217641495168209
0.10630126297473907
0.0254498403519392
0.12521955370903015
0.13948145508766174
0.06871750950813293
0.07429967075586319
0.061981625854969025
0.022318534553050995
0.022870514541864395
0.10095838457345963
0.09925062954425812
0.07544758170843124
0.07377452403306961
0.05810488387942314
0.04814371094107628
0.017152713611721992
0.02640494331717491
0.03247673809528351
0.051256440579891205
0.030028842389583588
0.08014175295829773
0.04063895344734192
0.03497418388724327
0.04202583432197571
0.038356803357601166
0.05721902474761009
0.07860803604125977
0.04245225712656975
0.08402565866708755
0.042905136942863464
0.07065630704164505
0.07223682850599289
0.07556582987308502
0.045054841786623
0.032836128026247025
0.013823356479406357
0.05382723733782768
0.04192020371556282
0.10190912336111069
0.052985742688179016
0.053657662123441696
0.03914168104529381
0.06528033316135406
0.012386523187160492
0.02866949513554573
0.13564036786556244
0.09686584025621414
0.08478643000125885
0.05563035607337952
0.030293621122837067
0.07817575335502625
0.050253726541996
0.055963777005672455
0.07806319743394852
0.0972038209438324
0.03973543643951416
0.07129980623722076
0.018449459224939346
0.061043497174978256
0.018644383177161217
0.026572616770863533
0.05387825518846512
0.031458429992198944
0.016617819666862488
0.028672005981206894
0.037819769233465195
0.05723310261964798
0.04675675183534622
0.036448705941438675
0.12182831019163132
0.04926822707056999
0.045638613402843475
0.031624503433704376
0.03695839270949364
0.03108547069132328
0.07959460467100143
0.0695168524980545
0.10027752816677094
0.03700995817780495
0.06643026322126389
0.062265973538160324
0.016360405832529068
0.026997487992048264
0.04672962427139282
0.07569113373756409
0.05965914949774742
0.057287879288196564
0.04067027196288109
0.1500093638896942
0.02269531786441803
0.005951925180852413
0.08036504685878754
0.06467321515083313
0.05742926150560379
0.08867795020341873
0.061186227947473526
0.03772640600800514
0.10860598087310791
0.025039581581950188
0.01733490824699402
0.06165860965847969
0.015391903929412365
0.08044767379760742
0.04001013934612274
0.05511457845568657
0.016604073345661163
0.04279087483882904
0.04513693228363991
0.03244878351688385
0.06111155450344086
0.03001200221478939
0.061235591769218445
0.057450272142887115
0.0640997514128685
0.09270891547203064
0.06743191927671432
0.049827467650175095
0.10242455452680588
0.05104056000709534
0.03361758962273598
0.051030706614255905
0.14248143136501312
0.021546248346567154
0.011932526715099812
0.005939100403338671
0.05839017033576965
0.004157119896262884
0.01578192226588726
0.0031690169125795364
0.10308443009853363
0.021730337291955948
0.06324733048677444
0.05085126683115959
0.014588048681616783
0.10718368738889694
0.041815079748630524
0.04698634147644043
0.043305497616529465
0.046838242560625076
0.03729870915412903
0.023695940151810646
0.003497385885566473
0.03574349731206894
0.06262833625078201
0.018291626125574112
0.044068679213523865
0.023948458954691887
0.07014710456132889
0.08521579205989838
0.04436618089675903
0.0728406235575676
0.0737241804599762
0.03493925556540489
0.03207170218229294
0.022840548306703568
0.013702676631510258
0.05555558577179909
0.05045000836253166
0.08464217185974121
0.06336434185504913
0.06981328129768372
0.16606652736663818
0.02132032997906208
0.07663942873477936
0.04404952749609947
0.0289900042116642
0.029508136212825775
0.04000281170010567
0.16488204896450043
0.020769327878952026
0.060278210788965225
0.030185267329216003
0.07395999133586884
0.050002019852399826
0.042482759803533554
0.04282314330339432
0.19709224998950958
0.05036711320281029
0.06496872007846832
0.06427115947008133
0.07175154983997345
0.01293803658336401
0.019032852724194527
0.055110760033130646
0.05082102492451668
0.0414944589138031
0.02601413056254387
0.04267111048102379
0.06679301708936691
0.07237086445093155
0.04392876848578453
0.04787107929587364
0.07562793791294098
0.142660990357399
0.07705504447221756
0.04151039198040962
0.033847320824861526
0.05294071510434151
0.039172008633613586
0.04083219915628433
0.10681001096963882
0.041565340012311935
0.024349894374608994
0.0779634565114975
0.11938615143299103
0.05815199017524719
0.07331433892250061
0.04164435341954231
0.03327188268303871
0.02165304124355316
0.016046134755015373
0.05458272248506546
0.04482381045818329
0.03206392750144005
0.17375275492668152
0.06759815663099289
0.057285796850919724
0.011058025993406773
0.27499860525131226
0.04937058687210083
0.06353076547384262
0.012859043665230274
0.044991496950387955
0.03257422149181366
0.057353049516677856
0.0319853350520134
0.0003025562618859112
0.049305059015750885
0.035053182393312454
0.029351331293582916
0.04975955933332443
0.05820828676223755
0.08070845901966095
0.2512763440608978
0.057564303278923035
0.01628928817808628
0.09390634298324585
0.07016725093126297
0.040298886597156525
0.0305816400796175
0.036676567047834396
0.17526952922344208
0.03921893239021301
0.0048660091124475
0.08553090691566467
0.013240773230791092
0.08323509991168976
0.0745685026049614
0.06750986725091934
0.02913421206176281
0.2027476280927658
0.1524798423051834
0.07405991107225418
0.03494047746062279
0.04628698527812958
0.01922667771577835
0.04503177851438522
0.04450397938489914
0.024846727028489113
0.01695413701236248
0.10786686092615128
0.05390836298465729
0.03339569643139839
0.0021502734161913395
0.031269174069166183
0.05878240242600441
0.016816677525639534
0.11346682906150818
0.05689537152647972
0.08742464333772659
0.0389515645802021
0.039994921535253525
0.07843704521656036
0.04527691751718521
0.03746237978339195
0.023711977526545525
0.07262731343507767
0.028623787686228752
0.08846461772918701
0.0316118523478508
0.1534053236246109
0.083847276866436
0.022258376702666283
0.029630206525325775
0.04356904700398445
0.07942748814821243
0.06618491560220718
0.027275633066892624
0.04525865614414215
0.034906432032585144
0.02800706960260868
0.0406394861638546
0.08494334667921066
0.0597577802836895
0.027072709053754807
0.03711207956075668
0.05243628844618797
0.03302140161395073
0.09037892520427704
0.0333598367869854
0.19120976328849792
0.04299149289727211
0.07900555431842804
0.012873648665845394
0.07047151774168015
0.06767213344573975
0.003689082572236657
0.0239271093159914
0.030265191569924355
0.021633874624967575
0.028427928686141968
0.04591431841254234
0.055411823093891144
0.05546252429485321
0.10216569900512695
0.08679164946079254
0.018507536500692368
0.002914923708885908
0.08014363795518875
0.03250524029135704
0.08229244500398636
0.05678802356123924
0.06576758623123169
0.08455070108175278
0.1428641527891159
0.0438401885330677
0.07719489187002182
0.0954325944185257
0.04745154827833176
0.026982804760336876
0.14258645474910736
0.05740758776664734
0.06497129797935486
0.0521111786365509
0.04952852055430412
0.04082861915230751
0.04474027082324028
0.09491494297981262
0.02736823260784149
0.04231305420398712
0.0183408223092556
0.07236741483211517
0.04712000489234924
0.06426015496253967
0.04217957332730293
0.029205774888396263
0.0648813396692276
0.016217386350035667
0.1150347962975502
0.15028409659862518
0.0736003965139389
0.017727959901094437
0.026788633316755295
0.09195361286401749
0.019691962748765945
0.021090006455779076
0.07217948138713837
0.06918120384216309
0.05516419932246208
0.058041930198669434
0.0317072719335556
0.049249883741140366
0.05229479447007179
0.0732826292514801
0.05884900689125061
0.02356957085430622
0.0535433404147625
0.03240237757563591
0.0038856405299156904
0.0823044553399086
0.08595885336399078
0.10278061777353287
0.015972593799233437
0.041249897330999374
0.046154193580150604
0.03389691933989525
0.13429224491119385
0.01797286607325077
0.08692379295825958
0.03801228478550911
0.04103013128042221
0.04252542555332184
0.032924868166446686
0.02438175305724144
0.005713377147912979
0.05455085262656212
0.043561842292547226
0.0006546819349750876
0.10143536329269409
0.024149063974618912
0.14098602533340454
0.0291256383061409
0.07045932114124298
0.06937923282384872
0.046539776027202606
0.04408486932516098
0.03196589648723602
0.05580350384116173
0.04262598603963852
0.0241306871175766
0.02567816898226738
0.05773766338825226
0.10571825504302979
0.09007281064987183
0.04427046701312065
0.03192785382270813
0.038517795503139496
0.04572860524058342
0.05563396215438843
0.03955182433128357
0.009564084000885487
0.04241407290101051
0.005812752526253462
0.022794201970100403
0.014162465929985046
0.049934022128582
0.12557728588581085
0.07284294813871384
0.04329362511634827
0.03475603088736534
0.05953891947865486
0.06426262110471725
0.04719611257314682
0.04324587807059288
0.04347391054034233
0.04490025341510773
0.041890114545822144
0.05896524339914322
0.059286024421453476
0.05718057230114937
0.05796355381608009
0.13374820351600647
0.11549623310565948
0.0690457671880722
0.1491774022579193
0.14653947949409485
0.07799035310745239
0.0224198829382658
0.07912705093622208
0.028340553864836693
0.07515718787908554
0.10681432485580444
0.029477545991539955
0.0328756645321846
0.05537714436650276
0.040624141693115234
0.08287731558084488
0.07659146934747696
0.028672296553850174
0.03153277933597565
0.11259552836418152
0.055716536939144135
0.04574005305767059
0.03564436361193657
0.08513225615024567
0.03311321511864662
0.06275750696659088
0.04574783891439438
0.02354753576219082
0.10536809265613556
0.002412372035905719
0.08726026862859726
0.08496438711881638
0.020596275106072426
0.06577342003583908
0.023218799382448196
0.124702587723732
0.02693045325577259
0.03561248257756233
0.06286527216434479
0.02367321401834488
0.02850479446351528
0.0334329828619957
0.045766476541757584
0.1291733980178833
0.0873803198337555
0.03910858556628227
0.053425777703523636
0.13884255290031433
0.10832038521766663
0.03871248662471771
0.010686036199331284
0.0034210362937301397
0.020819220691919327
0.02114175260066986
0.03516180440783501
0.03424692153930664
0.1125020757317543
0.04625765606760979
0.09529804438352585
0.13045616447925568
0.09658372402191162
0.14229539036750793
0.049452561885118484
0.02023819275200367
0.05743395909667015
0.058913905173540115
0.10213109105825424
0.03342336788773537
8.314099250128493e-05
0.032631225883960724
0.023161347955465317
0.04490865394473076
0.006694146431982517
0.04719656705856323
0.014871984720230103
0.05141390115022659
0.04004041105508804
0.03488517552614212
0.049562618136405945
0.04040442779660225
0.01302734762430191
0.02333589643239975
0.11387605220079422
0.054833751171827316
0.0029659911524504423
0.027636084705591202
0.06478816270828247
0.10709349066019058
0.039560142904520035
0.00869112927466631
0.04399846866726875
0.04861016571521759
0.003499906975775957
0.02759351022541523
0.03448929265141487
0.022832004353404045
0.04668084532022476
0.04105423763394356
0.027975797653198242
0.11448033154010773
0.1220153421163559
0.09801433235406876
0.07499156147241592
0.03285808488726616
0.030142635107040405
0.042002271860837936
0.04052993655204773
0.03526484593749046
0.1011839359998703
0.03546066954731941
0.038441821932792664
0.07285629212856293
0.03553072363138199
0.01844463124871254
0.047581445425748825
0.022006500512361526
0.02464885637164116
0.01922576129436493
0.07079485803842545
0.07791844755411148
0.07444886118173599
0.03401707112789154
0.025687111541628838
0.07845009863376617
0.10118523240089417
0.013952185399830341
0.048300210386514664
4.9719925300450996e-05
0.05586744099855423
0.03191196173429489
0.06310869008302689
0.04045723378658295
0.05155013129115105
0.04757743328809738
0.028550148010253906
0.059147678315639496
0.01939753070473671
0.03754016011953354
0.09967844933271408
0.021673763170838356
0.0005499331746250391
0.10870934277772903
0.18309994041919708
0.045663170516490936
0.05360827594995499
0.07566613703966141
0.10242389887571335
0.05563974007964134
0.18054227530956268
0.08875003457069397
0.03670094162225723
0.09981867671012878
0.023570995777845383
0.03127046674489975
0.03199298307299614
0.07403694838285446
0.03014856018126011
0.03768305480480194
0.07834675908088684
0.05021485313773155
0.07253618538379669
0.0689409151673317
0.057740576565265656
0.050979096442461014
0.01805010624229908
0.1703738272190094
0.024207808077335358
0.02570672333240509
0.0668182373046875
0.07104837894439697
0.05450262501835823
0.009447124786674976
0.03086097724735737
0.09563133120536804
0.03232177346944809
0.034013766795396805
0.036603979766368866
0.046198032796382904
0.04694296047091484
0.036637961864471436
0.0004807557270396501
0.03645486757159233
0.037184640765190125
0.05381801724433899
0.18142162263393402
0.029020996764302254
0.06431453675031662
0.00965022947639227
0.03204484283924103
0.0561334565281868
0.00039205668144859374
0.11359954625368118
0.06661615520715714
0.10541076958179474
0.06713977456092834
0.028005115687847137
0.06621850281953812
0.06568654626607895
0.036078646779060364
0.02405634894967079
0.07674289494752884
0.14126014709472656
0.08440148085355759
0.0718267634510994
0.05175190418958664
0.055848315358161926
0.06013510748744011
0.025213202461600304
0.053504716604948044
0.015048633329570293
0.03693591430783272
0.05157729983329773
0.05246125906705856
0.04859114810824394
0.07245337218046188
0.12228283286094666
0.05740903690457344
0.02981446497142315
0.02319871075451374
0.0774340108036995
0.07637250423431396
0.03800573945045471
0.07607197016477585
0.02907157503068447
0.04752081632614136
0.09381735324859619
0.11184059083461761
0.10243711620569229
0.11355763673782349
0.08396373689174652
0.03112676739692688
0.09219146519899368
0.07928832620382309
0.13184459507465363
0.06167316064238548
0.05744863674044609
0.02760716900229454
0.03336535394191742
0.00036465178709477186
0.14480599761009216
0.06155981868505478
0.01920964941382408
0.020743494853377342
0.004899710416793823
0.01934131607413292
0.023506922647356987
0.025440338999032974
0.044256679713726044
0.1097211092710495
0.05238328129053116
0.10281583666801453
0.01410023681819439
0.08391709625720978
0.05687984451651573
0.054359570145606995
0.009340955875813961
0.05826765298843384
0.05224040895700455
0.012176821008324623
0.14701150357723236
0.10350974649190903
0.0926949605345726
0.05063369870185852
0.015648983418941498
0.0382906012237072
0.025420324876904488
0.05399100109934807
0.06985826790332794
0.07534673810005188
0.11101928353309631
0.13238558173179626
0.05575971305370331
0.03370125591754913
0.061607666313648224
0.0754154622554779
0.11511126160621643
0.0007964079268276691
0.0939607173204422
0.018350835889577866
0.055888134986162186
0.1081957221031189
0.037734925746917725
0.04841366410255432
0.046975791454315186
0.029282953590154648
0.0030917515978217125
0.03643488511443138
0.018319889903068542
0.03232948109507561
0.06106199324131012
0.024445844814181328
0.02981060929596424
0.053437069058418274
0.12502624094486237
0.032700683921575546
0.06820572912693024
0.04657290130853653
0.07102886587381363
0.19108934700489044
0.044176168739795685
0.0007606572471559048
0.14550186693668365
0.06620631366968155
0.07002754509449005
0.04606199264526367
0.03854896128177643
0.04032845050096512
0.1269838660955429
0.033176615834236145
0.05401448532938957
0.05501070246100426
0.02086693048477173
0.05976879224181175
0.050269514322280884
0.03560377284884453
0.03441128507256508
0.04749315232038498
0.0893578752875328
0.06272436678409576
0.0181430671364069
0.029298443347215652
0.014916500076651573
0.030483365058898926
0.05472501367330551
0.057812876999378204
0.00838740635663271
0.06793883442878723
0.10158058255910873
0.04480384290218353
0.0005973504157736897
0.16662748157978058
0.03306617587804794
0.016483115032315254
0.19531333446502686
0.03656790405511856
0.03261355310678482
0.03151651471853256
0.08763836324214935
0.0022463470231741667
0.025883691385388374
0.015714872628450394
0.020539671182632446
0.02422957308590412
0.07140486687421799
0.04391241818666458
0.11421022564172745
0.02299739420413971
0.028968773782253265
0.02981020137667656
0.00317377969622612
0.09278027713298798
0.0452985018491745
0.03737827017903328
0.006683765444904566
0.09262295812368393
0.04497286304831505
0.019911546260118484
0.022479647770524025
0.03314307704567909
0.007493380457162857
0.05467008799314499
0.04471324011683464
0.016296833753585815
0.02771899290382862
0.1151563748717308
0.02765161171555519
0.07878227531909943
0.10605248063802719
0.04127422347664833
0.10775361210107803
0.041987672448158264
0.06541457772254944
0.04799622297286987
0.08421559631824493
0.04434431716799736
0.03823050111532211
0.05698227882385254
0.04549084231257439
0.07218323647975922
0.05030912905931473
0.04073352366685867
0.06543657183647156
0.09705708920955658
0.08224108070135117
0.11359784752130508
0.05253176763653755
0.05304330214858055
0.0629677027463913
0.07414466887712479
0.00014577878755517304
0.056512635201215744
0.04059028625488281
0.08483144640922546
0.04166993871331215
0.0894056111574173
0.09175034612417221
0.06869860738515854
0.09961356967687607
0.10350453108549118
0.014026869088411331
0.03312651067972183
0.049829673022031784
0.056889988481998444
0.009710134007036686
0.05919339507818222
0.04936623573303223
0.0377192385494709
0.017518632113933563
0.020265333354473114
0.11878785490989685
0.04628394916653633
0.06022901087999344
0.004170584958046675
0.1221039742231369
0.038918547332286835
0.036328498274087906
0.04686868563294411
0.033988576382398605
0.103655606508255
0.10220567137002945
0.01815646141767502
0.05361225828528404
0.052445054054260254
0.06479546427726746
0.05352194234728813
0.09944307804107666
0.050831764936447144
0.049364060163497925
0.02990061789751053
0.022784940898418427
0.017863696441054344
0.05488777533173561
0.0011962123680859804
0.03938880190253258
0.12481042742729187
0.018056442961096764
0.05732979625463486
0.0541226789355278
0.17308536171913147
0.0388699509203434
0.028636815026402473
0.04554733261466026
0.03263260796666145
0.1448230892419815
0.027951836585998535
0.03068486973643303
0.057487934827804565
0.048307083547115326
0.03569125756621361
0.0716613382101059
0.05473203957080841
0.05078978091478348
0.07508216798305511
0.01958114467561245
0.05755187198519707
0.08405511826276779
0.0284444410353899
0.04520723596215248
0.03532017394900322
0.07571393996477127
0.049541641026735306
0.06970531493425369
0.02309114672243595
0.08902393281459808
0.05530329793691635
0.07069788128137589
0.05468394607305527
0.030249811708927155
0.08874087035655975
0.10633154958486557
0.04282388091087341
0.015530726872384548
0.077812559902668
0.0007949041901156306
0.05863824114203453
0.10047776252031326
0.20127859711647034
0.049399349838495255
0.10192160308361053
0.03672553971409798
0.04859097674489021
0.04566532000899315
0.04197670891880989
0.06804297119379044
0.060691650956869125
0.05557536706328392
0.05438721925020218
0.04009666666388512
0.07583136111497879
0.0399024672806263
0.0805259421467781
0.016718629747629166
0.023612190037965775
0.05754374712705612
0.14078174531459808
0.0674375593662262
0.050557561218738556
0.08769842982292175
0.02922224998474121
0.04073468595743179
0.06069911643862724
0.016994504258036613
0.1412055790424347
0.021314343437552452
0.048745982348918915
0.08749981224536896
0.061474934220314026
0.06255590170621872
0.03682517260313034
0.1366247981786728
0.04641340300440788
0.07849165052175522
0.13848194479942322
0.08179786056280136
0.09022823721170425
0.043203070759773254
0.10108407586812973
0.0003661004884634167
0.13104279339313507
0.013588043861091137
0.04851033166050911
0.20969276130199432
0.045909035950899124
0.12288211286067963
0.06149416044354439
0.07906194031238556
0.04324713349342346
0.018287792801856995
0.03836248815059662
0.03875254839658737
0.02861354500055313
0.09180004894733429
0.008149524219334126
0.10316489636898041
0.035894811153411865
0.0900835320353508
0.023317014798521996
0.05314464122056961
0.08793428540229797
0.014436877332627773
0.038876939564943314
0.028625449165701866
0.05517834797501564
0.03306826204061508
0.06241551786661148
0.015028334222733974
0.022582905367016792
0.003795764409005642
0.0240985956043005
0.023672878742218018
0.09331577271223068
0.03476753085851669
7.07366707501933e-05
0.04678330942988396
0.07211696356534958
0.029390843585133553
0.17696179449558258
0.010009250603616238
0.040035415440797806
0.038838792592287064
0.043568067252635956
0.023921893909573555
0.05216221511363983
0.0707695484161377
0.06057535856962204
0.07402751594781876
0.07245206087827682
0.1285380721092224
0.02441367320716381
0.033055491745471954
0.03184814378619194
0.07121721655130386
0.170404314994812
0.05798016116023064
0.03074399009346962
0.06164022535085678
0.03085188940167427
0.031028280034661293
0.043997544795274734
0.030091416090726852
0.10636615008115768
0.06575555354356766
0.044803448021411896
0.07256552577018738
0.077056884765625
0.013837233185768127
0.05701286345720291
0.060758646577596664
0.06802186369895935
0.043400246649980545
0.04052390903234482
0.07364247739315033
0.08018400520086288
0.023429134860634804
0.11908826977014542
0.17505377531051636
0.06324373185634613
0.08414547890424728
0.019804485142230988
0.09841014444828033
0.018924932926893234
0.09191156923770905
0.02254689298570156
0.06345450133085251
0.05057184770703316
0.027031423524022102
0.08872688561677933
0.04769214242696762
0.04355265945196152
0.049232810735702515
0.013553168624639511
0.10918296128511429
0.001961618894711137
0.08789853006601334
0.047977086156606674
0.021716918796300888
0.11323396116495132
0.053451791405677795
0.04418117180466652
0.04099367558956146
0.058940187096595764
0.04181777685880661
0.056373052299022675
0.036992985755205154
0.051035117357969284
0.02893155813217163
0.017265794798731804
0.10169162601232529
0.06749974191188812
0.014127271249890327
0.06732627004384995
0.06310579925775528
0.05386736989021301
0.06776222586631775
0.11576323956251144
0.023432588204741478
0.011066309176385403
0.043545182794332504
0.04421631246805191
0.06366157531738281
0.04088042676448822
0.0133309755474329
0.07187692075967789
0.06676804274320602
0.07782596349716187
0.04541414603590965
0.026460815221071243
0.08673136681318283
0.024413559585809708
0.0013164080446586013
0.15512904524803162
0.0012051821686327457
0.020376935601234436
0.06821335852146149
0.05166138336062431
0.02521951124072075
0.04840966314077377
0.03444088622927666
0.1399931162595749
0.12864157557487488
0.011755675077438354
0.04996686428785324
0.09297046065330505
0.06907711178064346
0.04415421187877655
0.027207113802433014
0.03196802735328674
0.0251711905002594
0.014896929264068604
0.0005515501834452152
0.01623915322124958
0.0814613625407219
0.01320924423635006
0.040902379900217056
0.06203553453087807
0.07423990964889526
0.020159583538770676
0.11560247093439102
0.057155657559633255
0.03014560602605343
0.06864507496356964
0.10249070823192596
0.05021459609270096
0.0001707802148303017
0.07259779423475266
0.051343899220228195
0.05998682603240013
0.040865249931812286
0.01151103526353836
0.04093854874372482
0.026353202760219574
0.01986970193684101
0.03303975239396095
0.09768281877040863
0.13799770176410675
0.04318685829639435
0.0681760236620903
0.19313117861747742
0.05557335168123245
0.031834546476602554
0.0216467697173357
0.0792575553059578
0.05486051365733147
0.03590048477053642
0.05411794036626816
0.15980401635169983
0.06501143425703049
0.053219571709632874
0.05026666820049286
0.03185447305440903
0.0033202331978827715
0.053767722100019455
0.026981636881828308
0.014030425809323788
0.06032007932662964
0.07099630683660507
0.06965450942516327
0.0034073395654559135
0.039850443601608276
0.04188191145658493
0.04606417566537857
0.10251978784799576
0.05482344701886177
0.06414997577667236
0.035894304513931274
0.04951233044266701
0.07408833503723145
0.04202326387166977
0.03128502517938614
0.0029533428605645895
0.058600280433893204
0.05997423455119133
0.055693935602903366
0.01042076013982296
0.055899519473314285
0.08829032629728317
0.04822218045592308
0.052377574145793915
0.046583935618400574
0.022712983191013336
0.07320462167263031
0.06322986632585526
0.026442352682352066
0.0005627320497296751
0.028382504358887672
0.1583171933889389
0.05053895339369774
0.0518019013106823
0.05950617790222168
0.05642067268490791
0.06623241305351257
0.016152609139680862
0.02184479683637619
0.034356921911239624
0.13325253129005432
0.03536359965801239
0.05949219688773155
0.026908308267593384
0.08891375362873077
0.05179334059357643
0.05008539929986
0.02924318052828312
0.09782874584197998
0.03956625983119011
0.24648214876651764
0.022270986810326576
0.01966683752834797
0.033902764320373535
0.14611808955669403
0.007504312787204981
0.01371470931917429
0.08222775906324387
0.055493392050266266
0.05941522866487503
0.0722692459821701
0.060349322855472565
0.0007469924166798592
0.08968738466501236
0.08500710129737854
0.03996274992823601
0.03397006168961525
0.05482321232557297
0.021908003836870193
0.048660751432180405
0.07775455713272095
0.1364775449037552
0.027742302045226097
0.018632998690009117
0.14088889956474304
0.02993697300553322
0.05615069717168808
0.1411411464214325
0.07225287705659866
0.06725755333900452
0.08815213292837143
0.06625540554523468
0.031319405883550644
0.07462703436613083
0.11071199923753738
0.046285759657621384
0.019900638610124588
0.09767866879701614
0.107075534760952
0.002387027023360133
0.0437324158847332
0.04673860967159271
0.03469515219330788
0.031359896063804626
0.0426102913916111
0.0168437622487545
0.05718010663986206
0.07902059704065323
0.22189417481422424
0.006785310804843903
0.03721858933568001
0.04737389460206032
0.045682843774557114
0.05896630510687828
0.09886745363473892
0.04522041603922844
0.04737704619765282
0.018661655485630035
0.040274228900671005
0.02106163650751114
0.018222341313958168
0.10721290111541748
0.06495805084705353
0.11697354167699814
0.06556100398302078
0.04674185439944267
0.054704707115888596
0.01966879330575466
0.03667845577001572
0.07048232108354568
0.10522113740444183
0.04119592905044556
0.1623574048280716
0.04945972561836243
0.01609797403216362
0.03976508975028992
0.04379902780056
0.30489110946655273
0.025460515171289444
0.03090270794928074
0.015554976649582386
0.027024755254387856
0.008089574985206127
0.0028233779594302177
0.08201395720243454
0.0004994213813915849
0.08584962040185928
0.04508006572723389
0.06326835602521896
0.026941707357764244
0.027825146913528442
0.02961083874106407
0.16604088246822357
0.07228004187345505
0.02946620061993599
0.008570213802158833
0.0008780726348049939
0.11956121772527695
0.016342978924512863
0.03817320987582207
0.06226280704140663
0.06613510847091675
0.025617672130465508
0.0381610132753849
0.06421186029911041
0.051519423723220825
0.04419240355491638
0.0654982477426529
0.020498434081673622
0.04306488856673241
0.02519872598350048
0.039167482405900955
0.024708831682801247
0.08410215377807617
0.28874921798706055
0.03249514847993851
0.024058585986495018
0.09973464161157608
0.02156805992126465
0.03482925891876221
0.03130526468157768
0.07920808345079422
0.022758852690458298
0.04708898067474365
0.05715663731098175
0.060371387749910355
0.11269252747297287
0.14621219038963318
0.05542600154876709
0.03284761682152748
0.02736678719520569
0.07976324111223221
0.029698530212044716
0.03859267011284828
0.11493383347988129
0.09579958021640778
0.020868662744760513
0.07836738973855972
0.08101322501897812
0.04019538685679436
0.06676577031612396
0.09605985879898071
0.00047973429900594056
0.101017065346241
0.01513975951820612
0.0016409381059929729
0.03930355980992317
0.09224414080381393
0.16168107092380524
0.028838302940130234
0.0206952765583992
0.031191004440188408
0.028553754091262817
0.06244513764977455
0.08487016707658768
0.0806889533996582
0.10489106923341751
0.045220546424388885
0.0204014889895916
0.06041764095425606
0.05294382572174072
0.060094382613897324
0.004421936348080635
0.03964437171816826
0.05350673943758011
0.06439195573329926
0.12859585881233215
0.0568317286670208
0.06656961888074875
0.05481806769967079
0.06364987045526505
0.03901202231645584
0.03208290785551071
0.0386606864631176
0.06455649435520172
0.06977436691522598
0.048450175672769547
0.0190238319337368
0.05358188971877098
0.01182944793254137
0.02354058064520359
0.07853828370571136
0.016422029584646225
0.005192425101995468
0.046662963926792145
0.04596005380153656
0.04351226985454559
0.0310404933989048
0.023066014051437378
0.06408963352441788
0.03442946448922157
0.02150128036737442
0.009067164734005928
0.030911697074770927
0.0622708722949028
0.1005868911743164
0.03704831004142761
0.046573419123888016
0.06553271412849426
0.08100846409797668
0.01648472249507904
0.03936287388205528
0.04606496915221214
0.03911399841308594
0.005091237369924784
0.03857126832008362
0.1561916172504425
0.04658188298344612
0.11191931366920471
0.0601646788418293
0.10889201611280441
0.0844438374042511
0.04725613817572594
0.007120310794562101
0.060915082693099976
0.06355954706668854
0.0756976306438446
0.08783217519521713
0.015276896767318249
0.09118922054767609
0.017636781558394432
0.038567811250686646
0.04261309280991554
0.15834490954875946
0.013661191798746586
0.09059960395097733
0.036755602806806564
0.046057991683483124
0.07436317950487137
0.022070789709687233
0.09339471906423569
0.10166686028242111
0.09407009929418564
0.02527344599366188
0.12533189356327057
0.07881001383066177
0.16469262540340424
0.08930189162492752
0.0229045357555151
0.032432787120342255
0.0542825423181057
0.03973351791501045
0.029837019741535187
0.08360183984041214
0.04036469757556915
0.08721539378166199
0.03029891662299633
0.08381375670433044
0.009923912584781647
0.04345635324716568
0.03003193438053131
0.11353743821382523
0.022459961473941803
0.03569245710968971
0.05410680174827576
0.05968521162867546
0.05718658119440079
0.00047318750876002014
0.04681263491511345
0.08902889490127563
0.05430738255381584
0.01988987810909748
0.1313236802816391
0.0361524298787117
0.039504390209913254
0.07153986394405365
0.16157013177871704
0.018448935821652412
0.041365571320056915
0.0313347689807415
0.04337214678525925
0.03156289458274841
0.06330820918083191
0.042140353471040726
0.04580782726407051
0.06607069820165634
0.02210991270840168
0.07944189757108688
0.03469065576791763
0.08800505846738815
0.11003772169351578
0.03963594138622284
0.020793640986084938
0.022254880517721176
0.007478510960936546
0.03282211720943451
0.021464549005031586
0.04914943501353264
0.05695566534996033
0.058209583163261414
0.02257528528571129
0.055689066648483276
0.058169133961200714
0.03695852681994438
0.04277859255671501
0.06053031608462334
0.08041125535964966
0.02866426669061184
0.03703992813825607
0.08528188616037369
0.042791176587343216
0.04646062105894089
0.05281216278672218
0.00038161687552928925
0.0017394103342667222
0.03472065180540085
0.002750157844275236
0.04759024456143379
0.03189482539892197
0.07775692641735077
0.016370229423046112
0.06102690473198891
0.04255473241209984
0.07342051714658737
0.03093290515244007
0.12049549072980881
0.08003649115562439
0.18498845398426056
0.06297487765550613
0.026973091065883636
0.041951850056648254
0.02207033894956112
0.06988120079040527
0.0722782090306282
0.034052666276693344
0.062448449432849884
0.03870907798409462
0.05231967195868492
0.036545608192682266
0.06238295137882233
0.10561166703701019
0.018850844353437424
0.04227897524833679
0.056854330003261566
0.03258576989173889
0.09988714009523392
0.016929132863879204
0.05011701211333275
0.06153225898742676
0.06830346584320068
0.015137070789933205
0.016637932509183884
0.05159522965550423
0.0878448635339737
0.05013201758265495
0.06370779871940613
0.056706685572862625
0.03365952521562576
0.05125516653060913
0.048857878893613815
0.08989512175321579
0.045671187341213226
0.028631171211600304
0.014127153903245926
0.0271710604429245
0.04313413053750992
0.05199047550559044
0.02768576890230179
0.0294969379901886
0.03818628937005997
0.023963745683431625
0.041322607547044754
0.040212761610746384
0.10099925100803375
0.02143840678036213
0.003419789019972086
0.025537913665175438
0.06011461839079857
0.0355432890355587
0.04747665300965309
0.03553592041134834
0.06199575588107109
0.016537364572286606
0.04989132657647133
0.05113346502184868
0.08896484971046448
0.03320787847042084
0.0660109668970108
0.06547016650438309
0.03947119787335396
0.053634148091077805
0.09601159393787384
0.09256402403116226
0.04374510422348976
0.07024335861206055
0.02999766170978546
0.07200274616479874
0.054834041744470596
0.06274161487817764
0.031479209661483765
0.06594375520944595
0.03600060194730759
0.03311724215745926
0.003610864281654358
0.1997825652360916
0.10355394333600998
0.03416047617793083
0.15675170719623566
0.03224395215511322
0.04203121364116669
0.04367998614907265
0.054126739501953125
0.05332859605550766
0.060630179941654205
0.04375578463077545
0.13135570287704468
0.007637706119567156
0.05836458131670952
0.02859332598745823
0.09033095091581345
0.12083226442337036
0.02657800354063511
0.02023981884121895
0.057955894619226456
0.11819026619195938
0.03755588084459305
0.07001522183418274
0.07547352463006973
0.05883098021149635
0.032489340752363205
0.00932277925312519
0.06609553843736649
0.023550577461719513
0.020781775936484337
0.05486143380403519
0.0003903009055647999
0.10201627761125565
0.04505489394068718
0.04345483332872391
0.01757119782269001
0.04849966615438461
0.04735204949975014
0.04071730747818947
0.08375813066959381
0.037280917167663574
0.026291850954294205
0.0037535252049565315
0.035393405705690384
0.10520856082439423
0.054410070180892944
0.022671576589345932
0.05510404706001282
0.038982950150966644
0.11750674247741699
0.08886654675006866
0.13217687606811523
0.07760882377624512
0.04839830473065376
0.11505807936191559
0.011863413266837597
0.04756569117307663
0.0010035088052973151
0.05447359383106232
0.03472132235765457
0.02682620659470558
0.03079036809504032
0.03444840759038925
0.07343271374702454
0.021211043000221252
0.04060938209295273
0.03171080723404884
0.032591383904218674
0.032800037413835526
0.023077532649040222
0.04402123764157295
0.02349126897752285
0.05064167454838753
0.0192848090082407
0.08230166882276535
0.03527962416410446
0.05923950672149658
0.0686783567070961
0.023467587307095528
0.06417757272720337
0.028009317815303802
0.058805350214242935
0.07575471699237823
0.033661894500255585
0.010154781863093376
0.05717591196298599
0.0704873725771904
0.044393688440322876
0.06135639548301697
0.0339917354285717
0.0011051683686673641
0.014616116881370544
0.026212647557258606
0.017692754045128822
0.04372256621718407
0.02675660327076912
0.053728874772787094
0.03707338869571686
0.12873472273349762
0.04823964834213257
0.03945290297269821
0.05731666460633278
0.04614861309528351
0.066948801279068
0.0758843868970871
0.12810540199279785
0.04024425148963928
0.06756169348955154
0.028786644339561462
0.02756754495203495
0.019042281433939934
0.04146388918161392
0.17388343811035156
0.12983743846416473
0.03432026877999306
0.016699351370334625
0.026555119082331657
0.12593480944633484
0.055951133370399475
0.08551235496997833
0.029127059504389763
0.0485825389623642
0.05567546561360359
0.09826912730932236
0.02710893377661705
0.04680752009153366
0.09787678718566895
0.06738658994436264
0.06525339931249619
0.06286999583244324
0.06027338653802872
0.006186402402818203
0.029964255169034004
0.10516095161437988
0.05108856037259102
0.06293471902608871
0.1205546036362648
0.09296177327632904
0.015821199864149094
0.0900275781750679
0.11433243006467819
0.09984802454710007
0.03975018858909607
0.021134931594133377
0.017819715663790703
0.08022618293762207
0.043269820511341095
0.1597556173801422
0.009900781325995922
0.10801143944263458
0.06161942705512047
0.0678756833076477
0.04794228449463844
0.07136107981204987
0.05472487211227417
0.041762575507164
0.0832040011882782
0.016051817685365677
0.02148587815463543
0.036341965198516846
0.0738987848162651
0.05595412850379944
0.0322849377989769
0.017299430444836617
0.055587708950042725
0.001982565503567457
0.12456077337265015
0.028004653751850128
0.014491035602986813
0.05521737039089203
0.0972873717546463
0.040379688143730164
0.019056452438235283
0.04139946401119232
0.11678554117679596
0.017925066873431206
0.18010510504245758
0.07292992621660233
0.0434340201318264
0.04805094003677368
0.07141566276550293
0.030482439324259758
0.03261923789978027
0.09660664945840836
0.07120130956172943
0.0696130096912384
0.06705178320407867
0.03465324640274048
0.024933557957410812
0.03527352958917618
0.12796339392662048
0.05921446904540062
0.08918266743421555
0.0470874160528183
0.03345279023051262
0.04959391430020332
0.07435616105794907
0.00036821147659793496
0.17879673838615417
0.04277518764138222
0.03624871373176575
0.03920548036694527
0.06744606792926788
0.09591564536094666
0.06678161025047302
0.12298054993152618
0.10136828571557999
0.037795230746269226
0.08756992965936661
0.03460661321878433
0.05361965298652649
0.03260120376944542
0.042074013501405716
0.00015350518515333533
0.03946679085493088
0.07606766372919083
0.05273391678929329
0.03596077114343643
0.045987993478775024
0.10369516164064407
0.04353199899196625
0.029718609526753426
0.00030807533767074347
0.023308871313929558
0.076634481549263
0.038600627332925797
0.03461548686027527
0.080215223133564
0.03623064607381821
0.12851452827453613
0.11742115765810013
0.032988619059324265
0.020757244899868965
0.05272978916764259
0.03123733028769493
0.0361645370721817
0.09770970791578293
0.15865838527679443
0.07528191804885864
0.02425525337457657
0.008707490749657154
0.05481158196926117
0.019690217450261116
0.03745145723223686
0.0319674052298069
0.11190547049045563
0.028204474598169327
0.04495050758123398
0.037076663225889206
0.053935062140226364
0.01925382949411869
0.07725333422422409
0.03899957612156868
0.0278766006231308
0.02627638168632984
0.11806747317314148
0.03161285072565079
0.04490615427494049
0.024219075217843056
0.031890612095594406
0.021098092198371887
0.0788479596376419
0.04699106514453888
0.10151834040880203
0.014871685765683651
0.050653405487537384
0.035551730543375015
0.03239135816693306
0.02993965893983841
0.04895353689789772
0.04486043378710747
0.03048825077712536
0.036673638969659805
0.03168470785021782
0.06466164439916611
0.20467528700828552
0.01744694821536541
0.002079898491501808
0.1111108660697937
0.05037006363272667
0.17561356723308563
0.05273521691560745
0.0398874394595623
0.0008871447062119842
0.050375424325466156
0.1617380678653717
0.05977042391896248
0.13024945557117462
0.020401740446686745
0.1093519851565361
0.09347288310527802
0.04113538935780525
0.017434753477573395
0.05288616195321083
0.06260722130537033
0.0006922258762642741
0.06945712864398956
0.06088543310761452
0.07099206000566483
0.03334562107920647
0.0937446653842926
0.020185956731438637
0.1605612188577652
0.028111331164836884
0.055033303797245026
0.042667023837566376
0.03247512876987457
0.03464871644973755
0.07461218535900116
0.020068656653165817
0.025075824931263924
0.02263857237994671
0.09404180943965912
0.011132928542792797
0.06683807075023651
0.05293337628245354
0.062448590993881226
0.03239322453737259
0.020688865333795547
0.03654281795024872
0.05236325412988663
0.034593697637319565
0.03464381396770477
0.052837077528238297
0.06903406977653503
0.055421993136405945
0.06693928688764572
0.07362187653779984
0.02564042992889881
0.00011021853424608707
0.09668803960084915
0.01403131615370512
0.03445812314748764
0.061624739319086075
0.06440749019384384
0.0483621209859848
0.03381283953785896
0.07709325850009918
0.06946758180856705
0.1154598668217659
0.0394013375043869
0.043303508311510086
0.051847904920578
0.03502002730965614
0.06315791606903076
0.059138137847185135
0.006808031816035509
0.036308858543634415
0.014620947651565075
0.042812809348106384
0.02006259560585022
0.11626400798559189
0.024191120639443398
0.03555900976061821
0.01836335100233555
0.012539859861135483
0.13952745497226715
0.02405848726630211
0.02997756004333496
0.026532188057899475
0.0032696311827749014
0.024792451411485672
0.023221269249916077
0.057189542800188065
0.025918034836649895
0.012312855571508408
0.09603418409824371
0.0335296206176281
0.04859866201877594
0.13135498762130737
0.05013100430369377
0.08151284605264664
0.05595478042960167
0.054129358381032944
0.04188315570354462
0.05381428077816963
0.07463367283344269
0.06118014082312584
0.02153555117547512
0.054495323449373245
0.0553695447742939
0.0462300069630146
0.07800168544054031
0.08107021450996399
0.06006611883640289
0.03861105814576149
0.08794759213924408
0.06304387748241425
0.0032539034727960825
0.06019790098071098
0.031957902014255524
0.08146286010742188
0.0794757530093193
0.05611066520214081
0.06067676469683647
0.03619636967778206
0.11755353212356567
0.04233185574412346
0.0728430449962616
0.018684322014451027
0.024858102202415466
0.03802746534347534
0.10515319555997849
0.014092378318309784
0.06471660733222961
0.03674136474728584
0.05537530407309532
0.1136329397559166
0.049278613179922104
0.018607590347528458
0.029640955850481987
0.03160278871655464
0.02296769991517067
0.059065770357847214
0.04775453731417656
0.05550616607069969
0.02951451949775219
0.02119585871696472
0.041600923985242844
0.04495656117796898
0.014061206951737404
0.04691733792424202
0.11744240671396255
0.08964049071073532
0.04461165517568588
0.030920442193746567
0.04276745393872261
0.05360492691397667
0.06577106565237045
0.0877201184630394
0.045699287205934525
0.13384099304676056
0.0640973225235939
0.04531911760568619
0.02823462150990963
0.11860105395317078
0.056116797029972076
0.0793052688241005
0.03758571296930313
0.23593781888484955
0.12288688123226166
0.03169483691453934
0.00010902965732384473
0.1956423819065094
0.05352478474378586
0.09496401995420456
0.11785798519849777
0.18315236270427704
0.023498618975281715
0.04481988400220871
0.10936488211154938
0.03507908061146736
0.055553749203681946
0.04895172640681267
0.031541015952825546
0.06758645176887512
0.042778998613357544
0.0047537460923194885
0.0627843365073204
0.03321523219347
0.021700959652662277
0.049530498683452606
0.03694608062505722
0.23286432027816772
0.04923820123076439
0.05166711285710335
0.06289934366941452
0.038759972900152206
0.1340068131685257
0.0020010427106171846
0.1126885786652565
0.1355246603488922
0.00637921504676342
0.029948895797133446
0.03730239346623421
0.02528819814324379
0.05848170816898346
0.03746070712804794
0.08570920675992966
0.0470794253051281
0.03593256324529648
0.04335997253656387
0.015651214867830276
0.0003880288568325341
0.03716104477643967
0.05281814560294151
0.03283914923667908
0.06353124231100082
0.07184088975191116
0.06780409812927246
0.08675527572631836
0.05386776849627495
0.02953842282295227
0.07098054885864258
0.025530805811285973
0.01564558409154415
0.04852890223264694
0.06007315590977669
0.02475382573902607
0.059462521225214005
0.0290790144354105
0.04941641166806221
0.1036355271935463
0.09740197658538818
0.125880628824234
0.10838144272565842
0.02694522775709629
0.06396108120679855
0.03151845932006836
0.0344824343919754
0.04090697318315506
0.02708783932030201
0.038992974907159805
0.05920279771089554
0.04823094606399536
0.05624927952885628
0.06626591086387634
0.034700553864240646
0.026774141937494278
0.051095977425575256
0.06318014860153198
0.0031079158652573824
0.02035997062921524
0.09553658962249756
0.04176391288638115
0.08344763517379761
0.06888917833566666
0.029080061241984367
0.018128471449017525
0.02576933056116104
0.04544420167803764
0.012702655047178268
0.002425519749522209
0.0711188092827797
0.013261652551591396
0.02885119616985321
0.004493122920393944
0.07597162574529648
0.028785403817892075
0.0008556403336115181
0.047490376979112625
0.05180085450410843
0.020693467929959297
0.05585704743862152
0.013780461624264717
0.057785943150520325
0.046963758766651154
0.1000894233584404
0.07331012189388275
0.05917965620756149
0.10609560459852219
0.07342416793107986
0.11211225390434265
0.03890000656247139
0.06295596808195114
0.060675498098134995
0.05968241021037102
0.03190024197101593
0.018234962597489357
0.046151868999004364
0.06335616111755371
0.07163423299789429
0.07092003524303436
0.038197774440050125
0.043638311326503754
0.07293164730072021
0.016380902379751205
0.03555785119533539
0.05049484223127365
0.08623597025871277
0.08663232624530792
0.034802913665771484
0.045502014458179474
0.039331890642642975
0.014135168865323067
0.041126444935798645
0.03972522169351578
0.10846484452486038
0.028228897601366043
0.04183166101574898
0.08273851126432419
0.11530851572751999
0.009175595827400684
0.041787050664424896
0.04468747600913048
0.03046593628823757
0.0003144392103422433
0.1652020364999771
0.04348576068878174
0.14967015385627747
0.10748433321714401
0.057214949280023575
0.008349714800715446
0.1326211541891098
0.059003423899412155
0.05078425258398056
0.024409212172031403
0.07209575176239014
0.02798941545188427
0.02778959460556507
0.05056372657418251
0.047637391835451126
0.042109414935112
0.002303117187693715
0.06586325913667679
0.02319679781794548
0.09026792645454407
0.05836741626262665
0.0005973015213385224
0.03657893091440201
0.0457652322947979
0.05378411337733269
0.04511148855090141
0.039823632687330246
0.03149262070655823
0.04067451134324074
0.09990198910236359
0.06131793558597565
0.015062528662383556
0.08181653171777725
0.06558136641979218
0.051080647855997086
0.04153689742088318
0.02009265497326851
0.049063876271247864
0.027621520683169365
0.00039184209890663624
0.05058707669377327
0.02856360748410225
0.0178040973842144
0.03290380537509918
0.04279478266835213
0.020170588046312332
0.06302886456251144
0.07598935067653656
0.029533620923757553
0.13770143687725067
0.07051889598369598
0.05350938439369202
0.043365150690078735
0.0729522705078125
0.04943303018808365
0.017975376918911934
0.031746845692396164
0.037161685526371
0.025282129645347595
0.010751535184681416
0.09312910586595535
0.019273925572633743
0.1532207876443863
0.08448915183544159
0.020101720467209816
0.023359332233667374
0.03868380934000015
0.05134041607379913
0.03396149352192879
0.21983776986598969
0.037624821066856384
0.011555572971701622
0.029484957456588745
0.032112326472997665
0.0032841276843100786
0.048727843910455704
0.03244226053357124
0.04425492510199547
0.07819540798664093
0.06857099384069443
0.10583603382110596
0.03449442982673645
0.04635441675782204
0.037177231162786484
0.014432805590331554
0.047835852950811386
0.0862201526761055
0.06261549890041351
0.07799120992422104
0.0729265958070755
0.022963033989071846
0.0847974419593811
0.038961440324783325
0.01517290249466896
0.03147786110639572
0.06888628751039505
0.07160458713769913
0.03440726920962334
0.013547456823289394
0.031043492257595062
0.04440806061029434
0.027048839256167412
0.07801089435815811
0.0004541715024970472
0.029731936752796173
0.04958738386631012
0.06532732397317886
0.09353972971439362
0.037130434066057205
0.06085517257452011
0.03773565962910652
0.06704995036125183
0.074720099568367
0.02821318432688713
0.04535067453980446
0.000353062292560935
0.039021074771881104
0.043133292347192764
0.15450499951839447
0.13640418648719788
0.010104325599968433
0.02948053553700447
0.05958319082856178
0.028052160516381264
0.053650662302970886
0.06926887482404709
0.07307793200016022
0.05016225948929787
0.06402940303087234
0.01786813884973526
0.1281881034374237
0.02439604140818119
0.010905900970101357
0.034561220556497574
0.020919350907206535
0.07779107242822647
0.05847378820180893
0.022942909970879555
0.1283080130815506
0.04044201970100403
0.0872846394777298
0.032408684492111206
0.06847895681858063
0.06125691160559654
0.04765574634075165
0.030386555939912796
0.07444295287132263
0.11976692825555801
0.0665813758969307
0.035273537039756775
0.025483425706624985
0.0870775505900383
0.014723130501806736
0.041589315980672836
0.11417906731367111
0.060021355748176575
0.04061342403292656
0.02602982521057129
0.05278024449944496
0.07781427353620529
0.022859197109937668
0.04818684980273247
0.1116359755396843
0.08316069096326828
0.052821990102529526
0.06283575296401978
0.027142826467752457
0.018371354788541794
0.015474833548069
0.02968015894293785
0.04630417376756668
0.00010302764712832868
0.05413975194096565
0.06140647828578949
0.018446367233991623
0.022972505539655685
0.032245486974716187
0.02516748197376728
0.06668190658092499
0.049133215099573135
0.014259043149650097
0.04526783525943756
0.0509539470076561
0.027244549244642258
0.06682565808296204
0.06423118710517883
0.020218465477228165
0.0034570046700537205
0.05028710514307022
0.035640813410282135
0.07213751971721649
0.040185362100601196
0.047827549278736115
0.09794677793979645
0.06885053962469101
0.015553849749267101
0.054758429527282715
0.04111609235405922
0.09719350188970566
0.0438675731420517
0.0726093053817749
0.03568871319293976
0.09004489332437515
0.05286051705479622
0.15366336703300476
0.05556686222553253
0.04737059772014618
0.06713813543319702
0.036011893302202225
0.08189485222101212
0.07276660203933716
0.07997650653123856
0.0331428200006485
0.02878759056329727
0.01617514155805111
0.025757718831300735
0.08106669038534164
0.06132481247186661
0.043961185961961746
0.04639749974012375
0.06259700655937195
0.11027399450540543
0.07435009628534317
0.04015859588980675
0.02625955082476139
0.02849886566400528
0.03694424405694008
0.08579953759908676
0.038374871015548706
0.05928294360637665
0.07336855679750443
0.17326569557189941
0.07595858722925186
0.0482657290995121
0.0437227301299572
0.04506021738052368
0.03505801036953926
0.013602765277028084
0.04733419045805931
0.06293075531721115
0.04146748408675194
0.0374905951321125
0.015566063113510609
0.03368527442216873
0.02989889681339264
0.06514142453670502
0.0010718231787905097
0.04022888466715813
0.045464422553777695
0.060133595019578934
0.045942578464746475
0.04611872881650925
0.05859622359275818
0.026782531291246414
0.10398615151643753
0.12364508211612701
0.04804990813136101
0.05566871538758278
0.08702149987220764
0.02192070707678795
0.018411625176668167
0.0935203805565834
0.11553218960762024
0.050121769309043884
0.07549338787794113
0.02670077420771122
0.030405590310692787
0.060441091656684875
0.05617516115307808
0.029322145506739616
0.018419817090034485
0.04222981259226799
0.09558674693107605
0.07144664973020554
0.022399181500077248
0.09149841219186783
0.07011306285858154
0.024338629096746445
0.07486679404973984
0.024920715019106865
4.964137770002708e-05
0.016667896881699562
0.08432519435882568
0.020512832328677177
0.017369776964187622
0.036945052444934845
0.04601369798183441
0.0886298194527626
0.04248638451099396
0.10771608352661133
0.06757134199142456
0.0566568560898304
0.06360821425914764
0.04703273996710777
0.030895927920937538
0.05380901321768761
0.08537854254245758
0.01887100376188755
0.0011911613401025534
0.02935791201889515
0.06350785493850708
0.22214408218860626
0.024512218311429024
0.08953894674777985
0.019270936027169228
0.05408472940325737
0.07573232054710388
0.03611549362540245
0.050495803356170654
0.05412115156650543
0.049379728734493256
0.03689781576395035
0.02905680611729622
0.1660398542881012
0.05865379422903061
0.06215644255280495
0.04576981067657471
0.055831827223300934
0.036184582859277725
0.028180116787552834
0.00044241236173547804
0.08993915468454361
0.005259601399302483
0.016571108251810074
0.037258364260196686
0.05446618050336838
0.018088437616825104
0.026781463995575905
0.03999131917953491
0.04753458872437477
0.037768058478832245
0.04983503371477127
0.0686858594417572
0.04870626702904701
0.04327547550201416
0.024218451231718063
0.0561547614634037
0.09241876751184464
0.011430934071540833
0.02721981517970562
0.0912589579820633
0.00742755364626646
0.01764536090195179
0.062035173177719116
0.05497666820883751
0.046568479388952255
0.059793636202812195
0.06961935013532639
0.07746347784996033
0.05275460332632065
0.02940569445490837
0.04554988071322441
0.04173346981406212
0.02852565236389637
0.09027431905269623
0.1778203696012497
0.1086917519569397
0.020633026957511902
0.034252747893333435
0.02326454594731331
0.03402649238705635
0.03852148354053497
0.06977537274360657
0.017127661034464836
0.031637996435165405
0.01833833009004593
0.02854805253446102
0.03761215880513191
0.018886148929595947
0.04261905699968338
0.04154882952570915
0.03909444063901901
0.016292518004775047
0.060653604567050934
0.03997870907187462
0.03806580603122711
0.04870001599192619
0.06625722348690033
0.0007966595585457981
0.00020402466179803014
0.10172057151794434
0.017544696107506752
0.05343935638666153
0.031605493277311325
0.05110517889261246
0.12180699408054352
0.03729988634586334
0.12942363321781158
0.08652247488498688
0.01674528792500496
0.04913543537259102
0.0645955428481102
0.03549811616539955
0.04072790965437889
0.041120804846286774
0.06491322815418243
0.024218829348683357
0.06617633253335953
0.03723134472966194
0.061690736562013626
0.1293945461511612
0.00032956956420093775
0.024423714727163315
0.04139762371778488
0.05264943093061447
0.0906449481844902
0.039706405252218246
0.015077713876962662
0.054717473685741425
0.03359773010015488
0.040171846747398376
0.10786917060613632
0.05282220244407654
0.053485531359910965
0.06011587381362915
0.07431430369615555
0.021003160625696182
0.06491242349147797
0.06133924797177315
0.03939993679523468
0.022611744701862335
0.0496438629925251
0.07951298356056213
0.024361053481698036
0.005293435417115688
0.08759772777557373
0.028270753100514412
0.06592919677495956
0.12963451445102692
0.008530625142157078
0.07221897691488266
0.08430984616279602
0.010428224690258503
0.047115642577409744
0.03911581262946129
0.03335786610841751
0.022111333906650543
0.05814766511321068
0.06339084357023239
0.051686130464076996
0.026259128004312515
0.07724852114915848
0.04338827356696129
0.05241932347416878
0.029340941458940506
0.023273415863513947
0.07091737538576126
0.05392045900225639
0.0992860198020935
0.04196899011731148
0.03881080448627472
0.049827609211206436
0.06539339572191238
0.06092881038784981
0.06471890956163406
0.011522914282977581
0.1043836697936058
0.021665506064891815
0.057130489498376846
0.03450234234333038
0.1233469545841217
0.0036833779886364937
0.05192513018846512
0.052118826657533646
0.052986521273851395
0.06178389489650726
0.09819424152374268
0.04431680589914322
0.05191570520401001
0.13103514909744263
0.20488449931144714
0.033967357128858566
0.025071723386645317
0.08054870367050171
0.00154130591545254
0.026761863380670547
0.04852177947759628
0.02031899243593216
0.03737226873636246
0.0505700446665287
0.050824254751205444
0.02310197241604328
0.06597022712230682
0.045745741575956345
0.12157102674245834
0.08269505202770233
0.23992854356765747
0.03821635991334915
0.041599057614803314
0.00691586546599865
0.04292968288064003
0.056575529277324677
0.0186898373067379
0.023519739508628845
0.014715776778757572
0.1753959357738495
0.03491828590631485
0.024344537407159805
0.027811961248517036
0.10499703884124756
0.05324697494506836
0.027904001995921135
0.15442585945129395
0.05990619957447052
0.010842656716704369
0.011456616222858429
0.04330175369977951
0.06601715832948685
0.04650885611772537
0.05663185939192772
0.051062796264886856
0.021237218752503395
0.03678061440587044
0.01890527456998825
0.037984706461429596
0.13849401473999023
0.031945742666721344
0.07601072639226913
0.10195080935955048
0.13411210477352142
0.030583323910832405
0.00023794510343577713
0.04415056109428406
0.012241101823747158
0.00024140991445165128
0.07653965055942535
0.07626594603061676
0.05336499214172363
0.026896324008703232
0.06725361943244934
0.03938816860318184
0.03949451074004173
0.11084850132465363
0.05443217605352402
0.16607752442359924
0.05245083570480347
0.05799756571650505
0.03220251947641373
0.034361302852630615
0.041348349303007126
0.14818480610847473
0.05318862944841385
0.04265100508928299
0.05486404523253441
0.10177158564329147
0.05212075635790825
0.0289265438914299
0.022767797112464905
0.005392439663410187
0.07105688005685806
0.02029392682015896
0.04986252635717392
0.05248761177062988
0.10681124776601791
0.0793425440788269
0.046134110540151596
0.025807980448007584
0.06864477694034576
0.039722148329019547
0.06299308687448502
0.08132636547088623
0.05351153761148453
0.06895430386066437
0.08779070526361465
0.01128324307501316
0.11994105577468872
0.0494115948677063
0.06027241051197052
0.026407212018966675
0.1648007184267044
0.019549354910850525
0.07115425169467926
0.06066746637225151
0.048266202211380005
0.06568090617656708
0.015548919327557087
0.04558296874165535
0.05843544378876686
0.03699321299791336
0.10181451588869095
0.046363748610019684
0.026709824800491333
0.05156238004565239
0.08117198199033737
0.03980164974927902
0.05375046655535698
0.17838835716247559
0.029028207063674927
0.05762321129441261
0.04345535486936569
0.12987421452999115
0.03630354627966881
0.033241547644138336
0.03205190598964691
0.02515183389186859
0.06716997176408768
0.011777954176068306
0.07448907196521759
0.09840741753578186
0.0666668564081192
0.029051467776298523
0.07878238707780838
0.055385127663612366
0.072822205722332
0.06146959587931633
0.18679912388324738
0.04593024402856827
0.11274212598800659
0.01367633230984211
0.02285640873014927
0.037642382085323334
0.038180530071258545
0.0940280333161354
0.03505180776119232
0.03238818049430847
0.04172253608703613
0.14767014980316162
0.022462204098701477
0.05599195510149002
0.022185346111655235
0.0511019229888916
0.03832491114735603
0.09720398485660553
0.09416922181844711
0.07089339196681976
0.06963096559047699
0.020243480801582336
0.09892243146896362
0.05152744799852371
0.005325241945683956
0.009409768506884575
0.022804241627454758
0.03782753646373749
0.045262835919857025
0.08122202008962631
0.10248687863349915
0.024348868057131767
0.11147411912679672
0.02612970396876335
0.00732697919011116
0.057567816227674484
0.003159381914883852
0.09304016083478928
0.04041636362671852
0.0033485693857073784
0.03307952359318733
0.02637162059545517
0.04489675536751747
0.05842502415180206
0.0952826589345932
0.0009325742721557617
0.0525478795170784
0.056038569658994675
0.03916607052087784
0.027492651715874672
0.1292957067489624
0.03465532884001732
0.03291992470622063
0.0339597649872303
0.057095859199762344
0.03429041802883148
0.1374344825744629
0.036951467394828796
0.040347520262002945
0.03723122179508209
0.032737165689468384
0.027810262516140938
0.0005775836762040854
0.01699252799153328
0.021770671010017395
0.08538932353258133
0.05362486466765404
0.2593795657157898
0.05586744099855423
0.11556945741176605
0.061683837324380875
0.023925716057419777
0.03250700980424881
0.15830443799495697
0.029541388154029846
0.024459609761834145
0.06390891969203949
0.06841623783111572
0.03642799332737923
0.040537990629673004
0.025323843583464622
0.14920629560947418
0.10664379596710205
0.00978230219334364
0.11210280656814575
0.05853329226374626
0.027053849771618843
0.04205905646085739
0.08278757333755493
0.03967061638832092
0.12358929216861725
0.05310641601681709
0.03472341597080231
0.021081963554024696
0.02377547323703766
0.039758261293172836
0.07212972640991211
0.09548033773899078
0.042349450290203094
0.07229982316493988
0.029375676065683365
0.04378005117177963
0.07258505374193192
0.03773126378655434
0.06533167511224747
0.057476382702589035
0.030065178871154785
0.13097992539405823
0.05769890174269676
0.014071697369217873
0.04842936247587204
0.00655318470671773
0.02402869239449501
0.07132973521947861
0.014366444200277328
0.03262397646903992
0.066380076110363
0.04386955499649048
0.028124675154685974
0.03805083408951759
0.09406223148107529
0.022621937096118927
0.0632217600941658
0.05192727595567703
0.01680324226617813
0.0651145726442337
0.009424999356269836
0.03760075196623802
0.18272872269153595
0.05985237658023834
0.051041606813669205
0.01837613806128502
0.04016321897506714
0.05318969115614891
0.040049225091934204
0.03229605033993721
0.1377636045217514
0.027801936492323875
0.11800630390644073
0.030288729816675186
0.16807402670383453
0.11866381764411926
0.032473064959049225
0.03237731009721756
0.06754187494516373
0.06546392291784286
0.04937031865119934
0.021399348974227905
0.015129917301237583
0.05406865105032921
0.024957623332738876
0.05308006331324577
0.041768383234739304
0.016215333715081215
0.10922256112098694
0.028177982196211815
0.03880604729056358
0.049887411296367645
0.05969417840242386
0.03280584514141083
0.04407479614019394
0.04722188040614128
0.07436583191156387
0.045316826552152634
0.04867773875594139
0.035464830696582794
0.04469238594174385
0.0602535754442215
0.011042037047445774
0.06577485054731369
0.03756627067923546
0.0830865427851677
0.052014581859111786
0.03485097363591194
0.03528549149632454
0.027245916426181793
0.11412649601697922
0.016732214018702507
0.10340261459350586
0.03086775355041027
0.03968209773302078
0.04413334280252457
0.023483047261834145
0.17310628294944763
0.11035305261611938
0.033689577132463455
0.08630529046058655
0.06653464585542679
0.02418874204158783
0.08226346969604492
0.008857831358909607
0.14435939490795135
0.04494578391313553
0.12735603749752045
0.04032079875469208
0.03530658408999443
0.02658429928123951
0.06170877814292908
0.08290062844753265
0.022096121683716774
0.05445897951722145
0.06831000745296478
0.02337334118783474
0.03405081853270531
0.006191289983689785
0.025167839601635933
0.010468618012964725
0.1448996514081955
0.062158890068531036
0.00017359711637254804
0.060969725251197815
0.012161816470324993
0.31532371044158936
0.13487133383750916
0.06377718597650528
0.028548464179039
0.03937794640660286
0.11190136522054672
0.0399760976433754
0.05957340821623802
0.029340941458940506
0.0783490538597107
0.057033780962228775
0.06416409462690353
0.061007969081401825
0.03896307200193405
0.06488705426454544
0.1699908822774887
0.03411521762609482
0.024162523448467255
0.048090994358062744
0.032636646181344986
0.1080576553940773
0.0033241724595427513
0.09837712347507477
0.03902188315987587
0.10595889389514923
0.015427540056407452
0.04724007099866867
0.00017308612586930394
0.0554288849234581
0.05376547574996948
0.061890289187431335
0.03337294980883598
0.06943081319332123
0.04660921171307564
0.016381388530135155
0.011839482933282852
0.05482596158981323
0.05575546994805336
0.06058192625641823
0.0009712358005344868
0.02612166665494442
0.03959234803915024
0.03746786341071129
0.11312556266784668
0.03624749556183815
0.08041881024837494
0.03379056602716446
0.0119267413392663
0.06211882829666138
0.0354122668504715
0.015912575647234917
0.12659645080566406
0.16398359835147858
0.06728827208280563
0.02250988408923149
0.1053270548582077
0.021511578932404518
0.014940902590751648
0.02617805264890194
0.0168970488011837
0.010762765072286129
0.0600755512714386
0.08540478348731995
0.10148270428180695
0.11318451166152954
0.013352010399103165
0.10335447639226913
0.016170019283890724
0.0658847987651825
0.10467806458473206
0.07917319983243942
0.04352780058979988
0.08494558930397034
0.002433906542137265
0.2133307009935379
0.1815565526485443
0.047986824065446854
0.005689665209501982
0.02159060537815094
0.03566569462418556
0.016114279627799988
0.0014366682153195143
0.04161926731467247
0.03112213872373104
0.04958546906709671
0.1018187627196312
0.03777511417865753
0.04774309694766998
0.10860789567232132
0.04160309210419655
0.12628056108951569
0.11649195104837418
0.08774153143167496
0.09800504148006439
0.00948556512594223
0.0734192281961441
0.13445286452770233
0.08326670527458191
0.1215275228023529
0.04979648068547249
0.08352600038051605
0.09264545142650604
0.03531448170542717
0.07036454230546951
0.10746829211711884
0.06004934385418892
0.025626931339502335
0.051898665726184845
0.028997641056776047
0.06805308163166046
0.04495342820882797
0.1312205195426941
0.0017414272297173738
0.018220337107777596
0.010533115826547146
0.1142331138253212
0.006840950809419155
0.05677086114883423
0.022512299939990044
0.04675791785120964
0.06657247245311737
0.03679715469479561
0.0350380465388298
0.08885762095451355
0.04548623785376549
0.023996885865926743
0.008953319862484932
0.04445335641503334
0.10951639711856842
0.01685606688261032
0.03330351412296295
0.04434114694595337
0.05256298556923866
0.05193591117858887
0.0003306803700979799
0.08482561260461807
0.06439654529094696
0.048506688326597214
0.02096308022737503
0.038074836134910583
0.029842937365174294
0.07496023178100586
0.002209556521847844
0.061567675322294235
0.05637035518884659
0.007756509818136692
0.07986858487129211
0.05481391027569771
0.0007358318543992937
0.03461970016360283
0.06525241583585739
0.06241631880402565
0.13354241847991943
0.007481096312403679
0.0695505142211914
0.0537208616733551
0.07463161647319794
0.010064760223031044
0.04302943870425224
0.04467129334807396
0.06231660768389702
0.033645376563072205
0.07885408401489258
0.067678302526474
0.08376581966876984
0.11358250677585602
0.03615741431713104
0.05036675184965134
0.04031673073768616
0.049079954624176025
0.04954724758863449
0.0014099526451900601
0.06504548341035843
0.14062510430812836
0.07138661295175552
0.029454264789819717
0.050700340420007706
0.03634742274880409
0.03887292742729187
0.0862252414226532
0.10241871327161789
0.045864034444093704
0.07571938633918762
0.017841283231973648
0.06440938264131546
0.02226659655570984
0.0168434027582407
0.06620772927999496
0.035080261528491974
0.097638338804245
0.07787041366100311
0.03961522504687309
0.08623092621564865
0.04142105206847191
0.11224854737520218
0.029089871793985367
0.03558864817023277
0.0228567011654377
0.05102338641881943
0.09293891489505768
0.020265821367502213
0.04798329994082451
0.043177325278520584
0.1355191022157669
0.04529444873332977
0.029727203771471977
0.03467392921447754
0.10749062895774841
0.027152573689818382
0.06913551688194275
0.06017240881919861
0.06734123826026917
0.08712591230869293
0.03925268352031708
0.06861212104558945
0.05683925375342369
0.06933502852916718
0.02977154217660427
0.048424094915390015
0.04950440302491188
0.051429953426122665
0.06142410635948181
0.046434856951236725
0.08484591543674469
0.030775075778365135
0.05391690880060196
0.06236681342124939
0.026931265369057655
0.0821419507265091
0.0551973320543766
0.030713161453604698
0.03231676667928696
0.0009344189893454313
0.05755523219704628
0.13231633603572845
0.016134509816765785
0.05421791225671768
0.04608302190899849
0.033207643777132034
0.039421550929546356
0.05079277977347374
0.05646118149161339
0.058126386255025864
0.07569839805364609
0.08699086308479309
0.14164793491363525
0.09163983911275864
0.11337107419967651
0.06866119056940079
0.08659330755472183
0.06583144515752792
0.053501907736063004
0.047654710710048676
0.033911120146512985
0.09774818271398544
0.2118300348520279
0.04915693402290344
0.012997391633689404
0.04257715120911598
0.08402615040540695
0.011631935834884644
0.07613666355609894
0.0921262800693512
0.07996883243322372
0.04237361252307892
0.062461692839860916
0.07160744816064835
0.12474694103002548
0.05863971635699272
0.07810702174901962
0.02961532585322857
0.04043472558259964
0.08759981393814087
0.03666215389966965
0.20464256405830383
0.022084008902311325
0.02986537478864193
0.041356492787599564
0.0719066858291626
0.07743135094642639
0.024429641664028168
0.19182458519935608
0.05402679741382599
0.04852130264043808
0.15879203379154205
0.09557802230119705
0.08706199377775192
0.04496769979596138
0.16409003734588623
0.05180739611387253
0.04092131182551384
0.03869275376200676
0.041402462869882584
0.05126331374049187
0.018324824050068855
0.0694214403629303
0.023577731102705002
0.0026061085518449545
0.0345831960439682
0.09412754327058792
0.03683391585946083
0.06597007811069489
0.0676247850060463
0.03559756278991699
0.08273208886384964
0.06142366677522659
0.04537208750844002
0.05936862528324127
0.03622659295797348
0.03385055437684059
0.18007366359233856
0.05147682875394821
0.03814394399523735
0.08558806777000427
0.07165741920471191
0.08897719532251358
0.06133590266108513
0.06817914545536041
0.04489297419786453
0.044210609048604965
0.13355235755443573
0.04130543768405914
0.09140331298112869
0.022130746394395828
0.045893166214227676
0.06387867033481598
0.08875445276498795
0.07937689870595932
0.11302173882722855
0.11773288995027542
0.10098534822463989
0.07848092168569565
0.046219274401664734
0.042116113007068634
0.060053031891584396
0.05641663819551468
0.09832075983285904
0.04755057394504547
0.05739699304103851
0.01845638081431389
0.06133795902132988
0.0481128990650177
0.027776971459388733
0.05450495332479477
0.042291611433029175
0.06156133860349655
0.008576977998018265
0.08864741027355194
0.10544294118881226
0.04486754536628723
0.04092524200677872
0.035972584038972855
0.05884579196572304
0.02018091082572937
0.04959985241293907
0.01949264667928219
0.04827006906270981
0.06507688015699387
0.05757362022995949
0.01469391118735075
0.0314202681183815
0.18226055800914764
0.03872314840555191
0.10341297835111618
0.03854301571846008
0.05127902328968048
0.027310935780405998
0.0304240919649601
0.09705910831689835
0.058270178735256195
0.040929414331912994
0.07378623634576797
0.039438314735889435
0.17652879655361176
0.03896928206086159
0.07073775678873062
0.10890991240739822
0.038633327931165695
0.007378168869763613
0.05131273344159126
0.06771261990070343
0.06274031102657318
0.05276511609554291
0.11604596674442291
0.07491160929203033
0.03233892098069191
0.058903638273477554
0.03778187185525894
0.027720388025045395
0.09513569623231888
0.034308284521102905
0.07789407670497894
0.05730089172720909
0.04377124458551407
0.09383122622966766
0.03500014916062355
0.02878686971962452
0.024192696437239647
0.0734499990940094
0.009681236930191517
0.05942687764763832
0.09025388211011887
0.051924970000982285
0.02557077817618847
0.0009539300808683038
0.02810489758849144
0.0242917537689209
0.17052161693572998
0.005330434534698725
0.032020170241594315
0.06622295826673508
0.054893266409635544
0.07661613821983337
0.03864544257521629
0.08421001583337784
0.08398083597421646
0.09068003296852112
0.02763374149799347
0.0005771454307250679
0.07472580671310425
0.0816224217414856
0.057548679411411285
0.03797031566500664
0.021058332175016403
0.09110171347856522
0.04091782122850418
0.02387995645403862
0.06654027104377747
0.04746752604842186
0.15077169239521027
0.020877620205283165
0.04086313769221306
0.019043441861867905
0.012542570941150188
0.13148510456085205
0.011923758313059807
0.0011181904701516032
0.05188265070319176
0.04707460105419159
0.0512821190059185
0.05447501316666603
0.02370336279273033
0.09372115135192871
0.019986309111118317
0.006804755888879299
0.06262600421905518
0.07612000405788422
0.08250576257705688
0.04695920646190643
0.03204045817255974
0.11200269311666489
0.008873379789292812
0.029991671442985535
0.06469424068927765
0.04559261351823807
0.06899416446685791
0.02449467033147812
0.23599402606487274
0.05954891815781593
0.13590729236602783
0.03455636650323868
0.11733295023441315
0.075215645134449
0.047666776925325394
0.013045414350926876
0.06484957784414291
0.04921380430459976
0.0642198994755745
0.06298670172691345
0.03390917181968689
0.07245944440364838
0.021778937429189682
0.04761748015880585
0.013897611759603024
0.04996434971690178
0.04950299113988876
0.0506877638399601
0.01768406666815281
0.034239042550325394
0.05037018284201622
0.019585970789194107
0.05061870440840721
0.022061405703425407
0.03649822995066643
0.07091181725263596
0.03565855324268341
0.019594989717006683
0.05085776373744011
0.19081440567970276
0.040743518620729446
0.12429769337177277
0.0005949163460172713
0.03317055106163025
0.01426697801798582
0.03526948764920235
0.06360895931720734
0.01856185495853424
0.012535689398646355
0.18734616041183472
0.07621768862009048
0.040526483207941055
0.08197108656167984
0.05913839861750603
0.07376068085432053
0.10490383207798004
0.044849999248981476
0.05635318532586098
0.03818613663315773
0.03363661468029022
0.024408895522356033
0.02400991879403591
0.10286393761634827
0.026799345389008522
0.019853981211781502
0.025422867387533188
0.009220494888722897
0.05884474515914917
0.044797495007514954
0.03205696493387222
0.014605575241148472
0.06054604798555374
0.07930222153663635
0.11283978819847107
0.05923624336719513
0.07972371578216553
0.007882213220000267
0.020845122635364532
0.04595514014363289
0.04545503482222557
0.04423663392663002
0.05135102570056915
0.04886699840426445
0.1507444977760315
0.03006892092525959
0.01981557533144951
0.010478639043867588
0.0001841542252805084
0.01411306019872427
0.29163047671318054
0.07817602902650833
0.02184538170695305
0.029579022899270058
0.018405703827738762
0.06665924936532974
0.041005320847034454
0.01199548039585352
0.0488651841878891
0.020235003903508186
0.05792825296521187
0.05659369006752968
0.04024672508239746
0.04151584208011627
0.02251313626766205
0.03881712257862091
0.026554523035883904
0.07298650592565536
0.049368757754564285
0.02265135943889618
0.0344766303896904
0.04489200562238693
0.002214173786342144
0.02592652291059494
0.05065436288714409
0.0404333733022213
0.03247179463505745
0.017576847225427628
0.07455699890851974
0.06515683978796005
0.12780626118183136
0.05951880291104317
0.05496315285563469
0.04642104357481003
0.011102503165602684
0.015100395306944847
0.05100588500499725
0.0299370177090168
0.02836507000029087
0.0008505008881911635
0.06545809656381607
0.03898371011018753
0.00635847682133317
0.028251929208636284
0.08530403673648834
0.02163104899227619
0.008696850389242172
0.048133790493011475
0.04533923417329788
0.06262151896953583
0.17312882840633392
0.0641736388206482
0.036782704293727875
0.022244907915592194
0.0457724928855896
0.025749078020453453
0.0785178542137146
0.0552658773958683
0.033742986619472504
0.08228297531604767
0.07302268594503403
0.03639119118452072
0.021582240238785744
0.05126136913895607
0.03169083222746849
0.09568685293197632
0.10526145994663239
0.02512429468333721
0.030927836894989014
0.03733742609620094
0.08738725632429123
0.037041522562503815
0.016261793673038483
0.08735106885433197
0.09604614973068237
0.03578433021903038
0.028227709233760834
0.008698010817170143
0.09262263029813766
0.024325009435415268
0.04804427921772003
0.04773373529314995
0.08756189048290253
0.005433693528175354
0.07197432965040207
0.10830012708902359
0.04420057684183121
0.10192453861236572
0.06345508992671967
0.021514132618904114
0.013972963206470013
0.046236827969551086
0.04266183823347092
0.05163200944662094
0.022620441392064095
0.028983721509575844
0.09837406128644943
0.04418584704399109
0.0338924266397953
0.014877749606966972
0.04642602056264877
0.022282637655735016
0.005566596984863281
0.09892401099205017
0.046317268162965775
0.07063755393028259
0.08279582113027573
0.0903652235865593
0.05958160385489464
0.07084591686725616
0.03991338610649109
0.07270809262990952
0.13769394159317017
0.13469181954860687
0.03678718954324722
0.004824696108698845
0.033647626638412476
0.07705911993980408
0.054438501596450806
0.04237284138798714
0.08237768709659576
0.04547200724482536
0.04699871689081192
0.16776996850967407
0.09455526620149612
0.10346944630146027
0.04614793136715889
0.09658154845237732
0.14707179367542267
0.012556850910186768
0.07340975105762482
0.020219966769218445
0.07338528335094452
0.16141390800476074
0.030640801414847374
0.04925188794732094
0.06278197467327118
0.02002895250916481
0.06236971169710159
0.035436440259218216
0.09763211011886597
0.02085449919104576
0.05114445462822914
0.033218443393707275
0.01565396972000599
0.04285776987671852
0.03992151841521263
0.08906824886798859
0.015496749430894852
0.016861269250512123
0.08900468796491623
0.08232446759939194
0.1108015775680542
0.11778255552053452
0.08924131095409393
0.03532303124666214
0.07340940833091736
0.006702651735395193
0.045690298080444336
0.11019399017095566
0.024268057197332382
0.04362940043210983
0.05947636812925339
0.0426165908575058
0.12256256490945816
0.06305744498968124
0.08071090281009674
0.04711232706904411
0.044921115040779114
0.06955679506063461
0.0921643003821373
0.14514128863811493
0.10151222348213196
0.060346104204654694
0.07303968071937561
0.00816655158996582
0.036629971116781235
0.002312455326318741
0.05577491223812103
0.11279942095279694
0.04254066199064255
0.036577772349119186
0.05027901008725166
0.05027138069272041
0.05037800967693329
0.02125578001141548
0.022771285846829414
0.030239099636673927
0.03384676203131676
0.14058808982372284
0.08111228793859482
0.027517054229974747
0.0290358979254961
0.06669220328330994
0.018618689849972725
0.007590242195874453
0.16849736869335175
0.013014980591833591
0.042302608489990234
0.09018947184085846
0.056452929973602295
0.021683678030967712
0.016024846583604813
0.04031473025679588
0.042956478893756866
0.0937419906258583
0.03060404770076275
0.03741820901632309
0.03847302123904228
0.04205367714166641
0.00012482935562729836
0.02638443000614643
0.04979603365063667
0.09373027086257935
0.06362449377775192
0.02812010794878006
0.0226775873452425
0.03704828396439552
0.028347177430987358
0.06829441338777542
0.0789744034409523
0.028189601376652718
0.044721826910972595
0.0008140510180965066
0.022506771609187126
0.058904219418764114
0.027019020169973373
0.02865942195057869
0.0354263111948967
0.05758976563811302
0.05058232694864273
0.04673963785171509
0.0005022140685468912
0.06786606460809708
0.0316912867128849
0.07489708065986633
0.05169904604554176
0.11817265301942825
0.01786183938384056
0.03307737782597542
0.02993057668209076
0.10745733231306076
0.08685466647148132
0.08784576505422592
0.04540729895234108
0.18523159623146057
0.1465413123369217
0.033849094063043594
0.07039129734039307
0.00017233373364433646
0.026960596442222595
0.08968663215637207
0.022902406752109528
0.0916810855269432
0.15902015566825867
0.15695533156394958
0.11551881581544876
0.028790391981601715
0.1279853880405426
0.009229355491697788
0.0396682471036911
0.04218821972608566
0.07708629965782166
0.01766376942396164
0.0568213164806366
0.058638930320739746
0.004862923175096512
0.06275808066129684
0.05250414088368416
0.034377969801425934
0.03408537432551384
0.08286614716053009
0.00011589229688979685
0.031206242740154266
0.11919260025024414
0.03592411056160927
0.0783231109380722
0.046950772404670715
0.02081756293773651
0.1409367173910141
0.07225947827100754
0.04852590337395668
0.06615661829710007
0.07002224773168564
0.03241940587759018
0.12167822569608688
0.05332297086715698
0.011373991146683693
0.048601116985082626
0.09666499495506287
0.02821848914027214
0.22121737897396088
0.07817310094833374
0.008892938494682312
0.06754086911678314
0.06928791105747223
0.013511947356164455
0.018723126500844955
0.022610265761613846
0.006781891919672489
0.020955627784132957
0.07717917114496231
0.044061243534088135
0.018775396049022675
0.06527511775493622
0.03709570690989494
0.06505024433135986
0.028080396354198456
0.07044434547424316
0.10975911468267441
0.025722989812493324
0.02725794166326523
0.012838938273489475
0.07451998442411423
0.024660203605890274
0.05738268792629242
0.051331132650375366
0.019018271937966347
0.0657731145620346
0.027271166443824768
0.05944036319851875
0.040269289165735245
0.0003366213641129434
0.041453007608652115
0.05245402082800865
0.03431054204702377
0.03356080502271652
0.04100487008690834
0.12892983853816986
0.011140115559101105
0.1045580804347992
0.0518580786883831
0.03091900423169136
0.042279068380594254
0.05166018009185791
0.01368062011897564
0.09294506907463074
0.04853280261158943
0.033228468149900436
0.03288893774151802
0.014967422932386398
0.0043726167641580105
0.03864487260580063
0.0276237390935421
0.06170705705881119
0.029184645041823387
0.0438738614320755
0.028091680258512497
0.018215302377939224
0.08775586634874344
0.00028525147354230285
0.04009383171796799
0.0444784015417099
0.04256783425807953
0.0060102734714746475
0.02780267596244812
0.014086708426475525
0.05906997621059418
0.03599212318658829
0.07447010278701782
0.050019994378089905
0.02218817174434662
0.03867965191602707
0.024137862026691437
0.033869341015815735
0.10540643334388733
0.02643691934645176
0.014822524972259998
0.08204056322574615
0.07750846445560455
0.07911209762096405
0.03674958646297455
0.12124881893396378
0.05529877543449402
0.03494631126523018
0.0004920553183183074
0.05880353972315788
0.055227380245923996
0.029580511152744293
0.0645202100276947
0.05485787242650986
0.06357002258300781
0.0448620468378067
0.06923172622919083
0.07587412744760513
0.02051301673054695
0.0008398601785302162
0.046763014048337936
0.008945317007601261
0.07752420753240585
0.021478137001395226
0.04943019896745682
0.05640965700149536
0.038905296474695206
0.02203669771552086
0.05349510908126831
0.08986308425664902
0.01515249814838171
0.08542179316282272
0.03701236844062805
0.05693722516298294
0.038762375712394714
0.09695056825876236
0.058031365275382996
0.03818996250629425
0.08374806493520737
0.027683429419994354
0.06152313947677612
0.075672946870327
0.0342053584754467
0.08240169286727905
0.11822928488254547
0.038779206573963165
0.015256853774189949
0.02917645126581192
0.027815164998173714
0.0249274093657732
0.10085377842187881
0.0453016422688961
0.04834996536374092
0.12036094069480896
0.032128386199474335
0.04295341670513153
0.05250285565853119
0.04789780080318451
0.011063269339501858
0.06235399469733238
0.05825938656926155
0.07312442362308502
0.04943625256419182
0.024575553834438324
0.012707889080047607
0.07674924284219742
0.041110046207904816
0.06625178456306458
0.07462593168020248
0.07690218836069107
0.029732897877693176
0.022697849199175835
0.05155135318636894
0.022663550451397896
0.05399838835000992
0.0491221658885479
0.07734894752502441
0.14063811302185059
0.06987699121236801
0.04757358133792877
0.029143819585442543
0.04878713935613632
0.12494179606437683
0.012689410708844662
0.05712239816784859
0.1485905945301056
0.03573782742023468
0.06773710250854492
0.04061143472790718
0.01717107743024826
0.08407413214445114
0.022444231435656548
0.1308080404996872
0.02854755148291588
0.06109647452831268
0.018055003136396408
0.023128706961870193
0.0705488920211792
0.0367274209856987
0.052990641444921494
0.06272365152835846
0.055666036903858185
0.058449164032936096
0.016099100932478905
0.04102591052651405
0.06971873342990875
0.003901692805811763
0.0005316105089150369
0.06245224177837372
0.031146617606282234
0.018045108765363693
0.03735099732875824
0.04385971277952194
0.048257894814014435
0.04734667018055916
0.06316480040550232
0.011371857486665249
0.027852404862642288
0.018010977655649185
0.03666992112994194
0.08187218010425568
0.10223852843046188
0.04938928782939911
0.040700484067201614
0.06833099573850632
0.025104794651269913
0.02976955845952034
0.025764312595129013
0.07250411063432693
0.14326006174087524
0.020455267280340195
0.07051807641983032
0.0380503349006176
0.015978295356035233
0.05690975859761238
0.020624099299311638
0.07666948437690735
0.1572779268026352
0.023946205154061317
0.2635190486907959
0.019556783139705658
0.019711658358573914
0.017741860821843147
0.09253428876399994
0.03164871782064438
0.08506165444850922
0.12832388281822205
0.02557251788675785
0.021963270381093025
0.03616601973772049
0.19571596384048462
0.053127795457839966
0.03785282000899315
0.05956624075770378
0.054972752928733826
0.0500267818570137
0.11253403127193451
0.08132246881723404
0.0520978718996048
0.05400100350379944
0.055210988968610764
0.00011681386968120933
0.09447712451219559
0.019701862707734108
0.023504754528403282
0.03184143453836441
0.05889597162604332
0.02966172806918621
0.037199847400188446
0.03040098398923874
0.05850975960493088
0.06174827367067337
0.0003031621454283595
0.10198579728603363
0.05833050608634949
0.07374390959739685
0.08190573006868362
0.025543473660945892
0.055406324565410614
0.049084052443504333
0.056535907089710236
0.03011406771838665
0.0847453624010086
0.0816107764840126
0.027236023917794228
0.07878410071134567
0.06392282992601395
0.09930193424224854
0.0582781657576561
0.07229231297969818
0.06220100447535515
0.025605302304029465
0.13120289146900177
0.05254620313644409
0.017159998416900635
0.060399334877729416
0.1094285324215889
0.06308247894048691
0.04177301749587059
0.0304558128118515
0.06625041365623474
0.07810558378696442
0.03926221653819084
0.08676731586456299
0.04276946932077408
0.04245893284678459
0.0544237457215786
0.030373087152838707
0.042886313050985336
0.03231445699930191
0.057912182062864304
0.061977144330739975
0.11997807025909424
0.058049868792295456
0.020768729969859123
0.04550396651029587
0.05896854028105736
0.05435902625322342
0.02783099375665188
0.01720314845442772
0.004930825904011726
0.021151291206479073
0.06849648058414459
0.015514319762587547
0.004439829848706722
0.050865791738033295
0.024343427270650864
0.06164795905351639
0.12368549406528473
0.04389675334095955
0.05783884599804878
0.11258003115653992
0.06559285521507263
0.024852221831679344
0.062452949583530426
0.014030310325324535
0.022061703726649284
0.016504712402820587
0.05449960008263588
0.07936880737543106
0.016854897141456604
0.03553116321563721
0.12796688079833984
0.021003488451242447
0.04222474247217178
0.02364254929125309
0.006909673102200031
0.05481335148215294
0.03531176224350929
0.03750288486480713
0.029963424429297447
0.03914151340723038
0.0465913750231266
0.030732708051800728
0.01663839817047119
0.048802878707647324
0.05752204358577728
0.02597993053495884
0.060213129967451096
0.046872541308403015
0.024849001318216324
0.0710044875741005
0.1269867867231369
0.06840638816356659
0.10903965681791306
0.04309823736548424
0.1432689130306244
0.029496507719159126
0.03899826109409332
0.05607927218079567
0.013178858906030655
0.06276383996009827
0.04377898946404457
0.0907135084271431
0.033513061702251434
0.07679478079080582
0.016253050416707993
0.13335564732551575
0.048253536224365234
0.01526416465640068
0.18173369765281677
0.053309906274080276
0.040879834443330765
0.07804043591022491
0.032179102301597595
0.03087530843913555
0.07050705701112747
0.030583249405026436
0.06192610040307045
0.057984109967947006
0.09412983059883118
0.10840541869401932
0.14272576570510864
0.11756233870983124
0.0873296782374382
0.032080333679914474
0.048285115510225296
0.12420966476202011
0.03449293598532677
0.061533328145742416
0.046342067420482635
0.06111139804124832
0.08462962508201599
0.12025445699691772
0.061913058161735535
0.01297765877097845
0.03364059701561928
0.0699172392487526
0.01891259476542473
0.01669720746576786
0.027517739683389664
0.08522442728281021
0.06219175085425377
0.043046724051237106
0.033261675387620926
0.03262229263782501
0.039437517523765564
0.08845863491296768
0.023857446387410164
0.06374494731426239
0.07059411704540253
0.13436132669448853
0.0376024954020977
0.09683187305927277
0.04647529870271683
0.13342523574829102
0.09364315867424011
0.15326498448848724
0.037462834268808365
0.029016559943556786
0.09682680666446686
0.05137932673096657
0.08804034441709518
0.015219567343592644
0.08487111330032349
0.05078856274485588
0.04509834945201874
0.06312770396471024
0.10055628418922424
0.0645996555685997
0.057240698486566544
0.052862461656332016
0.00016579327348154038
0.024419741705060005
0.10663685947656631
0.016542641445994377
0.0021671480499207973
0.037088628858327866
0.04772082716226578
0.0404101237654686
0.016344241797924042
0.021326519548892975
0.04993712157011032
0.07187654823064804
0.042695701122283936
0.0007013750728219748
0.03536035120487213
0.05292097106575966
0.04836294427514076
0.09469163417816162
0.07951444387435913
0.018082579597830772
0.03858649358153343
0.055367376655340195
0.06415924429893494
0.035888899117708206
0.06944672763347626
0.04803145304322243
0.0004154372727498412
0.05754849314689636
0.03779902309179306
0.09558244794607162
0.0001891350984806195
0.0560089610517025
0.01704103872179985
0.048543766140937805
0.10775312781333923
0.01651214063167572
0.06968764960765839
0.018293606117367744
0.03802543878555298
0.029551221057772636
0.0005313646979629993
0.05850980430841446
0.03288893401622772
0.08103660494089127
0.0005655811401084065
0.12071684002876282
0.0571926049888134
0.03708280622959137
0.08462665975093842
0.0333343967795372
0.018811732530593872
0.04315827041864395
0.010308777913451195
0.043242353945970535
0.017513420432806015
0.08792287856340408
0.03345518186688423
0.04410083219408989
0.059211280196905136
0.06833367794752121
0.16659092903137207
0.012072868645191193
0.05324290692806244
0.027515554800629616
0.0030146436765789986
0.07367317378520966
0.04048522934317589
0.1290460228919983
0.017928918823599815
0.02276272512972355
0.05146327614784241
0.05061771348118782
0.03174358978867531
0.06801880896091461
0.06776341050863266
0.10945778340101242
0.11144232004880905
0.07881461828947067
0.06543366611003876
0.045582402497529984
0.04782555252313614
0.0335286520421505
0.11171358078718185
0.011346197687089443
0.14692750573158264
0.007764920126646757
0.02887297235429287
0.05879434570670128
0.047231245785951614
0.028921671211719513
0.06341500580310822
0.0014389604330062866
0.057842422276735306
0.05324675887823105
0.06933003664016724
0.029924986883997917
0.09954608976840973
0.011302140541374683
0.07257062196731567
0.05686641111969948
0.051123421639204025
0.03475189581513405
0.00020777965255547315
0.029937226325273514
0.05268211290240288
0.10910897701978683
0.015690727159380913
0.08818452060222626
0.05340179055929184
0.028164247050881386
0.07429273426532745
0.05550522357225418
0.07870479673147202
0.051402974873781204
0.05782188102602959
0.05748935416340828
0.08445874601602554
0.01726779155433178
0.058708615601062775
0.04782926291227341
0.015377703122794628
0.03594772517681122
0.15891443192958832
0.10117622464895248
0.007771121338009834
0.02846856229007244
0.034696709364652634
0.026057904586195946
0.045901328325271606
0.05883006006479263
0.08291386812925339
0.017054269090294838
0.05296801030635834
0.02364036813378334
0.04048628732562065
0.06842448562383652
0.05786087363958359
0.045958418399095535
0.04733163118362427
0.07698440551757812
0.07317464053630829
0.04035278782248497
0.08729337900876999
0.08001531660556793
0.02354740910232067
0.02713323011994362
0.06877202540636063
0.03711181879043579
0.03477812558412552
0.05421288311481476
0.012609416618943214
0.05443178117275238
0.034276675432920456
0.0791517049074173
0.013863485306501389
0.09378819912672043
0.04705885052680969
0.06046475097537041
0.033796608448028564
0.0404597744345665
0.03926658630371094
0.07390059530735016
0.08329558372497559
0.04952511936426163
0.17093418538570404
0.031610384583473206
0.01914720982313156
0.05944936349987984
0.06756558269262314
0.03933636099100113
0.0777154266834259
0.03118269331753254
0.02113553136587143
0.03701118379831314
0.009166321717202663
0.06886296719312668
0.0229975376278162
0.06549808382987976
0.04278285801410675
0.05427597835659981
0.09710536152124405
0.021060355007648468
0.01646498590707779
0.016775891184806824
0.015498883090913296
0.07309646159410477
0.16337129473686218
0.0286111943423748
0.03705761581659317
0.14784693717956543
0.05250675603747368
0.055128101259469986
0.09904357045888901
0.04739514738321304
0.04748409986495972
0.0004495318280532956
0.02811826951801777
0.10343416780233383
0.09269780665636063
0.07470200210809708
0.01703743264079094
0.011947575025260448
0.04325902462005615
0.1526840627193451
0.02933712676167488
0.07891988754272461
0.053092457354068756
0.07174722850322723
0.06006991118192673
0.01165734138339758
0.0001668542972765863
0.15368245542049408
0.05542917922139168
0.059346579015254974
0.06675758957862854
0.028075918555259705
0.07968679815530777
0.021137673407793045
0.03282058238983154
0.0555550791323185
0.006513859611004591
0.028926383703947067
0.07079576700925827
0.13575682044029236
0.02923206053674221
0.027710726484656334
0.05770024657249451
0.05761086940765381
0.06621992588043213
0.036165736615657806
0.04206889495253563
0.038166020065546036
0.08593151718378067
0.03351130709052086
0.03223729133605957
0.06962496042251587
0.013540542684495449
0.0879339873790741
0.04475963115692139
0.01549901720136404
0.027738437056541443
0.034183207899332047
0.06797776371240616
0.007579375524073839
0.10338149964809418
0.030554115772247314
0.07341455668210983
0.0787854790687561
0.07222777605056763
0.09200746566057205
0.12661056220531464
0.00549329724162817
0.05175957828760147
0.08379121869802475
0.07134085893630981
0.044575415551662445
0.16917327046394348
0.04443143680691719
0.05740214139223099
0.0827898159623146
0.040878262370824814
0.04525076970458031
0.024242328479886055
0.06078963726758957
0.05491158738732338
0.01791449636220932
0.04559504613280296
0.034465670585632324
0.021732836961746216
0.08709637075662613
0.03794082626700401
0.07396113872528076
0.05736016854643822
0.028070110827684402
0.05992598086595535
0.018447672948241234
0.02221367508172989
0.046640850603580475
0.009075514040887356
0.09454046189785004
0.03897000476717949
0.02395508997142315
0.03315357118844986
0.03913844749331474
0.07269542664289474
0.027446480467915535
0.12482384592294693
0.04363052919507027
0.005102973431348801
0.13478948175907135
0.04192382097244263
0.07582543790340424
0.02276681177318096
0.026878055185079575
0.09749609977006912
0.05168548971414566
0.03833286836743355
0.04537476226687431
0.0865495353937149
0.06206102296710014
0.03787173703312874
0.1172240599989891
0.02387140318751335
0.03689156845211983
0.041448164731264114
0.02099904976785183
0.06659993529319763
0.004659212194383144
0.03482668846845627
0.017038114368915558
0.03448380529880524
0.20496965944766998
0.026666808873414993
0.08021438866853714
0.02811974659562111
0.00843130238354206
0.0904778465628624
0.022747226059436798
0.01902969740331173
0.05972786992788315
0.006443903781473637
0.06618811935186386
0.038519274443387985
0.023535355925559998
0.02636333554983139
0.04405098408460617
0.08133110404014587
0.04120371863245964
0.11012286692857742
0.04881622642278671
0.030628718435764313
0.07659554481506348
0.05932750925421715
0.00959604512900114
0.05827439948916435
0.024776099249720573
0.026921452954411507
0.0425388403236866
0.05683888494968414
0.0631207525730133
0.02409469336271286
0.0004463110235519707
0.016091598197817802
0.06811027228832245
0.03613177314400673
0.04347207024693489
0.06795073300600052
0.022641310468316078
0.03107142634689808
0.06956999003887177
0.22440384328365326
0.07080262899398804
0.09930623322725296
0.023535890504717827
0.06883019953966141
0.01858668029308319
0.01972445473074913
0.039565473794937134
0.03771219775080681
0.08826558291912079
0.01693538948893547
0.09117978811264038
0.0491374246776104
0.016377365216612816
0.0898759737610817
0.02317929081618786
0.041485220193862915
0.11822765320539474
0.0734066516160965
0.01644694246351719
0.06037242338061333
0.037842124700546265
0.03971794620156288
0.07331480085849762
0.05074268952012062
0.09654589742422104
0.06620948016643524
0.02135881409049034
0.19311386346817017
0.03850460797548294
0.1176522970199585
0.06508756428956985
0.06840897351503372
0.04397496208548546
0.050043150782585144
0.03037433512508869
0.027502495795488358
0.03991148620843887
0.03415493667125702
0.03569374606013298
0.03564853593707085
0.1480826735496521
0.04372427240014076
0.05548306927084923
0.04562193155288696
0.04311695322394371
0.016587670892477036
0.06935563683509827
0.038612738251686096
0.022434819489717484
0.006349903531372547
0.1518583595752716
0.12069537490606308
0.08987941592931747
0.09139814972877502
0.006835946813225746
0.014729896560311317
0.07909073680639267
0.04042819142341614
0.02346961200237274
0.031395360827445984
0.06523917615413666
0.04785924032330513
0.033391423523426056
0.06157040223479271
0.05663521960377693
0.1237141564488411
0.06413492560386658
0.08605001866817474
0.11838892847299576
0.05347015708684921
0.03301464393734932
0.0666712075471878
0.0010715355165302753
0.005133581813424826
0.04611646756529808
0.08999752998352051
0.0007790025556460023
0.000820884364657104
0.03941132128238678
0.019098104909062386
0.12450498342514038
0.05068868026137352
0.0762924775481224
0.11201747506856918
0.06279096007347107
0.025507373735308647
0.09603416919708252
0.07982159405946732
0.12201450765132904
0.04481034353375435
0.0696524903178215
0.08375907689332962
0.1277330219745636
0.041056759655475616
0.020482081919908524
0.011742574162781239
0.07343116402626038
0.1282602697610855
0.05111653357744217
0.09677346795797348
0.0692739188671112
0.051764097064733505
0.09200064092874527
0.07267007231712341
0.0009517897269688547
0.015971317887306213
0.027034737169742584
0.018889354541897774
0.044924840331077576
0.05113489180803299
0.04686201363801956
0.03657817840576172
0.07097522169351578
0.05284734442830086
0.06632513552904129
0.06328316032886505
0.055192530155181885
0.08966849744319916
0.018534434959292412
0.0722818374633789
0.049460381269454956
0.017134949564933777
0.0753895565867424
0.028911979869008064
0.04731426388025284
0.07054609805345535
0.025688815861940384
0.058842338621616364
0.03664184361696243
0.004506795667111874
0.047949522733688354
0.04016144946217537
0.055524490773677826
0.053120702505111694
0.008715352974832058
0.1327616274356842
0.03597685694694519
0.0503968670964241
0.01322891004383564
0.11593633890151978
0.09513848274946213
0.037949081510305405
0.017082292586565018
0.00014164028107188642
0.04758468642830849
0.03805093094706535
0.03633616492152214
0.024333614856004715
0.03245662897825241
0.04004499688744545
0.06669126451015472
0.004368861671537161
0.06556275486946106
0.05403444543480873
0.03032471425831318
0.03287329524755478
0.09996497631072998
0.04880349710583687
0.07513153553009033
0.027232913300395012
0.057837679982185364
0.10927186906337738
0.0783885046839714
0.04438648372888565
0.017759103327989578
0.12549178302288055
0.09134092181921005
0.1080489382147789
0.06428800523281097
0.028055697679519653
0.06466258317232132
0.06309507042169571
0.05461335554718971
0.03528570756316185
0.05292665213346481
0.03042799048125744
0.03127112239599228
0.06440858542919159
0.05371735617518425
0.09696340560913086
0.019136587157845497
0.11232975125312805
0.038459934294223785
0.0647045448422432
0.02715308964252472
0.02893645316362381
0.0009787988383322954
0.04550221562385559
0.020968971773982048
0.032479751855134964
0.04104427248239517
0.03709259629249573
0.03726869076490402
0.02234375663101673
0.09614691883325577
0.0052216192707419395
0.1037222146987915
0.012726321816444397
0.042754750698804855
0.012564439326524734
0.05458670109510422
0.049393296241760254
0.029632922261953354
0.04992588236927986
0.02920660935342312
0.05033881962299347
0.06162934750318527
0.14256417751312256
0.06433168798685074
0.038602136075496674
0.04540012776851654
0.05374332144856453
0.006526899058371782
0.013685598969459534
0.09694279730319977
0.022057589143514633
0.0555761381983757
0.02985372021794319
0.02878502570092678
0.062470443546772
0.03235059976577759
0.05828364938497543
0.04386147856712341
0.023364000022411346
0.027996592223644257
0.07574965059757233
0.020068587735295296
0.015704303979873657
0.05027725547552109
0.03175925835967064
0.0298711396753788
0.03310202807188034
0.13402488827705383
0.041600070893764496
0.01666966639459133
0.12312698364257812
0.0552414171397686
0.026598680764436722
0.04014375060796738
0.10552758723497391
0.08010542392730713
0.05927411839365959
0.0007083331001922488
0.012228892184793949
0.06486300379037857
0.01977815106511116
0.02785453386604786
0.05505015328526497
0.01418745145201683
0.1470307558774948
0.05791852995753288
0.031957417726516724
0.027490930631756783
0.026817046105861664
0.09812244027853012
0.08325687050819397
0.021417580544948578
0.017602896317839622
0.025194238871335983
0.07336895912885666
0.016261573880910873
0.03556271642446518
0.07327870279550552
0.08327578008174896
0.013086375780403614
0.055843252688646317
0.06352627277374268
0.050934258848428726
0.06168554723262787
0.05184042081236839
0.09263990074396133
0.05873284488916397
0.039923880249261856
0.03611703962087631
0.03731537237763405
0.018412966281175613
0.08185634016990662
0.053736697882413864
0.0372142493724823
0.054218798875808716
0.033146291971206665
0.04520491138100624
0.0523630790412426
0.0507400780916214
0.0887613520026207
0.15785977244377136
0.04131295531988144
0.04304727911949158
0.09846153110265732
0.01933342218399048
0.05372684448957443
0.006550189107656479
0.028345488011837006
0.02907116897404194
0.10794021934270859
0.02155526913702488
0.011283567175269127
0.0449586920440197
0.054559748619794846
0.0755285918712616
0.024123914539813995
0.0785791352391243
0.03768722712993622
0.021652553230524063
0.05713890492916107
0.027304869145154953
0.04566342011094093
0.021935423836112022
0.051999274641275406
0.03903668373823166
0.056229181587696075
0.04733242467045784
0.06594328582286835
0.10600060224533081
0.12920816242694855
0.05429555103182793
0.12878315150737762
0.005369473714381456
0.015055377036333084
0.025146331638097763
0.028605278581380844
0.06783480197191238
0.13106030225753784
0.017759257927536964
0.03467656672000885
0.050461720675230026
0.06718934327363968
0.03419627994298935
0.05822278931736946
0.01973855122923851
0.012872549705207348
0.04374145343899727
0.04290366917848587
0.07680045813322067
0.0012156505836173892
0.058247096836566925
0.06463613361120224
0.027269423007965088
0.08318106830120087
0.059530336409807205
0.056652892380952835
0.08598488569259644
0.03699149936437607
0.026466721668839455
0.08686213195323944
0.030560648068785667
0.06618476659059525
0.014225983992218971
0.0466766357421875
0.06633321940898895
0.06824898719787598
0.07302335649728775
0.02346324920654297
0.012087607756257057
0.11339690536260605
0.09080985933542252
0.00043093273416161537
0.15272256731987
0.009627282619476318
0.03121771104633808
0.08710429817438126
0.08953347057104111
0.05703115463256836
0.047550030052661896
0.04796059429645538
0.05103413388133049
0.026895590126514435
0.04948310926556587
0.029509561136364937
0.08955388516187668
0.08138729631900787
0.04617839679121971
0.04516579955816269
0.012960501946508884
0.007968476973474026
0.061563074588775635
0.036785077303647995
0.04102439433336258
0.08601830899715424
0.03814566135406494
0.021977193653583527
0.06720979511737823
0.02051696367561817
0.08200497180223465
0.03784384950995445
0.0472240075469017
0.07515078037977219
0.020759671926498413
0.04300237447023392
0.038993675261735916
0.04494749382138252
0.058125194162130356
0.09343303740024567
0.022324349731206894
0.04236481338739395
0.013780246488749981
0.0038213650695979595
0.0624278299510479
0.06901831924915314
0.023978587239980698
0.05546362325549126
0.02584616094827652
0.035540688782930374
0.022321010008454323
0.04940672591328621
0.06034024804830551
0.005909814964979887
0.014353458769619465
0.02446073479950428
0.06279788911342621
0.06771163642406464
0.0908079743385315
0.06756460666656494
0.02824377827346325
0.1618361622095108
0.06695690751075745
0.00041601245175115764
0.10205929726362228
0.02065350115299225
0.05666887387633324
0.05873469263315201
0.09490863233804703
0.025110747665166855
0.037885554134845734
0.037325747311115265
0.09085405617952347
0.03915118798613548
0.04031464830040932
0.04671967774629593
0.08029111474752426
0.020714931190013885
0.06778958439826965
0.03434804826974869
0.06053485721349716
0.05315729230642319
0.03461269661784172
0.04721001163125038
0.033804867416620255
0.03297964483499527
0.058510079979896545
0.0530240423977375
0.035161811858415604
0.00024558953009545803
0.08608590811491013
0.05447878688573837
0.0436829999089241
0.06594020128250122
0.05234617367386818
0.05200149863958359
0.09420783817768097
0.03915797546505928
0.1577911674976349
0.04074340686202049
0.037532221525907516
0.03939567878842354
0.07417171448469162
0.07140503078699112
0.07842984050512314
0.014462947845458984
0.02545877732336521
0.017721211537718773
0.0006246853154152632
0.08337059617042542
0.06862851977348328
0.03084355592727661
0.11158481985330582
0.005634460598230362
0.18043725192546844
0.07312331348657608
0.03737146407365799
0.0520128458738327
0.019930187612771988
0.016384467482566833
0.03566090762615204
0.03170464560389519
0.03295854851603508
0.0695401057600975
0.019554318860173225
0.07664088904857635
0.016062293201684952
0.11081091314554214
0.00048388875438831747
0.027366584166884422
0.07766927033662796
0.03132547065615654
0.10929874330759048
0.05443830043077469
0.057504016906023026
0.03558502346277237
0.04957751929759979
0.01776007190346718
0.013091601431369781
0.007169009651988745
0.033204078674316406
0.04609300568699837
0.05333125591278076
0.028289277106523514
0.00030511434306390584
0.04563670605421066
0.03806386888027191
0.05870310217142105
0.021545182913541794
0.019862810149788857
0.039969414472579956
0.1418236941099167
0.05743876099586487
0.036552634090185165
0.06308550387620926
0.04935982823371887
0.053713925182819366
0.03274433687329292
0.0907883495092392
0.002981913276016712
0.046295005828142166
0.03157568350434303
0.1339815855026245
0.030635597184300423
0.01836354285478592
0.05729210004210472
0.03060809336602688
0.033197611570358276
0.06846747547388077
0.06647185236215591
0.1349685937166214
0.03348839282989502
0.08025576174259186
0.053533561527729034
0.04817991331219673
0.06326600909233093
0.046388257294893265
0.018189067021012306
0.036526694893836975
0.02193327061831951
0.044902220368385315
0.06248393654823303
0.031911998987197876
0.035247236490249634
0.03639449179172516
0.039478566497564316
0.033045973628759384
0.07333683222532272
0.07455375790596008
0.07746277004480362
0.034996747970581055
0.04271640256047249
0.03040587343275547
0.05206461623311043
0.06573472172021866
0.0003656720509752631
0.020577745512127876
0.039398640394210815
0.06123863533139229
0.010268528014421463
0.06776431947946548
0.08868792653083801
0.11464846879243851
0.0261454526335001
0.03920813277363777
0.024298131465911865
0.033796630799770355
0.040666546672582626
0.027863189578056335
0.12090739607810974
0.042898789048194885
0.042251359671354294
0.036866746842861176
0.03195527195930481
0.05713285133242607
0.052404921501874924
0.034225013107061386
0.03247623145580292
0.046505894511938095
0.011064542457461357
0.03288200870156288
0.055842380970716476
0.04402797296643257
0.015208752825856209
0.03086726926267147
0.05322335660457611
0.06963878870010376
0.026940736919641495
0.036433666944503784
0.09232963621616364
0.06063854694366455
0.050026893615722656
0.05989428237080574
8.663548214826733e-05
0.004016614984720945
0.040908195078372955
0.04502110183238983
0.06714500486850739
0.03794311732053757
0.20120514929294586
0.05463290214538574
0.05206180736422539
0.08929923921823502
0.018715163692831993
0.03696276247501373
0.04496012628078461
0.06233154237270355
0.07403138279914856
0.04766874387860298
0.04306763783097267
0.08108089864253998
0.016615577042102814
0.04106247052550316
0.06042021885514259
0.026227189227938652
0.04471438750624657
0.07409129291772842
0.008053061552345753
0.048477284610271454
0.03862098231911659
0.0454215332865715
0.058249037712812424
0.06138049066066742
0.041713230311870575
0.06225470080971718
0.018633604049682617
0.013563024811446667
0.05321420729160309
0.06853030622005463
0.026201672852039337
0.017927424982190132
0.01633051410317421
0.07851886749267578
0.04104495048522949
0.03306235000491142
0.037313371896743774
0.07752485573291779
0.11769039928913116
0.043950404971838
0.11217563599348068
0.01528981328010559
0.07562744617462158
0.12804116308689117
0.05344172194600105
0.026565654203295708
0.06619024276733398
0.019731534644961357
0.0229395292699337
0.06472891569137573
0.025033973157405853
0.014486370608210564
0.06032910943031311
0.026888735592365265
0.0682857483625412
0.05349338799715042
0.023194437846541405
0.03359000012278557
0.00023499234521295875
0.04152313247323036
0.024949336424469948
0.10791073739528656
0.05824240669608116
0.03513855114579201
0.09605155140161514
0.05201210081577301
0.09697476029396057
0.009807179681956768
0.07626546174287796
0.1115276962518692
0.036908168345689774
0.014356765896081924
0.042848825454711914
0.12138749659061432
0.07723742723464966
0.05378257855772972
0.05952206999063492
0.03517860174179077
0.008307241834700108
0.025831323117017746
0.0430811382830143
0.014147176407277584
0.04392631724476814
0.07441290467977524
0.0326872281730175
0.011596071533858776
0.15660272538661957
0.03791281208395958
0.05858512967824936
0.02580689825117588
0.03463411703705788
0.00908803939819336
0.049431510269641876
0.06523741781711578
0.13788683712482452
0.04239584133028984
0.006019348278641701
0.03449796885251999
0.12375865876674652
0.00042425532592460513
0.060756511986255646
0.021733438596129417
0.044989246875047684
0.0435190312564373
0.02132849395275116
0.025828279554843903
0.022319963201880455
0.03599192574620247
0.04809722304344177
0.03219021484255791
0.0786709263920784
0.04722882807254791
0.04979536309838295
0.06811517477035522
0.09146399050951004
0.043460797518491745
0.03360262140631676
0.05393461138010025
0.09601695090532303
0.00573362410068512
0.026226116344332695
0.0129713024944067
0.05333102494478226
0.03717808425426483
0.024606311693787575
0.016880186274647713
0.034726109355688095
0.056464795023202896
0.11214904487133026
0.028104538097977638
0.02426428347826004
0.04663188010454178
0.05952195078134537
0.1395820677280426
0.12842394411563873
0.028913654386997223
0.008914187550544739
0.048907358199357986
0.09119325131177902
0.04815284162759781
0.05573676526546478
0.017787735909223557
0.0317302830517292
0.07880907505750656
0.02476557157933712
0.12048246711492538
0.11107902973890305
0.02871232107281685
0.06120165437459946
0.00031021045288071036
0.018550340086221695
0.0398586243391037
0.045389652252197266
0.11853140592575073
0.12065533548593521
0.052478279918432236
0.10860032588243484
0.04029218479990959
0.030985550954937935
0.06426946073770523
0.052274543792009354
0.06395982205867767
0.02848033979535103
0.07409556210041046
0.04407026246190071
0.04734594747424126
0.051278844475746155
0.04902009665966034
0.03283632919192314
0.04680757224559784
0.0773448646068573
0.24996043741703033
0.02251778170466423
0.041716717183589935
0.021793723106384277
0.05128767341375351
0.0454234816133976
0.022801337763667107
0.03617141395807266
0.049934495240449905
0.06719094514846802
0.07297185808420181
0.03541814163327217
0.03497258573770523
0.04385365545749664
0.0877576544880867
0.07909632474184036
0.02968290075659752
0.07100776582956314
0.09031688421964645
0.08661235868930817
0.0033669350668787956
0.03509387746453285
0.09371256828308105
0.05959239974617958
0.042574189603328705
0.028169063851237297
0.04699181020259857
0.027323635295033455
0.03405684605240822
0.0035521280951797962
0.01564386673271656
0.026330584660172462
0.0028154137544333935
0.03336977958679199
0.11144687980413437
0.03613242879509926
0.08111697435379028
0.08511500060558319
0.08028575032949448
0.017306916415691376
0.03436527028679848
0.1446947604417801
0.03154516965150833
0.027283690869808197
0.0465957447886467
0.03242344409227371
0.05756058916449547
0.08654280751943588
0.08912504464387894
0.03002585470676422
0.05344351753592491
0.024628007784485817
0.052661750465631485
0.026793813332915306
0.06741432100534439
0.11320426315069199
0.018220001831650734
0.042757853865623474
0.04643597453832626
0.013385946862399578
0.041144609451293945
0.021638231351971626
0.09020932018756866
0.07881884276866913
0.1658511459827423
0.04380413517355919
0.030578384175896645
0.05616234615445137
0.04380205646157265
0.024838300421833992
0.024369491264224052
0.03293824940919876
0.06912657618522644
0.05430424213409424
0.04713767021894455
0.0289628729224205
0.02113967202603817
0.04215380921959877
0.03821218013763428
0.0009667323902249336
0.029625125229358673
0.03539721667766571
0.024022836238145828
0.021422918885946274
0.04280496761202812
0.03647482395172119
0.051172301173210144
0.0478692390024662
0.030876141041517258
0.039049938321113586
0.13809439539909363
0.04200335964560509
0.046034663915634155
0.19316346943378448
0.017218545079231262
0.038974978029727936
0.0852188989520073
0.1135917603969574
0.013264103792607784
0.03568780794739723
0.04035842418670654
0.17340338230133057
0.05147765576839447
0.05191811919212341
0.09466852992773056
0.017018653452396393
0.049688369035720825
0.02822454459965229
0.031000418588519096
0.038656145334243774
0.06234510987997055
0.04081675410270691
0.06887993216514587
0.1782945692539215
0.1274506002664566
0.03194674476981163
0.07011822611093521
0.0005853374605067074
0.03494257479906082
0.06574500352144241
0.0698595866560936
0.05510038882493973
0.03356556221842766
0.0010097366757690907
0.05248429998755455
0.04119713976979256
0.05290043354034424
0.024788418784737587
0.014346515759825706
0.022698668763041496
0.07043799757957458
0.07548422366380692
0.026295699179172516
0.06567738950252533
0.09146450459957123
0.046047430485486984
0.012010359205305576
0.0020312308333814144
0.05516822636127472
0.0002297707978868857
0.03217301890254021
0.03243950754404068
0.163857564330101
0.054773278534412384
0.02843688428401947
0.08673855662345886
0.08722662925720215
0.03252270817756653
0.0621546246111393
0.02228039875626564
0.03474230319261551
0.08269453048706055
0.025937717407941818
0.008044479414820671
0.03562522307038307
0.036492835730314255
0.039442192763090134
0.026166582480072975
0.02913115918636322
0.026031823828816414
0.045876286923885345
0.013315861113369465
0.06027655303478241
0.03509277105331421
0.10339713096618652
0.039833322167396545
0.03781697154045105
0.048279281705617905
0.021778548136353493
0.0441102460026741
0.021288061514496803
0.009893529117107391
0.060218244791030884
0.010244267992675304
0.031017517670989037
0.0478394478559494
0.02359107695519924
0.09710130095481873
0.021449970081448555
0.05906827375292778
0.07480327039957047
0.05563656985759735
0.023301098495721817
0.0432184673845768
0.06622178107500076
0.015667036175727844
0.02409198135137558
0.0583949089050293
0.07461095601320267
0.041143130511045456
0.027921440079808235
0.0465112030506134
0.017361924052238464
0.07452517747879028
0.03349865972995758
0.02178267203271389
0.06527779251337051
0.023999735713005066
0.08481187373399734
0.07746721059083939
0.0881873071193695
0.01535587664693594
0.05316069722175598
0.021004313603043556
0.005517107434570789
0.05603061616420746
0.07850632071495056
0.019522707909345627
0.07476220279932022
0.018503937870264053
0.05841529369354248
0.03065897524356842
0.022215649485588074
0.04390469193458557
0.051431894302368164
0.06142951920628548
0.052945684641599655
0.068399578332901
0.06881542503833771
0.08258673548698425
0.06589890271425247
0.0005567828193306923
0.03922446072101593
0.05656393617391586
0.09504877030849457
0.03762654587626457
0.02671780250966549
0.023507913574576378
0.056186992675065994
0.05958272144198418
0.10679993033409119
0.03332686796784401
0.0913347452878952
0.11253684014081955
0.04301577806472778
0.03799039497971535
0.03654131665825844
0.09682951867580414
0.05939927697181702
0.04942772537469864
0.04272248223423958
0.046536270529031754
0.02563386596739292
0.024305498227477074
0.008706875145435333
0.053383056074380875
0.04764556512236595
0.015255582518875599
0.020405655726790428
0.03700714558362961
0.07659178227186203
0.03739574924111366
0.10434650629758835
0.060696497559547424
0.07415016740560532
0.05180519446730614
0.0030488157644867897
0.02001403085887432
0.08913453668355942
0.044670235365629196
0.048504091799259186
0.059850677847862244
0.034908227622509
0.04221345856785774
0.01704557240009308
0.05723556503653526
0.035672154277563095
0.024588841944932938
0.04389045387506485
0.06416327506303787
0.00042006943840533495
0.061241090297698975
0.03666416555643082
0.027061350643634796
0.026162872090935707
0.02659611403942108
0.13150545954704285
0.02899293787777424
0.04001527652144432
0.035794634371995926
0.025457056239247322
0.03376942500472069
0.012936157174408436
0.0155430743470788
0.05188858509063721
0.06677418202161789
0.003216128796339035
0.07420814782381058
0.034231141209602356
0.09556952118873596
0.029633544385433197
0.08107037842273712
0.014497563242912292
0.052585650235414505
0.023342866450548172
0.06283777952194214
0.0749109536409378
0.08434680849313736
0.0024900767020881176
0.0908101424574852
0.039166245609521866
0.025408832356333733
0.0942549854516983
0.12188349664211273
0.033289771527051926
0.11813566088676453
0.059351976960897446
0.1170642226934433
0.03256915882229805
0.022438708692789078
0.02840513177216053
0.058420419692993164
0.045920632779598236
0.03687400370836258
0.06893273442983627
0.03170093521475792
0.04677935689687729
0.11384278535842896
0.04612502455711365
0.11085169017314911
0.034804489463567734
0.0415932759642601
0.024711444973945618
0.011358681134879589
0.03401925042271614
0.023557445034384727
0.056878846138715744
0.09605669975280762
0.04801664873957634
0.13277199864387512
0.046017084270715714
0.047344330698251724
0.01788000948727131
0.014231844805181026
0.012332199141383171
0.03380788490176201
0.019005034118890762
0.06854860484600067
0.08434485644102097
0.03032647632062435
0.046399809420108795
0.09233391284942627
0.06039160490036011
0.024040410295128822
0.029823362827301025
0.02792615257203579
0.08322982490062714
0.11757270246744156
0.05839760974049568
0.09491980820894241
0.04914046451449394
0.028178267180919647
0.037809908390045166
0.031284626573324203
0.024252425879240036
0.044873423874378204
0.06353974342346191
0.15266115963459015
0.002490655053406954
0.010335915721952915
0.02234482206404209
0.08738059550523758
0.026975087821483612
0.07770886272192001
0.11613094061613083
0.05769931897521019
0.028696436434984207
0.03240114450454712
0.07561668008565903
0.029884707182645798
0.015434709377586842
0.01960715278983116
0.10239934176206589
0.026223961263895035
0.04360723868012428
0.0032944385893642902
0.13001574575901031
0.06000978499650955
0.07085534930229187
0.035547059029340744
0.03301690146327019
0.03829292580485344
0.06062145531177521
0.058298446238040924
0.023793479427695274
0.051369234919548035
0.015957936644554138
0.04399273917078972
0.06962374597787857
0.058913227170705795
0.023700105026364326
0.05360894277691841
0.09862916171550751
0.049933090806007385
0.0485098734498024
0.03836514428257942
0.006167339161038399
0.01736852154135704
0.017627637833356857
0.032320111989974976
0.07052117586135864
0.09727625548839569
0.07058572769165039
0.00964088924229145
0.0007912802393548191
0.06509309262037277
0.02862541191279888
0.05000844597816467
0.07535513490438461
0.04297700896859169
0.027619285508990288
0.09550797194242477
0.07149810343980789
0.05132853984832764
0.06756337732076645
0.008684164844453335
0.017663177102804184
0.03542202711105347
0.028351839631795883
0.04801494628190994
0.0384121835231781
0.04716108366847038
5.8128382079303265e-05
0.1028735339641571
0.03740357980132103
0.032905641943216324
0.08667577803134918
0.141753152012825
0.04985475912690163
0.024629870429635048
0.04335813224315643
0.01874091476202011
0.044706180691719055
0.0211204644292593
0.0765795037150383
0.08871222287416458
0.03603646531701088
0.06851419061422348
0.01046272274106741
0.08083228021860123
0.044588059186935425
0.00153156160376966
0.048405345529317856
0.021819986402988434
0.06318208575248718
0.03144614398479462
0.09070447087287903
0.0577077642083168
0.05609388276934624
0.009279129095375538
0.023607414215803146
0.14120854437351227
0.020838037133216858
0.040075913071632385
0.04593108594417572
0.03487788885831833
0.008708483539521694
0.057581931352615356
0.03250091150403023
0.06973200291395187
0.08174489438533783
0.04507950693368912
0.05128452181816101
0.029027078300714493
0.035605836659669876
0.07091140747070312
0.03199218586087227
0.02455560676753521
0.025529514998197556
0.09711195528507233
0.028737302869558334
0.07947362959384918
0.06083330884575844
0.0492289699614048
0.054481446743011475
0.059341415762901306
0.0031919381581246853
0.03567156195640564
0.041518449783325195
0.015475680120289326
0.09180960059165955
0.06287897378206253
0.06023958697915077
0.055683355778455734
0.028259379789233208
0.055664870887994766
0.08083290606737137
0.028898540884256363
0.058385301381349564
0.04525009170174599
0.049601297825574875
0.03869837895035744
0.043004222214221954
0.02593410573899746
0.051700249314308167
0.04911905527114868
0.0826096162199974
0.0290417168289423
0.03503952547907829
0.0772533193230629
0.2985531985759735
0.031017839908599854
0.1084485724568367
0.01954471692442894
0.20339666306972504
0.10555092990398407
0.03323255851864815
0.016365638002753258
0.04818525165319443
0.07018783688545227
0.11449074000120163
0.0025006935466080904
0.05571737512946129
0.05036704242229462
0.0001860942575149238
0.07043815404176712
0.08228541910648346
0.03391363471746445
0.0633101686835289
0.05697622150182724
0.016197465360164642
0.03661887347698212
0.06484285742044449
0.015593752264976501
0.060999058187007904
0.01192071195691824
0.03877180069684982
0.032462503761053085
0.09550638496875763
0.05352897569537163
0.021481748670339584
0.025822488591074944
0.00829435046762228
0.049533456563949585
0.03063969872891903
0.0334850549697876
0.038213714957237244
0.09260176122188568
0.06426919251680374
0.015715839341282845
0.05998788774013519
0.08060852438211441
0.016883837059140205
0.05745936930179596
0.03332054615020752
0.023362018167972565
0.09418985247612
0.029974672943353653
0.02933928743004799
0.11408081650733948
0.04253329336643219
0.09184382110834122
0.03544054552912712
0.043567486107349396
0.04317392408847809
0.03915528208017349
0.13709954917430878
0.04643368348479271
0.03479647636413574
0.12165272235870361
0.05231708660721779
0.03730271756649017
0.04725691303610802
0.03870788589119911
0.12184275686740875
0.060984399169683456
0.01890006847679615
0.029169688001275063
0.08413079380989075
0.06890047341585159
0.04834642633795738
0.11003758013248444
0.03764605522155762
0.0430770181119442
0.04253727197647095
0.031600143760442734
0.055397264659404755
0.10325073450803757
0.04474916681647301
0.11238209158182144
0.011286282911896706
0.06978216022253036
0.039577774703502655
0.023422155529260635
0.06586849689483643
0.0678940862417221
0.037990752607584
0.05231031775474548
0.0591905415058136
0.03624190390110016
0.20924077928066254
0.0654829666018486
0.014886352233588696
0.028149059042334557
0.024528812617063522
0.013261524960398674
0.04379107058048248
0.0391063392162323
0.022466396912932396
0.0507826991379261
0.10422269254922867
0.04453752934932709
0.018244754523038864
0.11310327053070068
0.037942297756671906
0.023726001381874084
0.0984000638127327
0.056537020951509476
0.04228537157177925
0.00015547801740467548
0.09315137565135956
0.03528475761413574
0.040888767689466476
0.0198396984487772
0.054494962096214294
0.07343204319477081
0.08452260494232178
0.049442898482084274
0.01162586361169815
0.060783032327890396
0.07486318796873093
0.0005609184154309332
0.042601171880960464
0.02365482598543167
0.05031077191233635
0.03591054305434227
0.061017077416181564
0.04573484882712364
0.05817350372672081
0.04750007390975952
0.04454910755157471
0.13598251342773438
0.0005316953756846488
0.1397760808467865
0.0714554414153099
0.0015400113770738244
0.009465507231652737
0.027217216789722443
0.022801782935857773
0.1416013091802597
0.1895400434732437
0.026123791933059692
0.11817971616983414
0.026930339634418488
0.051993194967508316
0.04450850933790207
0.09798552840948105
0.05538688600063324
0.03188203647732735
0.06008727476000786
0.013485735282301903
0.035313475877046585
0.02859562262892723
0.12125001102685928
0.00030419317772611976
0.044413112103939056
0.08054932951927185
0.029914090409874916
0.057192668318748474
0.03647707775235176
0.014850946143269539
0.02113923244178295
0.050442446023225784
0.09094122797250748
0.09508119523525238
0.03019344061613083
0.1600336879491806
0.04983358085155487
0.042943842709064484
0.06767071783542633
0.022209322080016136
0.01479070819914341
0.029174096882343292
0.03430785611271858
0.002874609548598528
0.1022537350654602
0.09139705449342728
0.10412082821130753
0.061139561235904694
0.06275349110364914
0.03972253575921059
0.06725664436817169
0.03359794244170189
0.061661653220653534
0.05064684525132179
0.0146560063585639
0.022153005003929138
0.11415506154298782
0.08462299406528473
0.026794133707880974
0.03466463088989258
0.04424950107932091
0.05048106983304024
0.036252714693546295
0.04034877568483353
0.08367709070444107
0.06724492460489273
0.03223077207803726
0.05477266013622284
0.013783996924757957
0.01789996027946472
0.14350053668022156
0.023529717698693275
0.02775982953608036
0.04002795368432999
0.13138239085674286
0.166941836476326
0.14479389786720276
0.07049676030874252
0.014322632923722267
0.02764185704290867
0.0003321708645671606
0.04978048801422119
0.052641984075307846
0.022513771429657936
0.029435137286782265
0.07064494490623474
0.11551722139120102
0.028830302879214287
0.025430772453546524
0.01932569034397602
0.08063706010580063
0.054700035601854324
0.11435236036777496
0.052886173129081726
0.014384877867996693
0.014440507628023624
0.04493637755513191
0.08041974157094955
0.06793197989463806
0.037682995200157166
0.08685018867254257
0.09295632690191269
0.021184738725423813
0.07406000792980194
0.015329360961914062
0.01998651959002018
0.13039249181747437
0.02525591477751732
0.031533580273389816
0.038307156413793564
0.017467482015490532
0.03222309425473213
0.04225675389170647
0.050375521183013916
0.025593822821974754
0.042507730424404144
0.09352710098028183
0.019907508045434952
0.05525227636098862
0.023021826520562172
0.025424804538488388
0.10281584411859512
0.04485679045319557
0.041298314929008484
0.030557192862033844
0.06195356696844101
0.04898948594927788
0.021122287958860397
0.03732343763113022
0.11686733365058899
0.038184091448783875
0.1718079298734665
0.018084276467561722
0.07682161778211594
0.06403522193431854
0.08629808574914932
0.043400876224040985
0.00019906178931705654
0.05488894134759903
0.060577765107154846
0.1138288602232933
0.03332717716693878
0.05532762408256531
0.08729340881109238
0.056157924234867096
0.08676061779260635
0.045044273138046265
0.048227161169052124
0.05159752443432808
0.03729255869984627
0.06983404606580734
0.07371266186237335
0.07879963517189026
0.08169463276863098
0.03802799805998802
0.021097838878631592
0.08942408114671707
0.04194691777229309
0.08075829595327377
0.029659664258360863
0.0012477919226512313
0.050113096833229065
0.0069047571159899235
0.08670530468225479
0.05588987469673157
0.07827609032392502
0.08790794014930725
0.050863515585660934
0.029740745201706886
0.007552036549896002
0.007528979331254959
0.10113490372896194
0.027415649965405464
0.04431427642703056
0.001951585290953517
0.08505433797836304
0.06738464534282684
0.0329865887761116
0.03870874643325806
0.0038405894301831722
0.06802933663129807
0.03497634828090668
0.030406832695007324
0.03581681847572327
0.008568456396460533
0.0488264262676239
0.04060446098446846
0.03115815855562687
0.016139762476086617
0.02473033405840397
0.030344676226377487
0.02972174808382988
0.10072100162506104
0.04031283035874367
0.03598405793309212
0.15990231931209564
0.041324637830257416
0.0001829852699302137
0.0008747008978389204
0.022910386323928833
0.026887856423854828
0.08022243529558182
0.04868417978286743
0.0546228364109993
0.004292667377740145
0.025552555918693542
0.0752716138958931
0.08132203668355942
0.07428661733865738
0.039783209562301636
0.0277504064142704
0.05812552943825722
0.024556118994951248
0.014307674951851368
0.018957126885652542
0.02899339608848095
0.05022191256284714
0.032431893050670624
0.11956470459699631
0.02941027097404003
0.085439033806324
0.0316796712577343
0.030776722356677055
0.05501098558306694
0.12034919857978821
0.029469722881913185
0.028722185641527176
0.06431764364242554
0.07139855623245239
0.042162004858255386
0.029287533834576607
0.1583823561668396
0.05375983566045761
0.12831765413284302
0.04030221700668335
0.000575483194552362
0.04152383282780647
0.13116461038589478
0.04309196397662163
0.06623250246047974
0.07250721752643585
0.02741038240492344
0.03243235871195793
0.013483176939189434
0.07135802507400513
0.024464070796966553
0.05304707959294319
0.08435459434986115
0.018512515351176262
0.025657162070274353
0.06827220320701599
0.02648976445198059
0.027130190283060074
0.0784115195274353
0.07274533808231354
0.012278052978217602
0.07316184788942337
0.057630836963653564
0.020660189911723137
0.1287207305431366
0.030798764899373055
0.03955607861280441
0.045707110315561295
0.06275896728038788
0.06777685135602951
0.0688004344701767
0.021698469296097755
0.05523595213890076
0.0005098941619507968
0.11609828472137451
0.05681828781962395
0.1163010373711586
0.023360978811979294
0.05490950867533684
0.029881786555051804
0.003425836795940995
0.0593988262116909
0.06838282197713852
0.09887377917766571
0.00016516722098458558
0.07341596484184265
0.05992314592003822
0.04530723765492439
0.0758645087480545
0.03047182410955429
0.02321828342974186
0.0006265637930482626
0.0491948276758194
0.03432304784655571
0.057142604142427444
0.15773668885231018
0.04055459424853325
0.05189738795161247
0.00826677680015564
0.06794492155313492
0.012821167707443237
0.06105604022741318
0.02807655557990074
0.09235315024852753
0.0011970971245318651
0.08019527792930603
0.02116474136710167
0.04111070930957794
0.024707645177841187
0.1263897716999054
0.0741908848285675
0.035615816712379456
0.038085274398326874
0.09999518096446991
0.044119831174612045
0.034752458333969116
0.03386702761054039
0.029270749539136887
0.042886435985565186
0.0652383416891098
0.015319361351430416
0.0378052294254303
0.050043679773807526
0.04867177456617355
0.05206762254238129
0.06855875253677368
0.08659826219081879
0.04677966982126236
0.020057132467627525
0.02018759399652481
0.061437301337718964
0.09669043123722076
0.07416430115699768
0.0253525972366333
0.04253079369664192
0.08003106713294983
0.000918201229069382
0.023900846019387245
0.061844274401664734
0.02817007526755333
0.022614119574427605
0.05556878447532654
0.0329422801733017
0.04515480995178223
0.06627993285655975
0.05717829242348671
0.07758600264787674
0.02290036529302597
0.07091744989156723
0.011927580460906029
0.05200900137424469
0.030953669920563698
0.02661220356822014
0.09700142592191696
0.06311662495136261
0.01849016174674034
0.02211792580783367
0.02615448459982872
0.01267649419605732
0.05768114700913429
0.06408029049634933
0.04809758812189102
0.054991066455841064
0.0024966527707874775
0.02364405430853367
0.023869795724749565
0.05349506810307503
0.019183197990059853
0.006426734384149313
0.03249999135732651
0.03491484746336937
0.010614396072924137
0.045443594455718994
0.06958877295255661
0.003067216370254755
0.023766187950968742
0.06596534699201584
0.030461691319942474
0.04082520306110382
0.015197737142443657
0.03543899208307266
0.055506132543087006
0.05852603167295456
0.07595738768577576
0.08323559165000916
8.670532406540588e-05
0.02193155512213707
0.047276340425014496
0.0940273255109787
0.004386750515550375
0.03230525553226471
0.14175762236118317
0.004162907600402832
0.0026418850757181644
0.08886304497718811
0.0913030356168747
0.01942841336131096
0.020983988419175148
0.02251872606575489
0.08982360363006592
0.0940471962094307
0.03264104202389717
0.08490170538425446
0.03450949117541313
0.14591817557811737
0.0328206941485405
0.055530861020088196
0.037264421582221985
0.03072858229279518
0.04941816255450249
0.04199822247028351
0.18908089399337769
0.07965561747550964
0.05991097912192345
0.09868936985731125
0.02772083505988121
0.05935439467430115
0.056067295372486115
0.0384955108165741
0.05368076264858246
0.06391202658414841
0.05313011258840561
0.018072282895445824
0.044311705976724625
0.06579682976007462
0.09974265843629837
0.05280264839529991
0.14886412024497986
0.022389907389879227
0.10832365602254868
0.06096261367201805
0.07610728591680527
0.06974714994430542
0.04283217713236809
0.027158774435520172
0.0630316361784935
0.09770260751247406
0.13966071605682373
0.013728857040405273
0.015251262113451958
0.03623455390334129
0.04579319804906845
0.05434436723589897
0.0016339495778083801
0.05153840407729149
0.020769840106368065
0.060215022414922714
0.007707963231950998
0.03940284997224808
0.028355473652482033
0.03736447915434837
0.028231468051671982
0.06296014040708542
0.08239568769931793
0.04246694967150688
0.08703470230102539
0.036425963044166565
0.0825430378317833
0.03624472767114639
0.005221880041062832
0.02345998026430607
0.11859830468893051
0.02290293015539646
0.0652434378862381
0.03981439024209976
0.08120282739400864
0.06780208647251129
0.011133808642625809
0.02784971334040165
0.02575645036995411
0.05659448727965355
0.08952444046735764
0.06594260782003403
0.08253750205039978
0.011905440129339695
0.02735668234527111
0.0009846703615039587
0.06505481898784637
0.027145855128765106
0.03978787362575531
0.016960429027676582
0.05920062214136124
0.012594927102327347
0.004924760665744543
0.042125456035137177
0.04872089624404907
0.0472104549407959
0.05311441421508789
0.040573082864284515
0.06507597863674164
0.12134909629821777
0.015136118978261948
0.08449552953243256
0.048975978046655655
0.08781455457210541
0.017109636217355728
0.060059841722249985
0.07032373547554016
0.2106439471244812
0.023196861147880554
0.03137684240937233
0.00013116607442498207
0.021381866186857224
0.06418845802545547
0.0012023892486467957
0.04209763929247856
0.0020220032893121243
0.058587465435266495
0.050909046083688736
0.039269205182790756
0.028692515566945076
0.03672901540994644
0.05411257967352867
0.03782091662287712
0.05130862444639206
0.012889235280454159
0.13453476130962372
0.02327203005552292
0.13179616630077362
0.08594638109207153
0.029427435249090195
0.014466686174273491
0.04195721074938774
0.054654307663440704
0.02349771559238434
0.034983038902282715
0.034853238612413406
0.06944085657596588
0.17702864110469818
0.025636114180088043
0.07283978164196014
0.013112369924783707
0.03950291499495506
0.03317302092909813
0.03524474799633026
0.019701454788446426
0.08732899278402328
0.03605875372886658
0.02281496301293373
0.054236944764852524
0.060236163437366486
0.05477670207619667
0.07921938598155975
0.02157195657491684
0.025612013414502144
0.08386167883872986
0.02948785573244095
0.04130924493074417
0.028321146965026855
0.01753869652748108
0.03126884624361992
0.07953818142414093
0.014395001344382763
0.14168016612529755
0.01464337669312954
0.10041159391403198
0.04431049898266792
0.13037368655204773
0.090854711830616
0.06927748024463654
0.03410743549466133
0.05586456134915352
0.019493931904435158
0.05760389566421509
0.011154185980558395
0.08551035821437836
0.06887238472700119
0.0290986318141222
0.09581957012414932
0.08946391940116882
0.06802301853895187
0.13019275665283203
0.13722969591617584
0.06441986560821533
0.06077262759208679
0.025914374738931656
0.08313623815774918
0.10539612174034119
0.1349135935306549
0.01423777174204588
0.0064794751815497875
0.048748187720775604
0.10765793919563293
0.04277461767196655
0.029761748388409615
0.055682044476270676
0.007294998038560152
0.06872565299272537
0.00022054315195418894
0.17361891269683838
0.08976303786039352
0.1456480473279953
0.07914724946022034
0.04163362830877304
0.031543001532554626
0.05266633629798889
0.08078242093324661
0.06967822462320328
0.08331756293773651
0.08579866588115692
0.041126880794763565
0.0363190583884716
0.15839411318302155
0.19064781069755554
0.00020382870570756495
0.10080744326114655
0.05331965908408165
0.03815918415784836
0.04167819023132324
0.05041790008544922
0.04818912222981453
0.001437632367014885
0.0732555016875267
0.032789766788482666
0.07868131250143051
0.033789243549108505
0.07490454614162445
0.07631128281354904
0.04885012283921242
0.04064667597413063
0.03333182632923126
0.05563408508896828
0.05358911678195
0.04401009902358055
0.023402003571391106
0.059838294982910156
0.03842652216553688
0.07281135767698288
0.024546928703784943
0.024974986910820007
0.05639874190092087
0.0806007832288742
0.034236036241054535
0.03839641809463501
0.031222350895404816
0.02968299575150013
0.04959726706147194
0.015823105350136757
0.03818852826952934
0.01318333763629198
0.17275211215019226
0.04907875880599022
0.0467647947371006
0.032951150089502335
0.08900497108697891
0.06282386928796768
0.08216908574104309
0.03582480549812317
0.023845504969358444
0.09005478769540787
0.02350105158984661
0.0010871316771954298
0.013705069199204445
0.1005667895078659
0.026543814688920975
0.014565085992217064
0.0645209476351738
0.01761365868151188
0.026491504162549973
0.02556867152452469
0.05566086620092392
0.05189710110425949
0.02418637089431286
0.013456455431878567
0.05272360146045685
0.060162585228681564
0.08499526232481003
0.02853122167289257
0.021338755264878273
0.05302874371409416
0.021274516358971596
0.02836163528263569
0.0027561087626963854
0.053914595395326614
0.03156864270567894
0.05320040136575699
0.02395644597709179
0.02292531356215477
0.033833958208560944
0.0365876778960228
0.17530514299869537
0.036263007670640945
0.022981109097599983
0.2921975255012512
0.03147195279598236
0.07361629605293274
0.06337757408618927
0.010300875641405582
0.05137794092297554
0.02897239662706852
0.04182596132159233
0.056524332612752914
0.03586161136627197
0.02232227474451065
0.01891072653234005
0.055558495223522186
0.07312406599521637
0.022334206849336624
0.07759000360965729
0.013382955454289913
0.009417369961738586
0.07213857024908066
0.03386404737830162
0.023835742846131325
0.03438451886177063
0.03927189111709595
0.09984225034713745
0.08227943629026413
0.00833736639469862
0.11537299305200577
0.008380685932934284
0.0647009015083313
0.07676549255847931
0.03963223099708557
0.021540429443120956
0.11907690763473511
0.019574295729398727
0.0771486833691597
0.057252008467912674
0.01062670350074768
0.10052202641963959
0.07143571972846985
0.010054517537355423
0.033585064113140106
0.045239754021167755
0.08415424078702927
0.117041677236557
0.036009449511766434
0.08210005611181259
0.09137042611837387
0.028321029618382454
0.06001175940036774
0.03359178081154823
0.0664801225066185
0.13717013597488403
0.028379663825035095
0.06614793837070465
0.11160389333963394
0.050905194133520126
0.060495808720588684
0.038594841957092285
0.018873412162065506
0.03346090018749237
0.03378724306821823
0.05185820162296295
0.019576843827962875
0.0398072749376297
0.10365239530801773
0.13078010082244873
0.04021263122558594
0.05841600149869919
0.017064832150936127
0.0395573191344738
0.046450916677713394
0.018264206126332283
0.047163140028715134
0.05678517743945122
0.037555031478405
0.1434345245361328
0.11551558971405029
0.042810287326574326
0.02836625836789608
0.10529664903879166
0.031063301488757133
0.02336961030960083
0.039659060537815094
0.08912747353315353
0.034215860068798065
0.0273562204092741
0.023088965564966202
0.09446139633655548
0.07043923437595367
0.03908972442150116
0.04255456477403641
0.02203391306102276
0.06446661055088043
0.023460885509848595
0.04792807996273041
0.04231249541044235
0.038947537541389465
0.04816051200032234
0.12938784062862396
0.03647119551897049
0.02130141854286194
0.0106281703338027
0.030669204890727997
0.053370893001556396
0.037729889154434204
0.0518609955906868
0.042423274368047714
0.026527568697929382
0.06217189505696297
0.026249468326568604
0.07012072950601578
0.09229247272014618
0.024990344420075417
0.12438864260911942
0.06755316257476807
0.07662440836429596
0.05858994647860527
0.06570105999708176
0.02339281514286995
0.04074052348732948
0.02453530579805374
0.08320482075214386
0.04413439333438873
0.0330691821873188
0.08502423763275146
0.017658118158578873
0.052289217710494995
0.09357576072216034
0.061605244874954224
0.0038452320732176304
0.053532589226961136
0.003369258251041174
0.031341880559921265
0.04586879536509514
0.059301428496837616
0.06797008216381073
0.12066907435655594
0.12561744451522827
0.058491624891757965
0.06569880992174149
0.08787091076374054
0.034779682755470276
0.018871543928980827
0.029568471014499664
0.1517181247472763
0.09493225067853928
0.0670354887843132
0.023734761402010918
0.04446167126297951
0.02649892307817936
0.05169995501637459
0.016527898609638214
0.020693916827440262
0.025991341099143028
0.09210805594921112
0.07841745018959045
0.038136810064315796
0.023762043565511703
0.06944732367992401
0.05198902264237404
0.12160599231719971
0.025160521268844604
0.045512840151786804
0.028234748169779778
0.02297322452068329
0.041993532329797745
0.04784456267952919
0.05713282525539398
0.012872825376689434
0.19858352839946747
0.0680757462978363
0.018871545791625977
0.07396430522203445
0.014649614691734314
0.03432567045092583
0.054408520460128784
0.06407453864812851
0.05232217162847519
0.021615633741021156
0.03914784640073776
0.04025055840611458
0.023430688306689262
0.10537265986204147
0.07998304069042206
0.016746526584029198
0.12611111998558044
0.030096136033535004
0.05137196183204651
0.0757841020822525
0.050744835287332535
0.08917305618524551
0.017514722421765327
0.05600995197892189
0.03844616189599037
0.13784527778625488
0.050190698355436325
0.017377551645040512
0.05472831800580025
0.0343911349773407
0.032666467130184174
0.046195272356271744
0.15040959417819977
0.013634808361530304
0.047188542783260345
0.08619094640016556
0.0647578164935112
0.02198282815515995
0.056508585810661316
0.06323717534542084
0.0373578779399395
0.027122491970658302
0.09888002276420593
0.15495920181274414
0.024499613791704178
0.06933314353227615
0.1416320651769638
0.05676862597465515
0.018574686720967293
0.025513073429465294
0.01645892858505249
0.07665253430604935
0.05501864477992058
0.1301852911710739
0.06402681022882462
0.0750594362616539
0.03538820147514343
0.11066669225692749
0.0361119844019413
0.07268527895212173
0.03805775195360184
0.024606522172689438
0.04000053554773331
0.03784147650003433
0.02788926661014557
0.053212203085422516
0.011833608150482178
0.08744916319847107
0.0010411299299448729
0.06152119114995003
0.041545238345861435
0.03744850680232048
0.006020312197506428
0.04527946934103966
0.10494208335876465
0.04253612458705902
0.028982890769839287
0.09594493359327316
0.02178201638162136
0.025708915665745735
0.05400199070572853
0.002755391178652644
0.10813634097576141
0.027049962431192398
0.03942103311419487
0.05564039945602417
0.04113257676362991
0.13378344476222992
0.11279349029064178
0.03501464053988457
0.07458452880382538
0.09040528535842896
0.04931012913584709
0.02887922339141369
0.1246771365404129
0.01249458733946085
0.08784046024084091
0.09308688342571259
0.028778303414583206
0.03229202330112457
0.10783904045820236
0.0630224421620369
0.0016149592120200396
0.02353532984852791
0.12378481775522232
0.1206778883934021
0.07061892002820969
0.0009710028534755111
0.03556930646300316
0.07328562438488007
0.046641942113637924
0.050530873239040375
0.043731458485126495
0.04535333439707756
0.04867556691169739
0.03681754320859909
0.015299061313271523
0.012144715525209904
0.06202032044529915
0.060037292540073395
0.07976934313774109
0.06754414737224579
0.015098636969923973
0.020263338461518288
0.09897622466087341
0.05469081178307533
0.04127145931124687
0.08552823960781097
0.06791961193084717
0.07959529757499695
0.04320672154426575
0.06138859689235687
0.05590273067355156
0.04714434593915939
0.08480405062437057
0.07522283494472504
0.06199250742793083
0.02861643396317959
0.04537511616945267
0.06196232885122299
0.044275831431150436
0.06320689618587494
0.08526341617107391
0.06044439598917961
0.10968109220266342
0.062370870262384415
0.09226801991462708
0.07056473195552826
0.04050537943840027
0.03807548061013222
0.006051927804946899
0.052458755671978
0.025697927922010422
0.10423824936151505
0.051761385053396225
0.00993464607745409
0.060193225741386414
0.03799225762486458
0.056867633014917374
0.09915556758642197
0.027774134650826454
0.08611612766981125
0.07097338140010834
0.04134079068899155
0.03515031188726425
0.018999161198735237
0.0627526342868805
0.04348382726311684
0.038583286106586456
0.04535951092839241
0.043146196752786636
0.0004658791294787079
0.1725996881723404
0.03545351326465607
0.14186596870422363
0.05580395460128784
0.050010427832603455
0.09164626151323318
0.04587022215127945
0.08960981667041779
0.027087785303592682
0.04872461035847664
0.04533103108406067
0.04610344395041466
0.04464633762836456
0.03584281727671623
0.03901112824678421
0.13608141243457794
0.025853991508483887
0.025713065639138222
0.06791196763515472
0.03133205324411392
0.13262608647346497
0.026444876566529274
0.021161654964089394
0.18533961474895477
0.020497720688581467
0.0818595141172409
0.06649546325206757
0.01144689042121172
0.0725565180182457
0.06077558547258377
0.0065704998560249805
0.03490007296204567
0.10986234992742538
0.10445943474769592
0.03804772347211838
0.043687645345926285
0.03287416696548462
0.026470087468624115
0.021676640957593918
0.04366398975253105
0.06224912405014038
0.042539577931165695
0.05336961895227432
0.026322145015001297
0.05147454887628555
0.06721852719783783
0.03196744620800018
0.012253355234861374
0.035199686884880066
0.07256074249744415
0.10254430025815964
0.023043623194098473
0.033950675278902054
0.1339808851480484
0.04906417056918144
0.04267965257167816
0.08938463032245636
0.0061104013584554195
0.0944051519036293
0.0405464693903923
0.06029410660266876
0.018809238448739052
0.04255788400769234
0.11889560520648956
0.031190089881420135
0.03369194269180298
0.0413537323474884
0.07545190304517746
0.03649735078215599
0.059946686029434204
0.1564255952835083
0.026705434545874596
0.053202465176582336
0.06698990613222122
0.08737935870885849
0.03609812632203102
0.03671376034617424
0.027741193771362305
0.05173933133482933
0.07075951248407364
0.018158072605729103
0.05891527235507965
0.0533326156437397
0.006753014866262674
0.04143964499235153
0.02702491171658039
0.005859280936419964
0.07355746626853943
0.09893715381622314
0.06963670998811722
0.033651016652584076
0.055882759392261505
0.027031894773244858
0.01568840630352497
0.09462476521730423
0.02424037456512451
0.02835925854742527
0.015788936987519264
0.0494309701025486
0.015696290880441666
0.04443075880408287
0.018819088116288185
0.028271693736314774
0.09474837779998779
0.045160483568906784
0.07192568480968475
0.011167298071086407
0.012059872969985008
0.07174888253211975
0.033045411109924316
0.07763155549764633
0.029791301116347313
0.04528594762086868
0.10614312440156937
0.046152129769325256
0.05253887176513672
0.06415129452943802
0.00840454176068306
0.044208887964487076
0.05982321873307228
0.02728298120200634
0.012721573002636433
0.08031188696622849
0.07868699729442596
0.06489083915948868
0.05429588630795479
0.026306435465812683
0.06534755975008011
0.029535457491874695
0.025771986693143845
0.0566377267241478
0.03187452256679535
0.04130203276872635
0.057664237916469574
0.05247669667005539
0.05482588708400726
0.0034699435345828533
0.099288210272789
0.07581892609596252
0.007966117933392525
0.0952705666422844
0.024878161028027534
0.008858723565936089
0.0751296654343605
0.03985562548041344
0.009305000305175781
0.017653075978159904
0.004056707955896854
0.07980857789516449
0.09055177867412567
0.04303056001663208
0.06044132262468338
0.18225187063217163
0.026523932814598083
0.08454073965549469
0.053267426788806915
0.05081351473927498
0.03846122696995735
0.023173242807388306
0.0632757842540741
0.030116591602563858
0.0007452474674209952
0.02920307219028473
0.043476514518260956
0.09779730439186096
0.08973648399114609
0.091872438788414
0.0332505963742733
0.09842682629823685
0.04067165032029152
0.07645852863788605
0.0988282784819603
0.02189032733440399
0.06058558076620102
0.04786252602934837
0.024170732125639915
0.05423147976398468
0.06184428557753563
0.06413856148719788
0.15438605844974518
0.040103960782289505
0.07250382006168365
0.04860534518957138
0.10516636073589325
0.02191895619034767
0.031516872346401215
0.0820683166384697
0.10883525013923645
0.04065484181046486
0.04640351980924606
0.02010328508913517
0.04378214851021767
0.03380845859646797
0.044874079525470734
0.07279009371995926
0.06268398463726044
0.027994312345981598
0.0659504309296608
0.01331362221390009
0.08108750730752945
0.05826597660779953
0.07361853122711182
0.062477584928274155
0.05681698024272919
0.05724498629570007
0.01714344322681427
0.06216111034154892
0.08696715533733368
0.04663478955626488
0.0691344365477562
0.02921544387936592
0.02383124828338623
0.021204976364970207
0.06043573096394539
0.020030522719025612
0.03619133308529854
0.08748825639486313
0.0421469546854496
0.058317914605140686
0.02050718106329441
0.02898147702217102
0.09008612483739853
0.029801642522215843
0.039440933614969254
0.03225278481841087
0.08052125573158264
0.009727917611598969
0.08829066157341003
0.07187708467245102
0.043754469603300095
0.01768709160387516
0.10099519044160843
0.06379697471857071
0.012030648067593575
0.06325030326843262
0.023063702508807182
0.0932166799902916
0.042933665215969086
0.06353192031383514
0.016044171527028084
0.015010960400104523
0.034642528742551804
0.004682950675487518
0.05268769711256027
0.03429355472326279
0.09733062237501144
0.10418082028627396
0.013706368394196033
0.04500195011496544
0.03367331624031067
0.08320433646440506
0.03863200545310974
0.05308320000767708
0.06250982731580734
0.00042189069790765643
0.11610069870948792
0.024028167128562927
0.04114336520433426
0.06271301954984665
0.05067575350403786
0.0305760707706213
0.05370636656880379
0.059520263224840164
0.06274523586034775
0.029277527704834938
0.054629020392894745
0.0331706702709198
0.0494670495390892
0.035933706909418106
0.04106149077415466
0.03657553717494011
0.062063269317150116
0.05518554896116257
0.03880222514271736
0.06481987237930298
0.09340457618236542
0.03202500939369202
0.011884074658155441
0.05628886818885803
0.01619308441877365
0.09389211982488632
0.03997015953063965
0.014137260615825653
0.15507005155086517
0.07671327143907547
0.057362426072359085
0.05412988364696503
0.08336664736270905
0.21399229764938354
0.1391192376613617
0.06769329309463501
0.08563043922185898
0.05339078977704048
0.10433612763881683
0.012494351714849472
0.012524031102657318
0.04953525960445404
0.08601748198270798
0.0315362848341465
0.04024340212345123
0.07917091995477676
0.04853050783276558
0.02709607593715191
0.042366109788417816
0.04769130051136017
0.036002203822135925
0.09766635298728943
0.0895182341337204
0.05377485230565071
0.1768006533384323
0.05388928949832916
0.037518490105867386
0.028853269293904305
0.042813148349523544
0.06062187999486923
0.03814417123794556
0.08969499170780182
0.025207644328475
0.07431846857070923
0.09952709823846817
0.06652804464101791
0.0004886701935902238
0.01873999461531639
0.020714417099952698
0.03354436904191971
0.03390383720397949
0.05505455285310745
0.05687767267227173
0.13524359464645386
0.108518585562706
0.02597362920641899
0.02591237612068653
0.07387609779834747
0.19548071920871735
0.06987685710191727
0.049457911401987076
0.08202380686998367
0.052505213767290115
0.021408433094620705
0.03461524099111557
0.05128054320812225
0.01994803175330162
0.048417020589113235
0.08918848633766174
0.05060309171676636
0.034955039620399475
0.04091300070285797
0.0008099544793367386
0.03070147894322872
0.09902479499578476
0.0283878855407238
0.021626299247145653
0.01625661551952362
0.05373257026076317
0.05427314341068268
0.10878627747297287
0.015896782279014587
0.15048889815807343
0.014980634674429893
0.11980181187391281
0.018012119457125664
0.017441269010305405
0.041902512311935425
0.0237793680280447
0.005473350174725056
0.041236210614442825
0.022055312991142273
0.10166620463132858
0.07005038112401962
0.006641521118581295
0.03099997714161873
0.04608762264251709
0.006424897350370884
0.02195591852068901
0.028915779665112495
0.1448478400707245
0.05428243428468704
0.08412099629640579
0.26091694831848145
0.02890428900718689
0.13492770493030548
0.008084850385785103
0.04773351922631264
0.08604276180267334
0.12116724252700806
0.0190076045691967
0.033180121332407
0.043694816529750824
0.06584522128105164
0.04380189627408981
0.12996052205562592
0.04847840592265129
0.02466334030032158
0.12228107452392578
0.05176341533660889
0.02654806151986122
0.023362815380096436
0.1007283627986908
0.0009658137569203973
0.10548809170722961
0.005741969682276249
0.01752605475485325
0.10127007961273193
0.033416640013456345
0.016738461330533028
0.0003654959728009999
0.1014273390173912
0.027758972719311714
0.07482009381055832
0.062284521758556366
0.05932393670082092
0.09184642881155014
0.008211652748286724
0.028883302584290504
0.04948361963033676
0.08980713039636612
0.03340914100408554
0.052546821534633636
0.09178370237350464
0.04446941986680031
0.028596635907888412
0.02745576575398445
0.051177218556404114
0.05507853999733925
0.019580842927098274
0.018993843346834183
0.019370952621102333
0.05418885871767998
0.10388145595788956
0.11346721649169922
0.03328917920589447
0.01444163452833891
0.04138650745153427
0.014601338654756546
0.09091529995203018
0.1485138088464737
0.013490147888660431
0.0783390924334526
0.049056459218263626
0.07270283997058868
0.028086941689252853
0.0771489292383194
0.003534899791702628
0.03668735548853874
0.05389876291155815
0.10825811326503754
0.07632152736186981
0.02865593135356903
0.07292844355106354
0.03966420516371727
0.01758388616144657
0.017922407016158104
0.04963817074894905
0.05756111070513725
0.04164295271039009
0.08388849347829819
0.11287028342485428
0.023700550198554993
0.03031071648001671
0.049654632806777954
0.08099520951509476
0.035454269498586655
0.025966668501496315
0.02617812156677246
0.07746574282646179
0.07499867677688599
0.09403998404741287
0.026393985375761986
0.054010920226573944
0.04164669290184975
0.17104974389076233
0.0868409276008606
0.05336649715900421
0.048543356359004974
0.038951124995946884
0.0011655647540464997
0.03396966680884361
0.01825147680938244
0.035806041210889816
0.042497336864471436
0.016910314559936523
0.058188654482364655
0.025256112217903137
0.022320276126265526
0.04310287535190582
0.04004785418510437
0.03191002830862999
0.06571400165557861
0.03515077009797096
0.03199395909905434
0.03111719898879528
0.015711195766925812
0.08533596992492676
0.037067390978336334
0.09169115871191025
0.020274247974157333
0.16112114489078522
0.014872469939291477
0.025290627032518387
0.029999317601323128
0.03280163183808327
0.07048802077770233
0.027676044031977654
0.04305358976125717
0.006035190541297197
0.054247863590717316
0.03159128874540329
0.049231477081775665
0.03456233814358711
0.023574447259306908
0.049356963485479355
0.060276392847299576
0.058567699044942856
0.02696692943572998
0.18486741185188293
0.01832439750432968
0.059942588210105896
0.0029518387746065855
0.05581732466816902
0.051868267357349396
0.05028271675109863
0.05734214931726456
0.06757419556379318
0.11994993686676025
0.12139478325843811
0.028976455330848694
0.04841877892613411
0.05252005159854889
0.06275377422571182
0.011798961088061333
0.06828190386295319
0.04864463582634926
0.059375081211328506
0.08611615002155304
0.06906206905841827
0.014388340525329113
0.06223186105489731
0.06848710030317307
0.03834466636180878
0.07782991230487823
0.06906749308109283
0.05383577570319176
0.04336392134428024
0.06337305903434753
0.014655016362667084
0.04983416572213173
0.030543368309736252
0.061273135244846344
0.03550334274768829
0.05450950190424919
0.049348134547472
0.03324342146515846
0.004437960684299469
0.024078646674752235
0.030405551195144653
0.013464014045894146
0.04733278602361679
0.057959236204624176
0.036342475563287735
0.10155445337295532
0.04167722165584564
0.015545690432190895
0.02458728849887848
0.07199018448591232
0.023490171879529953
0.022289743646979332
0.015833504498004913
0.045838549733161926
0.0849076583981514
0.0409286804497242
0.07580021768808365
0.03496352583169937
0.02515414170920849
0.020204443484544754
0.07820162922143936
0.011574684642255306
0.04897216334939003
0.01072149258106947
0.035897668451070786
0.04671099781990051
0.031235311180353165
0.04494042694568634
0.021020082756876945
0.013599772937595844
0.07930953055620193
0.11442211270332336
0.16751840710639954
0.001100658904761076
0.021476218476891518
0.06885246187448502
0.0007210370968095958
0.0961311087012291
0.12574546039104462
0.003932133782655001
0.051590170711278915
0.07218160480260849
0.0016025227960199118
0.08878755569458008
0.036884061992168427
0.04685426503419876
0.0009379609837196767
0.023355118930339813
0.003589852247387171
0.0623074471950531
0.02276938036084175
0.04460819810628891
0.1465141475200653
0.06678806990385056
0.032588791102170944
0.04372391849756241
0.05520763248205185
0.040284328162670135
0.08570273220539093
0.01152954064309597
0.04987521469593048
0.06396022439002991
0.0367402657866478
0.010738636367022991
0.04187330976128578
0.05235482007265091
0.035550396889448166
0.07164456695318222
0.059842269867658615
0.03777496889233589
0.03391948714852333
0.05204611271619797
0.08732488006353378
0.056426919996738434
0.041514843702316284
0.07340046763420105
0.019443349912762642
0.04716482013463974
0.03237706422805786
0.01675373688340187
0.03431630879640579
0.013875477015972137
0.04395288601517677
0.12480198591947556
0.03809091076254845
0.1247154250741005
0.05526924878358841
0.014800450764596462
0.06272180378437042
0.11317378282546997
0.1355319619178772
0.025044318288564682
0.12341739982366562
0.09866917878389359
0.011995459906756878
0.02429758384823799
0.04914635792374611
0.02342262677848339
0.03771680220961571
0.07250338047742844
0.03219437599182129
0.041423454880714417
0.005664111115038395
0.0780775398015976
0.029158378019928932
0.09224513173103333
0.06479913741350174
0.01880607195198536
0.04575804993510246
0.14571808278560638
0.06855428218841553
0.022712694481015205
0.012082087807357311
0.0118861123919487
0.060084499418735504
0.0468783937394619
0.10612975805997849
0.016961658373475075
0.0023917495273053646
0.0364450104534626
0.02775457687675953
0.005813507828861475
0.035802602767944336
0.039608344435691833
0.048123251646757126
0.02988266572356224
0.18336300551891327
0.06584407389163971
0.07049960643053055
0.06056758016347885
0.03832627832889557
0.1068558320403099
0.03320790082216263
0.12469281256198883
0.049674250185489655
0.12062404304742813
0.012843200005590916
0.05247373878955841
0.0953134149312973
0.05595175921916962
0.06827733665704727
0.0657467469573021
0.010424923151731491
0.0268654003739357
0.025781016796827316
0.040138352662324905
0.07575065642595291
0.012978149577975273
0.10437148064374924
0.06832872331142426
0.030892010778188705
0.07592099159955978
0.021506376564502716
0.11254677921533585
0.05208786576986313
0.10126633197069168
0.04646049439907074
0.03208545222878456
0.03971553221344948
0.02726064808666706
0.04780981317162514
0.055294256657361984
0.05108172446489334
0.02514074556529522
0.05404070019721985
0.04858918860554695
0.07806495577096939
0.0677502229809761
0.08817417919635773
0.04605365917086601
0.05826418846845627
0.05639750882983208
0.03954702988266945
0.14890731871128082
0.014062752947211266
0.04534216597676277
0.01604374125599861
8.650739619042724e-05
0.003141441848129034
0.023145856335759163
0.04542223736643791
0.03912699222564697
0.08206598460674286
0.0255576241761446
0.08961435407400131
0.11490826308727264
0.15058815479278564
0.044363465160131454
0.03429717570543289
0.0040792725048959255
0.030480775982141495
0.05177614092826843
0.10426797717809677
0.006528295110911131
0.07173718512058258
0.05200422182679176
0.07067438960075378
0.018257861956954002
0.015778468921780586
0.05733821913599968
0.009965878911316395
0.057311948388814926
0.04159115254878998
0.03649625927209854
0.0008870615856721997
0.035677842795848846
0.05280182138085365
0.10997378081083298
0.044647641479969025
0.045017704367637634
0.055320870131254196
0.04718465358018875
0.05572836473584175
0.07352090626955032
0.02397889271378517
0.052122052758932114
0.03393770754337311
0.024750754237174988
0.02883036434650421
0.024627629667520523
0.03241853788495064
0.031085869297385216
0.07064607739448547
0.049499280750751495
0.04118627309799194
0.05323761701583862
0.04150885343551636
0.10426003485918045
0.03202606365084648
0.06754457205533981
0.0556078776717186
0.019722269847989082
0.13839755952358246
0.046097759157419205
0.039394281804561615
0.06912347674369812
0.02079636976122856
0.020361654460430145
0.03211250156164169
0.05601150169968605
0.0570203997194767
0.018982892856001854
0.22603119909763336
0.17464831471443176
0.02969846874475479
0.005735969636589289
0.043429210782051086
0.06670288741588593
0.039052121341228485
0.026972537860274315
0.04082725942134857
0.09388154745101929
0.014663896523416042
0.04381667450070381
0.009812532924115658
0.1310640424489975
0.08215925842523575
0.03773189336061478
0.06711693853139877
0.06686906516551971
0.08490411937236786
0.04429389908909798
0.010744158178567886
0.023189589381217957
0.06494869291782379
0.024270502850413322
0.01800398901104927
0.14220932126045227
0.06513560563325882
0.02760610356926918
0.13125121593475342
0.03864229843020439
0.059273310005664825
0.041505150496959686
0.036180198192596436
0.12707965075969696
0.011329138651490211
0.06449557840824127
0.04653149098157883
0.04046286270022392
0.09064693748950958
0.003552605863660574
0.07856214791536331
0.14465586841106415
0.10226044803857803
0.10252660512924194
0.031063012778759003
0.06788403540849686
0.07069383561611176
0.09087347984313965
0.027903376147150993
0.06131476163864136
0.024626832455396652
0.037511639297008514
0.0030450127087533474
0.06246481090784073
0.050790514796972275
0.0408966988325119
0.03699089214205742
0.10874059051275253
0.03800269961357117
0.03650347515940666
0.028281083330512047
0.03802403435111046
0.000559427950065583
0.0885591134428978
0.11289391666650772
0.0613817423582077
0.0546489916741848
0.0267488956451416
0.065158411860466
0.024843527004122734
0.03752044960856438
0.05198119208216667
0.025453554466366768
0.058971814811229706
0.03242075815796852
0.012942567467689514
0.11764086037874222
0.021568825468420982
0.03875585272908211
0.05565403401851654
0.05390917509794235
0.07500353455543518
0.10424226522445679
0.0370316244661808
0.045993175357580185
0.02830730564892292
8.777581388130784e-05
0.05147147923707962
0.05400611087679863
0.10590632259845734
0.017345590516924858
0.1592666059732437
0.05228516459465027
0.051698800176382065
0.058554407209157944
0.06773210316896439
0.07951042056083679
0.04788346216082573
0.09981092810630798
0.039839521050453186
0.10052955150604248
0.02497061714529991
0.028294259682297707
0.12605483829975128
0.018927432596683502
0.056646525859832764
0.06634951382875443
0.015821149572730064
0.025540824979543686
0.024906130507588387
0.02332879975438118
0.02892468497157097
0.030577875673770905
0.09721575677394867
0.052272599190473557
0.028333362191915512
0.05595145747065544
0.04593009129166603
0.09883932769298553
0.02403579093515873
0.019975056871771812
0.0400397926568985
0.06734597682952881
0.017047161236405373
0.021667443215847015
0.061907652765512466
0.05180313065648079
0.12727701663970947
0.03912275284528732
0.19227878749370575
0.059224531054496765
0.06636618822813034
0.02503420040011406
0.01806013099849224
0.04948733001947403
0.06224029138684273
0.06675265729427338
0.07553021609783173
0.1058097556233406
0.09941524267196655
0.010173049755394459
0.022035077214241028
0.019128087908029556
0.06576118618249893
0.059540100395679474
0.06236623227596283
0.03886590152978897
0.050958819687366486
0.08233820647001266
0.04055573791265488
0.07712289690971375
0.08396344631910324
0.08611749112606049
0.03018178790807724
0.02997424639761448
0.04796574264764786
0.02346932329237461
0.030937178060412407
0.016090115532279015
0.014025690965354443
0.0667734369635582
0.013606252148747444
0.04213668033480644
0.025380894541740417
0.06907673925161362
0.05206980183720589
0.01127085741609335
0.10585404932498932
0.09751660376787186
0.0060235969722270966
0.1460122913122177
0.05389530211687088
0.054540447890758514
0.03993699699640274
0.061330392956733704
0.03771271929144859
0.0529649592936039
0.033906128257513046
0.04659666866064072
0.05253838375210762
0.1548805981874466
0.059453003108501434
0.027148913592100143
0.05681693181395531
0.023142322897911072
0.10569348186254501
0.035408250987529755
0.03290719911456108
0.014618990011513233
0.03216103836894035
0.03751276060938835
0.09550800919532776
0.05205506086349487
0.06664331257343292
0.050889402627944946
0.04551856592297554
0.049511633813381195
0.02551361545920372
0.07981748133897781
0.0928604006767273
0.08210974931716919
0.0048678298480808735
0.0793863832950592
0.022946272045373917
0.015332593582570553
0.01693692058324814
0.01732664555311203
0.11310064792633057
0.06218899413943291
0.041787225753068924
0.10352180898189545
0.0853290781378746
0.0368756428360939
0.02145460993051529
0.04706714302301407
0.048108119517564774
0.26470109820365906
0.056261736899614334
0.041818201541900635
0.05906827747821808
0.05598821863532066
0.038245268166065216
0.08035765588283539
0.0446607768535614
0.040518343448638916
0.002175163011997938
0.043349310755729675
0.08243910223245621
0.03170481324195862
0.046913761645555496
0.01888369955122471
0.03066146746277809
0.05522378906607628
0.055839404463768005
0.11254274845123291
0.029875604435801506
0.008692567236721516
0.02111128345131874
0.06136239692568779
0.05370182543992996
0.03462037071585655
0.0474366657435894
0.04604217782616615
0.052848756313323975
0.009249936789274216
0.05523298680782318
0.028135377913713455
0.03478943556547165
0.07521958649158478
0.05748172849416733
0.09083711355924606
0.06017915904521942
0.039381951093673706
0.04033779725432396
0.07618603110313416
0.06740591675043106
0.017436854541301727
0.10538506507873535
0.032341886311769485
0.03574489802122116
0.07801210880279541
0.022972023114562035
0.0833260715007782
0.04263400658965111
0.022897938266396523
0.046591732650995255
0.01528613269329071
0.01198214665055275
0.043928615748882294
0.08171642571687698
0.08202143013477325
0.03341927006840706
0.07820510119199753
0.0533066987991333
0.056841932237148285
0.08005866408348083
0.039348304271698
0.05866382643580437
0.016238443553447723
0.03084205836057663
0.04686827212572098
0.09275553375482559
0.044817376881837845
0.02067604288458824
0.0959574356675148
0.03345343843102455
0.014651504345238209
0.01513960026204586
0.03849126771092415
0.0956256091594696
0.16474275290966034
0.038042113184928894
0.037969883531332016
0.07309217751026154
0.04483388736844063
0.03436756506562233
0.05056136101484299
0.02935365028679371
0.02653123252093792
0.04517851769924164
0.06780468672513962
0.05484480410814285
0.04188024252653122
0.1265794038772583
0.043721385300159454
0.028743434697389603
0.05333177372813225
0.05292413383722305
0.03826780617237091
0.10917700082063675
0.0488247275352478
0.07361626625061035
0.04574078321456909
0.07115171104669571
0.07950756698846817
0.047320786863565445
0.03218843787908554
0.0010499052004888654
0.0453820675611496
0.01541395764797926
0.10355230420827866
0.03818177059292793
0.1217353492975235
0.013385765254497528
0.05335432291030884
0.040932007133960724
0.03507591411471367
0.08241643756628036
0.017108934000134468
0.014047256670892239
0.04803230240941048
0.06051493436098099
0.03649500757455826
0.02546589821577072
0.06481289863586426
0.04790831357240677
0.20733292400836945
0.07853825390338898
0.061657436192035675
0.09622689336538315
0.05572563782334328
0.1042744517326355
0.011199044063687325
0.032446034252643585
0.02024666592478752
0.019381480291485786
0.10016002506017685
0.014552916400134563
0.042923349887132645
0.03962297737598419
0.09078924357891083
0.056858621537685394
0.042423248291015625
0.024840814992785454
0.03321889042854309
0.05129660665988922
0.07927829772233963
0.019223934039473534
0.128716841340065
0.08080283552408218
0.03548420965671539
0.00231426814571023
0.013080942444503307
0.06990727037191391
0.052036307752132416
0.10223769396543503
0.016590062528848648
0.04363647475838661
0.018591416999697685
0.12419188022613525
0.032746024429798126
0.019492754712700844
0.030095065012574196
0.06951463967561722
0.012795082293450832
0.052441809326410294
0.0747511237859726
0.015227265655994415
0.05347369611263275
0.0042337714694440365
0.06653042882680893
0.04659143462777138
0.015014967881143093
0.036516137421131134
0.052950385957956314
0.06108403578400612
0.02420843206346035
0.08612850308418274
0.008133616298437119
0.04176895320415497
0.036794304847717285
0.0326518788933754
0.03934789448976517
0.06632772088050842
0.10196729004383087
0.029988035559654236
0.06532508879899979
0.037062954157590866
0.010535606183111668
0.07106693834066391
0.08275763690471649
0.04632880911231041
0.015087330713868141
0.08136435598134995
0.021295001730322838
0.13339056074619293
0.027143986895680428
0.038356732577085495
0.007352801039814949
0.03307133540511131
0.04799096658825874
0.0623837448656559
0.06911549717187881
0.02919735759496689
0.03959347680211067
0.018766285851597786
0.068405881524086
0.06899022310972214
0.115751251578331
0.047614309936761856
0.03569315746426582
0.056002113968133926
0.09585801512002945
0.06102735549211502
0.2930960953235626
0.038982998579740524
0.06932102888822556
0.018208196386694908
0.04050707072019577
0.025647491216659546
0.01960901916027069
0.04232211410999298
0.026657136157155037
0.07001923769712448
0.03304578363895416
0.04695070534944534
0.03744178265333176
0.16453197598457336
0.022556690499186516
0.04834037274122238
0.016666354611516
0.15090875327587128
0.06358689814805984
0.06117581948637962
0.1057460755109787
0.2504057288169861
0.05450790002942085
0.07799312472343445
0.04125657677650452
0.0635707750916481
0.0709952861070633
0.05478035658597946
0.025215722620487213
0.0006835567764937878
0.01983552612364292
0.020489633083343506
0.051631975919008255
0.05418179929256439
0.01476060226559639
0.016006313264369965
0.04389893263578415
0.017868150025606155
0.03457704558968544
0.06372824311256409
0.06202450022101402
0.09006687998771667
0.12130821496248245
0.027668172493577003
0.03335973620414734
0.04454895108938217
0.06094576045870781
0.03771871328353882
0.039650872349739075
0.04186437278985977
0.009816030971705914
0.0019475389271974564
0.060544729232788086
0.02158392407000065
0.061514418572187424
0.05196579545736313
0.09614618122577667
0.010723159648478031
0.020614629611372948
0.06004589796066284
0.032946016639471054
0.023825326934456825
0.05596885830163956
0.000887999078258872
0.07926474511623383
0.03432130813598633
0.1641993522644043
0.03786785528063774
0.015070521272718906
0.044460229575634
0.2622870206832886
0.09181904792785645
0.03259587287902832
0.05775381252169609
0.03089669719338417
0.02832549437880516
0.03267400339245796
0.01915249414741993
0.09072200953960419
0.026514319702982903
0.06276700645685196
0.024950405582785606
0.040039364248514175
0.05924072861671448
0.027489544823765755
0.0271181371062994
0.07287898659706116
0.07753296196460724
0.03737930580973625
0.04740263149142265
0.0467611700296402
0.10361611098051071
0.0647953525185585
0.0005915846559219062
0.07456658035516739
0.06398405879735947
0.07724114507436752
0.029801879078149796
0.11745071411132812
0.061255622655153275
0.036855489015579224
0.07122915238142014
0.027967868372797966
0.031137967482209206
0.047842416912317276
0.05747786909341812
0.019833141937851906
0.04539382830262184
0.023069435730576515
0.030306097120046616
0.06163211539387703
0.06851164251565933
0.04684072732925415
0.04507559537887573
0.050777047872543335
0.12687146663665771
0.09265580028295517
0.11978064477443695
0.053300149738788605
0.017851658165454865
0.08780225366353989
0.06364747136831284
0.04092595726251602
0.01782359927892685
0.04615049064159393
0.09666310250759125
0.03802913799881935
0.05553986877202988
0.10924285650253296
0.044197600334882736
0.03886997699737549
0.062042027711868286
0.05600448325276375
0.025042125955224037
0.06643878668546677
0.10482589900493622
0.06758377701044083
0.019172146916389465
0.07577554136514664
0.037418998777866364
0.0629107654094696
0.12639503180980682
0.04638439044356346
0.0166886355727911
0.060858145356178284
0.07300745695829391
0.07601568102836609
0.06696178764104843
0.046526916325092316
0.05192198231816292
0.038837648928165436
0.056614950299263
0.1479630172252655
0.044711120426654816
0.013747402466833591
0.059663716703653336
0.035092465579509735
0.04461014270782471
0.07900579273700714
0.021224742755293846
0.0583406500518322
0.1980983465909958
0.06311911344528198
0.020086610689759254
0.04120466858148575
0.06508739292621613
0.036723826080560684
0.07769569009542465
0.062481898814439774
0.04696836695075035
0.06147613376379013
0.07700789719820023
0.0556296780705452
0.15383635461330414
0.031224971637129784
0.02655860222876072
0.05824102833867073
0.07632284611463547
0.0017730362014845014
0.013155314140021801
0.030918849632143974
0.023230187594890594
0.059379663318395615
0.05290133133530617
0.07066355645656586
0.021488018333911896
0.05570238456130028
0.023864682763814926
0.07797557860612869
0.01834014244377613
0.029455870389938354
0.022642802447080612
0.08261622488498688
0.025626054033637047
0.06969675421714783
0.039243750274181366
0.0812850371003151
0.14911670982837677
0.05549720674753189
0.08326457440853119
0.08120464533567429
0.06146618723869324
0.06994151324033737
0.021197931841015816
0.07826010137796402
0.006150953471660614
0.04573305696249008
0.020018605515360832
0.05722251906991005
0.1351892352104187
0.04499422758817673
0.11046463996171951
0.028400855138897896
0.0571417473256588
0.06275451928377151
0.06399288773536682
0.07226971536874771
0.052537254989147186
0.06889434158802032
0.04374832287430763
0.021032342687249184
0.07159785181283951
0.03469933569431305
0.04633461683988571
0.06881409883499146
0.07381831109523773
0.05986465513706207
8.380079816561192e-05
0.0688624456524849
0.018470343202352524
0.04374183341860771
0.00927090086042881
0.05320483818650246
0.07889653742313385
0.12968997657299042
0.03869964927434921
0.0059087541885674
0.03162799030542374
0.08576080203056335
0.016645479947328568
0.022461410611867905
0.10037127137184143
0.05653504654765129
0.06505344063043594
0.06652075797319412
0.05074790120124817
0.013347008265554905
0.06877616047859192
0.029302246868610382
0.0487353689968586
0.06404829025268555
0.043570999056100845
0.0007691148202866316
0.07648950070142746
0.11432559788227081
0.017489932477474213
0.0182443019002676
0.04377489164471626
0.06421346962451935
0.03368428722023964
0.07695632427930832
0.027547433972358704
0.03642464801669121
0.061091743409633636
0.0044066039845347404
0.0303720161318779
0.07523900270462036
0.07776214182376862
0.0022676156368106604
0.043939754366874695
0.0466444231569767
0.03191002458333969
0.0474456362426281
0.0317426398396492
0.027101853862404823
0.01528021041303873
0.00010195902723353356
0.045098625123500824
0.05198384076356888
0.027062175795435905
0.07462535798549652
0.0788886770606041
0.02372533455491066
0.03423067554831505
0.05069408938288689
0.027160529047250748
0.04284046217799187
0.032631877809762955
0.04429662227630615
0.11602818220853806
0.008722981438040733
0.012929935939610004
0.008991501294076443
0.006281832233071327
0.09878380596637726
0.023440677672624588
0.03976882994174957
0.021655907854437828
0.00010379961167927831
0.06549739092588425
0.08382446318864822
0.015154221095144749
0.02179901674389839
0.05249640345573425
0.07456307858228683
0.04432949796319008
0.04194233939051628
0.07014457136392593
0.05920844152569771
0.04042455181479454
0.06829605251550674
0.04759404435753822
0.10208053886890411
0.05166953429579735
0.057920217514038086
0.0697517991065979
0.043132804334163666
0.06809993088245392
0.0487615168094635
0.010141734965145588
0.07732114940881729
0.03988344594836235
0.08030762523412704
0.11714886128902435
0.013966308906674385
0.02767709456384182
0.044200122356414795
0.046894371509552
0.011037680320441723
0.06480012834072113
0.00037278124364092946
0.06506581604480743
0.06206955388188362
0.1270042061805725
0.02975529246032238
0.01872507855296135
0.015321149490773678
0.030786164104938507
0.06675449013710022
0.13097500801086426
0.0014438607031479478
0.02377239428460598
0.09101101756095886
0.046346839517354965
0.03508717566728592
0.03625056892633438
0.0669155940413475
0.07206771522760391
0.020540131255984306
0.11845625191926956
0.03809725120663643
0.039947401732206345
0.0013308706693351269
0.06690525263547897
0.04263867065310478
0.06536879390478134
0.04004185274243355
0.032094549387693405
0.05884543061256409
0.07065244019031525
0.025001423433423042
0.06087307259440422
0.12418925762176514
0.05279184505343437
0.06396640837192535
0.05810011178255081
0.027932951226830482
0.05679160729050636
0.14948391914367676
0.022375328466296196
0.07971993088722229
0.04028918594121933
0.04300559684634209
0.022834917530417442
0.01427039410918951
0.09304854273796082
0.13395974040031433
0.03905282914638519
0.032691869884729385
0.022893065586686134
0.06863926351070404
0.0788484662771225
0.09541544318199158
0.06749900430440903
0.09761837124824524
0.1686551570892334
0.07034514099359512
0.04747898876667023
0.05664976313710213
0.05422360450029373
0.04235614091157913
0.14713022112846375
0.09610133618116379
0.0682796835899353
0.012439976446330547
0.03551657497882843
0.04301392659544945
0.029775362461805344
0.05659103766083717
0.03937814384698868
0.06091665104031563
0.05775914341211319
0.010106585919857025
0.04809136688709259
0.06968628615140915
0.05701686814427376
0.019474398344755173
0.03149721771478653
0.01949242129921913
0.14193539321422577
0.06838666647672653
0.036044828593730927
0.009175948798656464
0.012531899847090244
0.06410492211580276
0.07520478218793869
0.011562470346689224
0.03674972057342529
0.024252871051430702
0.04920508340001106
0.029949851334095
0.03154643997550011
0.052878621965646744
0.007498355116695166
0.03650541231036186
0.07472959160804749
0.027780747041106224
0.08758021146059036
0.023670634254813194
0.08635717630386353
0.022493809461593628
0.00045732432045042515
0.04052078723907471
0.029228512197732925
0.03540213406085968
0.10358759015798569
0.04628486931324005
0.15768557786941528
0.0326528362929821
0.0010219370014965534
0.01285872608423233
0.032921794801950455
0.03712157532572746
0.08233248442411423
0.04228171706199646
0.0004703537269961089
0.06895645707845688
0.04148917272686958
0.024056704714894295
0.015886250883340836
0.09560628235340118
0.049112483859062195
0.03873797506093979
0.09479900449514389
0.045249298214912415
0.02607300505042076
0.03465842083096504
0.056365929543972015
0.03336470201611519
0.04377773031592369
0.06468763947486877
0.02248268388211727
0.018310364335775375
0.056990720331668854
0.03216187283396721
0.02536025643348694
0.02363552153110504
0.053001102060079575
0.088738813996315
0.041009657084941864
0.03290189802646637
0.012929022312164307
0.0676044374704361
0.062359560281038284
0.03697250783443451
0.02076657861471176
0.028712017461657524
0.039576977491378784
0.03585963323712349
0.030073443427681923
0.03259581699967384
0.06735476851463318
0.04579891636967659
0.02526293322443962
0.016810128465294838
0.15908925235271454
0.05988718941807747
0.03239762783050537
0.021640878170728683
0.020685074850916862
0.025691624730825424
0.08043302595615387
0.13112832605838776
0.0810975432395935
0.029925452545285225
0.0002214082342106849
0.03368730843067169
0.027885356917977333
0.0622965507209301
0.02998008392751217
0.0672314465045929
0.08703064918518066
0.0529741495847702
0.05934529006481171
0.03553704544901848
0.12040069699287415
0.021942296996712685
0.008338045328855515
0.08952438086271286
0.01783067174255848
0.04797154292464256
0.013282077386975288
0.12615302205085754
0.040252845734357834
0.025442805141210556
0.13915595412254333
0.07232281565666199
0.01523115485906601
0.05589856952428818
0.03273981437087059
0.06792189925909042
0.0269845649600029
0.06784184277057648
0.0413665696978569
0.030664712190628052
0.050969187170267105
0.06164035201072693
0.05355964973568916
0.04131946340203285
0.03458251804113388
0.027930939570069313
0.056506767868995667
0.1599659025669098
0.042806729674339294
0.013033241964876652
0.02784155309200287
0.03512006998062134
0.01562531478703022
0.024647481739521027
0.12785737216472626
0.055497776716947556
0.013638980686664581
0.0006148184766061604
0.06195620447397232
0.05560142174363136
0.03258185833692551
0.04142133519053459
0.06085096672177315
0.021321874111890793
0.02246188372373581
0.0509144626557827
0.050237566232681274
0.05830967053771019
0.023246517404913902
0.05071045085787773
0.055194634944200516
0.014461478218436241
0.09193391352891922
0.0012345436261966825
0.0413031131029129
0.0033006102312356234
0.04111633449792862
0.044211335480213165
0.0435372069478035
0.00038468209095299244
0.05691491439938545
0.08000756800174713
0.03829330578446388
0.044000305235385895
0.027299704030156136
0.017844073474407196
0.06862835586071014
0.06469355523586273
0.04380228370428085
0.00910884141921997
0.04917401075363159
0.06029123812913895
0.057122595608234406
0.004062332212924957
0.06673043221235275
0.167201966047287
0.05568530783057213
0.050640664994716644
0.0442785806953907
0.024440161883831024
0.03931623324751854
0.035993319004774094
0.02740773931145668
0.10304722934961319
0.06993608176708221
0.06026746332645416
0.014977519400417805
0.05478420481085777
0.10729221999645233
0.056645091623067856
0.06012189760804176
0.0030159917660057545
0.023526202887296677
0.022790273651480675
0.0002368735003983602
0.1100449413061142
0.14899949729442596
0.03210493177175522
0.13472767174243927
0.02934245578944683
0.058027755469083786
0.09432629495859146
0.06835906207561493
0.04183456674218178
0.034681349992752075
0.031136341392993927
0.05868728086352348
0.11221332103013992
0.07909698039293289
0.042170338332653046
0.039123907685279846
0.030488651245832443
0.04592467471957207
0.06980609148740768
0.06848601251840591
0.00071434531128034
0.13223005831241608
0.0436190627515316
0.07048463076353073
0.05675746500492096
0.056960802525281906
0.10527996718883514
0.015509327873587608
0.015177256427705288
0.04216652736067772
0.14000512659549713
0.021558215841650963
0.14510883390903473
0.032422538846731186
0.05051641911268234
0.018152298405766487
0.013141706585884094
0.125422403216362
0.04047178104519844
0.032442208379507065
0.06040378287434578
0.05702691897749901
0.03161298483610153
0.04082002863287926
0.040512874722480774
0.04896875470876694
0.07138749957084656
0.13652724027633667
0.04189646616578102
0.05100851133465767
0.07752680033445358
0.0004916824982501566
0.029098717495799065
0.08604207634925842
0.04488612338900566
0.09043244272470474
0.15108786523342133
0.0018520473968237638
0.01969549059867859
0.020124804228544235
0.10044798254966736
0.08934507519006729
0.032907430082559586
0.00043535660370253026
0.04657800495624542
0.023084811866283417
0.024827413260936737
0.06173478066921234
0.043715741485357285
0.026149367913603783
0.03583162650465965
0.0007828646339476109
0.13863982260227203
0.08681553602218628
0.06209352985024452
0.024932436645030975
0.05246690660715103
0.05024915933609009
0.05772645026445389
0.11346488445997238
0.07356753200292587
0.04331885278224945
0.027422074228525162
0.03781125321984291
0.07709724456071854
0.08455388247966766
0.01351091731339693
0.034840501844882965
0.01596846617758274
0.08217738568782806
0.0780409425497055
0.02250763028860092
0.04746769741177559
0.040319159626960754
0.057466354221105576
0.03977243974804878
0.007629441097378731
0.09434188157320023
0.009306748397648335
0.08617667853832245
0.0697709396481514
0.025552839040756226
0.041822999715805054
0.1145220622420311
0.061628226190805435
0.015467824414372444
0.05845142528414726
0.057329826056957245
0.018856318667531013
0.05186097323894501
0.006329801399260759
0.05558183789253235
0.005941877607256174
0.02014996111392975
0.04717693850398064
0.08037205040454865
0.013308080844581127
0.1003255546092987
0.03725254163146019
0.0718034952878952
0.06514757126569748
0.08783873170614243
0.1944875568151474
0.029065314680337906
0.04337847977876663
0.032253462821245193
0.07460783421993256
0.016314439475536346
0.05162874609231949
0.034840356558561325
0.018514208495616913
0.08751176297664642
0.054300568997859955
0.048254359513521194
0.052537091076374054
0.0311980489641428
0.05915820226073265
0.05007472634315491
0.10063807666301727
0.0033186916261911392
0.06330510973930359
0.031044598668813705
0.1831158995628357
0.028692593798041344
0.05651957169175148
0.054027263075113297
0.048464614897966385
0.2391132265329361
0.03420811519026756
0.009916622191667557
0.0757967084646225
0.09764213860034943
0.055945202708244324
0.047005049884319305
0.03918490558862686
0.007751781493425369
0.0675814300775528
0.034171245992183685
0.030785949900746346
0.018870413303375244
0.022802405059337616
0.02609076350927353
0.08761487901210785
0.03414054214954376
0.028210459277033806
0.011556555517017841
0.017409522086381912
0.09735013544559479
0.04034678265452385
0.04869932681322098
0.09220979362726212
0.09399481117725372
0.006504688877612352
0.06094478443264961
0.06700370460748672
0.009668654762208462
0.03786848112940788
0.028849177062511444
0.11962814629077911
0.008299914188683033
0.11721857637166977
0.05252332240343094
0.05090223252773285
0.12088464200496674
0.006351744290441275
0.045316215604543686
0.009390083141624928
0.054509762674570084
0.1933484673500061
0.0671883225440979
0.04148414731025696
0.02597837708890438
0.03050408884882927
0.008495548740029335
0.029817117378115654
0.10647271573543549
0.012203872203826904
0.012178837321698666
0.023674355819821358
0.09633833914995193
0.05789053812623024
0.08666163682937622
0.0544721856713295
0.02955685742199421
0.041819483041763306
0.09656067192554474
0.054588690400123596
0.03814013674855232
0.14916154742240906
0.030975043773651123
0.08230754733085632
0.03504694998264313
0.059003036469221115
0.048891812562942505
0.017245862632989883
0.07082096487283707
0.045328013598918915
0.03765913471579552
0.04090288653969765
0.06066645681858063
0.08059509843587875
0.031443867832422256
0.055059053003787994
0.11340095847845078
0.15556682646274567
0.07816730439662933
0.10535308718681335
0.12039967626333237
0.028282204642891884
0.048967018723487854
0.003075104672461748
0.04195421189069748
0.04052800312638283
0.08292403817176819
0.007475659716874361
0.039802391082048416
0.042898356914520264
0.020778363570570946
0.028404122218489647
0.03134498745203018
0.028291093185544014
0.06260919570922852
0.08307655900716782
0.034238994121551514
0.03771735727787018
0.06098993867635727
0.1662682443857193
0.09488936513662338
0.08704955130815506
0.06764280050992966
0.06629122048616409
0.022384705021977425
0.023472774773836136
0.0278569757938385
0.07628318667411804
0.03598407655954361
0.056419581174850464
0.016567396000027657
0.05001864582300186
0.012619302608072758
0.061634182929992676
0.061739180237054825
0.062426481395959854
0.02954312041401863
0.010978416539728642
0.025816652923822403
0.15487436950206757
0.031547412276268005
0.06444227695465088
0.08537725359201431
0.07773394882678986
0.06165774166584015
0.06166992709040642
0.0453837551176548
0.04898868873715401
0.06854862719774246
0.04263488948345184
0.0612613819539547
0.06036460027098656
0.15807007253170013
0.0858859270811081
0.00020611363288480788
0.020428843796253204
0.021284053102135658
0.11006156355142593
0.018245073035359383
0.01631406508386135
0.11342921853065491
0.028180167078971863
0.08419113606214523
0.011088683269917965
0.08118295669555664
0.05192233994603157
0.05613915994763374
0.05009768158197403
0.07607724517583847
0.0879778042435646
0.07691692560911179
0.046563565731048584
0.038133878260850906
0.041295696049928665
0.020093116909265518
0.10951055586338043
0.03335479646921158
0.10298860818147659
0.05887820944190025
0.049401767551898956
0.1012502983212471
0.013801589608192444
0.062354907393455505
0.025499630719423294
0.02800772525370121
0.05544523894786835
0.019028283655643463
0.017496159300208092
0.02621977962553501
0.08343181014060974
0.0782349705696106
0.03075503371655941
0.07825958728790283
0.06269188970327377
0.18909239768981934
0.07106277346611023
0.0824899896979332
0.03826263174414635
0.2189057618379593
0.04055703803896904
0.017497850582003593
0.045174483209848404
0.025484710931777954
0.08388693630695343
0.06520913541316986
0.10646212100982666
0.05060304328799248
0.07424296438694
0.09012342989444733
0.04882827028632164
0.020675189793109894
0.055540136992931366
0.02165484055876732
0.07196973264217377
0.022072430700063705
0.06986493617296219
0.01494072750210762
0.0006178829353302717
0.05520286411046982
0.07035520672798157
0.05869497358798981
0.025132719427347183
0.1045553907752037
0.037801340222358704
0.02417631819844246
0.019739028066396713
0.03132371976971626
0.031329911202192307
0.02907051518559456
0.05639224871993065
0.09945876896381378
0.01714096963405609
0.04522460699081421
0.028632638975977898
0.045415785163640976
0.03998342528939247
0.04247572645545006
0.050379786640405655
0.028617048636078835
0.10629434138536453
0.06889737397432327
0.0637352392077446
0.08265811949968338
0.0332208089530468
0.02427877113223076
0.0289241224527359
0.03755652531981468
0.09993341565132141
0.045168437063694
0.0276801697909832
0.04089808836579323
0.0645093023777008
0.09487628936767578
0.008551165461540222
0.017393361777067184
0.05000608414411545
0.035472795367240906
0.05024310201406479
0.08849746733903885
0.03809577226638794
0.056098952889442444
0.021165724843740463
0.04484906047582626
0.09158632904291153
0.013982321135699749
0.055492840707302094
0.08076105266809464
0.0175128523260355
0.20475980639457703
0.016831308603286743
0.09052194654941559
0.06607148051261902
0.09295498579740524
0.06626488268375397
0.045657239854335785
0.12124457955360413
0.031735874712467194
0.0941343903541565
0.019873861223459244
0.05471133068203926
0.040006328374147415
0.02410043217241764
0.04553958401083946
0.027893509715795517
0.05723072960972786
0.053687550127506256
0.07668421417474747
0.02294977940618992
0.12665019929409027
0.03021812066435814
0.043814025819301605
0.01104575116187334
0.05997980386018753
0.024293329566717148
0.05325329676270485
0.03485839068889618
0.025099437683820724
0.046257395297288895
0.05926496535539627
0.041017502546310425
0.00014453129551839083
0.06485851854085922
0.028103597462177277
0.05643778294324875
0.061419546604156494
0.06350560486316681
0.02648233249783516
0.07133742421865463
0.0024051505606621504
0.09715583920478821
0.12268082797527313
0.04881484434008598
0.0492665059864521
0.04416834935545921
0.03879643976688385
0.03760439157485962
0.028493020683526993
0.06480598449707031
0.13290497660636902
0.06449230760335922
0.021630285307765007
0.046031124889850616
0.05445480719208717
0.03730807080864906
0.04119594022631645
0.03815193474292755
0.10671517252922058
0.03610386699438095
0.03998823091387749
0.03674512729048729
0.08495930582284927
0.05304991081357002
0.02285601757466793
0.023767270147800446
0.013360513374209404
0.041820891201496124
0.1211085319519043
0.02846498228609562
0.14098480343818665
0.0917482003569603
0.02864423207938671
0.05696122720837593
0.022201791405677795
0.06360556185245514
0.014290167950093746
0.039474066346883774
0.022186148911714554
0.045120690017938614
0.09816174954175949
0.02617032825946808
0.046020153909921646
0.08648081123828888
0.07331875711679459
0.02548784203827381
0.09928151965141296
0.05823846533894539
0.050900090485811234
0.06695283949375153
0.028131725266575813
0.049639590084552765
0.028732886537909508
0.05218154937028885
0.04758992791175842
0.008971882984042168
0.017918327823281288
0.013482355512678623
0.017896180972456932
0.0854855328798294
0.07074940949678421
0.06018112599849701
0.059264861047267914
0.09381009638309479
0.02622319757938385
0.08128166943788528
0.05131877213716507
0.05914226546883583
0.060192886739969254
0.040416084229946136
0.16910141706466675
0.06228433921933174
0.04248307645320892
0.1332830935716629
0.08512776345014572
0.06340254098176956
0.046014443039894104
0.14927491545677185
0.03457446023821831
0.0187172070145607
0.06882362812757492
0.04974306374788284
0.033899810165166855
0.05084063485264778
0.046697184443473816
0.05620169639587402
0.1287720948457718
0.05330583453178406
0.09944884479045868
0.07848414033651352
0.017247457057237625
0.07627543807029724
0.02529546059668064
0.003616036381572485
0.04208261892199516
0.01136970054358244
0.05145585909485817
0.029329366981983185
0.03324715420603752
0.013327667489647865
0.00018492367235012352
0.03687671199440956
0.06945368647575378
0.04505590349435806
0.10434658825397491
0.053306594491004944
0.04162300005555153
0.044017452746629715
0.05311043560504913
0.025928059592843056
0.0629178136587143
0.036298662424087524
0.0868779644370079
0.0898275151848793
0.05921769142150879
0.02981811761856079
0.04105835780501366
0.11733189225196838
0.0011502434499561787
0.0011257127625867724
0.10166744887828827
0.017075609415769577
0.07131388038396835
0.0016654552891850471
0.07218338549137115
0.05977365002036095
0.04645565524697304
0.081247977912426
0.049496524035930634
0.019742364063858986
0.02823273465037346
0.09701617807149887
0.037807002663612366
0.013923343271017075
0.06644728034734726
0.10562495142221451
0.04588713124394417
0.11491341143846512
0.06371311098337173
0.08193496614694595
0.03607578203082085
0.08683981746435165
0.0008506143931299448
0.06355882436037064
0.058890923857688904
0.0633673295378685
0.07206092774868011
0.012734001502394676
0.05924760550260544
0.05039156228303909
0.08122263848781586
0.04572669789195061
0.013418327085673809
0.11820533126592636
0.12078534066677094
0.03219667822122574
0.08521753549575806
0.03985266014933586
0.03586122393608093
0.06813114881515503
0.06541238725185394
0.016851302236318588
0.02488519996404648
0.047341227531433105
0.05692219361662865
0.016257600858807564
0.04597153142094612
0.04394829645752907
0.04414563253521919
0.03951765224337578
0.046767763793468475
0.08127698302268982
0.058460693806409836
0.03695480898022652
0.036782145500183105
0.03334677219390869
0.04454967379570007
0.046092793345451355
0.017317458987236023
0.07953730970621109
0.061102233827114105
0.05288168042898178
0.0428767092525959
0.1463736593723297
0.012804553844034672
0.027868537232279778
0.03372494503855705
0.041630592197179794
0.03641616925597191
0.021169306710362434
0.032471396028995514
0.0020120402332395315
0.04835450276732445
0.04792371019721031
0.025815801694989204
0.0454716682434082
0.10672824829816818
0.00019971563597209752
0.03921464830636978
0.05801377072930336
0.0938723161816597
0.018395036458969116
0.034108828753232956
0.03716335818171501
0.05878009274601936
0.10067477077245712
0.029337795451283455
0.033008918166160583
0.021219396963715553
0.030180441215634346
0.05766565352678299
0.023922882974147797
0.03510815650224686
0.040083467960357666
0.012964022345840931
0.11562371253967285
0.09731751680374146
0.05954013392329216
0.012048639357089996
0.02660890854895115
0.042137399315834045
0.01665901392698288
0.11393606662750244
0.09280557930469513
0.02629014663398266
0.16048970818519592
0.05051824450492859
0.050359662622213364
0.047816138714551926
0.10809452831745148
0.015805160626769066
0.05267699435353279
0.033711038529872894
0.05539008602499962
0.12079381197690964
0.011048587039113045
0.1472891867160797
0.04053168743848801
0.0631357803940773
0.03243148326873779
0.03554689884185791
0.009590724483132362
0.11451765894889832
0.08529866486787796
0.04991172254085541
0.06388010084629059
0.03259669616818428
0.03230035677552223
0.04578887298703194
0.04157949239015579
0.0349438339471817
0.037314631044864655
0.03260280191898346
0.027209913358092308
0.07862609624862671
0.03630172461271286
0.03994708135724068
0.04301900416612625
0.042273446917533875
0.03384506702423096
0.03328973427414894
0.04911516234278679
0.021387292072176933
0.05849432945251465
0.17001676559448242
0.027310814708471298
0.06554798781871796
0.040131617337465286
0.01996554061770439
0.025214051827788353
0.03030334785580635
0.06557774543762207
0.08513810485601425
0.11151521652936935
0.05326802283525467
0.05334066227078438
0.04764004051685333
0.057804010808467865
0.05070040747523308
0.07602053135633469
0.035971660166978836
0.031556520611047745
0.11676233261823654
0.03328780457377434
0.07785855978727341
0.04902597516775131
0.07164371013641357
0.06537351757287979
0.05416610464453697
0.04168473556637764
0.017870118841528893
0.023272285237908363
0.16222639381885529
0.07352247089147568
0.06029459089040756
0.04842366650700569
0.044263966381549835
0.09513534605503082
0.017349055036902428
0.08356641232967377
0.044529449194669724
0.04395652189850807
0.045890334993600845
0.07816194742918015
0.03817169368267059
0.1056276336312294
0.0344560332596302
0.0655548945069313
0.0636579766869545
0.046535760164260864
0.02796589769423008
0.04983032867312431
0.03758366405963898
0.011814827099442482
0.05708247423171997
0.04234509542584419
0.03709731623530388
0.0034419153816998005
0.05482608824968338
0.052973706275224686
0.038370098918676376
0.01806030608713627
0.022554628551006317
0.015243583358824253
0.1413806974887848
0.05694228783249855
0.04958359897136688
0.09535196423530579
0.029302284121513367
0.03460327908396721
0.05402236059308052
0.08239837735891342
0.031117670238018036
0.09392097592353821
0.11632131785154343
0.03836119920015335
0.054870977997779846
0.08031603693962097
0.0490884855389595
0.04118478298187256
0.04594549164175987
0.013838731683790684
0.06009240075945854
0.048831433057785034
0.0941634401679039
0.015882663428783417
0.03235938027501106
0.04443950578570366
0.11582653224468231
0.050603121519088745
0.031069187447428703
0.03370831534266472
0.05095990002155304
0.09561919420957565
0.0499022901058197
0.06319877505302429
0.04231667518615723
0.0671711415052414
0.07652129977941513
0.03858555108308792
0.0697648897767067
0.06853047758340836
0.05321916565299034
0.030689572915434837
0.012397246435284615
0.024343574419617653
0.031724680215120316
0.02693377062678337
0.03710015490651131
0.05685656890273094
0.07252585142850876
0.032476916909217834
0.06045696511864662
0.016429712995886803
0.06064154952764511
0.051948562264442444
0.021593701094388962
0.03201586380600929
0.07774080336093903
0.06659619510173798
0.06135011091828346
0.04209861159324646
0.01774531602859497
0.0005345749668776989
0.022930869832634926
0.004022012464702129
0.021989980712532997
0.026424016803503036
0.037356022745370865
0.10733531415462494
0.029114142060279846
0.024160170927643776
0.020283006131649017
0.0727960467338562
0.04690459370613098
0.0008603397291153669
0.02412404678761959
0.048408325761556625
0.031378548592329025
0.0011199049185961485
0.06685120612382889
0.041600532829761505
0.08290936797857285
0.028592905029654503
0.028904274106025696
0.03361143171787262
0.018978610634803772
0.08497199416160583
0.029882995411753654
0.08563606441020966
0.0897814929485321
0.08260111510753632
0.0004889446427114308
0.022656967863440514
0.039365846663713455
0.05027640238404274
0.02433565817773342
0.03149575740098953
0.06891336292028427
0.03431636467576027
0.09804639220237732
0.06778287887573242
0.03848240152001381
0.032793208956718445
0.03767301142215729
0.013218354433774948
0.04944593086838722
0.09111043065786362
0.050415508449077606
0.024377748370170593
0.0850873664021492
0.023737965151667595
0.03489068150520325
0.013444330543279648
0.04461893066763878
0.10910016298294067
0.016674257814884186
0.02132531628012657
0.04123435914516449
0.07337559014558792
0.03727497160434723
0.02923724241554737
0.027287758886814117
0.06866331398487091
0.05393586307764053
0.0029624653980135918
0.07671022415161133
0.03910696879029274
0.17064669728279114
0.042201463133096695
0.07072258740663528
0.022509073838591576
0.07234013825654984
0.07735394686460495
0.03619997203350067
0.03267654776573181
0.049447160214185715
0.09048812836408615
0.06551344692707062
0.02694629691541195
0.09971567988395691
0.07298841327428818
0.04328972101211548
0.11549203097820282
0.02314375340938568
0.12392797321081161
0.03308771178126335
0.0863935798406601
0.00492780189961195
0.11643922328948975
0.044373515993356705
0.036123618483543396
0.19968239963054657
0.052992306649684906
0.057119131088256836
0.07736898958683014
0.054559364914894104
0.06978974491357803
0.04016219824552536
0.028578775003552437
0.06346207112073898
0.05514976382255554
0.007515651639550924
0.07847926020622253
0.04972701519727707
0.020648444071412086
0.041595831513404846
0.025968804955482483
0.050115834921598434
0.07258350402116776
0.07192285358905792
0.05576338618993759
0.010187068954110146
0.020692480728030205
0.042843133211135864
0.04160440340638161
0.020903758704662323
0.04380233958363533
0.016176283359527588
0.02468809485435486
0.09516078233718872
0.02622818760573864
0.0214161928743124
0.030578993260860443
0.1238667219877243
0.03701065108180046
0.04852790758013725
0.04542837291955948
0.03246147558093071
0.06541678309440613
0.035596106201410294
0.0688425600528717
0.06812470406293869
0.03277913108468056
0.08401386439800262
0.059978511184453964
0.13886195421218872
0.04105529934167862
0.05015280842781067
0.04085768014192581
0.10637880861759186
0.008631272241473198
0.019682781770825386
0.023345401510596275
6.347266025841236e-05
0.03418503701686859
0.033901311457157135
0.04056141898036003
0.06609008461236954
0.0828428566455841
0.04765593633055687
0.03518776223063469
0.02849053591489792
0.0549527071416378
0.16743838787078857
0.02193072810769081
0.07519061863422394
0.10018795728683472
0.04827768728137016
0.03139534965157509
0.08162406086921692
0.06718501448631287
0.05383298546075821
0.049077779054641724
0.04316730797290802
0.041263777762651443
0.03556506335735321
0.10955145955085754
0.053685132414102554
0.03673550859093666
0.03774620220065117
0.025737520307302475
0.04218710586428642
0.048170145601034164
0.03913622722029686
0.03987452760338783
0.1348627656698227
0.013217614032328129
0.016491331160068512
0.07573387771844864
0.028414860367774963
0.01947241835296154
0.021850118413567543
0.010267294012010098
0.0613207072019577
0.040524210780858994
0.008994034491479397
0.11944282054901123
0.05302593857049942
0.04617723077535629
0.10225546360015869
0.030067099258303642
0.04475690796971321
0.05201694369316101
0.042400408536195755
0.0696752667427063
0.08428214490413666
0.15725742280483246
0.0335879921913147
0.025635506957769394
0.0971476137638092
0.02304079942405224
0.07074639946222305
0.02169676311314106
0.031281229108572006
0.013734286651015282
0.0012689970899373293
0.02102457359433174
0.053446847945451736
0.09899524599313736
0.08291376382112503
0.08421442657709122
0.06916908919811249
0.019042616710066795
0.04687049239873886
0.02736230194568634
0.03519062325358391
0.0594436451792717
0.044969066977500916
0.06543413549661636
0.05557045340538025
0.023242391645908356
0.01717534288764
0.0813589096069336
0.03689739480614662
0.017957815900444984
0.029325002804398537
0.11311566829681396
0.01224514376372099
0.04948515072464943
0.10138699412345886
0.025256969034671783
0.033123042434453964
0.04845551401376724
0.025736691430211067
0.06348378956317902
0.015317765064537525
0.1172829270362854
0.059476613998413086
0.11678696423768997
0.013895857147872448
0.030708108097314835
0.072191521525383
0.059907227754592896
0.0033641671761870384
0.0037823719903826714
0.06684374809265137
0.05567358061671257
0.05577220022678375
0.06102818250656128
0.00042187178041785955
0.1755402535200119
0.06144653633236885
0.026744939386844635
0.04209678992629051
0.039240382611751556
0.022891826927661896
0.044987428933382034
0.018035050481557846
0.04523544758558273
0.02434570901095867
0.000504521478433162
0.07123390585184097
0.03240712359547615
0.05016758292913437
0.03156042844057083
0.06288129836320877
0.03639039397239685
0.11369062960147858
0.11149775981903076
0.052979398518800735
0.061718594282865524
0.16933086514472961
0.03566448390483856
0.18419651687145233
0.030261127278208733
0.07174951583147049
0.17729564011096954
0.055022649466991425
0.17413556575775146
0.05035509541630745
0.040935907512903214
0.03829846531152725
0.05890810489654541
0.03358322009444237
0.005486004054546356
0.04770774394273758
0.03004802204668522
0.05194064602255821
0.021673616021871567
0.12355632334947586
0.039642781019210815
0.09957368671894073
0.04508804902434349
0.04641143977642059
0.059847503900527954
0.0699441209435463
0.12315719574689865
0.03633354604244232
0.027904603630304337
0.017978591844439507
0.02581959217786789
0.03354794904589653
0.07843418419361115
0.11917562037706375
0.06747795641422272
0.197357639670372
0.01138235256075859
0.027498740702867508
0.02636360377073288
0.15833066403865814
0.008370880968868732
0.07454857230186462
0.0438399501144886
0.048931945115327835
0.05309612303972244
0.07759309560060501
0.09916190803050995
0.05597929283976555
0.04267657920718193
0.1318744421005249
0.05840358883142471
0.060968849807977676
0.050140559673309326
0.02894304133951664
0.054195426404476166
0.00039687895332463086
0.014841625466942787
0.0009483869653195143
0.02184850163757801
0.06445732712745667
0.044755157083272934
0.06431922316551208
0.1385774463415146
0.04437877982854843
0.0982552245259285
0.12955492734909058
0.09354830533266068
0.030873293057084084
0.019025083631277084
0.06438791006803513
0.3088281452655792
0.03467293456196785
0.06658697128295898
0.04348026588559151
0.023910723626613617
0.035198964178562164
0.08566262573003769
0.036308493465185165
0.05052468180656433
0.05187258496880531
0.07051075994968414
0.03631412982940674
0.02185775712132454
0.06265352666378021
0.04970588535070419
0.03728867322206497
0.061626192182302475
0.03614103049039841
0.0791635662317276
0.02140004001557827
0.058769505470991135
0.15188993513584137
0.05633068457245827
0.03626958280801773
0.03792008385062218
0.0210875254124403
0.0777471736073494
0.10894569754600525
0.03621066361665726
0.025486456230282784
0.06615085154771805
0.05020800977945328
0.02766597643494606
0.025216002017259598
0.02450110763311386
0.04778262600302696
0.13720457255840302
0.017736250534653664
0.060405559837818146
0.029962018132209778
0.030452022328972816
0.034325290471315384
0.030164480209350586
0.05706203728914261
0.09094509482383728
0.009386692196130753
0.04038924723863602
0.021237853914499283
0.017624061554670334
0.021800395101308823
0.0745479017496109
0.016420891508460045
0.02159271016716957
0.1022455021739006
0.025500111281871796
0.0054969084449112415
0.04130355268716812
0.17567908763885498
0.14167720079421997
0.04420371726155281
0.00956253707408905
0.15771321952342987
0.07081101089715958
0.009421362541615963
0.03524834290146828
0.05507791414856911
0.21431565284729004
0.04459952563047409
0.015023875050246716
0.047358423471450806
0.0694713443517685
0.01946755312383175
0.059927769005298615
0.05639656260609627
0.041792407631874084
0.08306504040956497
0.06828618794679642
0.0698338970541954
0.030952583998441696
0.014584867283701897
0.022631682455539703
0.022882726043462753
0.07993923127651215
0.010086161084473133
0.07161221653223038
0.0069033256731927395
0.07868990302085876
0.00645378278568387
0.027411138638854027
0.03757137432694435
0.057302962988615036
0.08307011425495148
0.0778220072388649
0.02334785833954811
0.037338946014642715
0.04368545860052109
0.06286691129207611
0.17913208901882172
0.022380368784070015
0.12024222314357758
0.03302808478474617
0.05726165324449539
0.09224016964435577
0.06491079926490784
0.03325790911912918
0.012392568401992321
0.019986841827630997
0.25391513109207153
0.0415930338203907
0.03181426599621773
0.031955618411302567
0.08405041694641113
0.0678429901599884
0.007333420217037201
0.07888738065958023
0.04230537265539169
0.048858121037483215
0.10694128274917603
0.07565347850322723
0.11189399659633636
0.026858797296881676
0.040528181940317154
0.08311066776514053
0.16149137914180756
0.06074368208646774
0.001425561378709972
0.04613132029771805
0.049418531358242035
0.03185845538973808
0.04221537709236145
0.023002462461590767
0.04126345366239548
0.05159568414092064
0.10041353106498718
0.04373995587229729
0.09413691610097885
0.053256694227457047
0.0355052649974823
0.09693846851587296
0.047845661640167236
0.02723763883113861
0.09036946296691895
0.11718540638685226
0.02844860777258873
0.030404096469283104
0.009120444767177105
0.013458126224577427
0.011709194630384445
0.013694331981241703
0.12237774580717087
0.009668760001659393
0.04125749692320824
0.06209958717226982
0.02775368094444275
0.016432909294962883
0.04178152605891228
0.02235787734389305
0.009888401255011559
0.03682553023099899
0.038595590740442276
0.028195170685648918
0.023444529622793198
0.010418519377708435
0.056709833443164825
0.03644635155797005
0.04256045073270798
0.0987844169139862
0.006754986010491848
0.042361341416835785
0.05689441040158272
0.032775796949863434
0.04099880903959274
0.012921007350087166
0.0200129896402359
0.036940351128578186
0.04986965283751488
0.08422954380512238
0.11257161945104599
0.037219561636447906
0.03413095325231552
0.10616662353277206
0.09555260837078094
0.07182690501213074
0.19293507933616638
0.05815884470939636
0.0008023887639865279
0.11294093728065491
0.0177636556327343
0.06617062538862228
0.08612250536680222
0.008291301317512989
0.049622535705566406
0.00636735325679183
0.033730003982782364
0.06502395123243332
0.08290965110063553
0.04175928607583046
0.08383595198392868
0.05009589344263077
0.11236695200204849
0.1188228651881218
0.09843779355287552
0.03754609823226929
0.0626380443572998
0.1669529229402542
0.01785942167043686
0.0022602903191000223
0.03990839794278145
0.041188646107912064
0.04632706567645073
0.053430527448654175
0.04913581162691116
0.11429981887340546
0.06042405217885971
0.04285500943660736
0.13470175862312317
0.02816178649663925
0.04230782762169838
0.02166832610964775
0.03195822611451149
0.05929429456591606
0.061611972749233246
0.04034274443984032
0.070815809071064
0.016650347039103508
0.23349063098430634
0.01593087613582611
0.03768208250403404
0.026304462924599648
0.14172278344631195
0.026072712615132332
0.03319772705435753
0.10583711415529251
0.07598207890987396
0.07199378311634064
0.054385099560022354
0.06103703752160072
0.011178826913237572
0.17572595179080963
0.0034108152613043785
0.003955538384616375
0.06335128843784332
0.048789046704769135
0.016600126400589943
0.03722519427537918
0.06665398925542831
0.027153510600328445
0.07885856926441193
0.04285615682601929
0.045334089547395706
0.019535141065716743
0.10033425688743591
0.06425158679485321
0.04919663816690445
0.06963682919740677
0.10065839439630508
0.05443570017814636
0.02439701557159424
0.028160031884908676
0.0895659476518631
0.06295578181743622
0.07978333532810211
0.0026175579987466335
0.01490427553653717
0.04760884866118431
0.03936958685517311
0.07483212649822235
0.0862143412232399
0.061404161155223846
0.015246624127030373
0.05853837728500366
0.04094446077942848
0.041638635098934174
0.03372746706008911
0.058098793029785156
0.0709235668182373
0.03619084879755974
0.030912961810827255
0.031140688806772232
0.03720693662762642
0.04396115243434906
0.017098883166909218
0.018269583582878113
0.04036683216691017
0.034996628761291504
0.026013242080807686
0.045634686946868896
0.03584137558937073
0.08082582801580429
0.08479666709899902
0.019370533525943756
0.03850967064499855
0.040370963513851166
0.10594690591096878
0.04198843613266945
0.021641382947564125
0.019894827157258987
0.03112735226750374
0.03243303298950195
0.044850315898656845
0.05480801314115524
0.015069099143147469
0.07444131374359131
0.04772074148058891
0.0310189388692379
0.048059314489364624
0.020733803510665894
0.183094322681427
0.03459829092025757
0.02322639524936676
0.06038202717900276
0.0555940680205822
0.08995211124420166
0.05106449872255325
0.05067194625735283
0.019455883651971817
0.030070196837186813
0.11130182445049286
0.014502815902233124
0.07327034324407578
0.028279844671487808
0.17482401430606842
0.07476501911878586
0.121090367436409
0.018839392811059952
0.05842668563127518
0.1040930226445198
0.03275439143180847
0.02396397478878498
0.046450018882751465
0.05717870593070984
0.00032854737946763635
0.03659448027610779
0.08645760267972946
0.020243478938937187
0.04524761810898781
0.11911623924970627
0.04174274578690529
0.026860710233449936
0.04138054698705673
0.034071773290634155
0.1820187121629715
0.004221726208925247
0.11401719599962234
0.010716554708778858
0.033758703619241714
0.024953046813607216
0.03817062824964523
0.023107733577489853
0.02873629331588745
0.031904105097055435
0.09232740849256516
0.033334553241729736
0.06685701757669449
0.030646350234746933
0.03230017423629761
0.13516747951507568
0.007518646772950888
0.023166608065366745
0.06124868243932724
0.05096783488988876
0.06378041207790375
0.07427255809307098
0.04538048803806305
0.032279495149850845
0.012817829847335815
0.05296279862523079
0.051960960030555725
0.030712373554706573
0.03546914830803871
0.12207809835672379
0.11929596215486526
0.02686091884970665
0.09746485203504562
0.057372599840164185
0.05634446069598198
0.00019951403373852372
0.003390184137970209
0.052826616913080215
0.06984846293926239
0.05042019858956337
0.07367349416017532
0.18014566600322723
0.03870801255106926
0.023309670388698578
0.020923439413309097
0.047692444175481796
0.028679080307483673
0.012338340282440186
0.01573786325752735
0.06682358682155609
0.052026163786649704
0.03781789913773537
0.011495262384414673
0.13168270885944366
0.1515478789806366
0.0915914848446846
0.0665040910243988
0.024384012445807457
0.03583696112036705
0.04970140755176544
0.03917847201228142
0.11071369796991348
0.08344678580760956
0.01011325791478157
0.020768288522958755
0.11873845756053925
0.10756702721118927
0.04884222894906998
0.08768356591463089
0.028071952983736992
0.045263033360242844
0.06223149225115776
0.026839694008231163
0.23931065201759338
0.10335414111614227
0.02187339961528778
0.10751422494649887
0.07926301658153534
0.04011872783303261
0.01098347082734108
0.07559828460216522
0.13007275760173798
0.0378422811627388
0.0812874287366867
0.07584689557552338
0.018759742379188538
0.05262092873454094
0.011092057451605797
0.06224019080400467
0.01920918934047222
0.05046123266220093
0.0695209726691246
0.035857412964105606
0.027989553287625313
0.014125418849289417
0.14907756447792053
0.05721929296851158
0.04537979140877724
0.05375095084309578
0.07862518727779388
0.11314409971237183
0.054606661200523376
0.01638679951429367
0.03245421126484871
0.02826540730893612
0.029348252341151237
0.10531827807426453
0.032880816608667374
0.027719508856534958
0.038845404982566833
0.13949571549892426
0.10222022235393524
0.035858314484357834
0.018008453771471977
0.01080605573952198
0.012513826601207256
0.024309827014803886
0.03528342768549919
0.03735986724495888
0.04706133157014847
0.05339130759239197
0.09040062874555588
0.0591183565557003
0.12304139137268066
0.018514441326260567
0.024357859045267105
0.16347390413284302
0.10890132933855057
0.02993115782737732
0.029790453612804413
0.02561357617378235
0.2998654842376709
0.02192295342683792
0.05969182029366493
0.057816945016384125
0.053436245769262314
0.07304538041353226
0.043531231582164764
0.04758073762059212
0.037510380148887634
0.043387554585933685
0.09859242290258408
0.0632004365324974
0.13680095970630646
0.0014205501647666097
0.04571373015642166
0.08294938504695892
0.03298071399331093
0.04095923528075218
0.08069702982902527
0.06316611915826797
0.09832808375358582
0.04034772515296936
0.07766588032245636
0.07901656627655029
0.020724721252918243
0.024029385298490524
0.025382302701473236
0.007547392975538969
0.040310438722372055
0.08357135206460953
0.08348604291677475
0.06871481239795685
0.042570341378450394
0.020865686237812042
0.04184475913643837
0.062132328748703
0.03811546787619591
0.038337595760822296
0.08099549263715744
0.03351190686225891
0.03530515357851982
0.0007406041258946061
0.011564048938453197
0.04159102588891983
0.10312169790267944
0.037471454590559006
0.05299217998981476
0.05987883359193802
0.01922467164695263
0.013461400754749775
0.022864313796162605
0.03077525645494461
0.0809701457619667
0.0403614304959774
0.04040715470910072
0.06531091034412384
0.01254876609891653
0.047814175486564636
0.20101675391197205
0.0780964121222496
0.0229262113571167
0.056442052125930786
0.027950827032327652
0.006584181450307369
0.02240666002035141
0.08832508325576782
0.04392208904027939
0.06708569079637527
0.012985389679670334
0.13220225274562836
0.021203238517045975
0.07052451372146606
0.06375769525766373
0.018180932849645615
0.037845224142074585
0.0665447786450386
0.03844628110527992
0.0066529433242976665
0.05910074710845947
0.02246270328760147
0.021812593564391136
0.01439235545694828
0.044512443244457245
0.051022931933403015
0.061378028243780136
0.017425253987312317
0.05947494134306908
0.021189233288168907
0.07294240593910217
0.024218911305069923
0.03507872298359871
0.003886971389874816
0.0579981654882431
0.04347088187932968
0.07719177007675171
0.04535575583577156
0.032964348793029785
0.013762502931058407
0.1552596092224121
0.007050585001707077
0.07288195937871933
0.08130156993865967
0.015429274179041386
0.1063862219452858
0.06423891335725784
0.018298905342817307
0.06805916130542755
0.01987941935658455
0.03176740184426308
0.029392393305897713
0.03403822332620621
0.0749765932559967
0.022482404485344887
0.04767573997378349
0.055734485387802124
0.0287514328956604
0.0550258606672287
0.03274480253458023
0.020122207701206207
0.06435590982437134
0.07263677567243576
0.09970872104167938
0.02903674729168415
0.0688452422618866
0.03202257677912712
0.04029214009642601
0.16384877264499664
0.03458826616406441
0.0013260074192658067
0.05961532145738602
0.14298032224178314
0.10361894965171814
0.05317171290516853
0.07647933065891266
0.04738958179950714
0.042967040091753006
0.12388847768306732
0.028598280623555183
0.03482452407479286
0.035951558500528336
0.09299004077911377
0.014492377638816833
0.11356790363788605
0.021329015493392944
0.024043189361691475
0.04521187022328377
0.040641963481903076
0.0742831602692604
0.03312990814447403
0.031929124146699905
0.06177099421620369
0.13581539690494537
0.03998362272977829
0.07162585854530334
0.02597442828118801
0.04961646720767021
0.04822400212287903
0.09024568647146225
0.029263122007250786
0.025445690378546715
0.04103695973753929
0.09982890635728836
0.05301070958375931
0.1023489311337471
0.03223103657364845
0.004711667541414499
0.05338752642273903
0.02506682276725769
0.05151352658867836
0.05324963852763176
0.051457729190588
0.04688624292612076
0.03866254538297653
0.02375377155840397
0.09074785560369492
0.05168166011571884
0.04007426276803017
0.06779609620571136
0.04523700103163719
0.03885252773761749
0.011064236983656883
0.027720274403691292
0.08824008703231812
0.05628011375665665
0.11263582855463028
0.027069997042417526
0.027275923639535904
0.08304595202207565
0.05264359340071678
0.02469639666378498
0.02138608694076538
0.058501314371824265
0.058108069002628326
0.06547190994024277
0.019378045573830605
0.11720085889101028
0.05069729685783386
0.18469597399234772
0.029880942776799202
0.07948444783687592
0.060973089188337326
0.046026814728975296
0.07208402454853058
0.09682825952768326
0.05369860306382179
0.04197902977466583
0.025750959292054176
0.07940173149108887
0.06064479425549507
0.12041854858398438
0.022634265944361687
0.02356848306953907
0.07067526876926422
0.036991387605667114
0.0168614499270916
0.14925624430179596
0.05882656201720238
0.0007368740043602884
0.007797571364790201
0.0209417212754488
0.04509056359529495
0.014232262037694454
0.02100404165685177
0.03161078318953514
0.04578569531440735
0.04555018991231918
0.055062223225831985
0.02201046794652939
0.020853130146861076
0.20998264849185944
0.06156976521015167
0.06099103018641472
0.07084877789020538
0.05399993434548378
0.029321085661649704
0.013194935396313667
0.024983137845993042
0.04653444141149521
0.1729438304901123
0.08001525700092316
0.055835701525211334
0.043686047196388245
0.017690643668174744
0.01511668972671032
0.029819631949067116
0.05474844574928284
0.044731587171554565
0.11361250281333923
0.011635451577603817
0.026863284409046173
0.12734289467334747
0.011418184265494347
0.014809558168053627
0.027058720588684082
0.016488755121827126
0.03927554562687874
0.031306639313697815
0.0721220150589943
0.032601580023765564
0.048757150769233704
0.12994563579559326
0.10857626050710678
0.06538284569978714
0.0003581113996915519
0.07837595790624619
0.04745291545987129
0.05611897259950638
0.06204552575945854
0.06949011236429214
0.03127715736627579
0.04701012000441551
0.08077476173639297
0.022674283012747765
0.05447395145893097
0.12208190560340881
0.0734376385807991
0.00018168790847994387
0.09439423680305481
0.05698204040527344
0.14292868971824646
0.0002067297900794074
0.01665099523961544
0.01799098215997219
0.09003271907567978
0.01082004513591528
0.11162559688091278
0.0878528580069542
0.02745984122157097
0.06516221165657043
0.06830301135778427
0.06875764578580856
0.02947414480149746
0.04171472042798996
0.07849536091089249
0.023552384227514267
0.06787728518247604
0.025633472949266434
0.010468319058418274
0.04858846217393875
0.02741098403930664
0.05733800306916237
0.021921394392848015
0.048325490206480026
0.018776584416627884
0.12992355227470398
0.037694238126277924
0.0341583788394928
0.06427546590566635
0.05306531488895416
0.04141915962100029
0.0006090825772844255
0.13865940272808075
0.0349683053791523
0.011583768762648106
0.008041412569582462
0.05662799999117851
0.09160597622394562
0.056304682046175
0.030936002731323242
0.031246446073055267
0.019771693274378777
0.013090839609503746
0.036981210112571716
0.028800200670957565
0.05016403645277023
0.06260133534669876
0.028743278235197067
0.08332815021276474
0.06857611238956451
0.08895441889762878
0.033908527344465256
0.04357987269759178
0.10486730188131332
0.05128317326307297
0.020513489842414856
0.05524805188179016
0.07234235852956772
0.09183933585882187
0.0743689015507698
0.08371026068925858
0.0034507890231907368
0.031205663457512856
0.0017041002865880728
0.06035058945417404
0.03069574572145939
0.029183657839894295
0.05061725527048111
0.04255976155400276
0.029049767181277275
0.09950396418571472
0.03570276498794556
0.055767856538295746
0.07662206888198853
0.03974566608667374
0.0491689071059227
0.12586469948291779
0.032484594732522964
0.04759770631790161
0.05662567913532257
0.031514592468738556
0.06066406890749931
0.017000293359160423
0.08017398416996002
0.041047561913728714
0.022467011585831642
0.014753866009414196
0.013255800120532513
0.06255904585123062
0.023972807452082634
0.04885534569621086
0.039074093103408813
0.03777099773287773
0.14007392525672913
0.07637644559144974
0.0676540732383728
0.03586861863732338
0.02427268587052822
0.038410432636737823
0.018992194905877113
0.0953729897737503
0.034447405487298965
0.03463582322001457
0.04965319484472275
0.0828106626868248
0.07632902264595032
0.037101637572050095
0.06721170246601105
0.11437413096427917
0.025611883029341698
0.06279442459344864
0.04935756325721741
0.016291160136461258
0.01658019982278347
0.03459147363901138
0.06670284271240234
0.09241342544555664
0.03709489107131958
0.014906960539519787
0.050607457756996155
0.03687673807144165
0.01807713694870472
0.05844241380691528
0.03144330531358719
0.015426993370056152
0.03025548905134201
0.08367396891117096
0.04569045081734657
0.05820899456739426
0.024571729823946953
0.017146315425634384
0.035862088203430176
0.0679236501455307
0.011491835117340088
0.03460829704999924
0.02323758974671364
0.08241700381040573
0.057496823370456696
0.05860986188054085
0.048312824219465256
0.06121862679719925
0.055296432226896286
0.032459087669849396
0.018046613782644272
0.03984123840928078
0.041801996529102325
0.015260452404618263
0.03486781567335129
0.04633349925279617
0.10518234968185425
0.049510352313518524
0.04124493524432182
0.022008802741765976
0.025697972625494003
0.017786215990781784
0.04470108449459076
0.10014834254980087
0.061530426144599915
0.08006494492292404
0.06859131157398224
0.05714245140552521
0.06047550588846207
0.019700147211551666
0.09501616656780243
0.14927513897418976
0.027790561318397522
0.06499643623828888
0.09717947989702225
0.09417494386434555
0.048814330250024796
0.015562907792627811
0.028011664748191833
0.06446684896945953
0.1250578612089157
0.06112423911690712
0.03782966732978821
0.18985025584697723
0.09335527569055557
8.528227044735104e-05
0.07558885216712952
0.055208660662174225
0.04560055583715439
0.0654103234410286
0.03855367377400398
0.04628640040755272
0.01723383367061615
0.09768880903720856
0.03430986404418945
0.0822829157114029
0.14604805409908295
0.041844192892313004
0.059185001999139786
0.030093947425484657
0.07109382748603821
0.07259403169155121
0.06656970083713531
0.0544157475233078
0.03477022424340248
0.06521567702293396
0.05285506322979927
0.00024668360128998756
0.03486085683107376
0.07337521016597748
0.02984560839831829
0.02598646655678749
0.013259807601571083
0.0018309939187020063
0.027740227058529854
0.0461028553545475
0.04932137951254845
0.04309453070163727
0.04749899357557297
0.013633872382342815
0.22867004573345184
0.05160819739103317
0.044178590178489685
0.02551613748073578
0.07252731919288635
0.06145891919732094
0.057571060955524445
0.010857578366994858
0.053817883133888245
0.057774148881435394
0.028284069150686264
0.015971388667821884
0.02201944962143898
0.044434793293476105
0.04131021723151207
0.07750403136014938
0.11242721229791641
0.030198708176612854
0.03470039740204811
0.022128485143184662
0.05558386072516441
0.08751849830150604
0.04284905269742012
0.0658942237496376
0.026071395725011826
0.09098580479621887
0.03402770310640335
0.0009824336739256978
0.03142175450921059
0.046816930174827576
0.04521498829126358
0.06348984688520432
0.07818885892629623
0.2876950204372406
0.03947518765926361
0.06455700099468231
0.008750148117542267
0.06618595868349075
0.07565475255250931
0.08148018270730972
0.03741645812988281
0.009700151160359383
0.05329566076397896
0.12757240235805511
0.046698011457920074
0.04116596281528473
0.003919070586562157
0.053222160786390305
0.0006755199283361435
0.07486949115991592
0.026643607765436172
0.015502959489822388
0.034683287143707275
0.09461164474487305
0.010755586437880993
0.1949804723262787
0.044202789664268494
0.020988766103982925
0.0636448860168457
0.06534306704998016
0.041942860931158066
0.06587319076061249
0.083870530128479
0.029908113181591034
0.12901858985424042
0.0497266948223114
0.023590313270688057
0.038666415959596634
0.05517900735139847
0.038920119404792786
0.0063873701728880405
0.1614401936531067
0.032787591218948364
0.13158029317855835
0.01976444385945797
0.054225627332925797
0.04910137876868248
0.1639680117368698
0.04129225015640259
0.03235027194023132
0.05039162188768387
0.06081056967377663
0.032134752720594406
0.11869118362665176
0.007948311045765877
0.04064007103443146
0.015133672393858433
0.04034262150526047
0.05802660062909126
0.014142435044050217
0.09224026650190353
0.020990267395973206
0.041493140161037445
0.05418623611330986
0.04377029836177826
0.04206326976418495
0.08188921213150024
0.15797366201877594
0.04947242513298988
0.03726733848452568
0.03627699613571167
0.03446751832962036
0.02518521249294281
0.02882271073758602
0.07048496603965759
0.07576220482587814
0.03751024603843689
0.03423411399126053
0.04916417971253395
0.023042546585202217
0.03844015300273895
0.025389790534973145
0.07382816821336746
0.07897334545850754
0.04576066881418228
0.10144580900669098
0.07032471895217896
0.03430624306201935
0.10051563382148743
0.045891858637332916
0.03754153475165367
0.05270936340093613
0.05601736530661583
0.010548795573413372
0.07314784079790115
0.05732524022459984
0.04614640772342682
0.04713735729455948
0.04055868461728096
0.04528457298874855
0.05526583641767502
0.039781056344509125
0.015215462073683739
0.07020048797130585
0.08753534406423569
0.018737981095910072
0.021288270130753517
0.03250875324010849
0.025286078453063965
0.026638539507985115
0.03652725741267204
0.011944372206926346
0.04547405242919922
0.08579380810260773
0.039175260812044144
0.04832413047552109
0.011825773864984512
0.07721900194883347
0.05349550023674965
0.08357663452625275
0.03385606035590172
0.05999603122472763
0.015733329579234123
0.03796413540840149
0.05405918508768082
0.07424948364496231
0.06804460287094116
0.06314514577388763
0.07863770425319672
0.021095624193549156
0.013656344264745712
0.030404256656765938
0.11154841631650925
0.036300212144851685
0.08999428153038025
0.06975219398736954
0.09159129858016968
0.02274336665868759
0.08028421550989151
0.032763898372650146
0.08800789713859558
0.07388123869895935
0.03300030156970024
0.014808990992605686
0.023711098358035088
0.022964393720030785
0.02906329184770584
0.032358087599277496
0.06546935439109802
0.043740056455135345
0.056794311851263046
0.03460664302110672
0.08661452680826187
0.08104132860898972
0.08432909846305847
0.07284325361251831
0.009607283398509026
0.0421149842441082
0.03364621847867966
0.024285312741994858
0.02964453212916851
0.04311889037489891
0.03632485494017601
0.12864910066127777
0.038187213242053986
0.14044727385044098
0.08601968735456467
0.017156176269054413
0.025556791573762894
0.1247352808713913
0.05117373540997505
0.04476316273212433
0.03170102834701538
0.030910294502973557
0.03931611031293869
0.08085612207651138
0.017111236229538918
0.0562727153301239
0.039837226271629333
0.02522064372897148
0.08597525209188461
0.0485461987555027
0.11711175739765167
0.04355698823928833
0.02354300022125244
0.0549430325627327
0.046790484338998795
0.028968490660190582
0.026971863582730293
0.007294210605323315
0.038738563656806946
0.0630570575594902
0.06613357365131378
0.035927027463912964
0.041407905519008636
0.10994866490364075
0.04203437268733978
0.0821700394153595
0.05596709996461868
0.023770619183778763
0.0463954322040081
0.052326224744319916
0.06970900297164917
0.030864203348755836
0.04168441519141197
0.10031101852655411
0.019159484654664993
0.024327676743268967
0.03049982711672783
0.024030229076743126
0.015902848914265633
0.05407543480396271
0.016270792111754417
0.002246246440336108
0.02304370328783989
0.05898892879486084
0.04443766176700592
0.03006674163043499
0.05598919838666916
0.0652988851070404
0.05682193115353584
0.01941714808344841
0.006520214956253767
0.029227783903479576
0.027187516912817955
0.038046207278966904
0.058356113731861115
0.024459028616547585
0.06114405766129494
0.09189701825380325
0.05772031843662262
0.021224036812782288
0.05354885011911392
0.041830435395240784
0.08147422224283218
0.04022984951734543
0.04418687894940376
0.048453643918037415
0.03742875158786774
0.05053475499153137
0.0899747684597969
0.08290319889783859
0.05333690717816353
0.026009192690253258
0.22534267604351044
0.02740384265780449
0.01995738036930561
0.027351487427949905
0.04823251813650131
0.07851386070251465
0.05265768989920616
0.1023581475019455
0.05198540538549423
0.025304967537522316
0.06896311789751053
0.018522340804338455
0.04792054370045662
0.04078245535492897
0.053291358053684235
0.04519292339682579
0.042458485811948776
0.14244435727596283
0.04217642545700073
0.05984828248620033
0.07766281813383102
0.015223540365695953
0.031373146921396255
0.03855748102068901
0.03645883500576019
0.04315311461687088
0.07146084308624268
0.019591087475419044
0.031136445701122284
0.07160288095474243
0.037697724997997284
0.10073272138834
0.033418409526348114
0.012954594567418098
0.06998839974403381
0.03237465023994446
0.05083116516470909
0.009505454450845718
0.07428393512964249
0.0350356362760067
0.029953444376587868
0.021418634802103043
0.038640253245830536
0.0315486416220665
0.04873022064566612
0.024582844227552414
0.022976279258728027
0.03687180578708649
0.027682894840836525
0.016420401632785797
0.05688820779323578
0.029382195323705673
0.11244513094425201
0.03221731632947922
0.02394956909120083
0.04360008239746094
0.04136833921074867
0.06078431010246277
0.0036356078926473856
0.05395150184631348
0.05867232382297516
0.056272950023412704
0.01715901866555214
0.07598952949047089
0.059834592044353485
0.04263397306203842
0.016206614673137665
0.054187923669815063
0.03695047274231911
0.02674589864909649
0.039944056421518326
0.016465788707137108
0.034820783883333206
0.1530035138130188
0.03545982763171196
0.10115651041269302
0.043772242963314056
0.033757057040929794
0.04935399442911148
0.028507791459560394
0.04571302607655525
0.036927759647369385
0.021255485713481903
0.06345653533935547
0.046282585710287094
0.026956239715218544
0.007963846437633038
0.06231456249952316
0.046623896807432175
0.03662602975964546
0.06378941237926483
0.0008842808892950416
0.08393540978431702
0.053358715027570724
0.11726532876491547
0.0485624298453331
0.06922367215156555
0.01023608073592186
0.020474176853895187
0.06933517009019852
0.03466790169477463
0.0376555398106575
0.017980050295591354
0.03365025669336319
0.01888905093073845
0.018828924745321274
0.10942159593105316
0.0006297545623965561
0.18193334341049194
0.043277252465486526
0.047439076006412506
0.0886487364768982
0.039460085332393646
0.046518150717020035
0.04008472338318825
0.05471658706665039
0.05661877989768982
0.025817204266786575
0.017504923045635223
0.03785905987024307
0.0607558973133564
0.006746095605194569
0.0205204077064991
0.026230400428175926
0.015427662059664726
0.07120358943939209
0.018049921840429306
0.06446290761232376
0.05421525239944458
0.09596077352762222
0.039409179240465164
0.001489392714574933
0.00038359290920197964
0.08397658914327621
0.004995466209948063
0.03523440286517143
0.13266731798648834
0.023713182657957077
0.11081553995609283
0.001243452774360776
0.059044621884822845
0.1577150523662567
0.03351011872291565
0.049925658851861954
0.020695408806204796
0.13270451128482819
0.021100377663969994
0.04329032823443413
0.038709141314029694
0.08162999153137207
0.05936182290315628
0.025073472410440445
0.06303082406520844
0.03359821066260338
0.10766379535198212
0.05643695965409279
0.08037827908992767
0.05232929438352585
0.0001735856494633481
0.12955103814601898
0.02694217674434185
0.06290186196565628
0.043766047805547714
0.06309420615434647
0.08288906514644623
0.07805263251066208
0.07650905847549438
0.10674533247947693
0.030628768727183342
0.10053737461566925
0.21629598736763
0.07425537705421448
0.08222285658121109
0.02425478957593441
0.06644728779792786
0.013045652769505978
0.03063911572098732
0.07835880666971207
0.045458629727363586
0.040223632007837296
0.17263701558113098
0.03167098015546799
0.049324892461299896
0.06543580442667007
0.03104090876877308
0.05542612448334694
0.03576517105102539
0.026712313294410706
0.06529061496257782
0.07234888523817062
0.05805866792798042
0.050176121294498444
0.045249249786138535
0.07309788465499878
0.028835434466600418
0.1068672314286232
0.0007138515939004719
0.09518922120332718
0.039373356848955154
0.030613891780376434
0.0329258069396019
0.04281536489725113
0.009120899252593517
0.039439525455236435
0.04120371863245964
0.0161843653768301
0.02783040888607502
0.012650794349610806
0.022319668903946877
0.06796469539403915
0.06809406727552414
0.05938088148832321
0.07262498885393143
0.021404115483164787
0.030689070001244545
0.08059483021497726
0.03866470605134964
0.07272715121507645
0.01037098653614521
0.004307826515287161
0.0524592399597168
0.04085102677345276
0.09469104558229446
0.11755510419607162
0.04396441951394081
0.05668296664953232
0.04223665967583656
0.051149558275938034
0.02147292159497738
0.04332680255174637
0.06475268304347992
0.07440212368965149
0.05704190954566002
0.018156640231609344
0.026906825602054596
0.021819593384861946
0.03465849906206131
0.029790163040161133
0.07834897190332413
0.05209340155124664
0.005736907012760639
0.022925490513443947
0.03542042151093483
0.011481211520731449
0.09610787779092789
0.046224307268857956
0.1393967866897583
0.12498178333044052
0.02124539203941822
0.04876374080777168
0.15814800560474396
0.053593557327985764
0.027564413845539093
0.005408120341598988
0.050304822623729706
0.04285317286849022
0.035969339311122894
0.03627936169505119
0.057334549725055695
0.09289056062698364
0.04980230703949928
0.06829927116632462
0.04145444929599762
0.04458410665392876
0.024851009249687195
0.03848478943109512
0.023012220859527588
0.04727828875184059
0.05207827687263489
0.06324350833892822
0.08149981498718262
0.03006701171398163
0.03649033606052399
0.069013811647892
0.06313545256853104
0.05731275677680969
0.021387925371527672
0.0477139912545681
0.002539030509069562
0.016224442049860954
0.053075168281793594
0.14551883935928345
0.11213354766368866
0.0032135844230651855
0.03931383043527603
0.09973427653312683
0.02576986327767372
0.0362163744866848
0.010927225463092327
0.037069980055093765
0.025432389229536057
0.009205812588334084
0.024717234075069427
0.03274045139551163
0.04705396667122841
0.04689512774348259
0.06539788097143173
0.03356548026204109
0.0395691879093647
0.2169286459684372
0.051531679928302765
0.0030297692865133286
0.04489871859550476
0.030251767486333847
0.13220547139644623
0.005946520250290632
0.030668282881379128
0.04301580414175987
0.042095378041267395
0.13486534357070923
0.05249610170722008
0.047126878052949905
0.057506974786520004
0.05615803226828575
0.015147434547543526
0.004177520051598549
0.0715644434094429
0.029460174962878227
0.07972951978445053
0.07392530143260956
0.027698112651705742
0.02176632359623909
0.0013802815228700638
0.03780301287770271
0.04175850749015808
0.02796678990125656
0.030622752383351326
0.07919623702764511
0.05633993819355965
0.09943030029535294
0.035654351115226746
0.018397921696305275
0.013258377090096474
0.057715144008398056
0.03497995436191559
0.05901780724525452
0.049260951578617096
0.055386289954185486
0.038528650999069214
0.010988155379891396
0.2188396006822586
0.05789310112595558
0.03376324474811554
0.05281021445989609
0.027592845261096954
0.04874351620674133
0.1501295566558838
0.04579387232661247
0.050374433398246765
0.05840418487787247
0.05085818096995354
0.06423364579677582
0.03427870199084282
0.051569171249866486
0.03229043632745743
0.05194374918937683
0.04372592642903328
0.13299737870693207
0.0009087887592613697
0.07670530676841736
0.11134341359138489
0.050646208226680756
0.09409868717193604
0.05290362611413002
0.03271707519888878
0.09436364471912384
0.03836881369352341
0.07694061845541
0.03751691058278084
0.07329151779413223
0.01431618444621563
0.008363982662558556
0.0105042215436697
0.0026306184008717537
0.012001361697912216
0.03480880707502365
0.05240556225180626
0.05843174457550049
0.08173778653144836
0.013131469488143921
0.044804904609918594
0.018327245488762856
0.02822812832891941
0.05289004370570183
0.03253777325153351
0.03994819521903992
0.05036768317222595
0.20345455408096313
0.07089534401893616
0.008333098143339157
0.016639133915305138
0.04581514000892639
0.06402996182441711
0.07760124653577805
0.045872610062360764
0.08364085108041763
0.06681019812822342
0.053534407168626785
0.059206850826740265
0.05020317807793617
0.04649456590414047
0.03867367282509804
0.05749475583434105
0.07253453135490417
0.10770660638809204
0.04376717656850815
0.07652627676725388
0.03468972072005272
0.03859134390950203
0.069558285176754
0.020839981734752655
0.01087490376085043
0.019574033096432686
0.04102178290486336
0.07229722291231155
0.0993395671248436
0.03169100359082222
0.09030615538358688
0.017182543873786926
0.01551012508571148
0.04210248216986656
0.039189524948596954
0.0402388721704483
0.07341855764389038
0.027371995151042938
0.007070169318467379
0.07858720421791077
0.016533879563212395
0.023857813328504562
0.05601215735077858
0.0661352127790451
0.045751240104436874
0.04638834670186043
0.07665839791297913
0.06108708307147026
0.10917890071868896
0.0010655212681740522
0.06402330100536346
0.09624198824167252
0.09831530600786209
0.027403445914387703
0.0019966522231698036
0.07321334630250931
0.02318408153951168
0.03796680271625519
0.032312605530023575
0.04621458426117897
0.09734074026346207
0.03378279507160187
0.062294088304042816
0.10267982631921768
0.02887623943388462
0.0969185084104538
0.05135874077677727
0.055266305804252625
0.022926142439246178
0.030519483610987663
0.012607463635504246
0.02146158553659916
0.10870925337076187
0.054465774446725845
0.011830036528408527
0.041963111609220505
0.06112820655107498
0.01699441485106945
0.03735010698437691
0.010829196311533451
0.08095593750476837
0.037868257611989975
0.013063358142971992
0.021002670750021935
0.07589119672775269
0.06847690045833588
0.04570578783750534
0.04776373878121376
0.07175564765930176
0.0310362558811903
0.1005089208483696
0.1590384989976883
0.04505389928817749
0.04118401184678078
0.00047344673657789826
0.07998692989349365
0.06262507289648056
0.14974568784236908
0.03831781446933746
0.07509879767894745
0.024302128702402115
0.013901544734835625
0.19246609508991241
0.04495375230908394
0.0383697934448719
0.07332056015729904
0.05738231539726257
0.11167140305042267
0.06137872114777565
0.0713072419166565
0.06378118693828583
0.041470203548669815
0.06301075220108032
0.0011060255346819758
0.12324453145265579
0.11919815838336945
0.054045069962739944
0.085333913564682
0.05097094923257828
0.10538911819458008
0.026471663266420364
0.06501501798629761
0.031097788363695145
0.051053691655397415
0.03447529301047325
0.045469094067811966
0.05453060567378998
0.20328402519226074
0.04982538893818855
0.060179490596055984
0.07830069959163666
0.05158665031194687
0.10666065663099289
0.04162796586751938
0.028549933806061745
0.057356495410203934
0.06382354348897934
0.08036740124225616
0.041979677975177765
0.044121820479631424
0.0005737822502851486
0.056891411542892456
0.15284070372581482
0.042606472969055176
0.01837748847901821
0.04104097560048103
0.06249774619936943
0.04389849677681923
0.02226325497031212
0.050273165106773376
0.043140958994627
0.02910902537405491
0.02296486683189869
0.016836831346154213
0.04929104819893837
0.009037257172167301
0.04181233048439026
0.04892778396606445
0.0887705385684967
0.06322617828845978
0.06284782290458679
0.06137881800532341
0.049779534339904785
0.04731094464659691
0.031059233471751213
0.022772762924432755
0.07573160529136658
0.016120165586471558
0.11932656913995743
0.05438423901796341
0.09494093060493469
0.11781226843595505
0.02982269786298275
0.05644986778497696
0.03879256919026375
0.03322731703519821
0.05521345138549805
0.052045393735170364
0.05786294862627983
0.039435360580682755
0.06542571634054184
0.027970047667622566
0.05347844213247299
0.0017123185098171234
0.07794160395860672
0.04433003067970276
0.01621558703482151
0.11181113123893738
0.025238368660211563
0.04192432388663292
0.037323806434869766
0.05498162657022476
0.031970757991075516
0.08107196539640427
0.06614286452531815
0.08947114646434784
0.07861080765724182
0.019345661625266075
0.18502846360206604
0.017466368153691292
0.02312305010855198
0.04426632076501846
0.027133895084261894
0.07963132858276367
0.031609367579221725
0.08470967411994934
0.05885535478591919
0.07457917183637619
0.030831031501293182
0.05654684454202652
0.032245803624391556
0.034119099378585815
0.061008844524621964
0.11146336793899536
0.016696972772479057
0.08391687273979187
0.035124100744724274
0.06082962825894356
0.1168908029794693
0.06910181045532227
0.041875582188367844
0.12908169627189636
0.021516062319278717
0.03131590038537979
0.05472806468605995
0.010418260470032692
0.15609131753444672
0.040817663073539734
0.03403588384389877
0.015167277306318283
0.18629194796085358
0.018290553241968155
0.10947401821613312
0.028465384617447853
0.07554088532924652
0.08130370080471039
0.057533252984285355
0.022522667422890663
8.082571730483323e-05
0.05231345817446709
0.028592713177204132
0.09318307787179947
0.02994965948164463
0.07589942216873169
0.0684165507555008
0.03649009019136429
0.09812108427286148
0.019064385443925858
0.022364284843206406
0.062344834208488464
0.08760832250118256
0.09184358268976212
0.10905009508132935
0.034680597484111786
0.025133851915597916
0.10543789714574814
0.03166326880455017
0.020043417811393738
0.06776953488588333
0.04679173603653908
0.03230656683444977
0.05362963676452637
0.0366266667842865
0.06269665062427521
0.04246141016483307
0.052192676812410355
0.02999028004705906
0.03471415489912033
0.04503066837787628
0.040700946003198624
0.02990422397851944
0.034749194979667664
0.02998480759561062
0.0017637111013755202
0.0672663077712059
0.08321037888526917
0.028561322018504143
0.023808998987078667
0.03949471935629845
0.0014738126192241907
0.029294557869434357
0.021231768652796745
0.03490961343050003
0.03072941303253174
0.05088217556476593
0.04656314104795456
0.06846270710229874
0.03272838145494461
0.04910111054778099
0.05601575970649719
0.09433382004499435
0.05873076990246773
0.03623110055923462
0.05055299028754234
0.05386911332607269
0.09112461656332016
0.0741095319390297
0.05855425447225571
0.05039023235440254
0.010013170540332794
0.0010256691602990031
0.05166587233543396
0.10240563750267029
0.036802202463150024
0.06273534148931503
0.03571455553174019
0.07150498032569885
0.02267959713935852
0.011219820939004421
0.018113745376467705
0.051602840423583984
0.016570353880524635
0.12419992685317993
0.006419067271053791
0.04507256671786308
0.07087140530347824
0.01576405018568039
0.07273909449577332
0.14918431639671326
0.026840535923838615
0.0004307036870159209
0.05865447595715523
0.04111070558428764
0.023232286795973778
0.07910681515932083
0.020447207614779472
0.03218376636505127
0.027112597599625587
0.05435244366526604
0.044599033892154694
0.16526363790035248
0.06441399455070496
0.14036741852760315
0.01835065335035324
0.1055544912815094
0.033487144857645035
0.049724724143743515
0.043853871524333954
0.08503928780555725
0.08354891091585159
0.031361740082502365
0.0011494207428768277
0.04308684542775154
0.021262187510728836
0.03322405368089676
0.022958556190133095
0.035295289009809494
0.02078193426132202
0.016871824860572815
0.03184973821043968
0.08424991369247437
0.08434861153364182
0.11556379497051239
0.031801316887140274
0.03709299862384796
0.017221037298440933
0.050307150930166245
0.08012761920690536
0.01812795177102089
0.03467589244246483
0.1583343744277954
0.13240940868854523
0.13774918019771576
0.0621727891266346
0.0862480029463768
0.048721469938755035
0.021652542054653168
0.024708256125450134
0.08857637643814087
0.029064815491437912
0.1028742864727974
0.033133845776319504
0.023507704958319664
0.025026315823197365
0.01963011547923088
0.01118878647685051
0.07100477069616318
0.042629074305295944
0.15619315207004547
0.03697966784238815
0.03129229694604874
0.004385706968605518
0.012697647325694561
0.04947558417916298
0.024160725995898247
0.10207189619541168
0.05239253118634224
0.024588456377387047
0.027269434183835983
0.023685850203037262
0.04902521148324013
0.0834069773554802
0.06735850125551224
0.02911880612373352
0.06086231768131256
0.05502157285809517
0.0393560566008091
0.09338205307722092
0.07873167842626572
0.031589701771736145
0.021205496042966843
0.12781697511672974
0.0003095718566328287
0.052929893136024475
0.036692045629024506
0.024864019826054573
0.029276033863425255
0.03711431846022606
0.04034893587231636
0.004072275478392839
0.09714332222938538
0.038548387587070465
0.030812924727797508
0.01879560574889183
0.02761141024529934
0.0023027020506560802
0.07293611764907837
0.05033035948872566
0.04568205028772354
0.24631553888320923
0.028712941333651543
0.044693272560834885
0.06682901084423065
0.0218166746199131
0.01574048213660717
0.03360360488295555
0.025824056938290596
0.027211252599954605
0.06377571821212769
0.019722817465662956
0.007087723817676306
0.08073269575834274
0.04369192570447922
0.04136927053332329
0.03314913064241409
0.020137695595622063
0.08768518269062042
0.019816484302282333
0.03815273940563202
0.05744084343314171
0.01709490828216076
0.08210121095180511
0.05259661376476288
0.027480510994791985
0.12770020961761475
0.11884412169456482
0.08003878593444824
0.07106217741966248
0.04261406511068344
0.049288880079984665
0.008952928707003593
0.04365208372473717
0.15494504570960999
0.012201596051454544
0.01487606018781662
0.029023420065641403
0.017190327867865562
0.04458261653780937
0.04112916439771652
0.11940078437328339
0.021179312840104103
0.019179536029696465
0.043521538376808167
0.05761399865150452
0.060341596603393555
0.03699653595685959
0.0785021111369133
0.030573386698961258
0.04526425525546074
0.03842608630657196
0.08654623478651047
0.04138290509581566
0.0578477717936039
0.13050542771816254
0.03969708830118179
0.04632264003157616
0.036650341004133224
0.0664319396018982
0.05362614989280701
0.12587589025497437
0.04733417183160782
0.07388917356729507
0.014518915675580502
0.026500070467591286
0.016766957938671112
0.0004975069314241409
0.05836554244160652
0.02067643776535988
0.06238151714205742
0.02283249795436859
0.033483486622571945
0.00013381776807364076
0.04436201974749565
0.025488749146461487
0.10471595823764801
0.0551089309155941
0.06619962304830551
0.00024057424161583185
0.06974198669195175
0.042531512677669525
0.06519024074077606
0.02787320874631405
0.041526149958372116
0.025897959247231483
0.05692054331302643
0.009677215479314327
0.025504743680357933
0.05855404585599899
0.07314641773700714
0.006610521115362644
0.02910204418003559
0.05160869285464287
0.057073045521974564
0.031206464394927025
0.08289236575365067
0.0934925228357315
0.1281459480524063
0.017131993547081947
0.08091463893651962
0.02942405454814434
0.06586363911628723
0.012323280796408653
0.015324147418141365
0.050502341240644455
0.06475580483675003
0.014499256387352943
0.09446397423744202
0.14221994578838348
0.05983484536409378
0.0756944864988327
0.12580640614032745
0.14664006233215332
0.06851743161678314
0.031762994825839996
0.08118179440498352
0.03236217051744461
0.02854917384684086
0.14161503314971924
0.10393106192350388
0.03291172906756401
0.08817433565855026
0.03288765251636505
0.041273776441812515
0.0504041388630867
0.06996504962444305
0.10324590653181076
0.04679068922996521
0.08259198814630508
0.022291511297225952
0.0716250017285347
0.07816097885370255
0.06771855801343918
0.0004871893615927547
0.022350303828716278
0.015815116465091705
0.07532311230897903
0.13613425195217133
0.029704159125685692
0.03243785724043846
0.015906954184174538
0.15486367046833038
0.07771440595388412
0.02306470461189747
0.07775310426950455
0.06324699521064758
0.040432434529066086
0.07027518004179001
0.008764109574258327
0.017301736399531364
0.05083989351987839
0.06668595224618912
0.0065420628525316715
0.0633457824587822
0.045082125812768936
0.04630232974886894
0.0368913970887661
0.06613171845674515
0.04845370352268219
0.05336158722639084
0.0215690229088068
0.04228689894080162
0.0597524419426918
0.03960948809981346
0.04983634874224663
0.0232281144708395
0.06128563731908798
0.03880137577652931
0.06069127470254898
0.08780048042535782
0.051935967057943344
0.02652675285935402
0.02397458255290985
0.07978327572345734
0.05746958777308464
0.066828653216362
0.04954790323972702
0.08648527413606644
0.04510613530874252
0.06275080144405365
0.045946549624204636
0.06919139623641968
0.037506233900785446
0.12863542139530182
0.046147532761096954
0.02788933739066124
0.08606592565774918
0.024142827838659286
0.10148321092128754
0.040853776037693024
0.045718200504779816
0.05527331680059433
0.004099428653717041
0.003531665774062276
0.049457915127277374
0.08285625278949738
0.006651007104665041
0.07767441868782043
0.07463988661766052
0.10980505496263504
0.03622177988290787
0.03735341876745224
0.024134561419487
0.06964369863271713
0.10887503623962402
0.11095716804265976
0.06582794338464737
0.0005157700506970286
0.05497366935014725
0.03761047497391701
0.02168530970811844
0.010682768188416958
0.05371681973338127
0.045090023428201675
0.047955501824617386
0.011791571043431759
0.04762129858136177
0.062477126717567444
0.005407354794442654
0.1738136112689972
0.01723838783800602
0.04108753800392151
0.052557323127985
0.01261951494961977
0.07939110696315765
0.06473097950220108
0.013845923356711864
0.040033575147390366
0.041471220552921295
0.061413537710905075
0.053769420832395554
0.017537828534841537
0.055823035538196564
0.1063050925731659
0.01680583693087101
0.1106049194931984
0.00038558244705200195
0.06061278283596039
0.07458215951919556
0.03436809033155441
0.03624427691102028
0.002763019409030676
0.06371444463729858
0.006989872548729181
0.013574193231761456
0.04563426971435547
0.10056181997060776
0.06664987653493881
0.04594486206769943
0.04467865824699402
0.03414051979780197
0.10150739550590515
0.11985789984464645
0.06878122687339783
0.04171502962708473
0.1002434492111206
0.05923356115818024
0.04704490676522255
0.05684376135468483
0.023670481517910957
0.010733169503509998
0.048946481198072433
0.07400906831026077
0.051458366215229034
0.056451212614774704
0.12402670085430145
0.018430141732096672
0.02424972876906395
0.007905678823590279
0.036933865398168564
0.05564354360103607
0.01796858385205269
0.029247991740703583
0.07615217566490173
0.02653791382908821
0.01864415593445301
0.08352740108966827
0.052114538848400116
0.002254483290016651
0.018035227432847023
0.07641331106424332
0.001141140004619956
0.04776408150792122
0.10055557638406754
0.022374365478754044
0.03261414170265198
0.06286659836769104
0.126840740442276
0.09303858131170273
0.04103732481598854
0.09157463908195496
0.009572730399668217
0.08083727955818176
0.06330887973308563
0.052390266209840775
0.03965318575501442
0.04544500634074211
0.023318396881222725
0.051161739975214005
0.02529802918434143
0.09616172313690186
0.04006422683596611
0.09007635712623596
0.04571130499243736
0.1614733338356018
0.042504843324422836
0.024359343573451042
0.03100411966443062
0.001749094924889505
0.06393520534038544
0.027691958472132683
0.03436010703444481
0.05762716382741928
0.04936288297176361
0.0177770908921957
0.07746071368455887
0.16378097236156464
0.039515040814876556
0.040313657373189926
0.05203428864479065
0.11601413786411285
0.040708478540182114
0.02306547202169895
0.06244669854640961
0.041192732751369476
0.07828196883201599
0.06347913295030594
0.021471429616212845
0.08430871367454529
0.02905176393687725
0.1162501871585846
0.04701276496052742
0.07889451831579208
0.009818335995078087
0.009132242761552334
0.06553369760513306
0.05522327870130539
0.060679007321596146
0.025452205911278725
0.07218191772699356
0.022149985656142235
0.013445942662656307
0.07329976558685303
8.018108928808942e-05
0.022960705682635307
0.01929704286158085
0.11278543621301651
0.039108991622924805
0.02884291484951973
0.034316591918468475
0.05863577127456665
0.10819845646619797
0.1180744469165802
0.028174297884106636
0.02564786747097969
0.059653736650943756
0.04412436857819557
0.07388948649168015
0.11745285242795944
0.052280765026807785
0.014172529801726341
0.0674339011311531
0.006661155726760626
0.14890839159488678
0.030497735366225243
0.02729659155011177
0.045304495841264725
0.059896938502788544
0.060919877141714096
0.09405060112476349
0.019564181566238403
0.057445235550403595
0.058893341571092606
0.09127962589263916
0.031950853765010834
0.06174230948090553
0.060719940811395645
0.03613978251814842
0.0030413768254220486
0.03365981578826904
0.06173517182469368
0.0665973350405693
0.0842461809515953
0.0643840953707695
0.06967800855636597
0.03547760471701622
0.035068415105342865
0.15981504321098328
0.2483447790145874
0.033008988946676254
0.0433923676609993
0.06833893805742264
0.03936916962265968
0.026962827891111374
0.030396809801459312
0.023982858285307884
0.06128687411546707
0.08288352936506271
0.05223415046930313
0.01953231729567051
3.110622492386028e-05
0.005892167799174786
0.057207465171813965
0.06912647187709808
0.12542888522148132
0.04509406164288521
0.01525065116584301
0.01270393468439579
0.08451756834983826
0.026890918612480164
0.05945365130901337
0.03331044316291809
0.047495000064373016
0.02573302574455738
0.13370740413665771
0.03192054107785225
0.030794629827141762
0.04174324870109558
0.032737284898757935
0.02798694372177124
0.05379306897521019
0.10625578463077545
0.10119424015283585
0.05029892548918724
0.014107640832662582
0.0876937136054039
0.0029472042806446552
0.030826466158032417
0.0004682895087171346
0.10707655549049377
0.053490836173295975
0.1166108250617981
0.10255572199821472
0.05301480367779732
0.018771762028336525
0.05474415794014931
0.04852452129125595
0.03753048926591873
0.03686274588108063
0.02338802069425583
0.06262712925672531
0.07838524132966995
0.04061711207032204
0.022616280242800713
0.039817288517951965
0.05327403172850609
0.02217199094593525
0.06917499005794525
0.059729065746068954
0.050404202193021774
0.028518369421362877
0.04200168699026108
0.052941929548978806
0.11599620431661606
0.039359353482723236
0.03554569184780121
0.02191609889268875
0.1049090027809143
0.0019328638445585966
0.023489799350500107
0.10031691938638687
0.06760700047016144
0.024992743507027626
0.1082656979560852
0.0448790043592453
0.0012086632195860147
0.060283515602350235
0.06380359828472137
0.0891684964299202
0.0679752305150032
0.03220171853899956
0.033378928899765015
0.07443299889564514
0.017606431618332863
0.027049332857131958
0.025609783828258514
0.0540175698697567
0.08110173791646957
0.037159115076065063
0.0823870599269867
0.056497298181056976
0.05065592750906944
0.07218074798583984
0.016516676172614098
0.09532757848501205
0.030689245089888573
0.02679438143968582
0.07596935331821442
0.13019192218780518
0.03631504252552986
0.03555857390165329
0.038767147809267044
0.026402169838547707
0.050431396812200546
0.06902291625738144
0.007475205231457949
0.026931384578347206
0.010976782999932766
0.046665776520967484
0.05825100094079971
0.014020029455423355
0.0386386439204216
0.07620380073785782
0.10938053578138351
0.05560435727238655
0.03733673319220543
0.027496693655848503
0.014354506507515907
0.02061636932194233
0.008853043429553509
0.02332393079996109
0.01489977166056633
0.08549413830041885
0.050384171307086945
0.04168831929564476
0.0401599258184433
0.06209953501820564
0.020135050639510155
0.03423134237527847
0.04624238237738609
0.04462973028421402
0.03356776386499405
0.06497388333082199
0.04231623560190201
0.04262919723987579
0.026753298938274384
0.11862408369779587
0.06719577312469482
0.03758518025279045
0.058220356702804565
0.05572151020169258
0.08762666583061218
0.062186941504478455
0.002729900646954775
0.039728015661239624
0.057880815118551254
0.020598886534571648
0.08292967826128006
0.05071788653731346
0.07973133772611618
0.0420704148709774
0.031308457255363464
0.013035335578024387
0.04462388902902603
0.045246873050928116
0.0760493129491806
0.008538765832781792
0.03690236806869507
0.12286698073148727
0.03108932077884674
0.04778657481074333
0.05207737535238266
0.019209815189242363
0.011058670468628407
0.07060378044843674
0.006724391132593155
0.022067951038479805
0.0596977062523365
0.07840756326913834
0.06160041317343712
0.01732032373547554
0.04432552680373192
0.029461579397320747
0.06579609960317612
0.025422105565667152
0.018012573942542076
0.023979339748620987
0.030192701146006584
0.03652769327163696
0.062332894653081894
0.0440511554479599
0.03617677465081215
0.06747512519359589
0.04328147694468498
0.13906261324882507
0.05507061630487442
0.06374499201774597
0.09006061404943466
0.05694809556007385
0.01114614587277174
0.025734975934028625
0.17931228876113892
0.07279574871063232
0.04822090268135071
0.05628000199794769
0.026410339400172234
0.017066024243831635
0.012087443843483925
0.08357000350952148
0.15179531276226044
0.017981644719839096
0.05370951443910599
0.035358574241399765
0.0658845603466034
0.049477122724056244
0.0203392431139946
0.014231952838599682
0.03698591887950897
0.10165474563837051
0.15399588644504547
0.012679291889071465
0.025726012885570526
0.03132054582238197
0.06341072916984558
0.10337822139263153
0.032187242060899734
0.10374142229557037
0.05254576727747917
0.03724995627999306
0.025250012055039406
0.015253390185534954
0.013952182605862617
0.09613198786973953
0.05672398954629898
0.020259492099285126
0.017950640991330147
0.0329265333712101
0.014604128897190094
0.01749984547495842
0.05649697035551071
0.0691940188407898
0.028939127922058105
0.04034709930419922
0.02403881959617138
0.03674890846014023
0.05734064429998398
0.04141250252723694
0.050588011741638184
0.025908665731549263
0.03487492352724075
0.02895260415971279
0.05597709119319916
0.0723719671368599
0.05346929654479027
0.030352210626006126
0.0284697525203228
0.05190671607851982
0.028976542875170708
0.014704807661473751
0.09393861889839172
0.06111522763967514
0.0882120355963707
0.047860223799943924
0.04454204440116882
0.07388243079185486
0.0692404955625534
0.018765196204185486
0.0946117490530014
0.021990425884723663
0.05930262431502342
0.04828879237174988
0.013584884814918041
0.03351785987615585
0.06423599272966385
0.05567815154790878
0.05579431354999542
0.08239676803350449
0.014681892469525337
0.0289144404232502
0.029852241277694702
0.007968192920088768
0.07454463839530945
0.06001861020922661
0.023932641372084618
0.007009162567555904
0.02662605419754982
0.06855908036231995
0.03888276591897011
0.039377469569444656
0.0401080958545208
0.1044425293803215
0.03363765403628349
0.0752258151769638
0.012988537549972534
0.06265880912542343
0.027373576536774635
0.06992922723293304
0.05311989784240723
0.03940368816256523
0.0708455964922905
0.04702584072947502
0.03608663007616997
0.04983551427721977
0.03936917334794998
0.13004231452941895
0.04046102240681648
0.01642051339149475
0.008490263484418392
0.027763469144701958
0.02194788120687008
0.002720086369663477
0.16115233302116394
0.04135053977370262
0.07324568182229996
0.025503460317850113
0.027392977848649025
0.04822849482297897
0.09113714843988419
0.045520246028900146
0.028444064781069756
0.0832541286945343
0.043991319835186005
0.0217545535415411
0.0505354106426239
0.0626884177327156
0.04906843230128288
0.021616511046886444
0.06025008484721184
0.00977040734142065
0.08877133578062057
0.022251268848776817
0.05259127542376518
0.022330261766910553
0.035420726984739304
0.015642911195755005
5.0024071242660284e-05
0.12099544703960419
0.04865361377596855
0.043085116893053055
0.024374155327677727
0.012178202159702778
0.005508429370820522
0.04088641330599785
0.08735913038253784
0.00047086505219340324
0.08724096417427063
0.049180880188941956
0.05312817543745041
0.08442891389131546
0.010525358840823174
0.09833700954914093
0.013943277299404144
0.055784471333026886
0.039018064737319946
0.030513498932123184
0.02459520846605301
0.06616729497909546
0.0974014475941658
0.11873967200517654
0.030709197744727135
0.004778609145432711
0.04046020284295082
0.032715652137994766
0.09224551916122437
0.05864414572715759
0.06284593045711517
0.041557714343070984
0.05131354555487633
0.0398361012339592
0.04590056091547012
0.07952436804771423
0.07579219341278076
0.10043472796678543
0.07880070805549622
0.021706275641918182
0.06659455597400665
0.010412529110908508
0.07782738655805588
0.04202202335000038
0.038195397704839706
0.04767383635044098
0.031124969944357872
0.07146832346916199
0.05519188567996025
0.00042117899283766747
0.051229365170001984
0.025073060765862465
0.05877537652850151
0.05755758285522461
0.029838072136044502
0.04346096143126488
0.017698056995868683
0.04763762652873993
0.02875792235136032
0.03192953020334244
0.053335461765527725
0.08687395602464676
0.09767112880945206
0.04380263388156891
0.03545955941081047
0.027882179245352745
0.03982401639223099
0.056628335267305374
0.04250500723719597
0.01895952969789505
0.06032966077327728
0.07834762334823608
0.0781407505273819
0.06888993084430695
0.01738862693309784
0.03816597908735275
0.014472496695816517
0.04432503879070282
0.03423271328210831
0.047727152705192566
0.05137433484196663
0.10278268158435822
0.029152225703001022
0.07356125861406326
0.02180573157966137
0.016731563955545425
0.028182145208120346
0.10152117162942886
0.049143366515636444
0.027410009875893593
0.060522355139255524
0.06544844806194305
0.08478929847478867
0.009508923627436161
0.0005274925497360528
0.06570622324943542
0.04394642263650894
0.06579168140888214
0.018058335408568382
0.09474314749240875
0.07968994230031967
0.018635988235473633
0.0345698706805706
0.050843872129917145
0.06368837505578995
0.05094631016254425
0.07211307436227798
0.029786475002765656
0.037768200039863586
0.0917460024356842
0.13689753413200378
0.043986257165670395
0.02939026802778244
0.04645729809999466
0.039938636124134064
0.10436800867319107
0.08508621901273727
0.06677164137363434
0.0012091058306396008
0.023179663345217705
0.060092147439718246
0.00026713035185821354
0.07517828047275543
0.07211697846651077
0.0033777118660509586
0.02831045724451542
0.019118430092930794
0.07528981566429138
0.035753436386585236
0.07246413081884384
0.0533786341547966
0.0643826574087143
0.11384907364845276
0.026094552129507065
0.04758281633257866
0.05649035796523094
0.033958278596401215
0.08853813260793686
0.06516171991825104
0.03311904892325401
0.17258591949939728
0.0888030156493187
0.07750215381383896
0.13174782693386078
0.06800378859043121
0.030023440718650818
0.0010315794497728348
0.00934988260269165
0.07470790296792984
0.026422550901770592
0.35184741020202637
0.13065770268440247
0.05185726284980774
0.008232329040765762
0.01763674058020115
0.06233065575361252
0.05725831165909767
0.047613032162189484
0.10927882045507431
0.06601060926914215
0.039207763969898224
0.11685396730899811
0.03301297500729561
0.1336744874715805
0.04608505964279175
0.10369483381509781
0.012362155131995678
0.05704816058278084
0.011983740143477917
0.04447421431541443
0.014436394907534122
0.05608214810490608
0.15440845489501953
0.11480522900819778
0.006127326749265194
0.05344755947589874
0.018076421692967415
0.03116968832910061
0.09985240548849106
0.04344601184129715
0.1744728535413742
0.05653782933950424
0.05933859571814537
0.016969723626971245
0.0895194560289383
0.10206159204244614
0.07895165681838989
0.03667159005999565
0.04935496672987938
0.01868521049618721
0.041957657784223557
0.048890016973018646
0.025401521474123
0.02363559603691101
0.004427715670317411
0.033987466245889664
0.05019504576921463
0.04803718253970146
0.15715515613555908
0.04066634178161621
0.0009771109325811267
0.05146066099405289
0.04339657351374626
0.08393987268209457
0.02507767640054226
0.07560661435127258
0.07988379150629044
0.015440458431839943
0.028177592903375626
0.04186318442225456
0.013489113189280033
0.08544999361038208
0.024451743811368942
0.0009802751010283828
0.022032195702195168
0.011429961770772934
0.08648857474327087
0.1156044602394104
0.11707990616559982
0.042104337364435196
0.03572174906730652
0.08055856078863144
0.07568302005529404
0.07087075710296631
0.05126314237713814
0.04805014282464981
0.10107501596212387
0.04556971788406372
0.07582699507474899
0.04845269024372101
0.04788951575756073
0.02909795008599758
0.021529344841837883
0.059754155576229095
0.016239361837506294
0.03766680881381035
0.06027833744883537
0.08730874210596085
0.028220204636454582
0.04675864428281784
0.056281816214323044
0.048699427396059036
0.028288448229432106
0.0031047319062054157
0.07228629291057587
0.011463705450296402
0.0569085031747818
0.04612402617931366
0.039728231728076935
0.06504888087511063
0.07160815596580505
0.02179606445133686
0.05170079320669174
0.08548829704523087
0.038353439420461655
0.05524582415819168
0.07969184219837189
0.06146988272666931
0.01986115425825119
0.024272926151752472
0.02738397940993309
0.032683588564395905
0.1107637956738472
0.07708325982093811
0.014643063768744469
0.05044775828719139
0.04474034905433655
0.05349307134747505
0.06884776800870895
0.055197823792696
0.12214964628219604
0.08343502134084702
0.004835809580981731
0.037024978548288345
0.02411479689180851
0.055584266781806946
0.04170411825180054
0.03445275500416756
0.04043189063668251
0.06154649332165718
0.08537133783102036
0.056572649627923965
0.025655485689640045
0.024685760959982872
0.11769790202379227
0.05710494518280029
0.03684850409626961
0.1141820177435875
0.02523013763129711
0.10341893881559372
0.017584901303052902
0.05330556631088257
0.07036358118057251
0.022524116560816765
0.009649506770074368
0.03333500027656555
0.025916853919625282
0.009604369290173054
0.021497298032045364
0.08769305795431137
0.014007343910634518
0.08501579612493515
0.005051044747233391
0.04794774577021599
0.07828768342733383
0.1270923763513565
0.09615898877382278
0.0004922713269479573
0.0624513104557991
0.043843891471624374
0.08191658556461334
0.06408282369375229
0.09360171109437943
0.06207124516367912
0.0609549917280674
0.051392026245594025
0.07936712354421616
0.05913947895169258
0.0006973836570978165
0.005598781630396843
0.02055332250893116
0.034216515719890594
0.07024754583835602
0.051593124866485596
0.0635610818862915
0.028972381725907326
0.0278339646756649
0.06320858746767044
0.03176272660493851
0.07634012401103973
0.10726650059223175
0.03133442997932434
0.06675716489553452
0.03660242632031441
0.02272670343518257
0.1457807719707489
0.11220433562994003
0.09092117846012115
0.02258392795920372
0.029096167534589767
0.17076198756694794
0.060534797608852386
0.016386551782488823
0.04518839344382286
0.01861802116036415
0.05356306582689285
0.07016565650701523
0.007276505697518587
0.0762443095445633
0.03009629435837269
0.03871292993426323
0.023279380053281784
0.09289535135030746
0.03168115019798279
0.05149461701512337
0.08998708426952362
0.04306216165423393
0.045703813433647156
0.1100575402379036
0.0465158075094223
0.05564471334218979
0.018303964287042618
0.03642022982239723
0.00011163928866153583
0.05775566026568413
0.008044777438044548
0.040501389652490616
0.09722261875867844
0.04692304879426956
0.03793828934431076
0.00016690722259227186
0.037707727402448654
0.06568998843431473
0.034999649971723557
0.047975488007068634
0.07045572251081467
0.0001590273022884503
0.055614691227674484
0.05103902891278267
0.023840226233005524
0.023738184943795204
0.0997854545712471
0.07690472900867462
0.11810941249132156
0.09596224874258041
0.04812471941113472
0.0831172913312912
0.05830098316073418
0.003250032663345337
0.0376964807510376
0.034324295818805695
0.04651081562042236
0.0366533063352108
0.10859324038028717
0.0005041880067437887
0.03677087649703026
0.03762972727417946
0.016992399469017982
0.020077915862202644
0.06152165308594704
0.054439984261989594
0.02758442610502243
0.01805945113301277
0.09411203861236572
0.12000852078199387
0.02574969083070755
0.05452342703938484
0.06337942183017731
0.03593378886580467
0.024348586797714233
0.04693739861249924
0.029144810512661934
0.04390381649136543
0.05493304878473282
0.061691902577877045
0.04468785598874092
0.07787775993347168
0.08004961162805557
0.012121721170842648
0.023885896429419518
0.0524359829723835
0.0003126047959085554
0.043077535927295685
0.01126087922602892
0.05009562149643898
0.036382630467414856
0.09470942616462708
0.06207992509007454
0.029430735856294632
0.08614876866340637
0.05222797393798828
0.0001898125046864152
0.059154853224754333
0.001569417305290699
0.04996717348694801
0.027328820899128914
0.07253461331129074
0.039649758487939835
0.042878784239292145
0.06991089880466461
0.04966301470994949
0.12029946595430374
0.06051823869347572
0.04676394537091255
0.1366136521100998
0.014316645450890064
0.013246976770460606
0.008058509789407253
0.16997027397155762
0.06258111447095871
0.04167422652244568
0.04950016736984253
0.0677659884095192
0.06445927172899246
0.051497891545295715
0.06424106657505035
0.05458024516701698
0.032931555062532425
0.04720163345336914
0.02619536593556404
0.01715102232992649
0.047904014587402344
0.03447859361767769
0.07453928887844086
0.08084908127784729
0.04611518606543541
0.04430999606847763
0.05181180685758591
0.034863803535699844
0.06838655471801758
0.04614322632551193
0.04351415857672691
0.11342287808656693
0.08081740140914917
0.024584298953413963
0.0634516179561615
0.03402530029416084
0.03975122421979904
0.0623774379491806
0.07195485383272171
0.0003132758429273963
0.03653780743479729
0.0734235942363739
0.08495309203863144
0.031804151833057404
0.03551078215241432
0.047310762107372284
0.021670833230018616
0.025494800880551338
0.15379680693149567
0.06593477725982666
0.0256193820387125
0.029039055109024048
0.01413129735738039
0.08070191740989685
0.0292754378169775
0.026906589046120644
0.030612388625741005
0.05398513376712799
0.049964047968387604
0.051898714154958725
0.05478353425860405
0.07730661332607269
0.058780934661626816
0.09010127931833267
0.06348153203725815
0.09682227671146393
0.08297041058540344
0.07226179540157318
0.031165430322289467
0.03946782648563385
0.04991590231657028
0.009343876503407955
0.04644114151597023
0.037344127893447876
0.03564104437828064
0.0032903619576245546
0.05265671759843826
0.02915814146399498
0.026759380474686623
0.04126796871423721
0.05621659755706787
0.0660933405160904
0.055190518498420715
0.10036793351173401
0.024848822504281998
0.017147064208984375
0.03565003350377083
0.0679551437497139
0.03916693478822708
0.032565854489803314
0.02369564399123192
0.020291030406951904
0.02529587782919407
0.09228792041540146
0.050695598125457764
0.04613923653960228
0.08777035772800446
0.019014310091733932
0.12209413945674896
0.015264421701431274
0.03187578544020653
0.08742457628250122
0.04758048430085182
0.0322524830698967
0.048997912555933
0.05964738130569458
0.06253677606582642
0.06330692768096924
0.046727243810892105
0.03117489255964756
0.04624715447425842
0.04407676309347153
0.10381405800580978
0.04351533576846123
0.048218660056591034
0.029257016256451607
0.031786348670721054
0.034941237419843674
0.034236736595630646
0.028754379600286484
0.027618587017059326
0.03518879413604736
0.0273816529661417
0.029733773320913315
0.020397203043103218
0.009821661747992039
0.05819027125835419
0.006740194745361805
0.052689921110868454
0.05179079249501228
0.01770280860364437
0.04035620391368866
0.03101370483636856
0.06270682066679001
0.06999556720256805
0.02919495664536953
0.0203601885586977
0.003660916117951274
0.024365266785025597
0.089928537607193
0.03664508834481239
0.10476090013980865
0.12306061387062073
0.061727218329906464
0.06479675322771072
0.011909332126379013
0.00039180947351269424
0.03430948406457901
0.14042013883590698
0.05418526753783226
0.07581263035535812
0.0550767257809639
0.030991483479738235
0.016822805628180504
0.039188046008348465
0.050189051777124405
0.14577129483222961
0.04521548002958298
0.07460279762744904
0.05542731657624245
0.11714239418506622
0.08220114558935165
0.09992599487304688
0.06091102585196495
0.027322255074977875
0.042176246643066406
0.07753833383321762
0.045696139335632324
0.0876534953713417
0.12412071973085403
0.009237512946128845
0.13687044382095337
0.04178221896290779
0.08076506108045578
0.056900862604379654
0.03608148172497749
0.0047691999934613705
0.006268378812819719
0.0874330997467041
0.0336494967341423
0.056626226752996445
0.044162169098854065
0.07057987153530121
0.03825812041759491
0.12449003010988235
0.015497101470828056
0.0008029995369724929
0.08005315810441971
0.013746283017098904
0.08741813153028488
0.04477813094854355
0.034626554697752
0.04917621240019798
0.0824267789721489
0.11231338977813721
0.03338630124926567
0.06476704031229019
0.0635579451918602
0.07269608974456787
0.010282058268785477
0.1158704087138176
0.0004663033760152757
0.04757817089557648
0.06594980508089066
0.09247133135795593
0.03210049867630005
0.023749377578496933
0.02756623923778534
0.04043211415410042
0.09208079427480698
0.02696031890809536
0.06046735495328903
0.08415250480175018
0.04189947992563248
0.03176167607307434
0.01122303120791912
0.02408915013074875
0.04781821742653847
0.06344054639339447
0.020434068515896797
0.04586384817957878
0.05147605389356613
0.09262259304523468
0.016979632899165154
0.03059377521276474
0.011329935863614082
0.009493129327893257
0.028904970735311508
0.019606225192546844
0.039932217448949814
0.026544220745563507
0.0471780002117157
0.013645492494106293
0.10575809329748154
0.11177870631217957
0.04276782274246216
0.002588002011179924
0.03348004072904587
0.039209432899951935
0.052383050322532654
0.009743424132466316
0.08398906141519547
0.049378491938114166
0.09839609265327454
0.042417146265506744
0.044537968933582306
0.05195145308971405
0.05241291970014572
0.07411514222621918
0.04657306522130966
0.02251027151942253
0.05962303280830383
0.10640652477741241
0.03330184891819954
0.026177186518907547
0.03428398072719574
0.04235859587788582
0.07229157537221909
0.1531582474708557
0.09018629044294357
0.07135385274887085
0.060200002044439316
0.03304348513484001
0.04541865736246109
0.05338411405682564
0.03731875866651535
0.06909056007862091
0.028904885053634644
0.02623779885470867
0.04727495461702347
0.01925067789852619
0.08783593773841858
0.07683105021715164
0.0002336178586119786
0.10303463786840439
0.04588833823800087
0.13536955416202545
0.03893446549773216
0.06961415708065033
0.002771700033918023
0.13395118713378906
0.09617792814970016
0.037487734109163284
0.012841898016631603
0.07588400691747665
0.05847286805510521
0.036413390189409256
0.019100407138466835
0.03888416662812233
0.051880791783332825
0.07335235178470612
0.04179999232292175
0.03792667016386986
0.016963571310043335
0.03254475072026253
0.13143225014209747
0.024124272167682648
0.06880548596382141
0.050592221319675446
0.013087599538266659
0.021796513348817825
0.028555136173963547
0.05610188841819763
0.04006597027182579
0.0354866087436676
0.07571311295032501
0.08117936551570892
0.06328899413347244
0.02098727785050869
0.031882837414741516
0.057978495955467224
0.04228374734520912
0.01732775568962097
0.030110297724604607
0.022489018738269806
0.04158656299114227
0.050036925822496414
0.048509661108255386
0.06516461074352264
0.0842624232172966
0.07675228267908096
0.07532887160778046
0.1276189237833023
0.07105683535337448
0.02530032955110073
0.040813181549310684
0.05098874121904373
0.11085961759090424
0.03901539742946625
0.021702393889427185
0.0984397828578949
0.09400328248739243
0.04028210788965225
0.083224356174469
0.0227232426404953
0.04528304561972618
0.09156536310911179
0.025764957070350647
0.05016833171248436
0.048385705798864365
0.0008580931462347507
0.08750080317258835
0.037723198533058167
0.0098708001896739
0.03425008803606033
0.026903539896011353
0.09236446768045425
0.027327800169587135
0.07645323872566223
0.1047530248761177
0.03470081090927124
0.09352292120456696
0.00015834612713661045
0.04661603644490242
0.021829668432474136
0.050008680671453476
0.03793038800358772
0.10781364887952805
0.04966336116194725
0.05802813544869423
0.13475556671619415
0.11601407080888748
0.04833937808871269
0.043908268213272095
0.05671480670571327
0.027180084958672523
0.04332577437162399
0.05232790485024452
0.0717591717839241
0.004292632453143597
0.03183089196681976
0.04266413301229477
0.04859297722578049
0.03178950026631355
0.07381729036569595
0.035781197249889374
0.07402242720127106
0.045686982572078705
0.031107129529118538
0.04046006128191948
0.04538668319582939
0.02327164076268673
0.03575614094734192
0.04662473127245903
0.14449556171894073
0.08015058189630508
0.04330958053469658
0.029371952638030052
0.029901159927248955
0.024040373042225838
0.08471250534057617
0.020007122308015823
0.06530836224555969
0.02744402177631855
0.012944384478032589
0.02180449105799198
0.007031589280813932
0.10277580469846725
0.03131715953350067
0.017636684700846672
0.03269040584564209
0.015265396796166897
0.03730510175228119
0.06871485710144043
0.030946779996156693
0.023861099034547806
0.022287830710411072
0.019352469593286514
0.014838841743767262
0.08593109250068665
0.02415740117430687
0.1351003497838974
0.04744064435362816
0.0467999242246151
0.042240407317876816
0.04421421140432358
0.03497911989688873
0.05862300843000412
0.05293145403265953
0.04991123080253601
0.13759103417396545
0.10960990190505981
0.05291185900568962
0.06831125915050507
0.05230502411723137
0.026592478156089783
0.04137631505727768
0.02448602207005024
0.12936387956142426
0.05287230759859085
0.017995653674006462
0.025517750531435013
0.1089748740196228
0.04372842237353325
0.017681559547781944
0.02555285394191742
0.07823935151100159
0.04025556147098541
0.0035704707261174917
0.018305569887161255
0.07187693566083908
0.08506835997104645
0.04343842342495918
0.0002228784142062068
0.06559719145298004
0.13456712663173676
0.12486791610717773
0.05532335489988327
0.049579087644815445
0.034813471138477325
0.023368272930383682
0.1783064603805542
0.043012555688619614
0.040453579276800156
0.06279756873846054
0.0004350343078840524
0.04688740894198418
0.0061231935396790504
0.04737100750207901
0.05431615561246872
0.029593203216791153
0.047380320727825165
0.00037784711457788944
0.07378539443016052
0.08017485588788986
0.040078967809677124
0.1029169037938118
0.03280508145689964
0.07406166195869446
0.0614907406270504
0.034771308302879333
0.06059492379426956
0.08417832851409912
0.049491237848997116
0.0044091129675507545
0.04710594192147255
0.03743898496031761
0.045821964740753174
0.001044770237058401
0.056589189916849136
0.08890321105718613
0.030481278896331787
0.054350290447473526
0.02404951862990856
0.06191469356417656
0.026691382750868797
0.060008615255355835
0.015988580882549286
0.05359654501080513
0.09483946859836578
0.08679869025945663
0.0977272093296051
0.04917263239622116
0.009973571635782719
0.002665518317371607
0.06731658428907394
0.016161246225237846
0.041351787745952606
0.04218180477619171
0.011015163734555244
0.015485742129385471
0.14726345241069794
0.025975555181503296
0.03215250372886658
0.02463478036224842
0.07907840609550476
0.007478697225451469
0.06123644486069679
0.04538092017173767
0.1273988038301468
0.0392456129193306
0.029949195683002472
0.030694758519530296
0.06352506577968597
0.07528790086507797
0.13138480484485626
0.04564091935753822
0.029153358191251755
0.019134920090436935
0.09604668617248535
0.03536016121506691
0.0530678853392601
0.08386068791151047
0.012992262840270996
0.038895901292562485
0.17254239320755005
0.03601020574569702
0.032647427171468735
0.05676281824707985
0.02961215004324913
0.03088298626244068
0.028676288202404976
0.055660832673311234
0.030375272035598755
0.03829727694392204
0.044711317867040634
0.0435173399746418
0.057533178478479385
0.061441365629434586
0.0556936040520668
0.028118183836340904
0.06940621882677078
0.025152860209345818
0.03932996466755867
0.04058379307389259
0.05425042659044266
0.06310182064771652
0.031008219346404076
0.07217973470687866
0.005686446093022823
0.012885307893157005
0.10719871520996094
0.10743843764066696
0.013839387334883213
0.021026544272899628
0.06579652428627014
0.15237252414226532
0.046458449214696884
0.037670329213142395
0.0023712085094302893
0.06660322099924088
0.07501399517059326
0.06612707674503326
0.10213501751422882
0.048243340104818344
0.033776476979255676
0.02054598554968834
0.07933007180690765
0.0428268238902092
0.01948571763932705
0.03226206451654434
0.08630965650081635
0.05310637131333351
0.013083728961646557
0.027958037331700325
0.08154959976673126
0.02829728275537491
0.04756423458456993
0.13387715816497803
0.016020599752664566
0.01800982467830181
0.0003518581506796181
0.10474328696727753
0.09176129102706909
0.048600148409605026
0.12625527381896973
0.05178992822766304
0.04877445474267006
0.02696826495230198
0.060184963047504425
0.10015831887722015
0.12250478565692902
0.13185404241085052
0.024772722274065018
0.024692846462130547
0.00019400028395466506
0.056769415736198425
0.04838578775525093
0.03857606649398804
0.13200561702251434
0.03151289001107216
0.015187248587608337
0.06365536898374557
0.040699928998947144
0.03369820490479469
0.029427744448184967
0.03482441604137421
0.07772443443536758
0.06884501874446869
0.03387057036161423
0.07378193736076355
0.050606876611709595
0.055344365537166595
0.08109226077795029
0.027836062014102936
0.13103604316711426
0.09194174408912659
0.01652185618877411
0.11102855950593948
0.04714130610227585
0.07092998176813126
0.03375851735472679
0.053505368530750275
0.032288871705532074
0.01450057327747345
0.017327865585684776
0.05146054923534393
0.03986773267388344
0.05552517622709274
0.037337176501750946
0.054761677980422974
0.06894521415233612
0.012211482040584087
0.03884685039520264
0.062291983515024185
0.06817293912172318
0.0230169128626585
0.023384004831314087
0.03741265833377838
0.04516139626502991
0.07023648172616959
0.11452655494213104
0.03916281834244728
0.06954935938119888
0.07638972252607346
0.03644196689128876
0.356863796710968
0.011614162474870682
0.20766986906528473
0.07380761206150055
0.07085413485765457
0.04357696697115898
0.04605986177921295
0.06074877828359604
0.04332580417394638
0.012471598573029041
0.07062989473342896
0.03883565217256546
0.05155729874968529
0.04880647733807564
0.031102780252695084
0.0552520751953125
0.00936531089246273
0.05447923019528389
0.0539163239300251
0.03611676022410393
0.007287219632416964
0.09140051156282425
0.031086532399058342
0.08179748803377151
0.07498182356357574
0.0812968984246254
0.0716957077383995
0.020188720896840096
0.07689551264047623
0.06329416483640671
0.031554870307445526
0.023430507630109787
0.08665086328983307
0.03426678851246834
0.03752230852842331
0.08109932392835617
0.020121632143855095
0.0862952321767807
0.08332509547472
0.026305589824914932
0.11867926269769669
0.06461217254400253
0.049207840114831924
0.025728294625878334
0.04554884508252144
0.016388412564992905
0.03098517656326294
0.04650021344423294
0.005610576830804348
0.0003250073059462011
0.02771872840821743
0.022034257650375366
0.048469316214323044
0.08251588046550751
0.12014985084533691
0.028070606291294098
0.06601540744304657
0.012017686851322651
0.05421733111143112
0.03381318226456642
0.0258641354739666
0.053257912397384644
0.03976134583353996
0.04494088515639305
0.09077025949954987
0.04632473364472389
0.04558224603533745
0.058067139238119125
0.05373785272240639
0.11660762876272202
0.03987976536154747
0.0306234247982502
0.06221775710582733
0.06926030665636063
0.05357963591814041
0.022703733295202255
0.024655865505337715
0.15306073427200317
0.013404385186731815
0.0521862655878067
0.044672805815935135
0.020170943811535835
0.06064007431268692
0.07502918690443039
0.05035834014415741
0.029250040650367737
0.03005252778530121
0.046109482645988464
0.04298282787203789
0.02894764579832554
0.07114789634943008
0.09684611111879349
0.11725407093763351
0.09329531341791153
0.028218790888786316
0.038520317524671555
0.03646392747759819
0.05566868931055069
0.052595265209674835
0.03670923784375191
0.03277892991900444
0.05721732974052429
0.022656358778476715
0.0876595601439476
0.02884156070649624
0.05972002074122429
0.061442628502845764
0.060618478804826736
0.03812428191304207
0.03992057591676712
0.09771845489740372
0.002817985601723194
0.06355197727680206
0.05144795402884483
0.05362841114401817
0.06829796731472015
0.062483809888362885
0.07327866554260254
0.025822516530752182
0.13664795458316803
0.039981625974178314
0.06444206088781357
0.03138555958867073
0.041425514966249466
0.05600582808256149
0.10111436247825623
0.01253684051334858
0.022043438628315926
0.03723789006471634
0.06092177331447601
0.0611516572535038
0.0893537700176239
0.046922795474529266
0.025667589157819748
0.021048981696367264
0.049508389085531235
0.021082540974020958
0.09212982654571533
0.041420403867959976
0.05776328593492508
0.013933783397078514
0.08870446681976318
0.09536846727132797
0.15082600712776184
0.08148249238729477
0.020812490954995155
0.021841678768396378
0.057420480996370316
0.036716535687446594
0.049385201185941696
0.06126318871974945
0.09401614218950272
0.0683317556977272
0.04019875079393387
0.0403231605887413
0.03679638355970383
0.022715475410223007
0.051204197108745575
0.07993663102388382
0.00043306275620125234
0.03426995128393173
0.010615688748657703
0.061640072613954544
0.016631731763482094
0.0345195047557354
0.08942980319261551
0.03514189273118973
0.01733502931892872
0.046537235379219055
0.05264584347605705
0.049914564937353134
0.03442175313830376
0.02939637377858162
0.07018163055181503
0.05154426395893097
0.0282270610332489
0.01582302153110504
0.039556361734867096
0.04094225913286209
0.018293865025043488
0.07665788382291794
0.009911260567605495
0.024226518347859383
0.0856320783495903
0.1307981312274933
0.021164922043681145
0.10140451043844223
0.08718451857566833
0.04082313925027847
0.06566980481147766
0.11456380039453506
0.03009757027029991
0.13564758002758026
0.03594958409667015
0.0709637776017189
0.009294718503952026
0.05782121792435646
0.04757728427648544
0.033400095999240875
0.14870084822177887
0.04724506288766861
0.0877324715256691
0.04089849814772606
0.047523945569992065
0.01177359838038683
0.02565201185643673
0.06906215101480484
0.06581728905439377
0.04438501223921776
0.07057266682386398
0.05129970982670784
0.03539786487817764
0.011225896887481213
0.05992372706532478
0.00045881676487624645
0.03123009018599987
0.03838055208325386
0.060801878571510315
0.039320189505815506
0.028053043410182
0.06843167543411255
0.03647492080926895
0.02482937090098858
0.09215246886014938
0.0451258048415184
0.03544500470161438
8.001454989425838e-05
0.056106049567461014
0.02020501345396042
0.09370928257703781
0.05242473632097244
0.04023358225822449
0.029381535947322845
0.03292512148618698
0.05362829938530922
0.030119089409708977
0.02375861257314682
0.05575957149267197
0.06330058723688126
0.04272393882274628
0.06475485861301422
0.031285542994737625
0.045212216675281525
0.013365479186177254
0.040669478476047516
0.057866714894771576
0.017752666026353836
0.06526128947734833
0.021225469186902046
0.024077927693724632
0.0227061714977026
0.055695101618766785
0.07395870983600616
0.05085157975554466
0.14795660972595215
0.046849630773067474
0.028921328485012054
0.022184520959854126
0.04821138456463814
0.036152154207229614
0.01873488537967205
0.04370900243520737
0.030693979933857918
0.033987756818532944
0.05882328003644943
0.053448259830474854
0.10889258235692978
0.028580961748957634
0.02559645101428032
0.015023214742541313
0.09666084498167038
0.04686364531517029
0.017308615148067474
0.06261345744132996
0.054753705859184265
0.0871187075972557
0.0563688799738884
0.10958962142467499
0.043601565062999725
0.04368579760193825
0.016749447211623192
0.0364450104534626
0.04637719318270683
0.04750008136034012
0.0451965369284153
0.025142353028059006
0.03709178417921066
0.014993330463767052
0.02805836871266365
0.06368402391672134
0.2699541449546814
0.0379682332277298
0.02614668756723404
0.01395011879503727
0.043884504586458206
0.06200016289949417
0.03522089123725891
0.02745780348777771
0.07112114131450653
0.0664580836892128
0.03645390272140503
0.022829100489616394
0.024976609274744987
0.08391793072223663
0.01245681568980217
0.07377675920724869
0.02315845713019371
0.01784873753786087
0.04544844850897789
0.032498475164175034
0.04100824147462845
0.032668665051460266
0.017558543011546135
0.04727030545473099
0.010023641400039196
0.14177793264389038
0.05960113927721977
0.05137922987341881
0.048122506588697433
0.01935306005179882
0.04172886162996292
0.057408496737480164
0.03743978962302208
0.05810132622718811
0.058168746531009674
0.036229971796274185
0.03304223716259003
0.05898775905370712
0.053066860884428024
0.01867954432964325
0.05109661817550659
0.05916845425963402
0.03378172591328621
0.0794898048043251
0.0151563985273242
0.06579031050205231
0.04428393766283989
0.0273197703063488
0.07202453911304474
0.04354454576969147
0.026214975863695145
0.04108424857258797
0.06986900418996811
0.021370138972997665
0.04484570398926735
0.06248430162668228
0.027207059785723686
0.03818689286708832
0.03808148205280304
0.07228334993124008
0.07967600226402283
0.060113225132226944
0.026694977656006813
0.036654066294431686
0.061586711555719376
0.020390233024954796
0.052539851516485214
0.11050797998905182
0.0509641058743
0.0975131168961525
0.019519731402397156
0.09575151652097702
0.0442204624414444
0.010948478244245052
0.06574862450361252
0.020696083083748817
0.04762057214975357
0.04947248846292496
0.06377771496772766
0.06474173069000244
0.14008331298828125
0.04677453637123108
0.03067820519208908
0.04806430637836456
0.0626351609826088
0.03204864636063576
0.03700506314635277
0.06826180964708328
0.04379213973879814
0.006149978376924992
0.13257069885730743
0.04714063182473183
0.02408692240715027
0.10021031647920609
0.06721740961074829
0.025610387325286865
0.026737472042441368
0.042762041091918945
0.026343878358602524
0.04794074594974518
0.00039558092248626053
0.0256971288472414
0.0974709689617157
0.08501022309064865
0.047806739807128906
0.02362252213060856
0.027261512354016304
0.025775136426091194
0.10880725085735321
0.05374559015035629
0.010056884028017521
0.024108780547976494
0.03474755585193634
0.0007895359303802252
0.03498959541320801
0.059764113277196884
0.06437316536903381
0.03922551870346069
0.060432758182287216
0.00870867446064949
0.08505359292030334
0.020610859617590904
0.019707823172211647
0.07189837843179703
0.07604440301656723
0.07059169560670853
0.08659662306308746
0.08499005436897278
0.04629458114504814
0.006787769962102175
0.018157877027988434
0.013978886418044567
0.05526589974761009
0.025031916797161102
0.04679166153073311
0.10122906416654587
0.1692274808883667
0.014043803326785564
0.029125485569238663
0.11578504741191864
0.1360652595758438
0.09134701639413834
0.0771540105342865
0.03804285079240799
0.1163237914443016
0.046523865312337875
0.055105458945035934
0.09213365614414215
0.05243108049035072
0.03434747830033302
0.1363871544599533
0.03878273814916611
0.01899569109082222
0.0511845201253891
0.018793916329741478
0.03639461100101471
0.02045704796910286
0.05975361540913582
0.03797416388988495
0.0030156595166772604
0.14548607170581818
0.03297242894768715
0.05675894394516945
0.029809175059199333
0.03468026965856552
0.017053186893463135
0.029747968539595604
0.05396779254078865
0.08318176865577698
0.05294307321310043
0.10227435827255249
0.08557923883199692
0.22022046148777008
0.0488893985748291
0.062447723001241684
0.039629705250263214
0.1736244112253189
0.03183286637067795
0.0559692345559597
0.06741519272327423
0.080207459628582
0.08931489288806915
0.028065364807844162
0.04799370467662811
0.06502588838338852
0.02152973785996437
0.0812244713306427
0.03235682100057602
0.039043910801410675
0.04366090148687363
0.030161546543240547
0.0166757944971323
0.05940363183617592
0.04421217739582062
0.02662992663681507
0.041752688586711884
0.01548976730555296
0.023636378347873688
0.07819459587335587
0.029311705380678177
0.08446230739355087
0.11782822757959366
0.021640587598085403
0.02940642461180687
0.024287547916173935
0.08652697503566742
0.03483733534812927
0.056926436722278595
0.027416463941335678
0.02443404495716095
0.050073593854904175
0.03178534656763077
0.08131825923919678
0.028827646747231483
0.05537138506770134
0.0333346426486969
0.10737151652574539
0.0034733430948108435
0.032189369201660156
0.16382718086242676
0.03782140091061592
0.06535966694355011
0.020229019224643707
0.027950884774327278
0.04614051803946495
0.017041804268956184
0.039078451693058014
0.022138912230730057
0.09505420178174973
0.05024443194270134
0.03177569806575775
0.04623117670416832
0.004831175319850445
0.09391248971223831
0.019859852269291878
0.07907258719205856
0.07565875351428986
0.03186069056391716
0.019737539812922478
0.04322529211640358
0.03927406668663025
0.05326710641384125
0.13785779476165771
0.05138184875249863
0.07419795542955399
0.03162543103098869
0.000290109368506819
0.0986042320728302
0.08295485377311707
0.05708511173725128
0.05286870151758194
0.0787506029009819
0.12978331744670868
0.013420564122498035
0.02490873634815216
0.032985392957925797
0.011576268821954727
0.029718497768044472
0.028105298057198524
0.02269843965768814
0.10427263379096985
0.04312838241457939
0.09905730187892914
0.03130963444709778
0.0672256201505661
0.03840131312608719
0.059285204857587814
0.01112921629101038
0.043964654207229614
0.05920294672250748
0.01384485699236393
0.048405952751636505
0.025610895827412605
0.07121296972036362
0.024718232452869415
0.03416036441922188
0.06571298092603683
0.01045621931552887
0.03410119190812111
0.02441132813692093
0.03724405914545059
0.05091654136776924
0.0970628410577774
0.03992007300257683
0.04990113526582718
0.08750000596046448
0.014574596658349037
0.012365398928523064
0.0388978086411953
0.06637196242809296
0.021112723276019096
0.07216449081897736
0.0467132143676281
0.04362140968441963
0.05466393753886223
0.03359426558017731
0.015336545184254646
0.04511215537786484
0.18656452000141144
0.023418929427862167
0.08270550519227982
0.05096031352877617
0.11515909433364868
0.04141087457537651
0.003968727309256792
0.019412485882639885
0.015603234991431236
0.04944172501564026
0.04280143603682518
0.02327612042427063
0.038264162838459015
0.04199787974357605
0.033010248094797134
0.022311506792902946
0.016348591074347496
0.032717686146497726
0.03482600301504135
0.03159553185105324
0.021845513954758644
0.031676940619945526
0.033525750041007996
0.07282043248414993
0.01396693754941225
0.019894666969776154
0.02253456972539425
0.07611658424139023
0.014167148619890213
0.05362493172287941
0.0270016361027956
0.04074758663773537
0.019916590303182602
0.12286559492349625
0.03509936481714249
0.03254220634698868
0.0434887632727623
0.05130407214164734
0.016660863533616066
0.10987403243780136
0.015466028824448586
0.020620446652173996
0.07543513923883438
0.040121354162693024
0.04756202548742294
0.08703101426362991
0.050669923424720764
0.03265221044421196
0.03161899745464325
0.023443859070539474
0.08137945830821991
0.12177873402833939
0.00800552498549223
0.02091832645237446
0.05040556564927101
0.11432327330112457
0.07240242511034012
0.07260902971029282
0.08775883913040161
0.049469299614429474
0.019478172063827515
0.014842372387647629
0.03430374339222908
0.04880954697728157
0.010653755627572536
0.0421261265873909
0.05545645207166672
0.12194246798753738
0.0423702634871006
0.11881282180547714
0.060566581785678864
0.01602700911462307
0.09100064635276794
0.0007748599164187908
0.0546540841460228
0.11425439268350601
0.0654844418168068
0.01110345683991909
0.013805492781102657
0.07728976756334305
0.06678007543087006
0.057638753205537796
0.021326394751667976
0.029395680874586105
0.0037617122288793325
0.06381985545158386
0.028195904567837715
0.036948349326848984
0.018948234617710114
0.04753610119223595
0.07862306386232376
0.01586844027042389
0.13258372247219086
0.05136002227663994
0.05116666480898857
0.08089666813611984
0.0459805466234684
0.0492248497903347
0.02637527324259281
0.016135646030306816
0.06095791235566139
0.02470625378191471
0.03478516265749931
0.07149486243724823
0.03003450483083725
0.0329890213906765
0.05323990434408188
0.057407911866903305
0.18401376903057098
0.2577405571937561
0.031206872314214706
0.04235405474901199
0.03864814341068268
0.046648260205984116
0.05464926362037659
0.04302665591239929
0.025883696973323822
0.06566663086414337
0.040847811847925186
0.10699508339166641
0.07974287122488022
0.053576983511447906
0.1724587082862854
0.13700580596923828
0.0009320464450865984
0.009647474624216557
0.07430800795555115
0.051246266812086105
0.06314420700073242
0.09424880892038345
0.009238224476575851
0.12493377923965454
0.01632392778992653
0.0232015959918499
0.05100003629922867
0.01681104674935341
0.1698663830757141
0.06941390037536621
0.08293180912733078
0.07153476774692535
0.06656414270401001
0.04623299837112427
0.07579705119132996
0.010533027350902557
0.00044808542588725686
0.05994543433189392
0.13427774608135223
0.037434328347444534
0.05242827534675598
0.0005697405431419611
0.041755713522434235
0.08115483820438385
0.012325773015618324
0.09760672599077225
0.006550143007189035
0.03789782524108887
0.029254963621497154
0.0214788019657135
0.09805512428283691
0.21433180570602417
0.023825470358133316
0.04176105558872223
0.027768684551119804
0.04658404365181923
0.03973457217216492
0.08002111315727234
0.011695083230733871
0.2545243203639984
0.05113987997174263
0.07208780944347382
0.17219260334968567
0.0868692621588707
0.050410766154527664
0.017308926209807396
0.0860518217086792
0.019991250708699226
0.07576145231723785
0.03800630941987038
0.05793246999382973
0.04724498465657234
0.03239476680755615
0.0044111283496022224
0.033199165016412735
0.019587717950344086
0.09433290362358093
0.07744424790143967
0.07539321482181549
0.07811034470796585
0.04529252275824547
0.007418948225677013
0.1011461541056633
0.02730572037398815
0.03902994841337204
0.05131269246339798
0.04344799369573593
0.03481670469045639
0.03777423873543739
0.02972542680799961
0.027722027152776718
0.011923681013286114
0.05017855018377304
0.1107853427529335
