1.1352753639221191
0.38031265139579773
0.12410886585712433
0.21487373113632202
0.3177049458026886
0.1965324431657791
0.22135140001773834
0.06609436869621277
0.13174958527088165
0.22327378392219543
0.15053442120552063
0.2195950299501419
0.18109376728534698
0.23984397947788239
0.2915450930595398
0.18075783550739288
0.1726974993944168
0.09080265462398529
0.12539932131767273
0.08176375180482864
0.1814936399459839
0.10904479026794434
0.23298603296279907
0.13858921825885773
0.16219191253185272
0.07977147400379181
0.174912229180336
0.13925990462303162
0.11511681228876114
0.15570080280303955
0.15242211520671844
0.10662704706192017
0.16705182194709778
0.19306138157844543
0.2739393711090088
0.17517946660518646
0.10566627234220505
0.12760479748249054
0.06052612140774727
0.24613523483276367
0.10922738164663315
0.15923987329006195
0.14317864179611206
0.15935072302818298
0.08706487715244293
0.14442536234855652
0.19072678685188293
0.16794830560684204
0.1211203932762146
0.1482754349708557
0.1709866225719452
0.14804735779762268
0.13819199800491333
0.1593814194202423
0.20876051485538483
0.225876122713089
0.19254128634929657
0.15197055041790009
0.11915423721075058
0.10360508412122726
0.1468198448419571
0.10766207426786423
0.1335451602935791
0.23077866435050964
0.13340824842453003
0.08545968681573868
0.1952555626630783
0.10149382799863815
0.24613825976848602
0.207576721906662
0.21445944905281067
0.08840519934892654
0.17031319439411163
0.12549515068531036
0.2063615620136261
0.22621366381645203
0.1595892310142517
0.25303345918655396
0.12151225656270981
0.13803353905677795
0.10942965745925903
0.1797853410243988
0.18876391649246216
0.16315574944019318
0.14842380583286285
0.21161246299743652
0.14662088453769684
0.1438765674829483
0.16749820113182068
0.2354726940393448
0.15354125201702118
0.17503763735294342
0.10470481216907501
0.17301437258720398
0.21226823329925537
0.17350824177265167
0.06861578673124313
0.16748318076133728
0.20165470242500305
0.20121081173419952
0.16782301664352417
0.23141364753246307
0.14305905997753143
0.24475640058517456
0.1584487110376358
0.18053176999092102
0.27996715903282166
0.2371412068605423
0.16819104552268982
0.21330972015857697
0.1686282455921173
0.2247212827205658
0.16410470008850098
0.16497117280960083
0.4150703251361847
0.22708569467067719
0.19677290320396423
0.2524110972881317
0.12433187663555145
0.18027837574481964
0.2982175648212433
0.19261854887008667
0.22828049957752228
0.22457166016101837
0.1410733163356781
0.12614814937114716
0.17597508430480957
0.2507496774196625
0.1980314999818802
0.10681106150150299
0.22753576934337616
0.1871514469385147
0.22666291892528534
0.12887847423553467
0.12196057289838791
0.05487977713346481
0.1346144676208496
0.16309739649295807
0.2767775058746338
0.1625429093837738
0.12827929854393005
0.22510722279548645
0.11015581339597702
0.20771101117134094
0.19409652054309845
0.11874326318502426
0.1486498862504959
0.31791117787361145
0.27590295672416687
0.20795826613903046
0.21076638996601105
0.2415381819009781
0.20372255146503448
0.18908248841762543
0.18810002505779266
0.20087672770023346
0.10058745741844177
0.22049157321453094
0.23831425607204437
0.18076904118061066
0.2402305006980896
0.12225940823554993
0.11266907304525375
0.14814771711826324
0.14610661566257477
0.09335695207118988
0.24091309309005737
0.18868590891361237
0.26419907808303833
0.23620109260082245
0.1583031266927719
0.19212394952774048
0.22099298238754272
0.20212168991565704
0.15579470992088318
0.15377680957317352
0.18630871176719666
0.18005673587322235
0.1721486747264862
0.21251648664474487
0.10628953576087952
0.20730508863925934
0.20503279566764832
0.11271597445011139
0.18315711617469788
0.1334698498249054
0.1942543089389801
0.2670453190803528
0.20054270327091217
0.2232232689857483
0.007698274217545986
0.25725558400154114
0.09549903869628906
0.27171599864959717
0.1988368183374405
0.183983713388443
0.17756687104701996
0.14272935688495636
0.1311749517917633
0.14542865753173828
0.08530722558498383
0.2979847490787506
0.09221167862415314
0.1895088106393814
0.2922123968601227
0.22150501608848572
0.16100238263607025
0.28754663467407227
0.1598057895898819
0.21196843683719635
0.17877274751663208
0.26115208864212036
0.0993029922246933
0.25722119212150574
0.1637512743473053
0.2535260319709778
0.19199034571647644
0.19731508195400238
0.12082283198833466
0.08824802935123444
0.22050371766090393
0.1782904714345932
0.09411990642547607
0.09966960549354553
0.21731670200824738
0.11177974939346313
0.10767901688814163
0.29771873354911804
0.0893530398607254
0.2855585515499115
0.11897411942481995
0.20292766392230988
0.2084970772266388
0.23728643357753754
0.25815579295158386
0.18972985446453094
0.16748254001140594
0.06489784270524979
0.19363349676132202
0.2778357267379761
0.18382062017917633
0.33237871527671814
0.12565208971500397
0.19777333736419678
0.19459199905395508
0.2561735212802887
0.1346914917230606
0.19274233281612396
0.22648252546787262
0.22494328022003174
0.13509316742420197
0.2347804307937622
0.2295912653207779
0.13807357847690582
0.18041613698005676
0.13351193070411682
0.19669760763645172
0.211659237742424
0.11496394872665405
0.2592683434486389
0.15559569001197815
0.24790696799755096
0.12721219658851624
0.20754259824752808
0.059238120913505554
0.08365374058485031
0.16760121285915375
0.19078195095062256
0.14777734875679016
0.17518578469753265
0.1524268090724945
0.18710100650787354
0.13951286673545837
0.2823645770549774
0.17428597807884216
0.19832733273506165
0.12412993609905243
0.2238520383834839
0.09498172998428345
0.1828744113445282
0.14963138103485107
0.19998371601104736
0.25833943486213684
0.08950848877429962
0.14765143394470215
0.19320917129516602
0.08297517150640488
0.15483568608760834
0.1605517417192459
0.22261583805084229
0.12402722239494324
0.291386216878891
0.15546154975891113
0.10581175982952118
0.2826468050479889
0.14157436788082123
0.12341941148042679
0.23979808390140533
0.17585423588752747
0.22579778730869293
0.14351481199264526
0.15430662035942078
0.14746928215026855
0.1571311056613922
0.2674350440502167
0.12922799587249756
0.14038558304309845
0.20951133966445923
0.17817340791225433
0.09529926627874374
0.22283896803855896
0.06104479730129242
0.18162938952445984
0.16417914628982544
0.0989757627248764
0.19511105120182037
0.07938981056213379
0.18430238962173462
0.19867992401123047
0.2059963196516037
0.1858784556388855
0.25155556201934814
0.12254085391759872
0.12517988681793213
0.18131321668624878
0.1814635992050171
0.13137562572956085
0.13738669455051422
0.19498078525066376
0.19194664061069489
0.15543663501739502
0.25734230875968933
0.12112210690975189
0.10097606480121613
0.1282796710729599
0.09900818020105362
0.11330202221870422
0.2025499939918518
0.18761610984802246
0.12134961038827896
0.17046643793582916
0.1909485161304474
0.1556822806596756
0.20835474133491516
0.17863696813583374
0.19197499752044678
0.13510341942310333
0.18172213435173035
0.17741204798221588
0.15821382403373718
0.1890261322259903
0.14345183968544006
0.13057583570480347
0.19698938727378845
0.1439698338508606
0.16473554074764252
0.04547261446714401
0.2656514644622803
0.13633716106414795
0.18715712428092957
0.12132015079259872
0.15346993505954742
0.10366538912057877
0.18520766496658325
0.09288612008094788
0.2075553685426712
0.11741029471158981
0.1533489227294922
0.031185034662485123
0.1018863245844841
0.06940962374210358
0.13562573492527008
0.15070194005966187
0.1324811428785324
0.2025965005159378
0.15756367146968842
0.2795577347278595
0.214076429605484
0.17113426327705383
0.1765596568584442
0.35694754123687744
0.13425150513648987
0.17643484473228455
0.18245510756969452
0.10218758136034012
0.09928764402866364
0.1293172687292099
0.15719397366046906
0.09934286028146744
0.04739266261458397
0.20061437785625458
0.16884773969650269
0.1330462247133255
0.12562815845012665
0.1566706746816635
0.18576498329639435
0.24050478637218475
0.2175852358341217
0.207491934299469
0.19968295097351074
0.09599453210830688
0.15149883925914764
0.12826265394687653
0.14974673092365265
0.15796644985675812
0.16674508154392242
0.17445731163024902
0.1788317859172821
0.07093481719493866
0.16069434583187103
0.22641032934188843
0.10038365423679352
0.15463724732398987
0.24264678359031677
0.1720597743988037
0.10005532205104828
0.17858090996742249
0.10899895429611206
0.15867049992084503
0.18102505803108215
0.2528780996799469
0.16148871183395386
0.11654812842607498
0.09392017871141434
0.2086988240480423
0.12177103012800217
0.1361672729253769
0.091145358979702
0.20464588701725006
0.08051694929599762
0.06975772976875305
0.15824051201343536
0.2364867776632309
0.1896626502275467
0.16368408501148224
0.1469571739435196
0.159842848777771
0.15517950057983398
0.1657872498035431
0.11119773238897324
0.1649298071861267
0.16491574048995972
0.11176746338605881
0.15752029418945312
0.18802104890346527
0.10115264356136322
0.11804799735546112
0.14193984866142273
0.1540752649307251
0.11310078203678131
0.1079641804099083
0.1421269178390503
0.16718219220638275
0.13731661438941956
0.2734624743461609
0.19719298183918
0.1419297158718109
0.15477681159973145
0.2600969076156616
0.15128183364868164
0.2399243861436844
0.2141207456588745
0.33415472507476807
0.1900261640548706
0.13177211582660675
0.1215723529458046
0.134749636054039
0.1760665476322174
0.21076570451259613
0.1559121161699295
0.06091820448637009
0.031986020505428314
0.22064867615699768
0.1628420203924179
0.18397890031337738
0.23136542737483978
0.20252719521522522
0.1602461040019989
0.1397596299648285
0.13607294857501984
0.1514936238527298
0.2077522873878479
0.11219211667776108
0.23557163774967194
0.1638544648885727
0.19598811864852905
0.1522514522075653
0.11197175830602646
0.20423190295696259
0.19596926867961884
0.1797088384628296
0.14422790706157684
0.24657219648361206
0.11795692890882492
0.14916563034057617
0.12179401516914368
0.16820533573627472
0.26728540658950806
0.1821589171886444
0.15174159407615662
0.16898684203624725
0.1889084428548813
0.1381751000881195
0.09524005651473999
0.0946175679564476
0.1884220689535141
0.17568552494049072
0.07802179455757141
0.14806999266147614
0.1538422852754593
0.07876667380332947
0.3313881754875183
0.06527575105428696
0.1405249834060669
0.14987172186374664
0.15342222154140472
0.25876912474632263
0.17727890610694885
0.16086268424987793
0.12038201093673706
0.16995644569396973
0.22696399688720703
0.18663427233695984
0.18189798295497894
0.2000429779291153
0.09204687923192978
0.18281759321689606
0.10089500993490219
0.14456115663051605
0.18722578883171082
0.17221055924892426
0.1871245801448822
0.21582727134227753
0.23702307045459747
0.22568166255950928
0.15217943489551544
0.1831507831811905
0.1751726120710373
0.15756461024284363
0.1605733186006546
0.09452211111783981
0.20238569378852844
0.13619650900363922
0.20822696387767792
0.16877630352973938
0.2759794592857361
0.11038549989461899
0.13060377538204193
0.056295908987522125
0.16867393255233765
0.14719298481941223
0.170220285654068
0.21258939802646637
0.17188328504562378
0.15238279104232788
0.10279832780361176
0.19412116706371307
0.11538984626531601
0.13638707995414734
0.21197064220905304
0.06832416355609894
0.1347096860408783
0.12332230061292648
0.09246109426021576
0.2102625072002411
0.09816836565732956
0.17895087599754333
0.15255890786647797
0.11063891649246216
0.23108839988708496
0.243559792637825
0.1039847657084465
0.08914285153150558
0.19598381221294403
0.23039297759532928
0.18516568839550018
0.15511178970336914
0.11921598762273788
0.1259027123451233
0.11277259141206741
0.21539011597633362
0.14999303221702576
0.13206712901592255
0.46795889735221863
0.08702272921800613
0.1337542086839676
0.2124306857585907
0.11773084104061127
0.15836037695407867
0.12571905553340912
0.051692795008420944
0.21625076234340668
0.11687779426574707
0.1830541491508484
0.21079710125923157
0.1359487771987915
0.10198184847831726
0.19466860592365265
0.07220539450645447
0.277153342962265
0.06866060942411423
0.19771859049797058
0.17403972148895264
0.16682392358779907
0.14021234214305878
0.1313522756099701
0.10158898681402206
0.06862097978591919
0.1465466022491455
0.06668954342603683
0.10815460234880447
0.10744328051805496
0.18762822449207306
0.19654378294944763
0.19435209035873413
0.11189408600330353
0.12786178290843964
0.027374504134058952
0.14696116745471954
0.1388358622789383
0.20193247497081757
0.09827545285224915
0.12663011252880096
0.21392422914505005
0.16185516119003296
0.22612996399402618
0.20559322834014893
0.07264112681150436
0.17300868034362793
0.17422594130039215
0.184102863073349
0.08804133534431458
0.10974941402673721
0.15828055143356323
0.1409803330898285
0.07925375550985336
0.13169018924236298
0.18564589321613312
0.15200088918209076
0.2525087296962738
0.2192375212907791
0.1331636905670166
0.16651207208633423
0.12552592158317566
0.12264589220285416
0.12454953044652939
0.1843910664319992
0.15132826566696167
0.05795784294605255
0.11403526365756989
0.16691383719444275
0.14839839935302734
0.10531249642372131
0.1712527573108673
0.02696346864104271
0.28165295720100403
0.18892262876033783
0.10642023384571075
0.2436065673828125
0.13038715720176697
0.15867871046066284
0.19645726680755615
0.1976439356803894
0.07530300319194794
0.23833444714546204
0.26380395889282227
0.19450519979000092
0.18766272068023682
0.13190139830112457
0.1443449705839157
0.1812477707862854
0.2383173108100891
0.1252991408109665
0.11322694271802902
0.23454973101615906
0.20914500951766968
0.055641911923885345
0.314102441072464
0.14550071954727173
0.3392180800437927
0.23468992114067078
0.0970664694905281
0.10668974369764328
0.30246931314468384
0.12353847175836563
0.20267418026924133
0.1853194236755371
0.06004583090543747
0.3173111379146576
0.13630692660808563
0.19039128720760345
0.1735837608575821
0.17017559707164764
0.15252690017223358
0.12319347262382507
0.18872946500778198
0.10774465650320053
0.21637068688869476
0.08019571006298065
0.09724152088165283
0.27047887444496155
0.14832444489002228
0.15911990404129028
0.11606386303901672
0.22439701855182648
0.19106851518154144
0.1434703767299652
0.1461152881383896
0.19678547978401184
0.17516416311264038
0.15309230983257294
0.21158957481384277
0.1303916722536087
0.1856711506843567
0.1990731656551361
0.11105778068304062
0.15374501049518585
0.26702508330345154
0.28495827317237854
0.16692166030406952
0.09678783267736435
0.33857759833335876
0.21352578699588776
0.20173005759716034
0.22954030334949493
0.11631672829389572
0.0925804078578949
0.12537764012813568
0.15570634603500366
0.13606861233711243
0.09917919337749481
0.113882876932621
0.10565844923257828
0.11206908524036407
0.1502956748008728
0.08366474509239197
0.11683223396539688
0.11787860840559006
0.17077957093715668
0.21975313127040863
0.152825728058815
0.07166387885808945
0.19033555686473846
0.12444543838500977
0.13077770173549652
0.10586277395486832
0.14735522866249084
0.13495643436908722
0.31677043437957764
0.17235852777957916
0.12970703840255737
0.20935474336147308
0.09777261316776276
0.1634017527103424
0.17576541006565094
0.1272144764661789
0.12127979099750519
0.12911464273929596
0.14986787736415863
0.17053399980068207
0.0438850075006485
0.1703076958656311
0.10624856501817703
0.1951887458562851
0.2704979479312897
0.13468649983406067
0.08720176666975021
0.11525968462228775
0.16090990602970123
0.1440700739622116
0.10075926035642624
0.17405474185943604
0.1447456181049347
0.16682228446006775
0.17223581671714783
0.1602008044719696
0.22458171844482422
0.07550555467605591
0.17167916893959045
0.13917191326618195
0.1283266544342041
0.09765210002660751
0.17409196496009827
0.1397220343351364
0.16993401944637299
0.193731427192688
0.09886207431554794
0.2768383026123047
0.14489485323429108
0.15879550576210022
0.0964830070734024
0.10327721387147903
0.15915413200855255
0.14657063782215118
0.17277899384498596
0.02768472395837307
0.07714351266622543
0.09380465000867844
0.21257802844047546
0.10235504806041718
0.19801074266433716
0.15828709304332733
0.11084263771772385
0.10115808993577957
0.24664287269115448
0.15809181332588196
0.3225010931491852
0.17451736330986023
0.1566234529018402
0.10484309494495392
0.1445017009973526
0.12900835275650024
0.11970750987529755
0.1352034956216812
0.17126066982746124
0.12673905491828918
0.20750384032726288
0.18920625746250153
0.21809034049510956
0.13406774401664734
0.13105161488056183
0.1076522022485733
0.1916971057653427
0.12761618196964264
0.07310491800308228
0.21770447492599487
0.13695208728313446
0.15681302547454834
0.09412708878517151
0.19135621190071106
0.12284233421087265
0.20595970749855042
0.17021901905536652
0.11559756845235825
0.20140601694583893
0.11289942264556885
0.18796740472316742
0.11665304750204086
0.18877173960208893
0.20739048719406128
0.10424573719501495
0.179415762424469
0.0776963084936142
0.1461469978094101
0.10198970884084702
0.16633974015712738
0.1278614103794098
0.16222204267978668
0.12540695071220398
0.14260783791542053
0.15040136873722076
0.16402392089366913
0.17833521962165833
0.1551462709903717
0.0676071047782898
0.10454335808753967
0.135969877243042
0.06816079467535019
0.1315646469593048
0.20156697928905487
0.12477526813745499
0.08676524460315704
0.16603921353816986
0.3142116069793701
0.21407784521579742
0.08537081629037857
0.15319028496742249
0.14566650986671448
0.10556758940219879
0.17880982160568237
0.1947231888771057
0.26667776703834534
0.10763196647167206
0.1584971398115158
0.13312411308288574
0.059271808713674545
0.09057522565126419
0.13668350875377655
0.14762663841247559
0.11089794337749481
0.0655849277973175
0.15773390233516693
0.14932000637054443
0.14897409081459045
0.15119652450084686
0.15471170842647552
0.1260533183813095
0.17197948694229126
0.13479749858379364
0.12990951538085938
0.16202636063098907
0.14235197007656097
0.20741169154644012
0.2145995795726776
0.14861711859703064
0.16695456206798553
0.14854252338409424
0.10822596400976181
0.14406703412532806
0.11660756170749664
0.1015591099858284
0.4843474328517914
0.11994852870702744
0.13242919743061066
0.1945573091506958
0.13991735875606537
0.1551864594221115
0.04962462559342384
0.17653191089630127
0.13650575280189514
0.12205886095762253
0.09955058991909027
0.11097341775894165
0.10895946621894836
0.18970605731010437
0.11121297627687454
0.28367379307746887
0.24077177047729492
0.12215746939182281
0.20318008959293365
0.22926390171051025
0.08492724597454071
0.13322222232818604
0.18469053506851196
0.1910790354013443
0.1562221199274063
0.2068823128938675
0.24240049719810486
0.26876920461654663
0.14035233855247498
0.10367012768983841
0.12633928656578064
0.13787496089935303
0.12533330917358398
0.15979738533496857
0.1067514419555664
0.20239481329917908
0.19449031352996826
0.1614721268415451
0.06472355872392654
0.12431164085865021
0.17500536143779755
0.09111945331096649
0.1641291379928589
0.11066973209381104
0.09071383625268936
0.07097353786230087
0.215826153755188
0.07771868258714676
0.053765781223773956
0.1588447093963623
0.18543270230293274
0.17333291471004486
0.13386493921279907
0.08167912065982819
0.12319502979516983
0.10822403430938721
0.13700097799301147
0.0980556383728981
0.13093741238117218
0.15061981976032257
0.15133163332939148
0.07532802224159241
0.17763879895210266
0.08538598567247391
0.10228126496076584
0.17850573360919952
0.1177249476313591
0.07184167951345444
0.12883202731609344
0.1826981008052826
0.11402948200702667
0.1694241613149643
0.1413429230451584
0.11586542427539825
0.15810148417949677
0.21102233231067657
0.0798335149884224
0.11791237443685532
0.13173840939998627
0.16194574534893036
0.20601727068424225
0.2947629988193512
0.08170747756958008
0.1458364874124527
0.19652791321277618
0.1356877237558365
0.1485660821199417
0.1215667724609375
0.17849671840667725
0.14851385354995728
0.1620175987482071
0.17557774484157562
0.14785996079444885
0.09033666551113129
0.12523365020751953
0.09600114077329636
0.0802818238735199
0.09517726302146912
0.2420157939195633
0.09285343438386917
0.1441514492034912
0.24675093591213226
0.09267501533031464
0.13406333327293396
0.06700066477060318
0.10734380036592484
0.056411635130643845
0.10706064105033875
0.14853262901306152
0.047397639602422714
0.14087332785129547
0.07016520202159882
0.16702881455421448
0.14556069672107697
0.2688874900341034
0.036512311547994614
0.14315520226955414
0.1274971067905426
0.10063927620649338
0.1825917661190033
0.15559272468090057
0.14354552328586578
0.11935760825872421
0.11016622185707092
0.12024209648370743
0.08332181721925735
0.10953615605831146
0.13918939232826233
0.34694257378578186
0.1411164104938507
0.23875297605991364
0.28511911630630493
0.15335774421691895
0.12190480530261993
0.12175104767084122
0.10989774018526077
0.1101241260766983
0.11099884659051895
0.10867685824632645
0.12355050444602966
0.13969795405864716
0.1716107428073883
0.16264615952968597
0.1272929459810257
0.1335984766483307
0.13742604851722717
0.21887002885341644
0.17908033728599548
0.11479515582323074
0.17771390080451965
0.12901340425014496
0.12331892549991608
0.11393208056688309
0.10858584195375443
0.1512281894683838
0.20762385427951813
0.17165540158748627
0.14089441299438477
0.02092437446117401
0.19565200805664062
0.12234295904636383
0.13913728296756744
0.16539941728115082
0.07838977128267288
0.18806836009025574
0.09657056629657745
0.12123595923185349
0.10659930855035782
0.22819989919662476
0.11914032697677612
0.12369446456432343
0.1200740784406662
0.043398190289735794
0.11957629024982452
0.26616141200065613
0.10018150508403778
0.15166018903255463
0.07918998599052429
0.17558524012565613
0.14020048081874847
0.2752001881599426
0.2087729424238205
0.15620377659797668
0.03937426209449768
0.10962831974029541
0.1394028514623642
0.14061062037944794
0.08790459483861923
0.13470421731472015
0.15993589162826538
0.11079976707696915
0.09014628082513809
0.06700938940048218
0.12539039552211761
0.15633223950862885
0.10996458679437637
0.13893413543701172
0.10338742285966873
0.09771693497896194
0.13983939588069916
0.19437478482723236
0.16181156039237976
0.08331406861543655
0.07990119606256485
0.08041740953922272
0.15113362669944763
0.1691594421863556
0.09316529333591461
0.14077003300189972
0.1720530390739441
0.18965791165828705
0.15666426718235016
0.13341861963272095
0.20901866257190704
0.15550190210342407
0.11640754342079163
0.12060033529996872
0.17746636271476746
0.15965721011161804
0.1288536936044693
0.12624754011631012
0.10081194341182709
0.19270305335521698
0.14542147517204285
0.16755059361457825
0.10474330186843872
0.12690193951129913
0.13928738236427307
0.11293482035398483
0.09115791320800781
0.12095750123262405
0.029145529493689537
0.10265488922595978
0.0940282791852951
0.04919446259737015
0.12623830139636993
0.08078181743621826
0.06091168522834778
0.03845244646072388
0.09882509708404541
0.0336352102458477
0.0373188741505146
0.21677428483963013
0.13152281939983368
0.12495103478431702
0.1743355095386505
0.09163887798786163
0.12485935539007187
0.19302166998386383
0.16911733150482178
0.15144295990467072
0.12990090250968933
0.21518054604530334
0.1059807538986206
0.13452771306037903
0.16710104048252106
0.08978535979986191
0.16492682695388794
0.10604103654623032
0.14615920186042786
0.20374417304992676
0.08515582233667374
0.10282597690820694
0.17458106577396393
0.127105712890625
0.20288363099098206
0.1362713724374771
0.03775119408965111
0.1750459372997284
0.21270602941513062
0.2459387630224228
0.04624222591519356
0.0821651816368103
0.15511994063854218
0.25988397002220154
0.18922674655914307
0.12673582136631012
0.15914225578308105
0.1514514684677124
0.19616305828094482
0.12670445442199707
0.05644968897104263
0.24052399396896362
0.0498201884329319
0.18421123921871185
0.17113593220710754
0.1465122401714325
0.05244158208370209
0.17279186844825745
0.12513373792171478
0.0958276316523552
0.2016715407371521
0.1036171168088913
0.1989789754152298
0.08537557721138
0.35711541771888733
0.16719898581504822
0.0836312472820282
0.16255979239940643
0.13651806116104126
0.13674794137477875
0.17324815690517426
0.36180320382118225
0.11874616891145706
0.24037010967731476
0.04947440326213837
0.15094473958015442
0.10497672855854034
0.04900060594081879
0.06943676620721817
0.050643227994441986
0.14073462784290314
0.09373835474252701
0.06618303060531616
0.18476927280426025
0.1771075576543808
0.1569817215204239
0.10400108993053436
0.10720880329608917
0.1296841949224472
0.16698911786079407
0.0868360623717308
0.09808823466300964
0.13003793358802795
0.10207425802946091
0.11352009326219559
0.14387114346027374
0.08613678812980652
0.18366990983486176
0.12705619633197784
0.20019733905792236
0.10794803500175476
0.11459159851074219
0.07809467613697052
0.07030405849218369
0.11241773515939713
0.17292463779449463
0.13678495585918427
0.24118563532829285
0.1041717454791069
0.1366071105003357
0.13424021005630493
0.15653786063194275
0.11027082800865173
0.1488966941833496
0.11703164130449295
0.12605571746826172
0.1734427809715271
0.07657099515199661
0.10890669375658035
0.0573536679148674
0.14377212524414062
0.11988090723752975
0.08602862060070038
0.15250545740127563
0.09950960427522659
0.1673743724822998
0.20037581026554108
0.16580913960933685
0.1345139592885971
0.14884892106056213
0.11387890577316284
0.09474663436412811
0.24933594465255737
0.0845743715763092
0.08783560246229172
0.15769483149051666
0.1924736499786377
0.104749396443367
0.12966232001781464
0.0882706567645073
0.18353179097175598
0.15647517144680023
0.08680598437786102
0.0859307199716568
0.17513881623744965
0.16012075543403625
0.16580520570278168
0.17535808682441711
0.13770723342895508
0.30436649918556213
0.11379611492156982
0.14234396815299988
0.08151308447122574
0.16184313595294952
0.0954330638051033
0.0984019860625267
0.07711008936166763
0.04457306116819382
0.13917188346385956
0.04818323254585266
0.2540076971054077
0.15736597776412964
0.0904882550239563
0.13475936651229858
0.09078966826200485
0.11736488342285156
0.08141209930181503
0.12145049124956131
0.0751621201634407
0.11791903525590897
0.11366768181324005
0.23698315024375916
0.07343453168869019
0.10655570030212402
0.17182451486587524
0.06342855840921402
0.13184575736522675
0.23539048433303833
0.29438045620918274
0.047861263155937195
0.15609173476696014
0.14182807505130768
0.10188232362270355
0.10105974972248077
0.08679623901844025
0.0775594636797905
0.07779969274997711
0.10370956361293793
0.14124716818332672
0.17022854089736938
0.11558021605014801
0.10355020314455032
0.07037045806646347
0.12222908437252045
0.23205401003360748
0.07358727604150772
0.07327432930469513
0.1261463165283203
0.10421977937221527
0.03070138767361641
0.07032107561826706
0.1227421686053276
0.23362740874290466
0.1499456912279129
0.16523222625255585
0.117762990295887
0.06420424580574036
0.11068499833345413
0.12109556049108505
0.0794321596622467
0.12122336030006409
0.10139747709035873
0.1871672123670578
0.13882166147232056
0.15697844326496124
0.1708907037973404
0.13547411561012268
0.139077827334404
0.12438122928142548
0.129582017660141
0.11456403881311417
0.13037234544754028
0.1869250237941742
0.15913759171962738
0.08084084093570709
0.1551794856786728
0.09536422789096832
0.16063161194324493
0.1456449180841446
0.10458551347255707
0.18248097598552704
0.14826415479183197
0.16091790795326233
0.20560111105442047
0.05583639442920685
0.1406475305557251
0.15704242885112762
0.23203960061073303
0.08055818825960159
0.07679278403520584
0.08047228306531906
0.1412540078163147
0.06488083302974701
0.08638186752796173
0.11880824714899063
0.13769657909870148
0.1711592823266983
0.1673162281513214
0.05512947216629982
0.15926773846149445
0.1032545268535614
0.09763889759778976
0.1814792901277542
0.24123254418373108
0.15860454738140106
0.11513220518827438
0.04429240524768829
0.13206297159194946
0.15610313415527344
0.10352074354887009
0.17811380326747894
0.05380350351333618
0.06297095119953156
0.15070053935050964
0.09850630909204483
0.16047295928001404
0.22209565341472626
0.1956181526184082
0.14482279121875763
0.12570159137248993
0.19704265892505646
0.15394116938114166
0.11445935815572739
0.1647266149520874
0.18669180572032928
0.13593514263629913
0.17663584649562836
0.11741986125707626
0.16243316233158112
0.0834316611289978
0.11536838859319687
0.09794161468744278
0.10578466951847076
0.12453369051218033
0.16002202033996582
0.09864771366119385
0.15356551110744476
0.08958037197589874
0.13830262422561646
0.05383219197392464
0.18123042583465576
0.1136096864938736
0.14385582506656647
0.07679084688425064
0.0701204165816307
0.15889069437980652
0.1534765660762787
0.12995636463165283
0.2043566256761551
0.12339626252651215
0.1888272762298584
0.05955498293042183
0.09262727200984955
0.09518571197986603
0.10305386781692505
0.1079389750957489
0.1794775128364563
0.07865280658006668
0.04931945353746414
0.15376117825508118
0.09554321318864822
0.07573112845420837
0.0663987472653389
0.130342036485672
0.26025354862213135
0.14742150902748108
0.07196944206953049
0.08351047337055206
0.12495981901884079
0.14849510788917542
0.14158661663532257
0.09939779341220856
0.12645237147808075
0.2142612189054489
0.07369798421859741
0.06346297264099121
0.07601911574602127
0.20136965811252594
0.11929876357316971
0.10059844702482224
0.0865817666053772
0.02045617438852787
0.08978135138750076
0.09970255196094513
0.18196529150009155
0.10887250304222107
0.15877798199653625
0.07521092146635056
0.11707726120948792
0.06388913094997406
0.10898824781179428
0.1327759474515915
0.16138491034507751
0.1568259745836258
0.1273745894432068
0.17091034352779388
0.17171558737754822
0.14748038351535797
0.1652294546365738
0.0858636349439621
0.11386565864086151
0.11030558496713638
0.11552097648382187
0.15836215019226074
0.23858466744422913
0.22690941393375397
0.10789348930120468
0.1661829799413681
0.12523403763771057
0.07759957760572433
0.0750797837972641
0.11482685804367065
0.11939291656017303
0.1254376471042633
0.09235689043998718
0.09416115283966064
0.1867750883102417
0.11541778594255447
0.11249423027038574
0.06968183070421219
0.20952750742435455
0.11914601922035217
0.1730576753616333
0.05631444603204727
0.05538098141551018
0.09826009720563889
0.06352194398641586
0.05780528113245964
0.16009262204170227
0.16972234845161438
0.1554744690656662
0.11206986755132675
0.1052476093173027
0.16654789447784424
0.11964628845453262
0.15012411773204803
0.12989895045757294
0.06810926645994186
0.13530035316944122
0.10725101828575134
0.040558528155088425
0.04756215959787369
0.15976722538471222
0.29711875319480896
0.32199564576148987
0.1690170019865036
0.13571567833423615
0.16117364168167114
0.10327145457267761
0.16805581748485565
0.1359291523694992
0.1292579472064972
0.18238157033920288
0.12471423298120499
0.07607439905405045
0.11831866949796677
0.1530008614063263
0.16441002488136292
0.1398426741361618
0.16978994011878967
0.11825208365917206
0.10106832534074783
0.13203229010105133
0.08225030452013016
0.1585504114627838
0.2961671054363251
0.08577755093574524
0.12933291494846344
0.17669786512851715
0.10502830147743225
0.14533573389053345
0.16229398548603058
0.15152302384376526
0.10113731771707535
0.15258291363716125
0.1426655799150467
0.16696307063102722
0.09267307072877884
0.11133964359760284
0.039427924901247025
0.16701549291610718
0.12107135355472565
0.1352025717496872
0.18750225007534027
0.14737731218338013
0.1285226196050644
0.0960051417350769
0.1923450529575348
0.09020231664180756
0.10297932475805283
0.068917416036129
0.09427186846733093
0.13362224400043488
0.1421511173248291
0.08345626294612885
0.08607190102338791
0.14707712829113007
0.16735073924064636
0.06285256147384644
0.1296887844800949
0.03984799236059189
0.07573951780796051
0.19026727974414825
0.18636979162693024
0.1809302419424057
0.14655475318431854
0.12908241152763367
0.09574397653341293
0.11400764435529709
0.11080910265445709
0.08177565783262253
0.1022249162197113
0.10977698862552643
0.20576171576976776
0.07923784106969833
0.10364212095737457
0.16094452142715454
0.2207116037607193
0.20863334834575653
0.19024010002613068
0.08578883856534958
0.0939217135310173
0.12817798554897308
0.13776220381259918
0.07785249501466751
0.09861188381910324
0.12935574352741241
0.10594523698091507
0.08994973450899124
0.11594507098197937
0.1326114684343338
0.04837614670395851
0.1005125567317009
0.16097237169742584
0.1251271516084671
0.2274608314037323
0.10885027050971985
0.1546171009540558
0.10387539118528366
0.037139642983675
0.08137772977352142
0.13565045595169067
0.14258834719657898
0.1258333921432495
0.09518922865390778
0.14228810369968414
0.14495150744915009
0.138475701212883
0.053197313100099564
0.08564924448728561
0.141510471701622
0.09733869135379791
0.07727944850921631
0.11093509942293167
0.15072092413902283
0.102568119764328
0.1635328233242035
0.11703760921955109
0.1511310338973999
0.101889468729496
0.11656073480844498
0.15606391429901123
0.16863350570201874
0.1554243117570877
0.10563468188047409
0.22530701756477356
0.14274674654006958
0.08007204532623291
0.06318198144435883
0.10961515456438065
0.11012916266918182
0.14873264729976654
0.15777245163917542
0.18460573256015778
0.1080983430147171
0.12881797552108765
0.1272643804550171
0.19124874472618103
0.08989150077104568
0.10625763982534409
0.10388670116662979
0.08021505177021027
0.12869980931282043
0.2290581911802292
0.11239968240261078
0.10304243117570877
0.1564527004957199
0.17367269098758698
0.2777157127857208
0.05239914357662201
0.11700858920812607
0.12330640107393265
0.14842352271080017
0.09220373630523682
0.10599847882986069
0.17355242371559143
0.16507214307785034
0.17866449058055878
0.297158420085907
0.23850233852863312
0.12458497285842896
0.1602761149406433
0.1295657753944397
0.14873448014259338
0.12392172962427139
0.08057045936584473
0.07167459279298782
0.06147230416536331
0.0899990051984787
0.11542908102273941
0.12818077206611633
0.12265016883611679
0.15557286143302917
0.06684842705726624
0.146028071641922
0.12364315241575241
0.23370008170604706
0.11948278546333313
0.05987119674682617
0.13020268082618713
0.14016710221767426
0.21685726940631866
0.20541836321353912
0.1339222639799118
0.10048865526914597
0.1489846408367157
0.1207551509141922
0.13492435216903687
0.12047306448221207
0.10643569380044937
0.12174028158187866
0.17826448380947113
0.23708795011043549
0.06087828800082207
0.13797451555728912
0.11956339329481125
0.1524258404970169
0.18437880277633667
0.10822167992591858
0.13077019155025482
0.1746000498533249
0.11415413022041321
0.1453254669904709
0.028732798993587494
0.09679268300533295
0.1161496713757515
0.1966051608324051
0.19075845181941986
0.07571790367364883
0.12071693688631058
0.1308671236038208
0.1459917426109314
0.10608016699552536
0.09906627237796783
0.23327603936195374
0.498979777097702
0.1471582055091858
0.11800961941480637
0.0580434612929821
0.165740966796875
0.15428322553634644
0.13479159772396088
0.06254962831735611
0.16282452642917633
0.09870695322751999
0.15716423094272614
0.13320913910865784
0.12377426028251648
0.08420815318822861
0.23100005090236664
0.06979536265134811
0.16769763827323914
0.16579407453536987
0.1005377247929573
0.15515141189098358
0.04208116978406906
0.10706090182065964
0.10350684821605682
0.10158991813659668
0.10537802428007126
0.19557854533195496
0.13537286221981049
0.14253385365009308
0.14692610502243042
0.1836404800415039
0.15275847911834717
0.09145492315292358
0.0735197365283966
0.09906349331140518
0.1718209981918335
0.10087618976831436
0.18063680827617645
0.1042262464761734
0.16496707499027252
0.08354900032281876
0.04825997352600098
0.027870336547493935
0.11029762029647827
0.13604427874088287
0.10724499076604843
0.2031736969947815
0.1324758231639862
0.10428815335035324
0.1367047280073166
0.17123588919639587
0.12374158948659897
0.07115211337804794
0.15610487759113312
0.07945694774389267
0.20183205604553223
0.09386193007230759
0.07723215222358704
0.2379310578107834
0.1831929236650467
0.19389976561069489
0.15137547254562378
0.09690255671739578
0.15254734456539154
0.10343137383460999
0.13080602884292603
0.15074481070041656
0.133534774184227
0.1805422157049179
0.09317435324192047
0.0909358486533165
0.16154739260673523
0.0865442082285881
0.08280503749847412
0.11927048861980438
0.16292761266231537
0.12108936905860901
0.17482902109622955
0.14201003313064575
0.030681315809488297
0.2162507325410843
0.14753350615501404
0.11242559552192688
0.19239841401576996
0.16290128231048584
0.11492273956537247
0.16668595373630524
0.16511429846286774
0.19063004851341248
0.15989847481250763
0.02175803668797016
0.11111439764499664
0.09327078610658646
0.07665295898914337
0.09596654027700424
0.12464980036020279
0.10195368528366089
0.07793517410755157
0.12795625627040863
0.09675712883472443
0.17809531092643738
0.1545294225215912
0.14534877240657806
0.057833559811115265
0.09785633534193039
0.10700017958879471
0.1493932008743286
0.1195460855960846
0.06719779223203659
0.10006169229745865
0.10286691039800644
0.44674792885780334
0.14647382497787476
0.06686922162771225
0.10176119208335876
0.23002010583877563
0.11435430496931076
0.16791704297065735
0.1506693810224533
0.206900492310524
0.0901746153831482
0.10959909856319427
0.17801791429519653
0.08008335530757904
0.16215389966964722
0.08701504021883011
0.10505863279104233
0.11442680656909943
0.08727984875440598
0.2016327679157257
0.12591087818145752
0.10953278839588165
0.09759673476219177
0.1225309818983078
0.18397396802902222
0.09800980240106583
0.08818183839321136
0.09564048051834106
0.14867687225341797
0.09194103628396988
0.16087442636489868
0.13959041237831116
0.0409361869096756
0.140952467918396
0.0931115448474884
0.12470603734254837
0.061039090156555176
0.09899264574050903
0.1450033187866211
0.10858628153800964
0.13692402839660645
0.08118130266666412
0.24368275701999664
0.0989142507314682
0.12025562673807144
0.11968857049942017
0.21718928217887878
0.11712340265512466
0.09356873482465744
0.11668702960014343
0.11862308531999588
0.09269959479570389
0.16482160985469818
0.16157166659832
0.23863117396831512
0.11021579056978226
0.18293114006519318
0.10755728930234909
0.1251286417245865
0.10456562787294388
0.17916284501552582
0.031085260212421417
0.1281876266002655
0.09821131825447083
0.2161913812160492
0.1337765008211136
0.13730670511722565
0.18192529678344727
0.06846346706151962
0.18547280132770538
0.08715888112783432
0.1646195352077484
0.18103478848934174
0.14053745567798615
0.10310989618301392
0.13003981113433838
0.12741491198539734
0.15723900496959686
0.12120641022920609
0.12057654559612274
0.12162912636995316
0.13606806099414825
0.20749200880527496
0.08624197542667389
0.08420904725790024
0.26216790080070496
0.12308171391487122
0.07944869995117188
0.08425090461969376
0.1514895260334015
0.16789591312408447
0.2708691358566284
0.191846564412117
0.2520104944705963
0.09423555433750153
0.15944983065128326
0.078527070581913
0.11903475224971771
0.15847238898277283
0.15143775939941406
0.09890209883451462
0.053635552525520325
0.1314806491136551
0.11014741659164429
0.22338008880615234
0.08909568935632706
0.09920898824930191
0.08376725018024445
0.07168890535831451
0.13569700717926025
0.10464561730623245
0.1627383530139923
0.07055500894784927
0.13855434954166412
0.07214945554733276
0.09270792454481125
0.1163027286529541
0.08455587178468704
0.08765214681625366
0.08980748802423477
0.11998613178730011
0.11709457635879517
0.14517192542552948
0.13962243497371674
0.14989478886127472
0.1661209613084793
0.09744659811258316
0.14332064986228943
0.1307096928358078
0.09349595010280609
0.14273135364055634
0.2100805789232254
0.1320217400789261
0.12628501653671265
0.08997321873903275
0.09267167001962662
0.06233641877770424
0.08268719911575317
0.0682467594742775
0.16526542603969574
0.14902575314044952
0.07672020047903061
0.15368826687335968
0.20582915842533112
0.05986512079834938
0.05900637060403824
0.0896846354007721
0.15523318946361542
0.12212586402893066
0.1127225011587143
0.06586888432502747
0.11396127194166183
0.18168069422245026
0.06090501323342323
0.09267152845859528
0.16292893886566162
0.14371249079704285
0.04755110293626785
0.045249033719301224
0.14326052367687225
0.06373275071382523
0.06588727235794067
0.12014150619506836
0.2181902378797531
0.17819887399673462
0.06052984297275543
0.0424516499042511
0.14626802504062653
0.15491528809070587
0.10777202993631363
0.126222625374794
0.1933191865682602
0.061989184468984604
0.15384279191493988
0.06156603991985321
0.08999332040548325
0.046796999871730804
0.12266334146261215
0.08177721500396729
0.0548153892159462
0.076665960252285
0.1562097668647766
0.17649081349372864
0.0909373015165329
0.20089414715766907
0.08248287439346313
0.0880444198846817
0.08025467395782471
0.11795928329229355
0.06579411029815674
0.1470935344696045
0.10300972312688828
0.14896315336227417
0.1114361584186554
0.15043853223323822
0.21153487265110016
0.09762747585773468
0.0743572935461998
0.13913805782794952
0.1598883867263794
0.15652775764465332
0.16916757822036743
0.09692306071519852
0.04464090242981911
0.07148172706365585
0.12183079123497009
0.0904805138707161
0.10249006748199463
0.12370841205120087
0.22639785706996918
0.12457132339477539
0.07410747557878494
0.1065029725432396
0.14139214158058167
0.14117611944675446
0.14200375974178314
0.1698705106973648
0.0884142816066742
0.08831068873405457
0.19313527643680573
0.13076382875442505
0.07897573709487915
0.11959077417850494
0.1364370584487915
0.030236244201660156
0.04816819354891777
0.08783459663391113
0.07998432964086533
0.2277856022119522
0.20922867953777313
0.06431165337562561
0.17251797020435333
0.13781419396400452
0.1278267204761505
0.060966916382312775
0.05267822742462158
0.13145771622657776
0.13793061673641205
0.09067084640264511
0.06549263745546341
0.12674516439437866
0.06663569808006287
0.10261181741952896
0.09547986090183258
0.07350078225135803
0.11804494261741638
0.19297343492507935
0.10693561285734177
0.05962230637669563
0.05934282764792442
0.19187262654304504
0.138566792011261
0.1884377896785736
0.12866269052028656
0.1217946782708168
0.08251412957906723
0.10344992578029633
0.10907741636037827
0.184638112783432
0.14376555383205414
0.1270458996295929
0.0924205631017685
0.11210370063781738
0.09710431843996048
0.14498832821846008
0.15955303609371185
0.08382188528776169
0.11920319497585297
0.06813833862543106
0.05941135436296463
0.11736668646335602
0.1173478215932846
0.08243829011917114
0.11403089761734009
0.0737985372543335
0.08712388575077057
0.1888463944196701
0.1315324306488037
0.1162090077996254
0.1576278805732727
0.11333837360143661
0.06782059371471405
0.17958220839500427
0.2395380288362503
0.19362442195415497
0.10031773149967194
0.06939931958913803
0.10119031369686127
0.023845653980970383
0.10014964640140533
0.1346353143453598
0.06419934332370758
0.056469060480594635
0.26324403285980225
0.13968604803085327
0.17431549727916718
0.07641013711690903
0.1043384000658989
0.18269172310829163
0.024986736476421356
0.10450250655412674
0.060924459248781204
0.10469693690538406
0.06953731179237366
0.14741989970207214
0.13496024906635284
0.10003039985895157
0.11281977593898773
0.11043019592761993
0.10777362436056137
0.10703396797180176
0.049112316220998764
0.126306414604187
0.11902771890163422
0.17070777714252472
0.11959891766309738
0.11154181510210037
0.10648255050182343
0.13316300511360168
0.11969006061553955
0.0750097781419754
0.11507844924926758
0.08742775022983551
0.11118552833795547
0.12194269150495529
0.2681107819080353
0.09599084407091141
0.18497677147388458
0.10339891910552979
0.15885324776172638
0.13766656816005707
0.08564979583024979
0.13404040038585663
0.04218588024377823
0.10589972138404846
0.12166408449411392
0.10113754123449326
0.10298465192317963
0.14258018136024475
0.16788817942142487
0.2869710922241211
0.10988648980855942
0.11999597400426865
0.1143629401922226
0.08269602805376053
0.05411016568541527
0.13720566034317017
0.1060665100812912
0.06494474411010742
0.17316871881484985
0.17499443888664246
0.12320949882268906
0.13436736166477203
0.3023815155029297
0.0943942442536354
0.07663729041814804
0.1721610724925995
0.07768789678812027
0.14897805452346802
0.31126171350479126
0.0672515332698822
0.07088782638311386
0.08838274329900742
0.13825562596321106
0.19453297555446625
0.15481188893318176
0.12764477729797363
0.2520396113395691
0.10383528470993042
0.09292390942573547
0.09862391650676727
0.17562274634838104
0.24436357617378235
0.2187100648880005
0.1414320170879364
0.14552092552185059
0.13956497609615326
0.10962431132793427
0.1798759549856186
0.1522218883037567
0.11035288870334625
0.15240375697612762
0.18057776987552643
0.13853824138641357
0.13597634434700012
0.07241985201835632
0.09707916527986526
0.12650440633296967
0.04471529275178909
0.13478605449199677
0.10822350531816483
0.0586252361536026
0.12052334100008011
0.0978756994009018
0.13009938597679138
0.08597001433372498
0.13409070670604706
0.06391022354364395
0.027167269960045815
0.1467157006263733
0.07094112783670425
0.1763993352651596
0.11257696896791458
0.11260106414556503
0.07694326341152191
0.17830538749694824
0.10770180076360703
0.0708141177892685
0.13093909621238708
0.14151409268379211
0.10453882068395615
0.0902552381157875
0.07144123315811157
0.05968282371759415
0.08301905542612076
0.05618118867278099
0.05651602894067764
0.12723827362060547
0.1473875790834427
0.11971612274646759
0.06668853759765625
0.27243584394454956
0.09601566940546036
0.09408307820558548
0.4248526990413666
0.12017475813627243
0.123942069709301
0.09852170199155807
0.06475445628166199
0.08896078914403915
0.08312354981899261
0.1602216511964798
0.11060617864131927
0.12935121357440948
0.13895362615585327
0.12635113298892975
0.1377270519733429
0.1189708262681961
0.1384105533361435
0.08077964931726456
0.0698951706290245
0.06120410934090614
0.10394841432571411
0.11428897082805634
0.08562455326318741
0.09269459545612335
0.08469871431589127
0.142201766371727
0.07086175680160522
0.18677334487438202
0.08533719927072525
0.1312524825334549
0.04183804616332054
0.09999648481607437
0.10870742797851562
0.07216846197843552
0.10953770577907562
0.17359155416488647
0.15192624926567078
0.12664523720741272
0.17582878470420837
0.13027134537696838
0.130930557847023
0.10986724495887756
0.07004076987504959
0.08025684952735901
0.17179249227046967
0.04450079798698425
0.1727287322282791
0.08564527332782745
0.0699334517121315
0.11133775860071182
0.034084755927324295
0.0916411355137825
0.09313363581895828
0.09421384334564209
0.10207729786634445
0.24936696887016296
0.07396320253610611
0.033651553094387054
0.16010943055152893
0.16311843693256378
0.1430450677871704
0.17595599591732025
0.14253199100494385
0.047757841646671295
0.08512832224369049
0.06692033261060715
0.07297642529010773
0.05410114675760269
0.15754438936710358
0.09006263315677643
0.09464997053146362
0.10602129250764847
0.15766073763370514
0.09513340145349503
0.07457235455513
0.10290009528398514
0.11855661123991013
0.1046137735247612
0.1951022446155548
0.0721728652715683
0.2549518942832947
0.10955816507339478
0.187311589717865
0.11736944317817688
0.14986377954483032
0.11000394821166992
0.15932831168174744
0.10273006558418274
0.11948873847723007
0.19457495212554932
0.0575321801006794
0.11181492358446121
0.05383739992976189
0.18990390002727509
0.0825338214635849
0.18160685896873474
0.12376879155635834
0.09303876012563705
0.14879536628723145
0.08303902298212051
0.12203621119260788
0.14495950937271118
0.10524068027734756
0.15368589758872986
0.15377800166606903
0.09057116508483887
0.08978719264268875
0.008342466317117214
0.09772703796625137
0.13968193531036377
0.14704585075378418
0.059422191232442856
0.04403232783079147
0.08822984248399734
0.06805624067783356
0.10608230531215668
0.13348299264907837
0.03372935950756073
0.13186800479888916
0.2222396582365036
0.18797142803668976
0.06255107372999191
0.0426732562482357
0.06925852596759796
0.08104388415813446
0.1124456524848938
0.14975838363170624
0.16484180092811584
0.1066027507185936
0.032186590135097504
0.14256037771701813
0.09211354702711105
0.08707156032323837
0.03516253083944321
0.09827662259340286
0.42753785848617554
0.06479797512292862
0.06640589237213135
0.2551738917827606
0.07750329375267029
0.13561271131038666
0.0938112884759903
0.09298979490995407
0.10389416664838791
0.1243688240647316
0.12142030149698257
0.1128983274102211
0.11721763014793396
0.10086371749639511
0.11239968240261078
0.12070047110319138
0.1300669014453888
0.14612211287021637
0.05288532003760338
0.18462367355823517
0.09340063482522964
0.02500619739294052
0.1772346943616867
0.05603395774960518
0.12855985760688782
0.20040640234947205
0.15659908950328827
0.09191489964723587
0.13304969668388367
0.06955084204673767
0.08417870849370956
0.1559240221977234
0.06302765756845474
0.10114758461713791
0.1372184157371521
0.11236453056335449
0.08965566754341125
0.11875826865434647
0.15237437188625336
0.12451602518558502
0.12507407367229462
0.022002076730132103
0.10271521657705307
0.05076355114579201
0.049780696630477905
0.16094595193862915
0.009718076325953007
0.062430690973997116
0.060893066227436066
0.1343422383069992
0.03272691369056702
0.06494367122650146
0.17397557199001312
0.16492484509944916
0.09330200403928757
0.10452556610107422
0.10846440494060516
0.15896762907505035
0.05987640842795372
0.071165531873703
0.06728910654783249
0.0994795486330986
0.12241385877132416
0.16128402948379517
0.11833569407463074
0.11275261640548706
0.13531696796417236
0.09361270070075989
0.1258208304643631
0.20507891476154327
0.0732341930270195
0.08248831331729889
0.06567099690437317
0.14116935431957245
0.12093184888362885
0.07005500048398972
0.13428232073783875
0.07949215173721313
0.11791330575942993
0.09789793193340302
0.12618272006511688
0.18002285063266754
0.109751395881176
0.11625248938798904
0.08079210668802261
0.21404336392879486
0.17277248203754425
0.04471834748983383
0.10224705934524536
0.058820754289627075
0.054842136800289154
0.14475874602794647
0.11145509779453278
0.10044670850038528
0.1195225715637207
0.07382386177778244
0.07152558118104935
0.11513225734233856
0.13804420828819275
0.15342840552330017
0.1710069328546524
0.0991167351603508
0.12570543587207794
0.06243836507201195
0.06629753112792969
0.10165604203939438
0.13151884078979492
0.04287007451057434
0.11016812175512314
0.14732742309570312
0.1842486411333084
0.0885678082704544
0.207188680768013
0.1607823222875595
0.10360600799322128
0.12370600551366806
0.08952917158603668
0.06584236025810242
0.08896952122449875
0.11993489414453506
0.0701410174369812
0.10324636101722717
0.13828891515731812
0.13118603825569153
0.1604747623205185
0.1495814323425293
0.1499851495027542
0.13974979519844055
0.105448417365551
0.12340044230222702
0.07377982139587402
0.10729968547821045
0.1317668855190277
0.13396047055721283
0.08557040244340897
0.12477307766675949
0.137483149766922
0.0961887314915657
0.09494155645370483
0.1488702893257141
0.1648847907781601
0.12439745664596558
0.10028830170631409
0.07143408060073853
0.07867704331874847
0.09132309257984161
0.2162398248910904
0.15396928787231445
0.10880324989557266
0.12621699273586273
0.155920147895813
0.09238719940185547
0.08617635816335678
0.07673686742782593
0.12303829193115234
0.12101155519485474
0.22184768319129944
0.10805155336856842
0.062197308987379074
0.2053409069776535
0.23148195445537567
0.033608488738536835
0.1007411777973175
0.1436319202184677
0.11430881917476654
0.12452315539121628
0.04241957142949104
0.11040370166301727
0.090705506503582
0.16023193299770355
0.11610289663076401
0.10631054639816284
0.1273343712091446
0.10965247452259064
0.18176619708538055
0.14496250450611115
0.14410658180713654
0.18475311994552612
0.09159048646688461
0.12562350928783417
0.13093997538089752
0.17038601636886597
0.30162960290908813
0.1497752070426941
0.08294785022735596
0.09181360900402069
0.06911364942789078
0.09010478109121323
0.10555939376354218
0.15230309963226318
0.09426948428153992
0.09853827208280563
0.1672086864709854
0.14093470573425293
0.1476622074842453
0.1388481706380844
0.07126549631357193
0.17679020762443542
0.014596146531403065
0.09494268894195557
0.15802429616451263
0.12541919946670532
0.10870736837387085
0.05971428379416466
0.09202855080366135
0.13185518980026245
0.062195077538490295
0.06033378094434738
0.15912280976772308
0.18173064291477203
0.15025070309638977
0.05859539657831192
0.07457713782787323
0.11274807155132294
0.1578201949596405
0.0877489447593689
0.13887983560562134
0.09604265540838242
0.06063813716173172
0.12907782196998596
0.08958745002746582
0.12857277691364288
0.21280400454998016
0.0855269804596901
0.1455536037683487
0.04750568047165871
0.17305772006511688
0.14585326611995697
0.10683567821979523
0.08510956913232803
0.12130264192819595
0.12488105148077011
0.12807287275791168
0.09963550418615341
0.22466640174388885
0.101399727165699
0.1890309453010559
0.07398422807455063
0.08840295672416687
0.026362938806414604
0.11501753330230713
0.0651056170463562
0.14193077385425568
0.08344186842441559
0.12418510764837265
0.0830814391374588
0.23888476192951202
0.19851836562156677
0.14378736913204193
0.12210679054260254
0.06585852801799774
0.0938132256269455
0.18737690150737762
0.09141827374696732
0.053352996706962585
0.1419481337070465
0.15310829877853394
0.19438818097114563
0.10345152020454407
0.05414770916104317
0.1074013039469719
0.08595947921276093
0.13686718046665192
0.08607593923807144
0.08168986439704895
0.07371272891759872
0.07541165500879288
0.06646943092346191
0.1400667428970337
0.2528517544269562
0.0681302547454834
0.1540391892194748
0.15718132257461548
0.094990074634552
0.08447214961051941
0.28085941076278687
0.22968459129333496
0.063378244638443
0.11026878654956818
0.15933993458747864
0.07934343814849854
0.07001511752605438
0.09557581692934036
0.06366952508687973
0.098237544298172
0.09523633867502213
0.0496148020029068
0.13834747672080994
0.06304973363876343
0.02794691175222397
0.10732664167881012
0.10700428485870361
0.08453449606895447
0.11546450853347778
0.09813819825649261
0.07027969509363174
0.10606186836957932
0.08344675600528717
0.033617887645959854
0.09380418062210083
0.16600939631462097
0.21920353174209595
0.11190130561590195
0.03920862078666687
0.1145351454615593
0.12340422719717026
0.12605223059654236
0.132008358836174
0.05136202648282051
0.10622505843639374
0.1499665528535843
0.10097087174654007
0.04508505016565323
0.1035451889038086
0.06776542961597443
0.0609004944562912
0.0838179811835289
0.06698297709226608
0.10292647033929825
0.07917595654726028
0.14836934208869934
0.12354650348424911
0.10901256650686264
0.12168197333812714
0.2069430649280548
0.03749682381749153
0.21212288737297058
0.27276626229286194
0.07815676182508469
0.08554497361183167
0.07265035808086395
0.11652398854494095
0.11076942831277847
0.11258456856012344
0.07498565316200256
0.11707893013954163
0.10894797742366791
0.15240217745304108
0.13845884799957275
0.0715823620557785
0.15347827970981598
0.06580939143896103
0.09903587400913239
0.08365774154663086
0.20013895630836487
0.13483725488185883
0.2504071593284607
0.11512001603841782
0.12548264861106873
0.12246949225664139
0.060420483350753784
0.1366029530763626
0.19940195977687836
0.07101751118898392
0.08337011933326721
0.14552274346351624
0.14048846065998077
0.12138565629720688
0.08112867921590805
0.07146286964416504
0.13630850613117218
0.12584242224693298
0.138931542634964
0.19770337641239166
0.08632125705480576
0.07247205078601837
0.1479754000902176
0.12737059593200684
0.07712718844413757
0.07681085914373398
0.13191178441047668
0.12444107979536057
0.11212137341499329
0.05683768913149834
0.13389669358730316
0.10051454603672028
0.15666088461875916
0.07906829565763474
0.08814750611782074
0.10109107941389084
0.0667450875043869
0.12904565036296844
0.10154993832111359
0.05875077098608017
0.09130367636680603
0.17809876799583435
0.12163343280553818
0.12314359843730927
0.14967381954193115
0.07727203518152237
0.055789314210414886
0.13750438392162323
0.11626522243022919
0.18660901486873627
0.22245238721370697
0.09355929493904114
0.0879259929060936
0.16099919378757477
0.12368480861186981
0.13063716888427734
0.25251293182373047
0.2054683268070221
0.10876256227493286
0.16988903284072876
0.1364487260580063
0.1297304481267929
0.2128625363111496
0.1766415238380432
0.09400570392608643
0.14486166834831238
0.11155181378126144
0.08586747944355011
0.08430886268615723
0.08100542426109314
0.10022267699241638
0.10968607664108276
0.133510023355484
0.0955580472946167
0.09971082955598831
0.06844111531972885
0.26567745208740234
0.08785776048898697
0.20398885011672974
0.21441328525543213
0.055117543786764145
0.07012956589460373
0.1144399344921112
0.06927917152643204
0.12393724918365479
0.0833236575126648
0.11274027824401855
0.0558025985956192
0.048511017113924026
0.09282096475362778
0.10236524045467377
0.08206743001937866
0.09305417537689209
0.047144848853349686
0.17849142849445343
0.09861830621957779
0.14233796298503876
0.10120649635791779
0.17688675224781036
0.09751856327056885
0.18216539919376373
0.06808324158191681
0.17646290361881256
0.11584645509719849
0.13851626217365265
0.10583724081516266
0.1230478286743164
0.12906253337860107
0.1360735446214676
0.062104757875204086
0.1643524169921875
0.06211245805025101
0.12080080807209015
0.17637236416339874
0.21294660866260529
0.13579261302947998
0.0951080322265625
0.04356389865279198
0.22542870044708252
0.1798361837863922
0.1465902179479599
0.26086392998695374
0.15272893011569977
0.10914608091115952
0.13962890207767487
0.10233895480632782
0.12004449218511581
0.11335102468729019
0.11957210302352905
0.1419392079114914
0.06970619410276413
0.1343015730381012
0.1203499436378479
0.1500597447156906
0.06816565990447998
0.08380565792322159
0.11663797497749329
0.10471522808074951
0.16407960653305054
0.13018657267093658
0.1594625860452652
0.139347106218338
0.11126947402954102
0.13217175006866455
0.1043383851647377
0.1233338713645935
0.06370970606803894
0.05532665178179741
0.1226358488202095
0.04960388317704201
0.18322403728961945
0.17177274823188782
0.09429968148469925
0.15388813614845276
0.09229133278131485
0.10601679980754852
0.14146722853183746
0.043798428028821945
0.1166919469833374
0.12303688377141953
0.13306277990341187
0.075047068297863
0.07299793511629105
0.09786224365234375
0.019020456820726395
0.06768086552619934
0.11212780326604843
0.1351364552974701
0.07598292082548141
0.2042388767004013
0.09805728495121002
0.1407257467508316
0.0381501242518425
0.21487422287464142
0.0963623970746994
0.0931815505027771
0.10554976761341095
0.09935059398412704
0.0687619298696518
0.13995398581027985
0.07548526674509048
0.089298777282238
0.22198927402496338
0.09454964846372604
0.29232507944107056
0.09230941534042358
0.06593090295791626
0.07702217251062393
0.13760165870189667
0.09136246889829636
0.06591696292161942
0.14068174362182617
0.08888228237628937
0.14833223819732666
0.20344409346580505
0.038176532834768295
0.2003198266029358
0.12405283004045486
0.10771515965461731
0.1123420000076294
0.033879153430461884
0.2062363475561142
0.1408482939004898
0.07579633593559265
0.09725159406661987
0.08664444088935852
0.07570239901542664
0.08402291685342789
0.10360991954803467
0.08587872982025146
0.08325745910406113
0.08889835327863693
0.16086171567440033
0.10183364897966385
0.07401040196418762
0.0928296148777008
0.09015927463769913
0.13967089354991913
0.10500724613666534
0.23331764340400696
0.10484032332897186
0.11586322635412216
0.13024888932704926
0.07349778711795807
0.228959858417511
0.08287879079580307
0.13886724412441254
0.11585742235183716
0.06811022758483887
0.08056190609931946
0.11522440612316132
0.14045782387256622
0.14576126635074615
0.10907020419836044
0.09757176041603088
0.0627279207110405
0.12148347496986389
0.20610639452934265
0.10854706913232803
0.07574330270290375
0.09086372703313828
0.15478338301181793
0.2544139325618744
0.09021195024251938
0.10095153003931046
0.0806572213768959
0.2426445186138153
0.12037551403045654
0.12499085813760757
0.0375426784157753
0.08443586528301239
0.15368278324604034
0.06086349859833717
0.10999366641044617
0.14727945625782013
0.09767995774745941
0.1276114583015442
0.07882986217737198
0.046912286430597305
0.03298908844590187
0.0832253247499466
0.11020053178071976
0.11535195261240005
0.1494835764169693
0.08906297385692596
0.10628417879343033
0.17295055091381073
0.12920120358467102
0.0836697518825531
0.03246002271771431
0.16914162039756775
0.1049618050456047
0.12920032441616058
0.1358443945646286
0.13032197952270508
0.039669789373874664
0.06514166295528412
0.1542252004146576
0.13557127118110657
0.05905294418334961
0.19771575927734375
0.07692457735538483
0.13890758156776428
0.03019287809729576
0.1477641463279724
0.03603091090917587
0.09400875121355057
0.0802794098854065
0.0890541598200798
0.18203747272491455
0.2781676650047302
0.11055920273065567
0.1717580407857895
0.11268798261880875
0.1355031132698059
0.08231323212385178
0.10938334465026855
0.06749030947685242
0.11007280647754669
0.16719591617584229
0.0919816717505455
0.10242228209972382
0.17271167039871216
0.16872332990169525
0.07636413723230362
0.09721466898918152
0.1288926899433136
0.11141316592693329
0.0914209857583046
0.09741994738578796
0.261117160320282
0.05443838611245155
0.05687655508518219
0.06428425759077072
0.15436094999313354
0.10181846469640732
0.13401243090629578
0.07279381901025772
0.10552193969488144
0.10721476376056671
0.14500927925109863
0.07590457051992416
0.05596378073096275
0.17962077260017395
0.1307462751865387
0.09969235956668854
0.1523437350988388
0.12774424254894257
0.13870097696781158
0.08059331774711609
0.16130222380161285
0.17534466087818146
0.12481099367141724
0.10737325251102448
0.17146477103233337
0.09349298477172852
0.09175451099872589
0.14251595735549927
0.11590496450662613
0.050361327826976776
0.11605805158615112
0.0668087899684906
0.06741376966238022
0.12238152325153351
0.1374901682138443
0.14056611061096191
0.08314760774374008
0.09468038380146027
0.10831419378519058
0.09192351996898651
0.10076653957366943
0.10926993191242218
0.0932781770825386
0.08511403948068619
0.12822698056697845
0.07611558586359024
0.03615095466375351
0.11708639562129974
0.24439890682697296
0.22369498014450073
0.03977308049798012
0.09315111488103867
0.061977140605449677
0.07416311651468277
0.12186983972787857
0.12585704028606415
0.08554393798112869
0.09072229266166687
0.14034418761730194
0.0589841865003109
0.12567640841007233
0.08273463696241379
0.048085980117321014
0.055785566568374634
0.17460137605667114
0.0686451643705368
0.18753480911254883
0.06844957917928696
0.07215185463428497
0.09668337553739548
0.12593239545822144
0.11925290524959564
0.14437995851039886
0.10301748663187027
0.0877636969089508
0.06710032373666763
0.13188156485557556
0.19993753731250763
0.1688549965620041
0.1393423080444336
0.14221902191638947
0.07370277494192123
0.04676423221826553
0.13950558006763458
0.13276873528957367
0.09924732148647308
0.16933634877204895
0.0665995255112648
0.12776435911655426
0.09469607472419739
0.058884214609861374
0.18609550595283508
0.09059179574251175
0.10907837748527527
0.06960544735193253
0.055945415049791336
0.056714147329330444
0.10319319367408752
0.08776026219129562
0.12643827497959137
0.1618323177099228
0.15096500515937805
0.05137176439166069
0.07421068102121353
0.16292937099933624
0.07060053944587708
0.07975161075592041
0.12403661012649536
0.10667312145233154
0.06552090495824814
0.0866173654794693
0.35525259375572205
0.08382266759872437
0.07836414128541946
0.05429906025528908
0.1399332582950592
0.07490736246109009
0.11186105012893677
0.15212218463420868
0.13259276747703552
0.09316707402467728
0.13444355130195618
0.1122373417019844
0.08275359123945236
0.03276875987648964
0.1467684805393219
0.09342601895332336
0.14644278585910797
0.11545932292938232
0.11268125474452972
0.11777529865503311
0.23020511865615845
0.08912400156259537
0.07761257886886597
0.13297852873802185
0.14674589037895203
0.14458292722702026
0.10945487022399902
0.2263711392879486
0.09667892754077911
0.08863810449838638
0.09760421514511108
0.14609204232692719
0.10111508518457413
0.09356213361024857
0.12540708482265472
0.11880151182413101
0.06645896285772324
0.09565469622612
0.1834232211112976
0.05344847962260246
0.23668242990970612
0.15766912698745728
0.13309940695762634
0.15867659449577332
0.15664994716644287
0.09351720660924911
0.10212679952383041
0.09881298989057541
0.11705715954303741
0.041669558733701706
0.1532977819442749
0.06531530618667603
0.07580486685037613
0.1434771865606308
0.08049797266721725
0.08490371704101562
0.06056015193462372
0.06903918087482452
0.12594164907932281
0.16435562074184418
0.053240351378917694
0.11601173877716064
0.1330847442150116
0.06498255580663681
0.07236970216035843
0.1159648522734642
0.09720420837402344
0.06585860252380371
0.0967738926410675
0.10266446322202682
0.18081149458885193
0.06899469345808029
0.32635217905044556
0.17728213965892792
0.1316647231578827
0.19440880417823792
0.016568081453442574
0.08287367224693298
0.1854940950870514
0.1353696584701538
0.10400068014860153
0.05952702835202217
0.11094410717487335
0.09518446773290634
0.12990711629390717
0.08917974680662155
0.09145830571651459
0.17340724170207977
0.1551842987537384
0.1012244001030922
0.07587020844221115
0.2524532079696655
0.05391228571534157
0.10083463788032532
0.07547961175441742
0.10368011146783829
0.13577929139137268
0.0927828699350357
0.1323583424091339
0.1119203120470047
0.14667974412441254
0.13933062553405762
0.08837181329727173
0.1314011514186859
0.11233577132225037
0.11861764639616013
0.06888235360383987
0.07533396035432816
0.1446918547153473
0.10638411343097687
0.09663974493741989
0.19070088863372803
0.08250598609447479
0.08851815015077591
0.08622857183218002
0.14295056462287903
0.10107362270355225
0.1432417780160904
0.12830869853496552
0.08622056245803833
0.12568125128746033
0.11585462838411331
0.07830466330051422
0.10024486482143402
0.1013234481215477
0.12428697198629379
0.06706894934177399
0.031678806990385056
0.10871760547161102
0.036180321127176285
0.10867920517921448
0.18388091027736664
0.08632143586874008
0.10684705525636673
0.12396149337291718
0.0491933673620224
0.11345314979553223
0.06850937008857727
0.1701740175485611
0.12842436134815216
0.155182883143425
0.04222479462623596
0.2089681476354599
0.12154397368431091
0.11776076257228851
0.11680799722671509
0.09741343557834625
0.022736044600605965
0.11175090074539185
0.10504777729511261
0.05975548177957535
0.12181193381547928
0.12029295414686203
0.11665716022253036
0.08897856622934341
0.10987348109483719
0.0772128701210022
0.036704156547784805
0.10545415431261063
0.11800815910100937
0.06068830564618111
0.07222624868154526
0.14810599386692047
0.055338721722364426
0.08849312365055084
0.06391531974077225
0.0953720435500145
0.06701943278312683
0.1589270532131195
0.051503729075193405
0.03816317766904831
0.10379773378372192
0.06820263713598251
0.06502197682857513
0.20121470093727112
0.1098589077591896
0.11032275855541229
0.07185747474431992
0.12880423665046692
0.19015465676784515
0.11515305191278458
0.08496606349945068
0.07050686329603195
0.09860284626483917
0.06310249865055084
0.04725217819213867
0.06717883050441742
0.1595815122127533
0.2827283442020416
0.07407773286104202
0.05438163876533508
0.059275317937135696
0.11139687895774841
0.07376699894666672
0.11380103975534439
0.09670764952898026
0.12962298095226288
0.14541339874267578
0.13071587681770325
0.08811015635728836
0.0830744132399559
0.0868396908044815
0.103566013276577
0.1510186791419983
0.10973390191793442
0.06541897356510162
0.1563422679901123
0.031887900084257126
0.12531501054763794
0.1081421822309494
0.11707546561956406
0.08607804030179977
0.06991252303123474
0.08353374898433685
0.06730460375547409
0.1436978578567505
0.097971111536026
0.11909274756908417
0.01668708026409149
0.11487346887588501
0.14857468008995056
0.10130670666694641
0.15747040510177612
0.043407149612903595
0.1434105783700943
0.09414857625961304
0.07284139096736908
0.23757214844226837
0.03508308529853821
0.11651290208101273
0.13374599814414978
0.1504288762807846
0.11374365538358688
0.03833689168095589
0.09277084469795227
0.11304403096437454
0.11090239137411118
0.072456493973732
0.09436304122209549
0.21235966682434082
0.10112978518009186
0.04102189838886261
0.041422076523303986
0.1522061973810196
0.10427187383174896
0.1837490200996399
0.07390441745519638
0.14700999855995178
0.09762359410524368
0.15548396110534668
0.07752875238656998
0.10260140150785446
0.08856223523616791
0.20030322670936584
0.1703074425458908
0.07533097267150879
0.07304378598928452
0.05873901769518852
0.0973362922668457
0.041407261043787
0.1181153729557991
0.1362002044916153
0.082793228328228
0.16068243980407715
0.05513646826148033
0.059111472219228745
0.14614324271678925
0.0625128373503685
0.1235371083021164
0.11484235525131226
0.14822158217430115
0.18432357907295227
0.11615969240665436
0.08519665151834488
0.12248096615076065
0.12190664559602737
0.11882960796356201
0.06495926529169083
0.1652856171131134
0.07492730021476746
0.20973995327949524
0.12334641814231873
0.11844807863235474
0.12549220025539398
0.06989312171936035
0.15539146959781647
0.07515213638544083
0.11006132513284683
0.16878892481327057
0.11637359857559204
0.062364622950553894
0.06951861083507538
0.20282253623008728
0.10162077099084854
0.12736515700817108
0.09472019970417023
0.05813932791352272
0.09824666380882263
0.10304664075374603
0.10552215576171875
0.061933502554893494
0.08570701628923416
0.06818465888500214
0.15757034718990326
0.0737413838505745
0.09828528016805649
0.13178247213363647
0.0793621689081192
0.10362513363361359
0.053309258073568344
0.07345904409885406
0.13372616469860077
0.09224802255630493
0.13668066263198853
0.09341759234666824
0.11734774708747864
0.059089504182338715
0.09169061481952667
0.08565522730350494
0.08860809355974197
0.11120641976594925
0.07765165716409683
0.07857277244329453
0.12718336284160614
0.07025227695703506
0.08967489004135132
0.12807512283325195
0.13312853872776031
0.07624752819538116
0.1253296583890915
0.09143566340208054
0.07983633875846863
0.11650048196315765
0.08084956556558609
0.1640290766954422
0.0571308359503746
0.08273496478796005
0.06060251221060753
0.030423883348703384
0.11216559261083603
0.05735606700181961
0.3158438801765442
0.07294478267431259
0.14033398032188416
0.03797362372279167
0.12736284732818604
0.10521361231803894
0.05992506071925163
0.08747728914022446
0.09153315424919128
0.1932702362537384
0.18158353865146637
0.06302116811275482
0.08627007901668549
0.08315541595220566
0.21244631707668304
0.1048312559723854
0.11221945285797119
0.13066521286964417
0.06822407245635986
0.0629897266626358
0.07362526655197144
0.10518951714038849
0.052524954080581665
0.11804496496915817
0.14309844374656677
0.12083219736814499
0.11977264285087585
0.08192434906959534
0.16901060938835144
0.13439543545246124
0.13590653240680695
0.11960190534591675
0.0875941812992096
0.05007444694638252
0.1374930888414383
0.03993312269449234
0.14155155420303345
0.22373025119304657
0.13150382041931152
0.07635261118412018
0.07306654006242752
0.1372978538274765
0.04728616774082184
0.3103201389312744
0.11608953028917313
0.04933089017868042
0.06031559407711029
0.09627122431993484
0.09911371767520905
0.1468190848827362
0.09103650599718094
0.08930899202823639
0.13634027540683746
0.10721972584724426
0.05550331249833107
0.13773459196090698
0.18084755539894104
0.266636461019516
0.10116373002529144
0.17825938761234283
0.06741292774677277
0.19094215333461761
0.11215122044086456
0.12919245660305023
0.06526317447423935
0.1330687254667282
0.08483738452196121
0.04143872484564781
0.07921350002288818
0.09000685811042786
0.07921010255813599
0.0784849226474762
0.13240700960159302
0.07568366080522537
0.07796809077262878
0.10829181969165802
0.07614078372716904
0.12410915642976761
0.06845463812351227
0.11823054403066635
0.11916408687829971
0.15404607355594635
0.11264876276254654
0.07916367053985596
0.10821247100830078
0.055007580667734146
0.1915532946586609
0.1576191484928131
0.0986781194806099
0.06470203399658203
0.09794743359088898
0.16144180297851562
0.2260812222957611
0.1426258087158203
0.11344819515943527
0.08798225969076157
0.08347257226705551
0.16472770273685455
0.09634726494550705
0.19889092445373535
0.22147436439990997
0.12920941412448883
0.05903493985533714
0.13622741401195526
0.08354196697473526
0.20210938155651093
0.3038158416748047
0.14599952101707458
0.18954627215862274
0.19629815220832825
0.09540444612503052
0.07964213192462921
0.033076170831918716
0.17396901547908783
0.19447124004364014
0.10748370736837387
0.1286073923110962
0.01574055664241314
0.13283002376556396
0.3831852674484253
0.1223173588514328
0.1182786300778389
0.16345840692520142
0.058073319494724274
0.18162405490875244
0.17129872739315033
0.10294865816831589
0.23026829957962036
0.11600471287965775
0.08546485751867294
0.13250771164894104
0.18459388613700867
0.06498026847839355
0.11937176436185837
0.03709262236952782
0.13370193541049957
0.1370600461959839
0.16998015344142914
0.11427653580904007
0.10990188270807266
0.16876766085624695
0.12708786129951477
0.12636850774288177
0.19029641151428223
0.105507493019104
0.06972033530473709
0.11027967184782028
0.07334719598293304
0.08266469836235046
0.10086175799369812
0.1655069887638092
0.08508776873350143
0.15760983526706696
0.08057481050491333
0.004855698440223932
0.09031768143177032
0.09649644792079926
0.11184053122997284
0.1494952291250229
0.08309272676706314
0.05698992311954498
0.17101876437664032
0.1523115485906601
0.0720323696732521
0.1618756204843521
0.09591098874807358
0.11135195940732956
0.08539454638957977
0.13230328261852264
0.17426884174346924
0.2502802610397339
0.1330159306526184
0.06251252442598343
0.08429860323667526
0.15482699871063232
0.12539279460906982
0.10616900771856308
0.1644003838300705
0.08886267989873886
0.0670979917049408
0.09158730506896973
0.08725196123123169
0.10365866869688034
0.09414972364902496
0.06529751420021057
0.07066770642995834
0.07036321610212326
0.14722880721092224
0.10710129141807556
0.07578234374523163
0.03901826962828636
0.12611675262451172
0.07029998302459717
0.14886678755283356
0.18313269317150116
0.06962502002716064
0.12987466156482697
0.18922802805900574
0.2851608991622925
0.06473802030086517
0.07129710167646408
0.17566615343093872
0.2140408456325531
0.11971185356378555
0.13055390119552612
0.09582653641700745
0.11102337390184402
0.12870463728904724
0.10027392208576202
0.13762694597244263
0.22849901020526886
0.11475155502557755
0.1426815539598465
0.09049225598573685
0.030194232240319252
0.16174761950969696
0.03746006265282631
0.09295135736465454
0.04564408212900162
0.11871889978647232
0.045159269124269485
0.11258362233638763
0.3232590854167938
0.14277975261211395
0.04951959848403931
0.15365812182426453
0.0528547465801239
0.12117990106344223
0.12884289026260376
0.06816590577363968
0.09446873515844345
0.2741483449935913
0.08873660117387772
0.17148345708847046
0.11404464393854141
0.10605403035879135
0.09177004545927048
0.09012509882450104
0.23868393898010254
0.025901904329657555
0.14404846727848053
0.080085389316082
0.06304720044136047
0.07642339169979095
0.11927004903554916
0.14146047830581665
0.17662084102630615
0.10683153569698334
0.12507623434066772
0.20209771394729614
0.134889155626297
0.16468445956707
0.05512310937047005
0.060886189341545105
0.14751587808132172
0.1518949270248413
0.10419367253780365
0.09718451648950577
0.06339383125305176
0.13475792109966278
0.07747872173786163
0.06380595266819
0.1135176420211792
0.08157306909561157
0.11657627671957016
0.2493370920419693
0.09859123826026917
0.1357395201921463
0.08400742709636688
0.15149690210819244
0.07867390662431717
0.03941500931978226
0.06589239090681076
0.09207368642091751
0.11809173971414566
0.051057931035757065
0.02858278900384903
0.14770299196243286
0.12469102442264557
0.07067351788282394
0.059127405285835266
0.09253762662410736
0.08209992200136185
0.12975575029850006
0.07837062329053879
0.12244103103876114
0.11869977414608002
0.04714241623878479
0.14936603605747223
0.1565432846546173
0.09501933306455612
0.11531462520360947
0.08238951861858368
0.12521597743034363
0.09131591022014618
0.08726432919502258
0.07620086520910263
0.09626598656177521
0.09676487743854523
0.14382724463939667
0.15872055292129517
0.0770723894238472
0.0969432145357132
0.06814992427825928
0.13192161917686462
0.13922159373760223
0.08575890958309174
0.06122018024325371
0.13394197821617126
0.11407342553138733
0.09093691408634186
0.09739366918802261
0.1279563158750534
0.07440602779388428
0.14215359091758728
0.24079284071922302
0.05812913179397583
0.0630691796541214
0.07197190076112747
0.10877952724695206
0.11598733812570572
0.06975097954273224
0.18859601020812988
0.21759314835071564
0.11586859822273254
0.07009023427963257
0.11540526151657104
0.09272630512714386
0.09878913313150406
0.11056108772754669
0.0710575208067894
0.11696844547986984
0.07958909124135971
0.12122716754674911
0.09016213566064835
0.11463893949985504
0.20472241938114166
0.08136209845542908
0.0833241268992424
0.11642031371593475
0.10619539767503738
0.10694532841444016
0.1309572458267212
0.06492630392313004
0.09806588292121887
0.06255566328763962
0.28767281770706177
0.10219267755746841
0.10430259257555008
0.17551901936531067
0.09196510910987854
0.09678281843662262
0.14732950925827026
0.0856344997882843
0.07872216403484344
0.16534575819969177
0.042612913995981216
0.07569094002246857
0.09941912442445755
0.09270001202821732
0.15796992182731628
0.11407231539487839
0.11099374294281006
0.0721331238746643
0.11404512822628021
0.12569871544837952
0.040855396538972855
0.05278535559773445
0.08147876709699631
0.12676849961280823
0.07737676799297333
0.0771937370300293
0.08196199685335159
0.0919324979186058
0.06822346150875092
0.13914750516414642
0.452445387840271
0.11835047602653503
0.0622636117041111
0.08212960511445999
0.11188963800668716
0.20138238370418549
0.10168339312076569
0.10621700435876846
0.15861666202545166
0.10839956253767014
0.15562763810157776
0.0758104994893074
0.1938091367483139
0.05342049151659012
0.06313701719045639
0.1141364723443985
0.10849209129810333
0.04216478392481804
0.09527389705181122
0.16678684949874878
0.14505626261234283
0.07998838275671005
0.17834140360355377
0.03559917211532593
0.1751297116279602
0.20397993922233582
0.16878622770309448
0.13932204246520996
0.1341182291507721
0.024637389928102493
0.14700880646705627
0.29730767011642456
0.03245946019887924
0.1503995656967163
0.07427223026752472
0.14525428414344788
0.12306302785873413
0.22193855047225952
0.1282023787498474
0.1409396231174469
0.20943999290466309
0.15592283010482788
0.11923378705978394
0.12731494009494781
0.21821407973766327
0.14920227229595184
0.0913817510008812
0.08709985762834549
0.17232879996299744
0.11626004427671432
0.23292364180088043
0.06714238971471786
0.367990642786026
0.12020228058099747
0.12842079997062683
0.16345371305942535
0.06708797067403793
0.10816196352243423
0.14088332653045654
0.11992009729146957
0.06507859379053116
0.1075388640165329
0.15550532937049866
0.04217185825109482
0.16768641769886017
0.0891004130244255
0.2747022807598114
0.1011931449174881
0.21353299915790558
0.0829475075006485
0.09608176350593567
0.12224280834197998
0.10589586943387985
0.1612401306629181
0.11714211106300354
0.08026865869760513
0.08074896782636642
0.11067793518304825
0.13433946669101715
0.14528019726276398
0.05659538507461548
0.062058571726083755
0.1547313928604126
0.057088859379291534
0.12652045488357544
0.057485949248075485
0.04182033985853195
0.04915632680058479
0.05581580847501755
0.09952841699123383
0.1306048482656479
0.0646933987736702
0.0938134491443634
0.10733404010534286
0.16658557951450348
0.11656056344509125
0.1354639083147049
0.060563668608665466
0.14631058275699615
0.04435225948691368
0.1551043689250946
0.11007074266672134
0.15372033417224884
0.1214095950126648
0.08595822006464005
0.12137431651353836
0.123753622174263
0.12009529769420624
0.16958054900169373
0.09674365818500519
0.1219431608915329
0.12771950662136078
0.11267794668674469
0.11674882471561432
0.09281553328037262
0.09682448208332062
0.1382448524236679
0.0833907201886177
0.07494909316301346
0.1136658564209938
0.0669056847691536
0.06006342172622681
0.055599380284547806
0.07673642039299011
0.0686623752117157
0.09132099896669388
0.17702092230319977
0.1457667201757431
0.18596652150154114
0.15609292685985565
0.17023713886737823
0.057621028274297714
0.11812232434749603
0.09365225583314896
0.15691331028938293
0.10962741076946259
0.1095348596572876
0.09694011509418488
0.14964883029460907
0.18464499711990356
0.12284369021654129
0.0543963760137558
0.08952169865369797
0.1013711616396904
0.12131959199905396
0.14435222744941711
0.12428746372461319
0.07227078080177307
0.2017330676317215
0.09599076211452484
0.1800754815340042
0.08592438697814941
0.1977505087852478
0.08600315451622009
0.14955928921699524
0.08444304764270782
0.07713859528303146
0.1098315492272377
0.12147347629070282
0.1400519758462906
0.09313143044710159
0.05298629775643349
0.11783210188150406
0.1374989002943039
0.06690450757741928
0.12537413835525513
0.08279990404844284
0.14907306432724
0.11509454250335693
0.09101883322000504
0.049714792519807816
0.24706825613975525
0.1132374033331871
0.17069397866725922
0.1816965490579605
0.19089862704277039
0.05283711105585098
0.05301860347390175
0.1375458836555481
0.10659209638834
0.12327205389738083
0.05219704657793045
0.06761226058006287
0.1256694495677948
0.07651329785585403
0.21118775010108948
0.09135661274194717
0.08968964964151382
0.07239744812250137
0.10345345735549927
0.10232160240411758
0.14414413273334503
0.15700551867485046
0.07451631128787994
0.0863192230463028
0.056318722665309906
0.07932033389806747
0.11779962480068207
0.19037148356437683
0.11265111714601517
0.32395127415657043
0.0793880894780159
0.11654087156057358
0.08162999153137207
0.06733971834182739
0.10361549258232117
0.10568763315677643
0.12438904494047165
0.0754409208893776
0.04077529162168503
0.2649497091770172
0.046891942620277405
0.08905022591352463
0.11572988331317902
0.077843077480793
0.060296330600976944
0.12021700292825699
0.09098095446825027
0.07825352996587753
0.15859520435333252
0.12286698818206787
0.17750972509384155
0.10421856492757797
0.06628718227148056
0.15607620775699615
0.17519636452198029
0.15559212863445282
0.14699333906173706
0.11077383160591125
0.1300298422574997
0.18293718993663788
0.09296536445617676
0.14814184606075287
0.15769486129283905
0.08577924221754074
0.10284595936536789
0.10109594464302063
0.09483611583709717
0.12130279093980789
0.0864078551530838
0.061213988810777664
0.1401822417974472
0.10175515711307526
0.0974828451871872
0.09206853806972504
0.1674865484237671
0.0763629674911499
0.06999463587999344
0.08125612139701843
0.17510278522968292
0.136079341173172
0.08949301391839981
0.1433022916316986
0.09454108774662018
0.07869179546833038
0.09885978698730469
0.14917297661304474
0.10795418173074722
0.09059425443410873
0.05491289868950844
0.10246307402849197
0.09420020878314972
0.10260918736457825
0.09301219135522842
0.18639622628688812
0.04498080536723137
0.11400219053030014
0.12921811640262604
0.09860292822122574
0.16853882372379303
0.061662010848522186
0.014784450642764568
0.24837727844715118
0.1555730253458023
0.060755666345357895
0.1561703234910965
0.12311601638793945
0.07710354775190353
0.10957132279872894
0.13177378475666046
0.12839753925800323
0.11867523938417435
0.08049728721380234
0.08406922966241837
0.09803085774183273
0.13657720386981964
0.1912114918231964
0.12566633522510529
0.09451361000537872
0.06845724582672119
0.09552270919084549
0.14703495800495148
0.07927363365888596
0.1204637661576271
0.08556737750768661
0.203547403216362
0.05370461195707321
0.08832348138093948
0.07948663830757141
0.14836269617080688
0.08771320432424545
0.0829247236251831
0.10878689587116241
0.13789638876914978
0.09559741616249084
0.10977139323949814
0.03847236558794975
0.1059517189860344
0.07897278666496277
0.13004712760448456
0.07820513844490051
0.06775204092264175
0.1317862719297409
0.09083377569913864
0.29107755422592163
0.11070417612791061
0.04941469803452492
0.06595094501972198
0.10672646760940552
0.06629273295402527
0.07614190876483917
0.04948711395263672
0.08315927535295486
0.31179994344711304
0.10668063163757324
0.0929008424282074
0.1274603307247162
0.13158096373081207
0.054808299988508224
0.06049858406186104
0.11848863214254379
0.11887791007757187
0.11786245554685593
0.1055140569806099
0.06134244054555893
0.13888828456401825
0.09191252291202545
0.13797883689403534
0.10339029133319855
0.09298350661993027
0.12087249010801315
0.08195823431015015
0.07711557298898697
0.0726468488574028
0.07572529464960098
0.11611911654472351
0.08816658705472946
0.17566607892513275
0.1316138505935669
0.15229301154613495
0.06215571612119675
0.050190430134534836
0.12345688045024872
0.06551045179367065
0.16125820577144623
0.08469842374324799
0.08985334634780884
0.13529925048351288
0.10239840298891068
0.1185845360159874
0.10323617607355118
0.10861445218324661
0.029096629470586777
0.08091289550065994
0.08696746826171875
0.041781313717365265
0.0788150429725647
0.12609043717384338
0.10347695648670197
0.13406969606876373
0.20577479898929596
0.13905827701091766
0.31340518593788147
0.09810348600149155
0.0529463104903698
0.10701043903827667
0.12455601245164871
0.1129450649023056
0.05262815207242966
0.08690684288740158
0.05908898264169693
0.0994439646601677
0.08169787377119064
0.050067756325006485
0.1918131411075592
0.11129123717546463
0.08299863338470459
0.20972979068756104
0.08493326604366302
0.12059053778648376
0.09319416433572769
0.04301799461245537
0.2578513026237488
0.08839929848909378
0.06420598924160004
0.09134993702173233
0.1462116241455078
0.12136735022068024
0.0912543386220932
0.17144076526165009
0.0925145298242569
0.1112213134765625
0.19686420261859894
0.10497395694255829
0.07652657479047775
0.052395544946193695
0.10071185976266861
0.13491398096084595
0.1534109264612198
0.05204441025853157
0.16386760771274567
0.09058348834514618
0.06772521883249283
0.16427181661128998
0.05675605311989784
0.07771746814250946
0.06197497248649597
0.19683724641799927
0.11357641965150833
0.07946696877479553
0.07025182247161865
0.11651910096406937
0.05593874305486679
0.07613357156515121
0.14464011788368225
0.09227471798658371
0.14812174439430237
0.06431195139884949
0.08528491854667664
0.07174916565418243
0.2018827199935913
0.10960960388183594
0.1163972020149231
0.08672479540109634
0.09515337646007538
0.031123200431466103
0.11394950747489929
0.15186545252799988
0.08167334645986557
0.14698189496994019
0.07634143531322479
0.0773155614733696
0.1975705325603485
0.5799939632415771
0.0710335373878479
0.13394862413406372
0.11612829566001892
0.11828094720840454
0.16244791448116302
0.10113687068223953
0.24761630594730377
0.10960365831851959
0.10828812420368195
0.09267912060022354
0.16579578816890717
0.1259927749633789
0.13509532809257507
0.10300973057746887
0.00785862933844328
0.15288691222667694
0.2747730612754822
0.23328343033790588
0.18803651630878448
0.0923154428601265
0.14975696802139282
0.20818549394607544
0.16730669140815735
0.11996503174304962
0.0726722925901413
0.10414201766252518
0.12417937070131302
0.04442618787288666
0.15256796777248383
0.15815874934196472
0.21639543771743774
0.13059157133102417
0.06221367418766022
0.10867221653461456
0.12787829339504242
0.17037837207317352
0.1821516752243042
0.09107162058353424
0.10152211040258408
0.12579375505447388
0.08745905011892319
0.10446159541606903
0.1025567352771759
0.10647647827863693
0.017339998856186867
0.07857862114906311
0.08801998198032379
0.11907626688480377
0.098209910094738
0.14456214010715485
0.09615585207939148
0.13109205663204193
0.11083894222974777
0.13539588451385498
0.11106395721435547
0.062424030154943466
0.0828237310051918
0.07749506086111069
0.10644127428531647
0.06563396751880646
0.14915654063224792
0.07676909118890762
0.1439269483089447
0.056114304810762405
0.1099797859787941
0.054395824670791626
0.07873745262622833
0.0738367885351181
0.07380741089582443
0.029055168852210045
0.053461264818906784
0.14999599754810333
0.07075163722038269
0.07205338776111603
0.08965514600276947
0.1392545998096466
0.1311144381761551
0.08782149106264114
0.10801895707845688
0.1714169979095459
0.15269030630588531
0.1931000053882599
0.09577367454767227
0.12151917815208435
0.11707697063684464
0.09432496130466461
0.10279469192028046
0.07740817964076996
0.11052002012729645
0.05402637645602226
0.13705572485923767
0.10810218006372452
0.17459286749362946
0.0583655945956707
0.07542622089385986
0.1577972024679184
0.06741465628147125
0.09570415318012238
0.07669978588819504
0.058704011142253876
0.07628762722015381
0.06840700656175613
0.1953405737876892
0.09305550158023834
0.10125885158777237
0.15908516943454742
0.0845220535993576
0.1107521653175354
0.10588328540325165
0.08365360647439957
0.1398535668849945
0.10915309935808182
0.10868819802999496
0.1063300222158432
0.1371493637561798
0.059029437601566315
0.06029756739735603
0.08779388666152954
0.058432284742593765
0.039599135518074036
0.0774393305182457
0.09518996626138687
0.0770275816321373
0.13980498909950256
0.09323298186063766
0.04903213679790497
0.15082941949367523
0.05509886145591736
0.13931691646575928
0.10825896263122559
0.059966444969177246
0.1226404458284378
0.10738562792539597
0.10600275546312332
0.22353748977184296
0.08112876117229462
0.05410827323794365
0.046893104910850525
0.21582810580730438
0.09777064621448517
0.11764560639858246
0.1148742064833641
0.14119680225849152
0.07394488155841827
0.06622624397277832
0.16435827314853668
0.11428501456975937
0.13237139582633972
0.08144713193178177
0.04589315503835678
0.1184128001332283
0.07234961539506912
0.19157053530216217
0.10735117644071579
0.08905085176229477
0.06761527806520462
0.0627647116780281
0.12337853014469147
0.11264388263225555
0.11542939394712448
0.09501831978559494
0.07333363592624664
0.11854767799377441
0.18925389647483826
0.04728202149271965
0.09721758961677551
0.1264517456293106
0.0762965977191925
0.25897133350372314
0.1414099633693695
0.07299543917179108
0.11840985715389252
0.06153278052806854
0.23421157896518707
0.08452434092760086
0.06437940150499344
0.15477484464645386
0.10621680319309235
0.10696249455213547
0.08177550882101059
0.12665461003780365
0.153069868683815
0.09354981780052185
0.1893165558576584
0.11066630482673645
0.13749052584171295
0.05981248989701271
0.03336397930979729
0.14192989468574524
0.09492374211549759
0.08811511099338531
0.21616677939891815
0.09761834144592285
0.10569246113300323
0.11511849611997604
0.13945655524730682
0.13930359482765198
0.21834689378738403
0.03649171069264412
0.0954631119966507
0.1893901526927948
0.12057539075613022
0.09980785846710205
0.1045750230550766
0.100497305393219
0.08875929564237595
0.13012079894542694
0.0989203080534935
0.11135517805814743
0.04310661554336548
0.0496818944811821
0.03623630106449127
0.12093400955200195
0.10288884490728378
0.04783523455262184
0.1403016895055771
0.09747228026390076
0.17727626860141754
0.09206956624984741
0.08561412245035172
0.07672873139381409
0.13564905524253845
0.09017541259527206
0.0766928493976593
0.1384100764989853
0.07182617485523224
0.1858299970626831
0.14303669333457947
0.035178184509277344
0.09623204171657562
0.09635572135448456
0.1545698195695877
0.10176718980073929
0.16690990328788757
0.18658685684204102
0.11358898878097534
0.15535375475883484
0.06652561575174332
0.12627682089805603
0.05871087685227394
0.18285958468914032
0.0593811571598053
0.05856088921427727
0.17923292517662048
0.11649905145168304
0.16932938992977142
0.056179389357566833
0.03563559427857399
0.08900165557861328
0.1291954219341278
0.14580552279949188
0.07086093723773956
0.1490841507911682
0.06861859560012817
0.05448312312364578
0.06137540191411972
0.14108940958976746
0.11164041608572006
0.04797696694731712
0.022235551849007607
0.1577570140361786
0.044719673693180084
0.11865236610174179
0.10158921033143997
0.0571708120405674
0.07351160049438477
0.23538705706596375
0.0950305238366127
0.11266184598207474
0.10384740680456161
0.1118733361363411
0.12601333856582642
0.2029113471508026
0.1265648752450943
0.1254173219203949
0.12815561890602112
0.09129109233617783
0.12905339896678925
0.08565853536128998
0.14121389389038086
0.05924328789114952
0.1552826166152954
0.09640537202358246
0.04744703695178032
0.1002250537276268
0.11336611211299896
0.17235110700130463
0.10791929811239243
0.10617286711931229
0.07171498239040375
0.13461624085903168
0.11838582903146744
0.09953527897596359
0.1589045524597168
0.0906587764620781
0.060837987810373306
0.03920407220721245
0.08623272180557251
0.05162212625145912
0.1963377594947815
0.09955908358097076
0.10800521820783615
0.11426033824682236
0.09882134199142456
0.09110252559185028
0.055067602545022964
0.0553390271961689
0.13839952647686005
0.08276001363992691
0.1341698169708252
0.04294005036354065
0.15140807628631592
0.07836701720952988
0.1433531790971756
0.0883602425456047
0.10832199454307556
0.16671288013458252
0.15945564210414886
0.12313954532146454
0.10375726968050003
0.14933791756629944
0.08970065414905548
0.04387107118964195
0.07763201743364334
0.08526948094367981
0.09729728102684021
0.08150507509708405
0.10024303942918777
0.1323229968547821
0.20916077494621277
0.06082436442375183
0.12029792368412018
0.0924549326300621
0.1690434068441391
0.16943536698818207
0.0704600140452385
0.14855621755123138
0.11623367667198181
0.10302820056676865
0.06707364320755005
0.08812424540519714
0.12527242302894592
0.12298385798931122
0.12586218118667603
0.10432040691375732
0.08409539610147476
0.14401516318321228
0.07788999378681183
0.09621670097112656
0.019441917538642883
0.14059403538703918
0.17292940616607666
0.1587456613779068
0.06108475476503372
0.031248318031430244
0.0566805861890316
0.05370355397462845
0.026581095531582832
0.08073243498802185
0.04153263568878174
0.18036873638629913
0.050582803785800934
0.08974315971136093
0.10818099230527878
0.09802551567554474
0.1172962486743927
0.08824194967746735
0.07761327177286148
0.05329122021794319
0.13126398622989655
0.15403321385383606
0.10990241169929504
0.0465838760137558
0.07650468498468399
0.127032071352005
0.19979767501354218
0.18552885949611664
0.072195865213871
0.08566591143608093
0.09745989739894867
0.10144346952438354
0.1901281177997589
0.10502446442842484
0.17197582125663757
0.10484632849693298
0.25519412755966187
0.09469883888959885
0.07395398616790771
0.07824981957674026
0.054453372955322266
0.21561990678310394
0.06947607547044754
0.06916408240795135
0.07855786383152008
0.11650404334068298
0.08544325828552246
0.05382649600505829
0.15108099579811096
0.13118888437747955
0.142905130982399
0.08653400093317032
0.10261770337820053
0.12912295758724213
0.08234823495149612
0.045049283653497696
0.08432125300168991
0.09195851534605026
0.11314224451780319
0.06701355427503586
0.03541961684823036
0.04344157874584198
0.102090023458004
0.08605857938528061
0.055098727345466614
0.07347746193408966
0.10610438883304596
0.11537648737430573
0.17890743911266327
0.09550794959068298
0.18459881842136383
0.15889739990234375
0.09301978349685669
0.0711834505200386
0.13036708533763885
0.3605142831802368
0.1347973644733429
0.11232336610555649
0.0844891220331192
0.11606886237859726
0.07692840695381165
0.10547017306089401
0.1826225370168686
0.2600502371788025
0.1490519791841507
0.08530686050653458
0.1100538969039917
0.06681684404611588
0.0928792655467987
0.09246066957712173
0.07846621423959732
0.10798665136098862
0.13376998901367188
0.11809469759464264
0.061607103794813156
0.11660011112689972
0.09069754183292389
0.09384287893772125
0.11141125857830048
0.08272788673639297
0.10942699760198593
0.11008467525243759
0.10106442123651505
0.06410288065671921
0.024959037080407143
0.07483712583780289
0.08591747283935547
0.06757697463035583
0.0623931922018528
0.16106948256492615
0.13907235860824585
0.1729845404624939
0.1683041751384735
0.13077504932880402
0.15803058445453644
0.0982256531715393
0.09131450951099396
0.08636588603258133
0.16864383220672607
0.2038918286561966
0.12260016798973083
0.08694947510957718
0.06467215716838837
0.10758824646472931
0.12881527841091156
0.14081063866615295
0.14287392795085907
0.12704767286777496
0.17108504474163055
0.06168995425105095
0.04501539096236229
0.11045343428850174
0.22496303915977478
0.13411381840705872
0.1495361030101776
0.12292550504207611
0.13755182921886444
0.1415601521730423
0.11488866806030273
0.13335183262825012
0.04046235606074333
0.10263073444366455
0.11124195903539658
0.05955103412270546
0.07647383213043213
0.07028279453516006
0.09422999620437622
0.0683024674654007
0.04611798748373985
0.03260188177227974
0.1563328355550766
0.13978104293346405
0.1693309247493744
0.18091793358325958
0.09178628772497177
0.10580860823392868
0.0924992710351944
0.07920113950967789
0.18240463733673096
0.06996193528175354
0.15145495533943176
0.13453738391399384
0.06710702180862427
0.15942229330539703
0.08241230249404907
0.13403333723545074
0.2085077315568924
0.06541785597801208
0.10414320975542068
0.08318225294351578
0.07677722722291946
0.0823100209236145
0.05541438236832619
0.11584214866161346
0.1342078298330307
0.09250195324420929
0.06056651845574379
0.18287843465805054
0.0621245838701725
0.08081023395061493
0.11542386561632156
0.09013912081718445
0.12925094366073608
0.1014617532491684
0.09524605423212051
0.11338040977716446
0.09779967367649078
0.08430399000644684
0.057221632450819016
0.191289022564888
0.17532290518283844
0.12913067638874054
0.09553872793912888
0.12619666755199432
0.11867890506982803
0.1571931391954422
0.08327385783195496
0.05634868144989014
0.07215499877929688
0.04722277447581291
0.07161973416805267
0.13071611523628235
0.07036308944225311
0.1398722231388092
0.14750277996063232
0.1080256998538971
0.10802359133958817
0.09341704845428467
0.05386117473244667
0.08632715791463852
0.06595384329557419
0.09670397639274597
0.08243793994188309
0.10992736369371414
0.10775492340326309
0.0905320793390274
0.07459121942520142
0.0756848007440567
0.09660407900810242
0.07872670143842697
0.07641325891017914
0.2593063712120056
0.10472215712070465
0.03467966243624687
0.10721079260110855
0.08555371314287186
0.09218396991491318
0.06367680430412292
0.04226594790816307
0.07387682795524597
0.13285784423351288
0.17514179646968842
0.08576332032680511
0.14648282527923584
0.1410284787416458
0.17058074474334717
0.17505526542663574
0.06347230076789856
0.23480728268623352
0.08878593891859055
0.07025348395109177
0.11528455466032028
0.11713740974664688
0.15177126228809357
0.16685907542705536
0.08397363871335983
0.03775244951248169
0.11496451497077942
0.11444852501153946
0.11310277134180069
0.049132928252220154
0.09381820261478424
0.07022452354431152
0.13281702995300293
0.12329334765672684
0.10106337815523148
0.018295912072062492
0.06838817149400711
0.07797620445489883
0.14827688038349152
0.06175703555345535
0.07972413301467896
0.07833220064640045
0.10932387411594391
0.09306281805038452
0.0987764298915863
0.10479116439819336
0.08499711006879807
0.09297195822000504
0.12367819249629974
0.073488749563694
0.1650690883398056
0.07705758512020111
0.07629135251045227
0.050321314483881
0.1297122836112976
0.06451178342103958
0.03224492445588112
0.1088814064860344
0.06400787830352783
0.07751692086458206
0.05709923803806305
0.1145862340927124
0.05337425321340561
0.19771994650363922
0.08013428747653961
0.13085247576236725
0.09807296842336655
0.08588512986898422
0.11696171015501022
0.06324643641710281
0.10401502251625061
0.1391177773475647
0.11793659627437592
0.09073865413665771
0.04769697040319443
0.05632065236568451
0.11225768178701401
0.06025174260139465
0.049333300441503525
0.11560007929801941
0.08004315197467804
0.08204696327447891
0.07856230437755585
0.1468527466058731
0.1922239065170288
0.11117685586214066
0.15150384604930878
0.12999361753463745
0.12272688001394272
0.07098472118377686
0.13120882213115692
0.06276809424161911
0.0786837562918663
0.1140889972448349
0.15723934769630432
0.05498688295483589
0.0710064247250557
0.10446681082248688
0.15100793540477753
0.07619097083806992
0.0677286759018898
0.052691180258989334
0.13011090457439423
0.10189415514469147
0.12146792560815811
0.04252123087644577
0.03486652299761772
0.10295882076025009
0.0523909255862236
0.06207698956131935
0.1218271255493164
0.07638218998908997
0.11852709949016571
0.07114840298891068
0.1428849697113037
0.04962913691997528
0.0531429685652256
0.05569013953208923
0.03938019648194313
0.12715886533260345
0.05208100378513336
0.14666391909122467
0.1178436428308487
0.09334645420312881
0.19416780769824982
0.10398738086223602
0.09748551994562149
0.07193490862846375
0.09224085509777069
0.08039645850658417
0.1167585626244545
0.1887473613023758
0.05613137036561966
0.049291737377643585
0.0962190181016922
0.12829653918743134
0.08826246112585068
0.050797633826732635
0.07058149576187134
0.0865771621465683
0.17787908017635345
0.11328084021806717
0.08952188491821289
0.22390152513980865
0.10602255165576935
0.09665382653474808
0.13918030261993408
0.14293141663074493
0.07516588270664215
0.0769248902797699
0.12357509881258011
0.07725907117128372
0.14759652316570282
0.07204023748636246
0.10695625096559525
0.18734538555145264
0.10285472869873047
0.07018452882766724
0.08993029594421387
0.08366897702217102
0.06551828980445862
0.09237448126077652
0.09789326041936874
0.10909168422222137
0.13898637890815735
0.09691423922777176
0.13026154041290283
0.10250438749790192
0.06658369302749634
0.18461380898952484
0.1735047698020935
0.09484554082155228
0.2244100421667099
0.08060436695814133
0.11599752306938171
0.07718124240636826
0.04405512660741806
0.05350618436932564
0.16662660241127014
0.1136770024895668
0.11473660916090012
0.03696514666080475
0.06598389893770218
0.08966818451881409
0.10840275883674622
0.03401018679141998
0.04880387708544731
0.11342153698205948
0.12535634636878967
0.07304850965738297
0.09753641486167908
0.0930510014295578
0.17936740815639496
0.14197620749473572
0.12212377786636353
0.09264868497848511
0.12117494642734528
0.1007915735244751
0.11397720873355865
0.07347878813743591
0.09232793003320694
0.06131010875105858
0.050082892179489136
0.11278373748064041
0.10694007575511932
0.07158871740102768
0.10148930549621582
0.10452296584844589
0.09069513529539108
0.04953174293041229
0.14933538436889648
0.09715533256530762
0.09910503029823303
0.0558539442718029
0.1363789588212967
0.08616619557142258
0.12722429633140564
0.10638333857059479
0.07267267256975174
0.13716892898082733
0.11351700127124786
0.25006479024887085
0.07403828203678131
0.06485332548618317
0.06601244956254959
0.07878749817609787
0.06941715627908707
0.07588130235671997
0.09830431640148163
0.16257236897945404
0.07375304400920868
0.08648839592933655
0.10944446921348572
0.07756907492876053
0.10379050672054291
0.1019696369767189
0.03700590133666992
0.12502571940422058
0.047883350402116776
0.12024597078561783
0.06827494502067566
0.14085520803928375
0.0794144794344902
0.16568981111049652
0.11046697944402695
0.047567497938871384
0.19209939241409302
0.12195104360580444
0.060872677713632584
0.052501969039440155
0.024124588817358017
0.12135492265224457
0.056455451995134354
0.11958694458007812
0.10094708204269409
0.11484884470701218
0.09846591204404831
0.18336419761180878
0.1481979340314865
0.09296474605798721
0.026001622900366783
0.2305242270231247
0.08870074898004532
0.1122651994228363
0.08256883919239044
0.10836384445428848
0.11230289936065674
0.14507004618644714
0.06746014207601547
0.0906229168176651
0.06901324540376663
0.1153930053114891
0.13882137835025787
0.059188712388277054
0.10974670946598053
0.10722570866346359
0.15326960384845734
0.12121116369962692
0.13438498973846436
0.10566549003124237
0.18647751212120056
0.13752619922161102
0.067781463265419
0.06892017275094986
0.09497115761041641
0.056365299969911575
0.06749061495065689
0.05891381949186325
0.06890945136547089
0.04036421328783035
0.08893229067325592
0.139292910695076
0.08707524091005325
0.10595789551734924
0.07590954750776291
0.12152354419231415
0.11238428205251694
0.08299234509468079
0.1366174966096878
0.07199715822935104
0.14054732024669647
0.06497079879045486
0.0887286365032196
0.0846373662352562
0.16920526325702667
0.08909273892641068
0.051255159080028534
0.06527732312679291
0.04676409810781479
0.09704990684986115
0.07030153274536133
0.12698602676391602
0.1265047937631607
0.0421057753264904
0.1387345939874649
0.09844556450843811
0.07533543556928635
0.12086663395166397
0.057116176933050156
0.06295274198055267
0.16416724026203156
0.053589820861816406
0.08810853958129883
0.08871709555387497
0.05673195794224739
0.09652233123779297
0.06953881680965424
0.05469555780291557
0.09654337167739868
0.10292649269104004
0.1758054792881012
0.06267208606004715
0.2059035450220108
0.12589485943317413
0.07056596130132675
0.06816460192203522
0.16639389097690582
0.13344252109527588
0.18068699538707733
0.06899160891771317
0.09194764494895935
0.14251063764095306
0.1319693922996521
0.06110071390867233
0.05809485539793968
0.07829788327217102
0.10102474689483643
0.0461982786655426
0.06277906894683838
0.11214184015989304
0.08128154277801514
0.11160578578710556
0.13095954060554504
0.1439240574836731
0.10574351996183395
0.09029977768659592
0.11172018945217133
0.009321062825620174
0.18893150985240936
0.1910584717988968
0.20232564210891724
0.08586438000202179
0.045586127787828445
0.09248092770576477
0.1297220140695572
0.11090884357690811
0.08392773568630219
0.04483896866440773
0.09851749986410141
0.11506780982017517
0.10797873884439468
0.09964379668235779
0.09207259863615036
0.0707433670759201
0.08550291508436203
0.10970700532197952
0.14249710738658905
0.05998009443283081
0.04494480416178703
0.13986071944236755
0.06189500913023949
0.07758678495883942
0.08282572776079178
0.06442432850599289
0.11467142403125763
0.09917795658111572
0.29958537220954895
0.059118371456861496
0.04162221401929855
0.0961335077881813
0.06995495408773422
0.12294480949640274
0.05216478183865547
0.0797995999455452
0.12652592360973358
0.11957775801420212
0.0989106073975563
0.11345051974058151
0.1297595500946045
0.09954409301280975
0.17064043879508972
0.037577662616968155
0.09579581767320633
0.11435245722532272
0.09330657124519348
0.10593180358409882
0.07785408198833466
0.055949755012989044
0.09890751540660858
0.05436965078115463
0.057079363614320755
0.12376557290554047
0.058620452880859375
0.1007847711443901
0.048947736620903015
0.17471642792224884
0.08681343495845795
0.06875716149806976
0.12423209100961685
0.030697321519255638
0.0283366609364748
0.0936756283044815
0.11024603247642517
0.09561817348003387
0.10387307405471802
0.13151830434799194
0.047935228794813156
0.078864686191082
0.15103861689567566
0.04896910488605499
0.08241264522075653
0.10099378973245621
0.10177744925022125
0.0530463308095932
0.09895576536655426
0.11238382011651993
0.0945412889122963
0.061861082911491394
0.14047330617904663
0.0693819671869278
0.09415465593338013
0.10864695906639099
0.07449287921190262
0.08049730211496353
0.0657619908452034
0.07802654802799225
0.10369732230901718
0.03659217804670334
0.11047965288162231
0.09140818566083908
0.07560020685195923
0.10664777457714081
0.05260924622416496
0.08292163908481598
0.11881572008132935
0.055473752319812775
0.11722396314144135
0.0976332277059555
0.04444555938243866
0.10258537530899048
0.08457296341657639
0.09463310986757278
0.018173564225435257
0.04232651740312576
0.12695975601673126
0.14745943248271942
0.0911371111869812
0.06236805021762848
0.10817059129476547
0.07122232019901276
0.07257082313299179
0.08195624500513077
0.0883980393409729
0.12980696558952332
0.16771508753299713
0.09739887714385986
0.08300800621509552
0.1268170326948166
0.09079358726739883
0.1147620677947998
0.10555929690599442
0.11638769507408142
0.16651231050491333
0.11787702143192291
0.08946211636066437
0.0988457128405571
0.1080014705657959
0.0734795331954956
0.14337144792079926
0.09094150364398956
0.20332688093185425
0.0741526409983635
0.016371997073292732
0.06672327220439911
0.05450401455163956
0.16214247047901154
0.06814154237508774
0.04315567761659622
0.2108987718820572
0.0360272079706192
0.11062023788690567
0.052849963307380676
0.071881502866745
0.11930747330188751
0.13637512922286987
0.13659994304180145
0.12337591499090195
0.15323583781719208
0.08790703117847443
0.061692338436841965
0.08953114598989487
0.0962352380156517
0.09821948409080505
0.10349123179912567
0.18933196365833282
0.04337461292743683
0.09034668654203415
0.04979472607374191
0.048960551619529724
0.13948574662208557
0.05417438969016075
0.07188262045383453
0.09456762671470642
0.13731986284255981
0.0721859261393547
0.25463879108428955
0.1537487953901291
0.1048874706029892
0.06922410428524017
0.18846121430397034
0.0590595118701458
0.13153405487537384
0.1151825338602066
0.1270318627357483
0.09819728881120682
0.13558025658130646
0.06354659050703049
0.10196582227945328
0.27068179845809937
0.1085037961602211
0.1595381647348404
0.08420873433351517
0.024632880464196205
0.07831335812807083
0.15559948980808258
0.10584922134876251
0.11575283855199814
0.10155900567770004
0.08563213050365448
0.08895055204629898
0.13947655260562897
0.05124170705676079
0.04369422420859337
0.047523580491542816
0.06275255978107452
0.08111743628978729
0.07675748318433762
0.0628623366355896
0.045191723853349686
0.19632667303085327
0.11216536909341812
0.06769704073667526
0.1089273989200592
0.14099036157131195
0.0681045800447464
0.07976804673671722
0.10810565948486328
0.06061148643493652
0.097480408847332
0.27248603105545044
0.10520540177822113
0.06224708631634712
0.12587738037109375
0.1030522957444191
0.1343524307012558
0.05097592994570732
0.0728878304362297
0.15421944856643677
0.041216593235731125
0.1195545569062233
0.04152227193117142
0.05234166979789734
0.11748585104942322
0.12499286234378815
0.08936311304569244
0.13787619769573212
0.07068009674549103
0.0749647468328476
0.1474340707063675
0.07847273349761963
0.08991467952728271
0.09686443954706192
0.06857930123806
0.11532001197338104
0.1051851436495781
0.11835227161645889
0.11568120867013931
0.06530299782752991
0.03285786882042885
0.08600673079490662
0.05253159999847412
0.14882436394691467
0.09975288808345795
0.06830795109272003
0.11719238013029099
0.04398740455508232
0.09114643931388855
0.12202426791191101
0.06501411646604538
0.10587380826473236
0.162023663520813
0.17879104614257812
0.09037334471940994
0.061716046184301376
0.1315738707780838
0.06392421573400497
0.0632835403084755
0.18949884176254272
0.07986640185117722
0.09295359998941422
0.06246345490217209
0.11187918484210968
0.04222056642174721
0.04375656694173813
0.23170384764671326
0.07797754555940628
0.09742451459169388
0.10550744831562042
0.11310015618801117
0.16952887177467346
0.044777531176805496
0.06630868464708328
0.04957476258277893
0.02866388112306595
0.0925200954079628
0.043475013226270676
0.1000242829322815
0.15678493678569794
0.18463438749313354
0.038462329655885696
0.17203007638454437
0.016364144161343575
0.050495944917201996
0.06323032081127167
0.24321407079696655
0.10245897620916367
0.05325667932629585
0.09840698540210724
0.05030689015984535
0.1393977850675583
0.08203023672103882
0.15524731576442719
0.039575234055519104
0.14281663298606873
0.1015213206410408
0.12976618111133575
0.13117516040802002
0.09030868858098984
0.05917976424098015
0.051431238651275635
0.0802910104393959
0.11870194971561432
0.054165467619895935
0.03812483698129654
0.13802890479564667
0.14240291714668274
0.1989782601594925
0.15020345151424408
0.05441562458872795
0.0933641791343689
0.08851946145296097
0.061312515288591385
0.10261742025613785
0.06794621050357819
0.11738275736570358
0.08668716996908188
0.05163226276636124
0.16170930862426758
0.07580704241991043
0.09509281814098358
0.11762241274118423
0.07439698278903961
0.11028539389371872
0.08938758075237274
0.0727696567773819
0.08804532140493393
0.040088310837745667
0.04704699665307999
0.03070986643433571
0.13027741014957428
0.09701385349035263
0.051676783710718155
0.06543932855129242
0.1444348245859146
0.030940333381295204
0.1110980212688446
0.0939980298280716
0.11574966460466385
0.0716320127248764
0.14313817024230957
0.07198311388492584
0.1657569259405136
0.0715770497918129
0.07936562597751617
0.08132417500019073
0.07659297436475754
0.08927775919437408
0.0699431374669075
0.07063236087560654
0.08254916965961456
0.12454935163259506
0.07451099902391434
0.07413333654403687
0.04554232954978943
0.12781213223934174
0.10305340588092804
0.11354385316371918
0.038922443985939026
0.06093080714344978
0.09976071119308472
0.06703606247901917
0.04758068546652794
0.04213382676243782
0.11873214691877365
0.08816035091876984
0.07993656396865845
0.139762282371521
0.03947926312685013
0.10193424671888351
0.07276815176010132
0.16515585780143738
0.08143378049135208
0.06796002388000488
0.04465307295322418
0.1160210371017456
0.09360981732606888
0.13780903816223145
0.11632391065359116
0.1368028223514557
0.12671762704849243
0.19229426980018616
0.08583253622055054
0.0979023352265358
0.06579384952783585
0.10091084986925125
0.032708749175071716
0.05038192495703697
0.06964032351970673
0.061049364507198334
0.03602965548634529
0.17014089226722717
0.0835275948047638
0.08121863007545471
0.07065847516059875
0.08428129553794861
0.07304219156503677
0.11020223051309586
0.06457863003015518
0.10625382512807846
0.10743799060583115
0.030215244740247726
0.07009761780500412
0.12612217664718628
0.12314700335264206
0.07428944855928421
0.07251261174678802
0.06154821440577507
0.0906488448381424
0.03819756582379341
0.1473364382982254
0.11867024749517441
0.09075550734996796
0.04085231199860573
0.127944678068161
0.08167920261621475
0.04170349985361099
0.08175329118967056
0.09553879499435425
0.08266033232212067
0.08050914108753204
0.033040646463632584
0.131704181432724
0.1473686248064041
0.03972664847970009
0.0697336196899414
0.06548473984003067
0.12061930447816849
0.13187719881534576
0.1366574764251709
0.1253870129585266
0.12456297874450684
0.08795583248138428
0.1509017050266266
0.06463734060525894
0.09141071885824203
0.08411248028278351
0.0746418759226799
0.04278554394841194
0.09332263469696045
0.032992925494909286
0.06101391837000847
0.0481245256960392
0.12672719359397888
0.06109531596302986
0.045538756996393204
0.07980528473854065
0.07693170756101608
0.07784640789031982
0.18725238740444183
0.028801722452044487
0.14456915855407715
0.11066333949565887
0.10629532486200333
0.032960668206214905
0.10796929150819778
0.1286417841911316
0.10607973486185074
0.1146840825676918
0.061678387224674225
0.09172102808952332
0.1040688306093216
0.12256759405136108
0.02165110968053341
0.0647674947977066
0.06619367748498917
0.11276959627866745
0.10017362982034683
0.15405218303203583
0.27784982323646545
0.09013335406780243
0.09588659554719925
0.04279206693172455
0.13501031696796417
0.2062627077102661
0.13003607094287872
0.06331022828817368
0.07480417937040329
0.06537225842475891
0.09149312227964401
0.10884011536836624
0.11951621621847153
0.10613091289997101
0.18900498747825623
0.08662470430135727
0.08196599036455154
0.14637579023838043
0.0786806121468544
0.1147577092051506
0.07637541741132736
0.08973179012537003
0.04777533560991287
0.06619281321763992
0.0664939358830452
0.0400686040520668
0.12432880699634552
0.061690572649240494
0.12302258610725403
0.09591662138700485
0.10122177749872208
0.1784033328294754
0.1546625941991806
0.0752212256193161
0.06370095908641815
0.11275555193424225
0.09441845118999481
0.07961245626211166
0.1030144914984703
0.03066067397594452
0.05372069776058197
0.04887775331735611
0.14068692922592163
0.08430436998605728
0.03111865743994713
0.07388530671596527
0.1089540421962738
0.10382179170846939
0.10580349713563919
0.061855584383010864
0.052636586129665375
0.10353723168373108
0.11457304656505585
0.10003113001585007
0.14263294637203217
0.04681668058037758
0.1159888431429863
0.11673105508089066
0.10527990758419037
0.05162264406681061
0.06328679621219635
0.015432307496666908
0.02097274549305439
0.1066560223698616
0.06978779286146164
0.04171856492757797
0.08510986715555191
0.10813094675540924
0.04156222939491272
0.10301011055707932
0.06157228723168373
0.18876320123672485
0.132243350148201
0.16665315628051758
0.1921422779560089
0.019668320193886757
0.0699961856007576
0.09311166405677795
0.05183563008904457
0.11623992025852203
0.02785891480743885
0.05345207080245018
0.08398059010505676
0.08927182853221893
0.1398996263742447
0.04955192655324936
0.10233014076948166
0.07776615023612976
0.10607645660638809
0.07119711488485336
0.05974448844790459
0.12542285025119781
0.0769210010766983
0.10865557193756104
0.08615889400243759
0.11611887067556381
0.13402022421360016
0.057739973068237305
0.07685098052024841
0.05615567788481712
0.14882732927799225
0.07430117577314377
0.1761871725320816
0.1105259582400322
0.06007052958011627
0.07361234724521637
0.0909733697772026
0.20039032399654388
0.15370887517929077
0.10151709616184235
0.10280594974756241
0.08315860480070114
0.1355751007795334
0.14882144331932068
0.09857799112796783
0.2531750798225403
0.047710221260786057
0.12146260589361191
0.15990209579467773
0.10056976974010468
0.11752072721719742
0.0692976862192154
0.2025105506181717
0.11733445525169373
0.0730559378862381
0.07871667295694351
0.10444360971450806
0.09996210038661957
0.06144387274980545
0.06511128693819046
0.08872565627098083
0.0582200288772583
0.09275224059820175
0.13176390528678894
0.09677867591381073
0.05228925123810768
0.04792894050478935
0.13637994229793549
0.0973280519247055
0.12442125380039215
0.08205486088991165
0.11628396064043045
0.07025008648633957
0.10364639759063721
0.05385279282927513
0.0903569683432579
0.11412518471479416
0.09630978107452393
0.06461869180202484
0.04990401118993759
0.09494181722402573
0.08358387649059296
0.12508206069469452
0.08910482376813889
0.11305907368659973
0.16267435252666473
0.1599595993757248
0.051019299775362015
0.07470506429672241
0.10543815791606903
0.07464844733476639
0.05304020643234253
0.11470911651849747
0.02171761728823185
0.06663621217012405
0.11140630394220352
0.04415259510278702
0.11634296178817749
0.03034760057926178
0.09205464273691177
0.09763548523187637
0.1038842648267746
0.1359330415725708
0.13044710457324982
0.06800013035535812
0.11606786400079727
0.07950307428836823
0.0466066375374794
0.1914994716644287
0.1703929901123047
0.13285496830940247
0.07883565127849579
0.08006563782691956
0.06547732651233673
0.07096078991889954
0.17234556376934052
0.06842955201864243
0.06874649971723557
0.15015192329883575
0.06689082086086273
0.18377317488193512
0.16296526789665222
0.11393792182207108
0.11497311294078827
0.0730322003364563
0.11118986457586288
0.07798074930906296
0.1085389107465744
0.05319369211792946
0.11358746886253357
0.05185817927122116
0.052757665514945984
0.05138762667775154
0.0289984792470932
0.047565117478370667
0.04831214249134064
0.06380125880241394
0.07659166306257248
0.07386306673288345
0.07007528096437454
0.11361440271139145
0.10402482748031616
0.12593507766723633
0.0698089748620987
0.05662158876657486
0.1232125461101532
0.019821951165795326
0.07282619923353195
0.09320056438446045
0.10880761593580246
0.08842301368713379
0.1438809186220169
0.08535434305667877
0.06834591180086136
0.08998250216245651
0.08040262758731842
0.04890649765729904
0.14072097837924957
0.08742348849773407
0.1774042397737503
0.12212590873241425
0.10195709764957428
0.03536967188119888
0.08147910237312317
0.03500339388847351
0.1075950637459755
0.05505571886897087
0.15873399376869202
0.1054496169090271
0.09788828343153
0.027585042640566826
0.0635998472571373
0.13684812188148499
0.14865045249462128
0.15611620247364044
0.10043007880449295
0.10318521410226822
0.023634428158402443
0.11579263210296631
0.15786682069301605
0.07870157808065414
0.07522185146808624
0.1300387680530548
0.0562012605369091
0.056568972766399384
0.07981628179550171
0.07562978565692902
0.03923448175191879
0.08576206862926483
0.06357002258300781
0.1491476446390152
0.04502017796039581
0.1035333052277565
0.06115300580859184
0.06415843963623047
0.057659365236759186
0.0640503466129303
0.10902917385101318
0.07840406149625778
0.12146074324846268
0.057277314364910126
0.06129281967878342
0.07535018771886826
0.08064614236354828
0.07205924391746521
0.10242598503828049
0.039712246507406235
0.06702350080013275
0.22876708209514618
0.1283261924982071
0.04345812276005745
0.10681885480880737
0.10279835015535355
0.140860915184021
0.04808636009693146
0.11564850062131882
0.06980054825544357
0.08511103689670563
0.04546352103352547
0.042798615992069244
0.11851749569177628
0.0720461755990982
0.11390972882509232
0.10690754652023315
0.0706217959523201
0.1475631147623062
0.16394244134426117
0.14379194378852844
0.10151014477014542
0.17673490941524506
0.12542375922203064
0.12056989222764969
0.07729588449001312
0.15738540887832642
0.22107838094234467
0.05414944142103195
0.07326077669858932
0.10483453422784805
0.0903390645980835
0.0864390879869461
0.14994852244853973
0.07018541544675827
0.06036778911948204
0.038664624094963074
0.1831713765859604
0.16407038271427155
0.10089743137359619
0.12447530031204224
0.10584627836942673
0.07288812845945358
0.049126021564006805
0.06031766161322594
0.10906179249286652
0.06839641183614731
0.19988690316677094
0.08627448230981827
0.11160393059253693
0.10074694454669952
0.053174931555986404
0.11001181602478027
0.12181390076875687
0.061470068991184235
0.12351331114768982
0.07500427216291428
0.0735769122838974
0.09542224556207657
0.13844268023967743
0.06156254932284355
0.048660580068826675
0.047647882252931595
0.04455761983990669
0.0513199083507061
0.08169715851545334
0.1017034649848938
0.20849063992500305
0.05809789523482323
0.07098066061735153
0.04420854523777962
0.08305400609970093
0.079768605530262
0.06344811618328094
0.08848650753498077
0.06567707657814026
0.055683817714452744
0.09241283684968948
0.04054982587695122
0.10340960323810577
0.11575108766555786
0.09047996997833252
0.09980049729347229
0.057680223137140274
0.12926124036312103
0.08376526832580566
0.15130329132080078
0.04741627722978592
0.07807209342718124
0.030286375433206558
0.09619821608066559
0.1572302132844925
0.08526383340358734
0.11504301428794861
0.14016945660114288
0.05147051438689232
0.083397775888443
0.06250979751348495
0.08382213860750198
0.08941004425287247
0.14349541068077087
0.05827284976840019
0.09466402232646942
0.22297973930835724
0.09266872704029083
0.12663626670837402
0.06259080767631531
0.08098797500133514
0.049961578100919724
0.08889602869749069
0.13316230475902557
0.1414688229560852
0.11372120678424835
0.10269103199243546
0.10486327111721039
0.03144509345293045
0.049072377383708954
0.07958260178565979
0.03611437603831291
0.08615700900554657
0.17301411926746368
0.07155030220746994
0.08012886345386505
0.09672854840755463
0.06798511743545532
0.09410621970891953
0.05113052576780319
0.05840802937746048
0.07690737396478653
0.05137043446302414
0.053432974964380264
0.11482128500938416
0.04817011207342148
0.041383106261491776
0.07154646515846252
0.11070237308740616
0.06750472635030746
0.1221991777420044
0.05124017596244812
0.08378147333860397
0.15024566650390625
0.0714472085237503
0.15516605973243713
0.0776720643043518
0.08446688205003738
0.09466661512851715
0.07661280781030655
0.07932516932487488
0.10614356398582458
0.12875081598758698
0.016939282417297363
0.16757406294345856
0.024533411487936974
0.03104555234313011
0.06719324737787247
0.09352289885282516
0.11916950345039368
0.0799204409122467
0.10856420546770096
0.12392204254865646
0.09653542190790176
0.08916527777910233
0.20878006517887115
0.13409924507141113
0.17768003046512604
0.09310995042324066
0.07990453392267227
0.10677579045295715
0.05697070062160492
0.1474492996931076
0.10170621424913406
0.12990665435791016
0.025110814720392227
0.17101868987083435
0.09291810542345047
0.1706864982843399
0.10131519287824631
0.05280618742108345
0.08006203174591064
0.1914900541305542
0.07025190442800522
0.10211537778377533
0.04670865461230278
0.07398681342601776
0.058254633098840714
0.1331300437450409
0.11556803435087204
0.06254217028617859
0.14438067376613617
0.08586730062961578
0.07714899629354477
0.11657783389091492
0.06774713844060898
0.1649092584848404
0.05874529853463173
0.18492592871189117
0.10658169537782669
0.09183525294065475
0.09869956970214844
0.12306549400091171
0.04849102348089218
0.09291467815637589
0.15900839865207672
0.07698534429073334
0.044598184525966644
0.09781043231487274
0.06376460194587708
0.05443301051855087
0.04682442173361778
0.1177983283996582
0.23247452080249786
0.22037319839000702
0.15008755028247833
0.05620647966861725
0.05150187015533447
0.1149459034204483
0.07338235527276993
0.18878397345542908
0.11455881595611572
0.10440316051244736
0.09178061783313751
0.07866209000349045
0.1068996712565422
0.12527263164520264
0.0885777622461319
0.08531741052865982
0.0729866772890091
0.08756565302610397
0.04585070163011551
0.08681581169366837
0.10196588188409805
0.10893350839614868
0.08308002352714539
0.12290719896554947
0.20712274312973022
0.11929519474506378
0.14395664632320404
0.1206781268119812
0.04170475900173187
0.09067009389400482
0.08511567860841751
0.08834213763475418
0.06337802112102509
0.13410326838493347
0.10480823367834091
0.10163218528032303
0.17442575097084045
0.11664573848247528
0.04979667067527771
0.05961403250694275
0.04697779566049576
0.14279019832611084
0.10834326595067978
0.056634705513715744
0.0676180049777031
0.08766742050647736
0.08047612011432648
0.18281851708889008
0.06403741240501404
0.08340512961149216
0.06876160949468613
0.12983167171478271
0.05061960592865944
0.07372043281793594
0.1690690666437149
0.1505572348833084
0.07671743631362915
0.09148948639631271
0.07595386356115341
0.08536823838949203
0.09634064882993698
0.11508332192897797
0.12269067764282227
0.15116891264915466
0.06981267035007477
0.06655332446098328
0.06407643854618073
0.07317761331796646
0.03694355860352516
0.1347159892320633
0.12836462259292603
0.06036164611577988
0.0712539330124855
0.0630435198545456
0.05705277994275093
0.0765204131603241
0.12056583166122437
0.10451796650886536
0.07141045480966568
0.0878586694598198
0.06294192373752594
0.09351745992898941
0.06009630858898163
0.13169512152671814
0.12748666107654572
0.060086872428655624
0.06837399303913116
0.07884112000465393
0.10681097209453583
0.05548098683357239
0.08873772621154785
0.10028979182243347
0.21823211014270782
0.07491325587034225
0.045159678906202316
0.08623433113098145
0.10883393883705139
0.0877263993024826
0.10423833131790161
0.0659543052315712
0.0997081771492958
0.1271553933620453
0.05711182579398155
0.1308198720216751
0.061321839690208435
0.09037936478853226
0.1591491848230362
0.0787397176027298
0.07986654341220856
0.10695330053567886
0.06409840285778046
0.1256849318742752
0.1432238072156906
0.06691040843725204
0.12704525887966156
0.13434720039367676
0.08337025344371796
0.06530051678419113
0.13199181854724884
0.11313029378652573
0.0705973356962204
0.09470434486865997
0.028084151446819305
0.05235695093870163
0.08650790899991989
0.07281318306922913
0.0681086853146553
0.064705029129982
0.051043204963207245
0.08075336366891861
0.06166067346930504
0.0663657858967781
0.03923140466213226
0.057705286890268326
0.12030375748872757
0.10415416955947876
0.10404461622238159
0.09102492034435272
0.04723355919122696
0.10800190269947052
0.10164950042963028
0.05311013013124466
0.12103290855884552
0.07837384939193726
0.06270980089902878
0.09247653186321259
0.11348101496696472
0.16971997916698456
0.0986565425992012
0.09044381976127625
0.07149255275726318
0.09486418962478638
0.0028499551117420197
0.1325751096010208
0.12826712429523468
0.07387682795524597
0.12682470679283142
0.05475436523556709
0.10978636145591736
0.09785663336515427
0.0961533859372139
0.09350523352622986
0.06203567609190941
0.03235461190342903
0.050045207142829895
0.09371872246265411
0.12504008412361145
0.07553671300411224
0.08779610693454742
0.016489719972014427
0.07837129384279251
0.16032066941261292
0.0442173071205616
0.05666642636060715
0.0660519152879715
0.15092885494232178
0.026010572910308838
0.07964552193880081
0.129145085811615
0.03811212256550789
0.06602007895708084
0.053851161152124405
0.12778104841709137
0.2251891940832138
0.12106165289878845
0.10623385012149811
0.13544750213623047
0.12788550555706024
0.05971904471516609
0.13317076861858368
0.09981480985879898
0.07646653801202774
0.016718680039048195
0.0857393741607666
0.09308866411447525
0.06247127428650856
0.07292474806308746
0.08309400826692581
0.05554754659533501
0.07900317013263702
0.08285683393478394
0.1630823165178299
0.06706089526414871
0.22792398929595947
0.10267556458711624
0.018580293282866478
0.09536226838827133
0.14882461726665497
0.07650522142648697
0.11212550103664398
0.06479192525148392
0.05515192821621895
0.16517813503742218
0.17820577323436737
0.08175801485776901
0.0570969358086586
0.09128887206315994
0.03085993230342865
0.16148091852664948
0.08628669381141663
0.02639813907444477
0.1711781769990921
0.0889902412891388
0.10944405198097229
0.08194997906684875
0.09929174184799194
0.060529470443725586
0.0531219057738781
0.13808313012123108
0.08661112934350967
0.11649250239133835
0.10807532072067261
0.050414636731147766
0.09543604403734207
0.10748781263828278
0.10349021106958389
0.05209997296333313
0.11039697378873825
0.10036937147378922
0.0898771658539772
0.05861770734190941
0.06369379162788391
0.05481478571891785
0.12112187594175339
0.10270609706640244
0.15231169760227203
0.16911925375461578
0.11291114240884781
0.06154348701238632
0.051006004214286804
0.04996667429804802
0.05749673396348953
0.07049967348575592
0.09512907266616821
0.13302862644195557
0.09051261097192764
0.06211753562092781
0.03966766968369484
0.11211343854665756
0.10574556887149811
0.13241206109523773
0.07164448499679565
0.11726336181163788
0.12374775856733322
0.11975118517875671
0.052638791501522064
0.011523420922458172
0.07141739875078201
0.05565616488456726
0.09842058271169662
0.06711168587207794
0.13851502537727356
0.09447300434112549
0.04239276424050331
0.20781394839286804
0.07227000594139099
0.11885477602481842
0.04004955664277077
0.132687509059906
0.030641505494713783
0.0644206628203392
0.0887865349650383
0.11335660517215729
0.04738553240895271
0.14556528627872467
0.04133141040802002
0.11219480633735657
0.0379788838326931
0.11762692779302597
0.07587473839521408
0.0934155061841011
0.10930180549621582
0.026310995221138
0.07120899856090546
0.08641364425420761
0.03309275209903717
0.04576326906681061
0.09520585089921951
0.1345946043729782
0.06775976717472076
0.09128600358963013
0.15085352957248688
0.13451044261455536
0.1484728306531906
0.04563697427511215
0.0770454928278923
0.13079959154129028
0.13654610514640808
0.10483457893133163
0.051284532994031906
0.18534666299819946
0.06116633117198944
0.07025009393692017
0.12241608649492264
0.11277502775192261
0.0867590382695198
0.08578914403915405
0.08502271771430969
0.0445333831012249
0.09374004602432251
0.03662065416574478
0.0735318660736084
0.10119587928056717
0.03643452003598213
0.1051323190331459
0.04285087436437607
0.09039918333292007
0.09102564305067062
0.06380989402532578
0.03254001587629318
0.06338703632354736
0.10548263788223267
0.053015414625406265
0.051511358469724655
0.11406277120113373
0.08966617286205292
0.14634165167808533
0.07381559908390045
0.10795840620994568
0.2094975709915161
0.08650797605514526
0.11358162760734558
0.08084268867969513
0.101504385471344
0.08185748010873795
0.0501340888440609
0.07363658398389816
0.06851538270711899
0.15166223049163818
0.09252740442752838
0.19467096030712128
0.11460250616073608
0.2963803708553314
0.08656732738018036
0.13330568373203278
0.12632669508457184
0.054654836654663086
0.07306186109781265
0.08139143884181976
0.055021777749061584
0.10040488094091415
0.07342042773962021
0.10090242326259613
0.09391111135482788
0.09383782744407654
0.09880226850509644
0.09110783785581589
0.059146858751773834
0.10312623530626297
0.09491413086652756
0.0491168238222599
0.040793828666210175
0.076772540807724
0.09245975315570831
0.07107344269752502
0.0821036621928215
0.07781863212585449
0.1062198132276535
0.127907857298851
0.062300410121679306
0.09698450565338135
0.11998358368873596
0.08381763100624084
0.08156868815422058
0.0947045385837555
0.030221326276659966
0.07727070152759552
0.133539080619812
0.09063084423542023
0.08256514370441437
0.05382722243666649
0.08932889252901077
0.09392283856868744
0.06725171953439713
0.04445689171552658
0.08646135032176971
0.07253450900316238
0.09065806865692139
0.055901654064655304
0.011665978468954563
0.0630669817328453
0.11947117000818253
0.1031331792473793
0.14273591339588165
0.22634808719158173
0.05508110672235489
0.050438039004802704
0.1366061121225357
0.08979778736829758
0.03050399012863636
0.07927924394607544
0.06684327125549316
0.06198403984308243
0.05071313679218292
0.04869198799133301
0.08109575510025024
0.044293005019426346
0.052577558904886246
0.070513054728508
0.171491801738739
0.08799541741609573
0.14166073501110077
0.025872711092233658
0.08253761380910873
0.04069287329912186
0.020428400486707687
0.05583006143569946
0.10671689361333847
0.09291423857212067
0.08694623410701752
0.09059219062328339
0.09990405291318893
0.09530498832464218
0.04727489501237869
0.08632873743772507
0.08280891925096512
0.06510140001773834
0.24702782928943634
0.09477446973323822
0.07559634000062943
0.017342710867524147
0.0875103771686554
0.05390647053718567
0.07295109331607819
0.06559857726097107
0.1293230950832367
0.14915692806243896
0.17349594831466675
0.07989735156297684
0.044313572347164154
0.058643266558647156
0.1151365116238594
0.06854625791311264
0.03627642244100571
0.04871948063373566
0.11973965913057327
0.12002459168434143
0.08566352725028992
0.11472299695014954
0.096167653799057
0.028850510716438293
0.08105043321847916
0.05994623154401779
0.06204427406191826
0.08129055798053741
0.031902190297842026
0.18585056066513062
0.06515399366617203
0.036215633153915405
0.12167733907699585
0.07507997006177902
0.07180490344762802
0.08038879930973053
0.04880271852016449
0.029327183961868286
0.07840697467327118
0.05098824203014374
0.029742177575826645
0.06226448714733124
0.0469750240445137
0.24495434761047363
0.05871490389108658
0.1115545928478241
0.08776091039180756
0.04752810299396515
0.1963299661874771
0.07840058207511902
0.1452745944261551
0.03478902578353882
0.042884401977062225
0.08124316483736038
0.10203061252832413
0.09238064289093018
0.04799734428524971
0.24127404391765594
0.14234286546707153
0.027894604951143265
0.09291099011898041
0.07492198795080185
0.05209079384803772
0.060863085091114044
0.03304848074913025
0.045459020882844925
0.08534528315067291
0.08141588419675827
0.09938789904117584
0.15087194740772247
0.07364503294229507
0.08906776458024979
0.03033890575170517
0.09041418135166168
0.11162052303552628
0.16575808823108673
0.03538763150572777
0.08856984972953796
0.0375654399394989
0.07391582429409027
0.056020110845565796
0.10673703253269196
0.07806992530822754
0.09564576297998428
0.1473003327846527
0.14593654870986938
0.0823519378900528
0.14485688507556915
0.02871643379330635
0.08537489920854568
0.018697574734687805
0.0707954540848732
0.10837718099355698
0.09091287851333618
0.05078492313623428
0.13880696892738342
0.06345062702894211
0.1117769181728363
0.12394025176763535
0.05216985195875168
0.03183739632368088
0.1256711781024933
0.1447068750858307
0.20051565766334534
0.130008265376091
0.1145426332950592
0.10940560698509216
0.16127470135688782
0.22192557156085968
0.10414540022611618
0.07289234548807144
0.053143564611673355
0.1232939288020134
0.06567946076393127
0.06392136216163635
0.06862591207027435
0.1706821769475937
0.1879301369190216
0.10811205208301544
0.05925510451197624
0.05164279788732529
0.07918089628219604
0.0557403564453125
0.0825609564781189
0.10005314648151398
0.07845365256071091
0.06534731388092041
0.11076538264751434
0.09544689953327179
0.08013932406902313
0.0918404683470726
0.06407584995031357
0.1477978676557541
0.04520413652062416
0.07809969037771225
0.08040980249643326
0.15995760262012482
0.11483302712440491
0.0766284242272377
0.1349974423646927
0.12343421578407288
0.07190191000699997
0.13902325928211212
0.0763835683465004
0.06830079853534698
0.1723974645137787
0.1412300020456314
0.15344446897506714
0.10351961851119995
0.16805635392665863
0.09838507324457169
0.11244421452283859
0.06101703643798828
0.1058918684720993
0.17851240932941437
0.1487911492586136
0.018959341570734978
0.1266605705022812
0.08335252851247787
0.059128034859895706
0.08971650153398514
0.03281513974070549
0.06767535209655762
0.06977470964193344
0.06670767068862915
0.10684745013713837
0.10386810451745987
0.10593198984861374
0.061609163880348206
0.06611638516187668
0.10936864465475082
0.2061251997947693
0.11033384501934052
0.08745595067739487
0.04460904002189636
0.04332265630364418
0.10866665840148926
0.1458027958869934
0.19187486171722412
0.1073579266667366
0.0971752256155014
0.06987260282039642
0.13051140308380127
0.09981053322553635
0.03408458083868027
0.0377078652381897
0.08083432167768478
0.0864584669470787
0.03991757705807686
0.160955548286438
0.11480981856584549
0.05757201462984085
0.07690105587244034
0.050957001745700836
0.119298055768013
0.11717449873685837
0.14322447776794434
0.14020559191703796
0.0786205530166626
0.09051661193370819
0.06948037445545197
0.06703561544418335
0.09399111568927765
0.14629922807216644
0.13815580308437347
0.12682408094406128
0.057125478982925415
0.07906754314899445
0.07863197475671768
0.060749273747205734
0.0697002187371254
0.058601900935173035
0.06542757153511047
0.12586449086666107
0.10676085948944092
0.08813872933387756
0.056356772780418396
0.07730883359909058
0.07012676447629929
0.08458732068538666
0.1112888976931572
0.03610975667834282
0.16823941469192505
0.09040862321853638
0.08593646436929703
0.13864590227603912
0.06215820461511612
0.06630750745534897
0.06899116188287735
0.1560003161430359
0.09966050088405609
0.12405235320329666
0.08186578750610352
0.0929560586810112
0.1038958802819252
0.047303207218647
0.14534279704093933
0.12295306473970413
0.06426945328712463
0.10484403371810913
0.10362764447927475
0.033344946801662445
0.06101883947849274
0.09574712812900543
0.07070628553628922
0.08587008714675903
0.10154176503419876
0.11497486382722855
0.07241829484701157
0.15924394130706787
0.039504390209913254
0.07603593915700912
0.06878793984651566
0.10317479074001312
0.07586029917001724
0.03896903619170189
0.08247645944356918
0.13809147477149963
0.0767708420753479
0.08397914469242096
0.08250748366117477
0.07779437303543091
0.05458495020866394
0.09491647034883499
0.11350139230489731
0.07101570069789886
0.13027304410934448
0.061083290725946426
0.07282180339097977
0.08042187988758087
0.09237036108970642
0.2024909257888794
0.13997825980186462
0.11459720134735107
0.058091625571250916
0.10938290506601334
0.1260651797056198
0.0331658311188221
0.10849585384130478
0.0926472544670105
0.09148293733596802
0.0910257026553154
0.095118448138237
0.183243528008461
0.0734565407037735
0.10857012122869492
0.0840499997138977
0.11398091912269592
0.07520889490842819
0.18564288318157196
0.14213478565216064
0.07388356328010559
0.07559726387262344
0.19926561415195465
0.07557236403226852
0.08943656831979752
0.044533878564834595
0.08039859682321548
0.1127677708864212
0.13621793687343597
0.048221003264188766
0.05439959838986397
0.12357968091964722
0.10394579917192459
0.10024005174636841
0.10256844758987427
0.11440592259168625
0.04700789228081703
0.08131878077983856
0.08814124017953873
0.09503013640642166
0.04169956222176552
0.10740933567285538
0.12129691243171692
0.07830140739679337
0.10795554518699646
0.09345885366201401
0.14346688985824585
0.09819862246513367
0.05821196734905243
0.10884244740009308
0.08421783149242401
0.17012883722782135
0.08744002133607864
0.1068626418709755
0.06734302639961243
0.1870453804731369
0.054823972284793854
0.03398553654551506
0.07525652647018433
0.106321781873703
0.04654410481452942
0.08325033634901047
0.16194729506969452
0.07694637030363083
0.1595037281513214
0.13182467222213745
0.05254670977592468
0.046472109854221344
0.07652278244495392
0.06752894818782806
0.07557535916566849
0.03578614071011543
0.06415700912475586
0.1286507546901703
0.15198078751564026
0.06133250519633293
0.0594693087041378
0.08497186750173569
0.08407662063837051
0.03494403511285782
0.0702933818101883
0.03025791421532631
0.0655919760465622
0.08489890396595001
0.07948924601078033
0.08595303446054459
0.13443507254123688
0.04226040095090866
0.11347732692956924
0.11170429736375809
0.08944955468177795
0.11409621685743332
0.09007485210895538
0.07416536659002304
0.1758568435907364
0.09447505325078964
0.09727469831705093
0.06353847682476044
0.2298206239938736
0.08904138207435608
0.1380039006471634
0.03194190934300423
0.11506326496601105
0.12476510554552078
0.07765801250934601
0.1184210479259491
0.12166652828454971
0.15313830971717834
0.05513191968202591
0.08172362297773361
0.096286840736866
0.01883275806903839
0.13238123059272766
0.07908620685338974
0.1050802618265152
0.07228639721870422
0.061131592839956284
0.04010961577296257
0.12450066208839417
0.1188269704580307
0.03898026421666145
0.03540664166212082
0.08587951213121414
0.06397691369056702
0.06665923446416855
0.09626708179712296
0.17770260572433472
0.07108203321695328
0.06578928232192993
0.08156278729438782
0.06893450766801834
0.13603833317756653
0.0677165687084198
0.15100456774234772
0.09310857951641083
0.027257287874817848
0.08897435665130615
0.06127333641052246
0.18952932953834534
0.11004859209060669
0.11367341876029968
0.07631178945302963
0.08525537699460983
0.05665008723735809
0.12235240638256073
0.13194073736667633
0.08539203554391861
0.09517177939414978
0.11168286204338074
0.10883322358131409
0.14768387377262115
0.10026942938566208
0.05130259320139885
0.0916975662112236
0.040282346308231354
0.09942516684532166
0.14847177267074585
0.10464797914028168
0.09919142723083496
0.045564282685518265
0.08966696262359619
0.028987986966967583
0.19783692061901093
0.276615172624588
0.06676550954580307
0.13741818070411682
0.05385440215468407
0.10060615837574005
0.11365360021591187
0.11529625207185745
0.10399346798658371
0.05238652229309082
0.16450293362140656
0.09490256011486053
0.09724944084882736
0.044332247227430344
0.08029970526695251
0.08132222294807434
0.04310625046491623
0.13101309537887573
0.13331250846385956
0.0814952477812767
0.0665292739868164
0.11611860245466232
0.08572898805141449
0.11269642412662506
0.050625644624233246
0.06392107158899307
0.06037823110818863
0.03312530368566513
0.1328752636909485
0.04184200242161751
0.04997582733631134
0.10866566002368927
0.0682099312543869
0.10737905651330948
0.1128530502319336
0.07601354271173477
0.0747564285993576
0.12330232560634613
0.1374945044517517
0.10574811697006226
0.037940796464681625
0.07959888875484467
0.05417799949645996
0.0813918188214302
0.08462214469909668
0.0717644914984703
0.030762111768126488
0.029610585421323776
0.02054157294332981
0.1171777993440628
0.17251652479171753
0.023702330887317657
0.14870953559875488
0.09334174543619156
0.07688425481319427
0.13638845086097717
0.032562099397182465
0.11524619907140732
0.04886207729578018
0.16214214265346527
0.15665525197982788
0.13027732074260712
0.09374936670064926
0.07247985899448395
0.09637141227722168
0.08528263121843338
0.19948934018611908
0.12087298184633255
0.10505087673664093
0.0642351284623146
0.1270202249288559
0.09834441542625427
0.08551782369613647
0.09579158574342728
0.08930779248476028
0.0645684003829956
0.09360816329717636
0.072041355073452
0.07545243948698044
0.17095553874969482
0.05813087150454521
0.0337284579873085
0.06190767511725426
0.06871950626373291
0.0934554859995842
0.045153096318244934
0.08107665181159973
0.14979803562164307
0.10670673847198486
0.13743537664413452
0.058740027248859406
0.056082434952259064
0.04588691145181656
0.1507975459098816
0.11081864684820175
0.04346673563122749
0.0723332017660141
0.10691351443529129
0.10932667553424835
0.08197181671857834
0.11995847523212433
0.19110439717769623
0.054324083030223846
0.09138219058513641
0.09421955049037933
0.11992184817790985
0.16073153913021088
0.08471057564020157
0.11411087960004807
0.0750134214758873
0.09083175659179688
0.08663788437843323
0.07571785151958466
0.14300654828548431
0.14382798969745636
0.11692940443754196
0.14336194097995758
0.08064816147089005
0.09511056542396545
0.0745275542140007
0.14478139579296112
0.08140385150909424
0.05850023031234741
0.0838921070098877
0.04164734110236168
0.1050008237361908
0.10442829132080078
0.09807407110929489
0.07031218707561493
0.05210563540458679
0.1599779576063156
0.0821356475353241
0.06460792571306229
0.10213809460401535
0.11999735236167908
0.05870473384857178
0.10980790853500366
0.07058840245008469
0.11737537384033203
0.06903845816850662
0.16255894303321838
0.08194682747125626
0.0586099848151207
0.11663182824850082
0.07896662503480911
0.10227331519126892
0.14532995223999023
0.06659851223230362
0.10505742579698563
0.09872663766145706
0.14251963794231415
0.14662949740886688
0.09285110235214233
0.12200252711772919
0.13311347365379333
0.12980033457279205
0.19947156310081482
0.10644036531448364
0.029351599514484406
0.1577150821685791
0.01728214882314205
0.08116231113672256
0.08606351912021637
0.13366523385047913
0.06929399818181992
0.08500011265277863
0.06942524760961533
0.14318200945854187
0.058316171169281006
0.12889672815799713
0.06029648333787918
0.098142109811306
0.08967800438404083
0.10609067231416702
0.10386249423027039
0.09702802449464798
0.11343055963516235
0.07015100121498108
0.08941395580768585
0.06079039350152016
0.08204911649227142
0.07839497923851013
0.10763327777385712
0.16185829043388367
0.17568804323673248
0.06692034006118774
0.13193915784358978
0.035401351749897
0.029680313542485237
0.029996108263731003
0.06509789079427719
0.20848454535007477
0.05970541387796402
0.04315175488591194
0.11107196658849716
0.1459379643201828
0.14279723167419434
0.10118679702281952
0.10011003911495209
0.0605919286608696
0.1377488076686859
0.10543959587812424
0.14391280710697174
0.07381372153759003
0.07349558919668198
0.09790536761283875
0.08312215656042099
0.061630167067050934
0.05030312016606331
0.07703986018896103
0.07504098117351532
0.09590914100408554
0.0847107470035553
0.14570415019989014
0.08362305164337158
0.15069535374641418
0.07259591668844223
0.05813514441251755
0.11056184023618698
0.04705087095499039
0.07147680222988129
0.09365104138851166
0.11945097148418427
0.056197039783000946
0.07019416242837906
0.1224428042769432
0.10172662883996964
0.11172142624855042
0.10816461592912674
0.11988873779773712
0.11361393332481384
0.10661695897579193
0.10150136053562164
0.06861890852451324
0.08238787949085236
0.10579147189855576
0.1559595912694931
0.05529598519206047
0.08404692262411118
0.09203717112541199
0.11184873431921005
0.0633874163031578
0.09861268848180771
0.12156642228364944
0.17235210537910461
0.023892730474472046
0.07794924080371857
0.09969455748796463
0.1120164692401886
0.10111444443464279
0.031867243349552155
0.1597474366426468
0.08440081775188446
0.06093219295144081
0.08227023482322693
0.027777621522545815
0.08912034332752228
0.08108552545309067
0.08982813358306885
0.03687036782503128
0.058792877942323685
0.06650053709745407
0.08685215562582016
0.08380864560604095
0.07519569247961044
0.04515562579035759
0.05427813529968262
0.08602266758680344
0.10614936798810959
0.05549994111061096
0.0865141823887825
0.07252038270235062
0.14439737796783447
0.10599205642938614
0.12310531735420227
0.07119342684745789
0.0831291526556015
0.013930060900747776
0.07058027386665344
0.0675370991230011
0.09635182470083237
0.057826459407806396
0.11614465713500977
0.05456056818366051
0.030403990298509598
0.11189734190702438
0.11231663823127747
0.06086152419447899
0.17005327343940735
0.05119092017412186
0.08802125602960587
0.06744767725467682
0.12136741727590561
0.05318789929151535
0.09165090322494507
0.10456136614084244
0.08749407529830933
0.07014845311641693
0.04122566059231758
0.06204589828848839
0.06585386395454407
0.1200956180691719
0.04506000131368637
0.17344969511032104
0.1465265303850174
0.07050257176160812
0.11312244087457657
0.10677999258041382
0.10602673888206482
0.04992806538939476
0.06658194959163666
0.028069820255041122
0.07411369681358337
0.15059421956539154
0.02259240671992302
0.062266793102025986
0.08187291771173477
0.0882720947265625
0.11409682780504227
0.11122152954339981
0.14164164662361145
0.05373312160372734
0.14630797505378723
0.19946980476379395
0.10040607303380966
0.03628147765994072
0.039898790419101715
0.056836940348148346
0.05095285177230835
0.07693856209516525
0.12345071136951447
0.048467639833688736
0.08263686299324036
0.05256078019738197
0.06428319960832596
0.04865816980600357
0.0957060381770134
0.15343783795833588
0.050584908574819565
0.22043398022651672
0.07775666564702988
0.11855864524841309
0.07064005732536316
0.13054406642913818
0.12909550964832306
0.04782240837812424
0.05825968086719513
0.10299412906169891
0.08766162395477295
0.09094659239053726
0.05891217291355133
0.054501697421073914
0.15428821742534637
0.005524648353457451
0.11758660525083542
0.052596647292375565
0.08024910092353821
0.07127611339092255
0.0772133618593216
0.10112008452415466
0.08208300918340683
0.07855118811130524
0.13809382915496826
0.062453318387269974
0.03275495395064354
0.10552335530519485
0.09239726513624191
0.041799817234277725
0.07339642196893692
0.07749615609645844
0.10807918012142181
0.09132188558578491
0.13377515971660614
0.04915452003479004
0.0978175699710846
0.03863658756017685
0.08510877937078476
0.08594165742397308
0.04857536777853966
0.08437731117010117
0.05203719809651375
0.08328665792942047
0.08608740568161011
0.024423174560070038
0.07635580748319626
0.10555663704872131
0.08546694368124008
0.07973061501979828
0.05203893780708313
0.03822138532996178
0.09441283345222473
0.15575140714645386
0.09086935967206955
0.09891452640295029
0.07041052728891373
0.06805608421564102
0.07484938204288483
0.03633382171392441
0.05937211215496063
0.15695559978485107
0.10985148698091507
0.13684964179992676
0.09901401400566101
0.06317783892154694
0.06324664503335953
0.09111407399177551
0.060773834586143494
0.08641385287046432
0.07709293067455292
0.15920443832874298
0.09169767051935196
0.04728153347969055
0.11277119815349579
0.07698790729045868
0.15158036351203918
0.0459866039454937
0.05434064939618111
0.07777097821235657
0.08208641409873962
0.16581644117832184
0.04242457076907158
0.04595156013965607
0.16447511315345764
0.24319086968898773
0.09477953612804413
0.08481720089912415
0.04365060478448868
0.10768964141607285
0.06343450397253036
0.13006362318992615
0.05770186707377434
0.06773422658443451
0.11565810441970825
0.15333734452724457
0.14621798694133759
0.16381557285785675
0.17233188450336456
0.12167670577764511
0.11916358768939972
0.1275748908519745
0.07669392228126526
0.019255567342042923
0.056770797818899155
0.07732276618480682
0.12004537880420685
0.18735359609127045
0.1137072741985321
0.05053912475705147
0.09556132555007935
0.09503503143787384
0.047137100249528885
0.09765630960464478
0.14576777815818787
0.08032549172639847
0.06492289155721664
0.053649820387363434
0.052255481481552124
0.17757552862167358
0.08783187717199326
0.05360637232661247
0.05518399551510811
0.04514891281723976
0.07569953054189682
0.0654362291097641
0.06410849094390869
0.06926047801971436
0.08404868841171265
0.047586679458618164
0.0928584635257721
0.10881761461496353
0.26173993945121765
0.030179554596543312
0.07800713181495667
0.10021557658910751
0.06822382658720016
0.16822926700115204
0.04009373113512993
0.10367460548877716
0.09135624021291733
0.058931902050971985
0.08203823119401932
0.06186867505311966
0.0774611160159111
0.07593457400798798
0.107402004301548
0.06289415061473846
0.07393330335617065
0.043295808136463165
0.16608190536499023
0.1498846560716629
0.1188066229224205
0.046206649392843246
0.16348175704479218
0.09650243073701859
0.0721743181347847
0.1103910580277443
0.04872656613588333
0.052533525973558426
0.05599468573927879
0.11235607415437698
0.10905817896127701
0.2516796290874481
0.13128508627414703
0.12081315368413925
0.054159000515937805
0.1133088693022728
0.11959806084632874
0.1291617602109909
0.11342555284500122
0.04481767117977142
0.03673394024372101
0.16576598584651947
0.09113679826259613
0.034501269459724426
0.05027293041348457
0.044230442494153976
0.08319356292486191
0.05284795165061951
0.09018775820732117
0.16427473723888397
0.09550594538450241
0.07377634197473526
0.05799715965986252
0.04425208270549774
0.06275199353694916
0.07274071127176285
0.127163365483284
0.05065836012363434
0.05083739385008812
0.16699133813381195
0.061249226331710815
0.12441977858543396
0.08250294625759125
0.049653440713882446
0.1353590190410614
0.06901799142360687
0.07702386379241943
0.23267576098442078
0.06783200055360794
0.06427121162414551
0.07238493114709854
0.08021426200866699
0.07124878466129303
0.09343180060386658
0.073802150785923
0.12584470212459564
0.24039199948310852
0.14794479310512543
0.09280233830213547
0.16992785036563873
0.03965980187058449
0.07668022066354752
0.044075001031160355
0.07355860620737076
0.10646136850118637
0.09541250765323639
0.07193218916654587
0.0646713525056839
0.06475568562746048
0.11715250462293625
0.08700856566429138
0.1091422364115715
0.11497922986745834
0.07390857487916946
0.10197120904922485
0.07106126844882965
0.050135716795921326
0.0637730062007904
0.030467504635453224
0.08712935447692871
0.08563203364610672
0.0456075519323349
0.05815798044204712
0.11041194200515747
0.1160467192530632
0.05419128015637398
0.056293804198503494
0.07120167464017868
0.061453308910131454
0.016045263037085533
0.06953518837690353
0.13147896528244019
0.09076247364282608
0.05854850634932518
0.06853950023651123
0.054451342672109604
0.028273388743400574
0.07637269794940948
0.04671104997396469
0.1120089665055275
0.09956531971693039
0.04892730712890625
0.08901553601026535
0.09495897591114044
0.06449013948440552
0.10785730183124542
0.04692508280277252
0.03988930955529213
0.09988913685083389
0.04484589025378227
0.08396192640066147
0.14119327068328857
0.07376693934202194
0.08637081831693649
0.06533095240592957
0.10758736729621887
0.08635969460010529
0.07222369313240051
0.08725015074014664
0.1952236443758011
0.11006555706262589
0.1288575828075409
0.0895247831940651
0.1012791246175766
0.0489359088242054
0.035855527967214584
0.05662155896425247
0.11350144445896149
0.08022400736808777
0.08344176411628723
0.05889952927827835
0.04837041348218918
0.0677533894777298
0.11114434152841568
0.06715849786996841
0.07628686726093292
0.09051260352134705
0.09298636019229889
0.05973469093441963
0.05544009432196617
0.13610582053661346
0.09693822264671326
0.08615493774414062
0.13297463953495026
0.057706933468580246
0.053539685904979706
0.03553896024823189
0.019846519455313683
0.024119749665260315
0.06250984966754913
0.06483859568834305
0.06775685399770737
0.17003880441188812
0.08195850998163223
0.03494274243712425
0.0883740559220314
0.11840823292732239
0.10530261695384979
0.06707867980003357
0.09874418377876282
0.05646342411637306
0.07068832963705063
0.04996143653988838
0.06650254875421524
0.03755185380578041
0.03584897145628929
0.07125040143728256
0.06443019211292267
0.12472164630889893
0.10383088886737823
0.09019670635461807
0.09737397730350494
0.07027781754732132
0.08647773414850235
0.1078421100974083
0.05591391399502754
0.03831298276782036
0.0958840399980545
0.10016535222530365
0.12260641902685165
0.12432064116001129
0.09934224933385849
0.07020708918571472
0.06677131354808807
0.1119803935289383
0.1031421571969986
0.11167251318693161
0.13954761624336243
0.10470160841941833
0.1024569720029831
0.08938856422901154
0.0866185873746872
0.09045962244272232
0.1522032618522644
0.1260746717453003
0.05607106536626816
0.07503627985715866
0.08946694433689117
0.05915671959519386
0.13890306651592255
0.07835640013217926
0.05116479471325874
0.055667124688625336
0.09300471842288971
0.10675279051065445
0.12360941618680954
0.08083976060152054
0.11263888329267502
0.039544492959976196
0.11077567934989929
0.07075639814138412
0.09228062629699707
0.10213519632816315
0.09429676085710526
0.15423673391342163
0.09214887768030167
0.12255454808473587
0.05122465640306473
0.11149388551712036
0.10741005837917328
0.07722301781177521
0.0700610876083374
0.06315545737743378
0.05904703214764595
0.02877797931432724
0.09185320138931274
0.08952111005783081
0.052011433988809586
0.0670417845249176
0.06080375611782074
0.14879673719406128
0.043427545577287674
0.06946899741888046
0.06919236481189728
0.11834587901830673
0.07152500003576279
0.06580185890197754
0.07156749814748764
0.0680648535490036
0.0469391793012619
0.09358163923025131
0.07348804175853729
0.07081320136785507
0.14851106703281403
0.1357569396495819
0.04343904182314873
0.1563831865787506
0.06431383639574051
0.10000565648078918
0.1156734749674797
0.13046391308307648
0.08733134716749191
0.07225839793682098
0.0936632975935936
0.07290679961442947
0.052002914249897
0.19406262040138245
0.1344059705734253
0.14025479555130005
0.11723951995372772
0.18617890775203705
0.07725915312767029
0.26520371437072754
0.07074931263923645
0.09399638324975967
0.06985967606306076
0.06494542956352234
0.11908543109893799
0.08595529198646545
0.09351780265569687
0.1333727240562439
0.09534361213445663
0.03794930502772331
0.049577437341213226
0.10559237003326416
0.10290335863828659
0.10014557838439941
0.12169846892356873
0.11176665127277374
0.07299289107322693
0.019840557128190994
0.0756416916847229
0.14332638680934906
0.1046546921133995
0.04862293601036072
0.060056764632463455
0.06706172227859497
0.0880114957690239
0.06918366253376007
0.09210769087076187
0.03811546787619591
0.07526010274887085
0.09034478664398193
0.159385547041893
0.13480761647224426
0.04504130780696869
0.21296100318431854
0.0610482282936573
0.08112036436796188
0.19730836153030396
0.07609270513057709
0.06494954228401184
0.051854345947504044
0.07281646877527237
0.01148117333650589
0.09746231138706207
0.04726175218820572
0.06307113170623779
0.039801958948373795
0.06479199230670929
0.057653170078992844
0.08484302461147308
0.07247045636177063
0.21534252166748047
0.06440549343824387
0.08365727961063385
0.14229722321033478
0.058268819004297256
0.10746264457702637
0.04016385227441788
0.05883250758051872
0.09391138702630997
0.07320699840784073
0.16769777238368988
0.07344670593738556
0.06475032866001129
0.17489077150821686
0.03830896317958832
0.08306200057268143
0.0967421904206276
0.06639687716960907
0.052546340972185135
0.06815025210380554
0.05903094634413719
0.10978452861309052
0.05220552533864975
0.04360435903072357
0.11088148504495621
0.10319449752569199
0.09329396486282349
0.10022533684968948
0.09683829545974731
0.062391821295022964
0.12824222445487976
0.07093165814876556
0.04308618977665901
0.059501536190509796
0.12421710044145584
0.08026358485221863
0.040225815027952194
0.08637164533138275
0.10384551435709
0.11931215971708298
0.13462083041667938
0.04629303514957428
0.06303933262825012
0.08921072632074356
0.08471060544252396
0.05878843367099762
0.056523751467466354
0.041349370032548904
0.06101008132100105
0.04676647484302521
0.10775463283061981
0.09131994098424911
0.06189527362585068
0.17843171954154968
0.055278997868299484
0.06962823122739792
0.061419688165187836
0.1057596206665039
0.03222490847110748
0.06949777156114578
0.1094200387597084
0.06766059994697571
0.12200798094272614
0.026004677638411522
0.07258109003305435
0.06356840580701828
0.0879606157541275
0.15078182518482208
0.10266535729169846
0.0656806007027626
0.040771882981061935
0.0754050463438034
0.0669175311923027
0.09623554348945618
0.06509146839380264
0.084932841360569
0.20919904112815857
0.06230134144425392
0.05829818546772003
0.08170205354690552
0.06187561899423599
0.0686427429318428
0.0828479677438736
0.061329010874032974
0.07889708131551743
0.14825062453746796
0.06802520900964737
0.060842644423246384
0.11540866643190384
0.12979693710803986
0.04646247625350952
0.04439529776573181
0.028038572520017624
0.05666553974151611
0.03926568850874901
0.052436765283346176
0.06116039305925369
0.07656482607126236
0.08268161118030548
0.04503956437110901
0.0791529193520546
0.05883636325597763
0.0509706474840641
0.07435982674360275
0.07223944365978241
0.07286016643047333
0.05278530344367027
0.07891577482223511
0.07075260579586029
0.10359130799770355
0.047925062477588654
0.06578199565410614
0.0750887542963028
0.09651857614517212
0.0836009681224823
0.0984453484416008
0.09466011822223663
0.08412205427885056
0.1742049753665924
0.09490906447172165
0.04625916853547096
0.07283658534288406
0.0679020956158638
0.06610184907913208
0.11829490214586258
0.08733440190553665
0.11820264905691147
0.0933317095041275
0.16898179054260254
0.047977056354284286
0.07098938524723053
0.048223599791526794
0.07091852277517319
0.07654920965433121
0.09945734590291977
0.0704830065369606
0.0913146436214447
0.0637633353471756
0.030045900493860245
0.10469967871904373
0.13989004492759705
0.14645007252693176
0.040366675704717636
0.06820691376924515
0.057398486882448196
0.10877424478530884
0.11461275070905685
0.06824552267789841
0.1012583076953888
0.11407487094402313
0.03998899832367897
0.07654543966054916
0.10937199741601944
0.05944555252790451
0.09224267303943634
0.132123202085495
0.07423588633537292
0.14527076482772827
0.09484981000423431
0.03879645839333534
0.10145493596792221
0.0813136175274849
0.06998120993375778
0.07984624058008194
0.04039205610752106
0.036876872181892395
0.10274597257375717
0.10783536732196808
0.08109689503908157
0.10520943999290466
0.03155510872602463
0.0991901159286499
0.110098697245121
0.07389646768569946
0.06948146224021912
0.08362287282943726
0.09946396946907043
0.12285475432872772
0.08059617877006531
0.021157963201403618
0.11819212883710861
0.07366996258497238
0.10966046899557114
0.0495355986058712
0.03419915959239006
0.06561531126499176
0.08603597432374954
0.08548203110694885
0.045981910079717636
0.06799465417861938
0.08123383671045303
0.08966314047574997
0.12822632491588593
0.06388843059539795
0.08456817269325256
0.09410083293914795
0.10241837799549103
0.06299443542957306
0.08570738136768341
0.12428472191095352
0.3171341121196747
0.05436990410089493
0.13861943781375885
0.06035319343209267
0.0803770050406456
0.07498425245285034
0.07226521521806717
0.11838842183351517
0.05896607041358948
0.08141031861305237
0.13045506179332733
0.06401272863149643
0.06485088914632797
0.13220688700675964
0.058724597096443176
0.0722130835056305
0.11088509112596512
0.06185227259993553
0.04260939359664917
0.1131291538476944
0.05105516314506531
0.0834648385643959
0.08732536435127258
0.0978657603263855
0.03311198949813843
0.07570572942495346
0.09896207600831985
0.1252758800983429
0.07159233838319778
0.11044911295175552
0.08262109011411667
0.08657677471637726
0.02465955913066864
0.11252890527248383
0.04528854787349701
0.07840217649936676
0.0455227866768837
0.08749014139175415
0.06287223100662231
0.03074420802295208
0.10094217211008072
0.03512659668922424
0.10890775918960571
0.134877011179924
0.04387558996677399
0.10161195695400238
0.06661297380924225
0.09127449244260788
0.06480090320110321
0.05733729153871536
0.14038024842739105
0.089212566614151
0.08053383976221085
0.1553572416305542
0.1038963571190834
0.14193636178970337
0.08829458057880402
0.09990613162517548
0.09194036573171616
0.20608581602573395
0.0834309309720993
0.049116212874650955
0.08615443110466003
0.04523519426584244
0.1156303733587265
0.09082864224910736
0.05296684056520462
0.135793074965477
0.09098363667726517
0.10526474565267563
0.0942356064915657
0.06883959472179413
0.2241387963294983
0.11293859779834747
0.059681542217731476
0.032005347311496735
0.06815662235021591
0.10564177483320236
0.15629155933856964
0.04155253618955612
0.07047205418348312
0.03655999153852463
0.042127493768930435
0.11084307730197906
0.07060400396585464
0.09881424158811569
0.08484070003032684
0.09226595610380173
0.04179450124502182
0.09477017819881439
0.07185143232345581
0.03894854709506035
0.05142419412732124
0.09565870463848114
0.1983794867992401
0.019632995128631592
0.09282419830560684
0.20832711458206177
0.09122975170612335
0.16483454406261444
0.08882316946983337
0.10606098920106888
0.06529504060745239
0.08096349239349365
0.03989381715655327
0.07631312310695648
0.056548185646533966
0.06148986518383026
0.08675296604633331
0.1278688609600067
0.12790408730506897
0.11561572551727295
0.1013413816690445
0.10484524071216583
0.09051036834716797
0.07697432488203049
0.06819666922092438
0.13131795823574066
0.08778706192970276
0.05301373451948166
0.051087841391563416
0.07219823449850082
0.08962363004684448
0.07040718197822571
0.07431023567914963
0.05213024467229843
0.08334197103977203
0.09081321209669113
0.11311240494251251
0.03709243983030319
0.07290847599506378
0.11108313500881195
0.10392897576093674
0.0588790699839592
0.11144725233316422
0.07721471786499023
0.09070040285587311
0.07829470932483673
0.12917175889015198
0.07879406213760376
0.044607341289520264
0.03599190711975098
0.05290485918521881
0.06541360169649124
0.14332011342048645
0.042251188308000565
0.036219168454408646
0.09104964137077332
0.07609639316797256
0.13883933424949646
0.0679180771112442
0.06754862517118454
0.11201031506061554
0.02684190310537815
0.2370995432138443
0.03470398485660553
0.11298784613609314
0.07692523300647736
0.21410228312015533
0.04366745054721832
0.041786469519138336
0.05969373881816864
0.06008230894804001
0.06328925490379333
0.13657806813716888
0.34032130241394043
0.14029644429683685
0.11000095307826996
0.05126899480819702
0.0878070667386055
0.06786298751831055
0.0541074313223362
0.06898272782564163
0.16743624210357666
0.12668441236019135
0.06191609054803848
0.058173276484012604
0.027162568643689156
0.07971512526273727
0.13892002403736115
0.06924545764923096
0.07311452925205231
0.1305723488330841
0.19193047285079956
0.11692081391811371
0.034856803715229034
0.05456198751926422
0.08478743582963943
0.11922535300254822
0.1093619167804718
0.08680129051208496
0.1251775473356247
0.09586836397647858
0.045914020389318466
0.08906789124011993
0.09082692861557007
0.0499810054898262
0.10213980823755264
0.07277926802635193
0.07236950099468231
0.09147236496210098
0.06296277046203613
0.047890499234199524
0.08998297899961472
0.14769969880580902
0.10754450410604477
0.05642081797122955
0.1118524968624115
0.11599747836589813
0.05928456783294678
0.03511946648359299
0.08820971101522446
0.09231510013341904
0.09145259857177734
0.08282893151044846
0.0934317484498024
0.0819307491183281
0.07375211268663406
0.05470872297883034
0.11159402877092361
0.2098938226699829
0.11178288608789444
0.0821458250284195
0.04082778841257095
0.08679087460041046
0.041384026408195496
0.10356028378009796
0.024325981736183167
0.08765752613544464
0.11152999103069305
0.09486521780490875
0.12228558957576752
0.13842974603176117
0.10117439180612564
0.07129137963056564
0.07020498812198639
0.052610866725444794
0.05471845343708992
0.07226145267486572
0.0881115049123764
0.054410211741924286
0.055420782417058945
0.09183299541473389
0.046597208827733994
0.023015113547444344
0.07463507354259491
0.09407602995634079
0.1374852955341339
0.07191711664199829
0.10345839709043503
0.12608838081359863
0.15828441083431244
0.03552183136343956
0.08310301601886749
0.09750670939683914
0.11390610784292221
0.09147503972053528
0.062164146453142166
0.08082977682352066
0.08988046646118164
0.10713604837656021
0.06974131613969803
0.07544159144163132
0.11900583654642105
0.04880381003022194
0.14815369248390198
0.09082232415676117
0.07361206412315369
0.14825104176998138
0.08148783445358276
0.026722613722085953
0.15623518824577332
0.06828637421131134
0.054734162986278534
0.08992621302604675
0.037290818989276886
0.06481006741523743
0.027203625068068504
0.10001979768276215
0.09303967654705048
0.21790695190429688
0.06023837998509407
0.08876915276050568
0.08011013269424438
0.06644384562969208
0.17172673344612122
0.06445448845624924
0.1026572585105896
0.10957487672567368
0.026595856994390488
0.07734797894954681
0.0923214927315712
0.02165265940129757
0.10346487164497375
0.08010557293891907
0.09117952734231949
0.10879670083522797
0.07849615812301636
0.10731282830238342
0.141822949051857
0.10913076996803284
0.055898431688547134
0.1434929221868515
0.07543288916349411
0.0966106653213501
0.06522930413484573
0.10855405777692795
0.0712270438671112
0.06370241194963455
0.043263837695121765
0.04278107360005379
0.06641432642936707
0.06597229838371277
0.16485457122325897
0.08910298347473145
0.08002990484237671
0.08960721641778946
0.06465788185596466
0.1267830729484558
0.030109044164419174
0.08458320796489716
0.04209263250231743
0.06591001152992249
0.05004072189331055
0.05056994780898094
0.058058686554431915
0.07025559991598129
0.04199478402733803
0.06022283434867859
0.0853172093629837
0.059492167085409164
0.05323999002575874
0.13508161902427673
0.04698110371828079
0.0842391774058342
0.03333302587270737
0.039182398468256
0.10584525763988495
0.07188751548528671
0.094600148499012
0.11772918701171875
0.06349212676286697
0.05227331817150116
0.10233205556869507
0.025171618908643723
0.04406868293881416
0.06450753659009933
0.07293042540550232
0.12852931022644043
0.14286817610263824
0.07828709483146667
0.17813971638679504
0.08765378594398499
0.06859910488128662
0.05109189450740814
0.0764991044998169
0.07317838072776794
0.09707975387573242
0.15377065539360046
0.06825797259807587
0.18189220130443573
0.03378499299287796
0.061084676533937454
0.06289659440517426
0.061247143894433975
0.05199827998876572
0.12379933893680573
0.1035158783197403
0.06051787734031677
0.10107043385505676
0.08913103491067886
0.11688283085823059
0.10428842902183533
0.045988112688064575
0.045258671045303345
0.06033995747566223
0.12646521627902985
0.061070673167705536
0.1399930864572525
0.04038390889763832
0.07304969429969788
0.23776930570602417
0.08977266401052475
0.06795069575309753
0.05860624089837074
0.12261909246444702
0.068323515355587
0.03911775350570679
0.032652921974658966
0.09095259010791779
0.08980892598628998
0.10593163967132568
0.08270414173603058
0.025172999128699303
0.13924407958984375
0.08492410182952881
0.14255836606025696
0.08746244013309479
0.1503906399011612
0.045309171080589294
0.06687072664499283
0.09952943027019501
0.033267080783843994
0.037417780607938766
0.058977365493774414
0.06416084617376328
0.06635650247335434
0.1114247515797615
0.10870552062988281
0.052945591509342194
0.10584157705307007
0.043588787317276
0.030843211337924004
0.08394839614629745
0.05401968955993652
0.09693487733602524
0.09696616977453232
0.08668604493141174
0.12386830151081085
0.05381787195801735
0.06234567239880562
0.024666184559464455
0.08817125111818314
0.0742381289601326
0.039795130491256714
0.11650026589632034
0.026806723326444626
0.04467504471540451
0.09701353311538696
0.09065898507833481
0.04608885571360588
0.10887236148118973
0.11856073141098022
0.03229633718729019
0.07572083175182343
0.1271830052137375
0.05702892318367958
0.10662955045700073
0.03291263431310654
0.04448338970541954
0.1081642210483551
0.08124994486570358
0.060894522815942764
0.17309249937534332
0.0811869204044342
0.06412015110254288
0.06311684101819992
0.0943453311920166
0.11289292573928833
0.09260337799787521
0.06879943609237671
0.08395592868328094
0.10967133194208145
0.1298406720161438
0.03767065703868866
0.1519075334072113
0.1026935875415802
0.0772622749209404
0.10630030930042267
0.07965771108865738
0.07880136370658875
0.09725488722324371
0.11399435251951218
0.1021956354379654
0.06248927116394043
0.07617228478193283
0.14694441854953766
0.03388234227895737
0.0575152225792408
0.11844834685325623
0.10071718692779541
0.08058258891105652
0.11320849508047104
0.10948723554611206
0.053455568850040436
0.07989905029535294
0.054075032472610474
0.12037788331508636
0.037236619740724564
0.1044437363743782
0.05747351050376892
0.1392786055803299
0.05144178494811058
0.06787140667438507
0.08275115489959717
0.2507135272026062
0.1616571843624115
0.06305549293756485
0.11948812007904053
0.07842657715082169
0.10791123658418655
0.10395688563585281
0.03684762120246887
0.0834822803735733
0.10057336837053299
0.1112193837761879
0.04092785716056824
0.07873594015836716
0.0560905896127224
0.2757352292537689
0.1192021369934082
0.02404128946363926
0.09453315287828445
0.06637009233236313
0.07392290979623795
0.034330446273088455
0.06659123301506042
0.06503050029277802
0.07851500809192657
0.0295970868319273
0.060680288821458817
0.022066209465265274
0.06434525549411774
0.05774335190653801
0.10574691742658615
0.07575888931751251
0.07376095652580261
0.028918495401740074
0.06505287438631058
0.04796785116195679
0.04680527374148369
0.07067794352769852
0.11710962653160095
0.04803547263145447
0.07207722961902618
0.08282364159822464
0.06768905371427536
0.11102835088968277
0.04849565029144287
0.07148406654596329
0.05773302540183067
0.06871454417705536
0.03425734490156174
0.04118607938289642
0.014062043279409409
0.08285543322563171
0.050467535853385925
0.06103968992829323
0.03734304755926132
0.0733271986246109
0.07658158987760544
0.048819951713085175
0.08054942637681961
0.13872404396533966
0.05134318396449089
0.11218158155679703
0.10510091483592987
0.0367269292473793
0.13358555734157562
0.055595558136701584
0.0490071102976799
0.032302625477313995
0.12736347317695618
0.0912589356303215
0.06249765306711197
0.05075003579258919
0.08463101089000702
0.11458314955234528
0.06349892914295197
0.0619693249464035
0.0839075818657875
0.13007865846157074
0.07402640581130981
0.06625979393720627
0.0461931973695755
0.06119653582572937
0.05230230093002319
0.030189303681254387
0.05033279210329056
0.23300743103027344
0.08118029683828354
0.025741681456565857
0.07105270028114319
0.09447228163480759
0.14148513972759247
0.15567508339881897
0.07649330049753189
0.12287077307701111
0.07513835281133652
0.07987179607152939
0.009744917973876
0.10022392868995667
0.08705537766218185
0.0780053660273552
0.07658375054597855
0.1799154132604599
0.03864448890089989
0.1160866767168045
0.10047169029712677
0.06318464875221252
0.0725974589586258
0.1058230772614479
0.1561259925365448
0.10667111724615097
0.08862190693616867
0.07868492603302002
0.15005147457122803
0.051844000816345215
0.06705927103757858
0.01714693009853363
0.05920228734612465
0.17367999255657196
0.07800891995429993
0.06846912205219269
0.053615935146808624
0.10506592690944672
0.058681149035692215
0.09329401701688766
0.07304761558771133
0.12579859793186188
0.08490579575300217
0.09056573361158371
0.0665401890873909
0.05404432490468025
0.12303906679153442
0.0735517218708992
0.08167848736047745
0.017661457881331444
0.09263046830892563
0.013215644285082817
0.12462086975574493
0.05285792797803879
0.0733562707901001
0.059891920536756516
0.10979671031236649
0.12282523512840271
0.04982199892401695
0.06145631521940231
0.06235985457897186
0.07616300135850906
0.13689112663269043
0.10423112660646439
0.12129508703947067
0.10225822031497955
0.0796816423535347
0.15572337806224823
0.1331135332584381
0.12702211737632751
0.08971935510635376
0.1213931068778038
0.028781777247786522
0.07287997007369995
0.10021957755088806
0.06786108762025833
0.0795990526676178
0.1283404678106308
0.09272178262472153
0.10425802320241928
0.254505455493927
0.06715653091669083
0.035231590270996094
0.16798289120197296
0.025424517691135406
0.10257092863321304
0.07270417362451553
0.12845689058303833
0.06323686987161636
0.07674144953489304
0.10229825228452682
0.08874711394309998
0.06791139394044876
0.10683439671993256
0.08946836739778519
0.06296473741531372
0.06337957829236984
0.08691757172346115
0.08108344674110413
0.08607553690671921
0.03708529844880104
0.05489467456936836
0.06656921654939651
0.08145656436681747
0.08884876221418381
0.07306359708309174
0.04324304684996605
0.084071584045887
0.08535818010568619
0.07361796498298645
0.034670572727918625
0.09241722524166107
0.08790721744298935
0.057699330151081085
0.11403437703847885
0.0806543156504631
0.14597302675247192
0.0863291397690773
0.09962809830904007
0.10751998424530029
0.09207510948181152
0.06759680807590485
0.0825086236000061
0.09825301170349121
0.0411892831325531
0.05854969471693039
0.12557993829250336
0.07975704967975616
0.11482248455286026
0.099093496799469
0.06771130859851837
0.1375049501657486
0.09118716418743134
0.0930871069431305
0.13957256078720093
0.14269928634166718
0.07293877750635147
0.03725825250148773
0.11520720273256302
0.09388137608766556
0.052318211644887924
0.09330914914608002
0.04630138725042343
0.12551598250865936
0.2774924039840698
0.13062311708927155
0.015053436160087585
0.07691247016191483
0.09786355495452881
0.022878166288137436
0.0858430340886116
0.07596459239721298
0.06834150850772858
0.06274780631065369
0.05168929696083069
0.08272887766361237
0.11775528639554977
0.058822158724069595
0.06647159904241562
0.0810125470161438
0.1628432273864746
0.058785051107406616
0.10559244453907013
0.06521744281053543
0.05118191987276077
0.01846850849688053
0.19551432132720947
0.06433612108230591
0.08582482486963272
0.050259340554475784
0.09591478854417801
0.13071972131729126
0.09664114564657211
0.07459605485200882
0.046854570508003235
0.05084136500954628
0.07234769314527512
0.06636175513267517
0.06363915652036667
0.08834464848041534
0.09877742826938629
0.04203251749277115
0.09204185009002686
0.08205293864011765
0.0783587172627449
0.07579568773508072
0.039748553186655045
0.10510928928852081
0.12455253303050995
0.023605767637491226
0.08890657871961594
0.04353086277842522
0.06639932841062546
0.07349593937397003
0.06606189161539078
0.14355631172657013
0.09466928243637085
0.11234164237976074
0.054185379296541214
0.06595323979854584
0.04819196090102196
0.052809618413448334
0.0668044313788414
0.08428989350795746
0.09930893033742905
0.12870654463768005
0.10954901576042175
0.05024123564362526
0.14016088843345642
0.09502144157886505
0.06559986621141434
0.05175219848752022
0.1184554174542427
0.11878100782632828
0.0369817391037941
0.07899249345064163
0.07803233712911606
0.07812048494815826
0.05171408876776695
0.03627024218440056
0.12401656061410904
0.033515870571136475
0.07640368491411209
0.0754508301615715
0.07674112915992737
0.07872941344976425
0.09471852332353592
0.027683906257152557
0.1105126142501831
0.03851310908794403
0.11862051486968994
0.1026841402053833
0.09495580196380615
0.040032725781202316
0.04268769919872284
0.07538318634033203
0.0963238999247551
0.06965810060501099
0.016437696292996407
0.04165801405906677
0.0859384834766388
0.07385535538196564
0.04219772294163704
0.06253468245267868
0.10687006264925003
0.1086752638220787
0.0692584365606308
0.10858136415481567
0.12940700352191925
0.0698760598897934
0.0512167327105999
0.07328521460294724
0.09768858551979065
0.04046889394521713
0.0675894021987915
0.07580437511205673
0.13141071796417236
0.09755705296993256
0.09879983216524124
0.07462363690137863
0.061324991285800934
0.060682766139507294
0.11796131730079651
0.0927213579416275
0.03202831745147705
0.10760452598333359
0.044003117829561234
0.04214039444923401
0.08263401687145233
0.0809120461344719
0.06223619356751442
0.09228681027889252
0.046198770403862
0.019692841917276382
0.1628875583410263
0.03478287160396576
0.05863313376903534
0.015146712772548199
0.07333782315254211
0.10790272802114487
0.0676337480545044
0.05333689600229263
0.06457080692052841
0.053338516503572464
0.09224455803632736
0.07742107659578323
0.04046773910522461
0.15493442118167877
0.04513062536716461
0.13722924888134003
0.14570489525794983
0.10923373699188232
0.004097604658454657
0.09639520943164825
0.0015917876735329628
0.04350334405899048
0.0649762898683548
0.09332800656557083
0.023359812796115875
0.06741543114185333
0.05408034473657608
0.06577587127685547
0.09569387882947922
0.01650422438979149
0.09901337325572968
0.1120174378156662
0.0655137225985527
0.061631977558135986
0.1219942718744278
0.0645773857831955
0.1351701021194458
0.048113998025655746
0.2202373445034027
0.06723232567310333
0.10683072358369827
0.05540753901004791
0.09171348810195923
0.038198769092559814
0.040994416922330856
0.08459167182445526
0.03601992130279541
0.05981995910406113
0.049370020627975464
0.08024786412715912
0.13385705649852753
0.12138775736093521
0.0657324567437172
0.15653444826602936
0.03045329451560974
0.10607345402240753
0.11435679346323013
0.16354797780513763
0.058392483741045
0.05305400863289833
0.056725919246673584
0.08214414864778519
0.07682935148477554
0.205511674284935
0.08124999701976776
0.1716458797454834
0.12355630099773407
0.1101468950510025
0.10022959113121033
0.08840110898017883
0.07691238075494766
0.1876179724931717
0.09172089397907257
0.11974848061800003
0.08849498629570007
0.09734225273132324
0.12538686394691467
0.14737547934055328
0.07045943289995193
0.033291030675172806
0.06652206927537918
0.07335896790027618
0.06070863828063011
0.10263600200414658
0.1354920119047165
0.04262588173151016
0.06253331154584885
0.07872584462165833
0.047092143446207047
0.15392495691776276
0.08023134618997574
0.16286513209342957
0.04690004512667656
0.08203297853469849
0.1200108677148819
0.05933819338679314
0.08396655321121216
0.10182428359985352
0.04447120055556297
0.03128334879875183
0.0711304098367691
0.05223396047949791
0.07913102209568024
0.10662604123353958
0.06431511044502258
0.08881111443042755
0.20184576511383057
0.039285287261009216
0.06945466250181198
0.15791964530944824
0.09134531766176224
0.1183345764875412
0.04452048987150192
0.08514346182346344
0.1430271714925766
0.08698742836713791
0.14734072983264923
0.09590098261833191
0.09695310145616531
0.09554223716259003
0.06448118388652802
0.18755902349948883
0.07420238852500916
0.023228194564580917
0.03319498151540756
0.06286889314651489
0.21796543896198273
0.08840866386890411
0.07475998252630234
0.09241146594285965
0.035837572067976
0.052283499389886856
0.11374716460704803
0.16939091682434082
0.08236266672611237
0.0740501880645752
0.05865227431058884
0.09707529842853546
0.049331262707710266
0.039353035390377045
0.060064759105443954
0.12282412499189377
0.05986512079834938
0.04831327497959137
0.09843005985021591
0.036039210855960846
0.04864015057682991
0.07801340520381927
0.08397161215543747
0.037515368312597275
0.09979823231697083
0.13053323328495026
0.09749765694141388
0.07453850656747818
0.061041004955768585
0.1647157222032547
0.09322696924209595
0.04979445040225983
0.06182674318552017
0.06583098322153091
0.2435944825410843
0.09874878823757172
0.11925654858350754
0.12646430730819702
0.15342433750629425
0.08980921655893326
0.032371293753385544
0.14508508145809174
0.050373367965221405
0.10087881982326508
0.042687367647886276
0.0865645781159401
0.05878530815243721
0.09586929529905319
0.06774050742387772
0.05256795510649681
0.05977407097816467
0.0763666182756424
0.10860145837068558
0.06543850153684616
0.1067880317568779
0.08346425741910934
0.0513727143406868
0.05178673192858696
0.02999713644385338
0.11709237843751907
0.060199618339538574
0.11104149371385574
0.05477650463581085
0.0154794966802001
0.07331404089927673
0.09097509831190109
0.0389518067240715
0.020111434161663055
0.04129660129547119
0.07589695602655411
0.04516887292265892
0.07180682569742203
0.05727338790893555
0.06515686213970184
0.09284789115190506
0.11550985276699066
0.13154327869415283
0.08210338652133942
0.11676204949617386
0.05588848143815994
0.032492849975824356
0.1274755448102951
0.05375717580318451
0.0982537642121315
0.08508240431547165
0.0681440606713295
0.09564661234617233
0.08579011261463165
0.057496726512908936
0.03860413283109665
0.0582265630364418
0.05395789071917534
0.16513746976852417
0.16969124972820282
0.07152901589870453
0.07013620436191559
0.05259443074464798
0.06823789328336716
0.033779293298721313
0.16519783437252045
0.12912552058696747
0.06520172953605652
0.06839713454246521
0.07243458181619644
0.14775855839252472
0.04749419167637825
0.06650911271572113
0.10401418805122375
0.07638779282569885
0.06192554160952568
0.10625658929347992
0.11329180747270584
0.13771067559719086
0.052554450929164886
0.08878763765096664
0.03257370367646217
0.05101922154426575
0.035000305622816086
0.09238208085298538
0.04781422019004822
0.02839054726064205
0.11501344293355942
0.08979123830795288
0.05122847110033035
0.07396054267883301
0.1813856065273285
0.03650703653693199
0.058849506080150604
0.1697131246328354
0.058445002883672714
0.07219398021697998
0.096841000020504
0.04186461120843887
0.0802556723356247
0.10485116392374039
0.042162854224443436
0.06699003279209137
0.09714272618293762
0.0826597586274147
0.12772150337696075
0.03904313966631889
0.05587867274880409
0.06222821772098541
0.17644137144088745
0.06901667267084122
0.04554126784205437
0.07042395323514938
0.047830335795879364
0.12085089832544327
0.07927271723747253
0.10365629196166992
0.014828589744865894
0.0888199657201767
0.09674689173698425
0.06843441724777222
0.052341826260089874
0.05894557759165764
0.039397068321704865
0.10155289620161057
0.06546106934547424
0.06614716351032257
0.06066673994064331
0.054020557552576065
0.14633886516094208
0.1485428363084793
0.09652211517095566
0.12722444534301758
0.09969393163919449
0.17111410200595856
0.08967267721891403
0.05801497399806976
0.12141060829162598
0.055323466658592224
0.08259588479995728
0.03995055332779884
0.07635604590177536
0.05990302935242653
0.027233758941292763
0.05469896271824837
0.0729556679725647
0.09782084077596664
0.07757352292537689
0.05349874496459961
0.09160152822732925
0.10341776907444
0.11563216894865036
0.05688311532139778
0.1153593510389328
0.054479293525218964
0.06350226700305939
0.09414857625961304
0.12470180541276932
0.11622121185064316
0.04711289331316948
0.10112277418375015
0.12607067823410034
0.0804084837436676
0.03408794477581978
0.04660749062895775
0.027334755286574364
0.06321117281913757
0.0861840769648552
0.09353307634592056
0.1640959084033966
0.05246542766690254
0.08163590729236603
0.08761165291070938
0.0835888534784317
0.10922262072563171
0.08519906550645828
0.09857537597417831
0.07573144882917404
0.07900134474039078
0.10728318244218826
0.09460826963186264
0.07901082187891006
0.04167851433157921
0.06078778952360153
0.09842288494110107
0.09209764003753662
0.1326310634613037
0.045327555388212204
0.022136876359581947
0.08492858707904816
0.05747230350971222
0.12293177843093872
0.07228599488735199
0.10380622744560242
0.10212405771017075
0.1398116946220398
0.0916626900434494
0.10598888248205185
0.04641034081578255
0.1730027049779892
0.18238131701946259
0.03676759451627731
0.08484440296888351
0.037741418927907944
0.05966171249747276
0.048042528331279755
0.11934883892536163
0.05982035771012306
0.06660269945859909
0.1482504904270172
0.11502131074666977
0.10476808249950409
0.12274041771888733
0.06214703619480133
0.08255736529827118
0.06779363006353378
0.06443462520837784
0.10950780659914017
0.042960889637470245
0.1415092796087265
0.043353546410799026
0.032408662140369415
0.06139151006937027
0.048299990594387054
0.11767330765724182
0.06863753497600555
0.08538810908794403
0.0501747690141201
0.13047626614570618
0.07995278388261795
0.08469729870557785
0.047415588051080704
0.10941336303949356
0.0448375903069973
0.13757111132144928
0.00805429182946682
0.10270138829946518
0.1670967936515808
0.13113676011562347
0.0770297721028328
0.05625326931476593
0.068901427090168
0.04636397957801819
0.05898989737033844
0.016389036551117897
0.07773303240537643
0.06285201758146286
0.05682899430394173
0.07888957113027573
0.05104009807109833
0.06207970157265663
0.08249402046203613
0.08990537375211716
0.05025370791554451
0.05692076310515404
0.05243612080812454
0.08895747363567352
0.08681988716125488
0.08316107094287872
0.07997074723243713
0.06948669254779816
0.1377689242362976
0.11286094784736633
0.13731348514556885
0.051938496530056
0.06385543942451477
0.09153240919113159
0.07219896465539932
0.05178099870681763
0.1221468448638916
0.09652980417013168
0.04609698802232742
0.0481591559946537
0.1452525407075882
0.0865754559636116
0.06874063611030579
0.09976790100336075
0.05571136996150017
0.07123097777366638
0.03591056913137436
0.0795489102602005
0.06663008034229279
0.04908910021185875
0.05306223779916763
0.0785706490278244
0.09097650647163391
0.07112114131450653
0.045276809483766556
0.09872421622276306
0.03953256085515022
0.06298600137233734
0.10465271770954132
0.0815991535782814
0.07662218809127808
0.06745526939630508
0.08974099904298782
0.043146658688783646
0.07399433851242065
0.11140483617782593
0.0811600312590599
0.021538032218813896
0.08934849500656128
0.07439791411161423
0.061959121376276016
0.08604683727025986
0.11258833855390549
0.0925539955496788
0.19355404376983643
0.050083063542842865
0.17491483688354492
0.08758734166622162
0.05468396842479706
0.11277707666158676
0.07332295179367065
0.15729154646396637
0.027131639420986176
0.056623246520757675
0.23759888112545013
0.07133741676807404
0.05233031511306763
0.17922498285770416
0.06953946501016617
0.06222515553236008
0.08601168543100357
0.07838248461484909
0.06963225454092026
0.07825465500354767
0.12166475504636765
0.12038616091012955
0.046490974724292755
0.09910839051008224
0.09316138923168182
0.062114689499139786
0.07385576516389847
0.06370960175991058
0.0983814001083374
0.06851400434970856
0.02622567117214203
0.030132366344332695
0.03372065722942352
0.020291626453399658
0.049925003200769424
0.0759681984782219
0.11932560801506042
0.1050056517124176
0.06825011223554611
0.036923982203006744
0.05625256150960922
0.06971066445112228
0.09001395851373672
0.15144138038158417
0.08371838182210922
0.08078154921531677
0.04118601232767105
0.07833870500326157
0.0760917216539383
0.06906341016292572
0.1375693827867508
0.09765463322401047
0.029349863529205322
0.017842505127191544
0.06204937770962715
0.07123547047376633
0.09294237196445465
0.09403683990240097
0.06378544867038727
0.09353528916835785
0.078580342233181
0.06456176191568375
0.05089520290493965
0.10341818630695343
0.1305946260690689
0.05175616592168808
0.06547139585018158
0.07447139173746109
0.09838061779737473
0.08822007477283478
0.11860842257738113
0.13125382363796234
0.04904334992170334
0.04313601925969124
0.0682554692029953
0.11465620994567871
0.04733550548553467
0.047335539013147354
0.09361603856086731
0.12502118945121765
0.10882765054702759
0.0767313539981842
0.13285444676876068
0.07105045020580292
0.13539229333400726
0.13452231884002686
0.06417855620384216
0.0629718080163002
0.0924919843673706
0.1501578986644745
0.06362396478652954
0.06493221968412399
0.09246020764112473
0.09073338657617569
0.05285732075572014
0.041543517261743546
0.09029179066419601
0.029148805886507034
0.08927103132009506
0.05509968101978302
0.10294556617736816
0.058957476168870926
0.15793229639530182
0.06507990509271622
0.18984735012054443
0.07498098164796829
0.026409965008497238
0.05618946999311447
0.09872104972600937
0.08371385931968689
0.1260070502758026
0.07173126190900803
0.15694952011108398
0.09993944317102432
0.043684471398591995
0.13679111003875732
0.121857650578022
0.07197634130716324
0.14188772439956665
0.05286791920661926
0.1236102432012558
0.09863796085119247
0.09250401705503464
0.06845253705978394
0.105605848133564
0.08743798732757568
0.11288423836231232
0.04048788547515869
0.1250980943441391
0.06720654666423798
0.09246090799570084
0.05123641714453697
0.053042054176330566
0.1485445499420166
0.1630694717168808
0.031114444136619568
0.06974298506975174
0.09417584538459778
0.13749158382415771
0.06012551486492157
0.07730548828840256
0.0506540909409523
0.05621045455336571
0.12151262164115906
0.05447839945554733
0.09117419272661209
0.09011643379926682
0.07789114117622375
0.0623084120452404
0.12393607199192047
0.06179593876004219
0.11025550961494446
0.0779314860701561
0.05980103462934494
0.04573867842555046
0.142901211977005
0.08110394328832626
0.07299306243658066
0.13195590674877167
0.04779341444373131
0.07160181552171707
0.08550155162811279
0.06311281025409698
0.05504687875509262
0.10001514852046967
0.04152229055762291
0.05661247298121452
0.0594981350004673
0.053803451359272
0.07935919612646103
0.07246101647615433
0.10809476673603058
0.08316372334957123
0.08779433369636536
0.1278916746377945
0.12113747000694275
0.08190445601940155
0.08396106213331223
0.06781891733407974
0.04736050218343735
0.05128108337521553
0.07942904531955719
0.15743409097194672
0.09834505617618561
0.05891650915145874
0.029679739847779274
0.062241651117801666
0.10121703147888184
0.10872156172990799
0.07731767743825912
0.10596954822540283
0.04222488030791283
0.08641552180051804
0.06590721756219864
0.061665844172239304
0.0532548613846302
0.031063098460435867
0.047977566719055176
0.027490844950079918
0.09306444227695465
0.13936443626880646
0.10934031009674072
0.1203697919845581
0.022612908855080605
0.07236213237047195
0.06747853010892868
0.14208588004112244
0.10156246274709702
0.10899191349744797
0.034949179738759995
0.04518771544098854
0.05418708920478821
0.07661332935094833
0.11596834659576416
0.09421481192111969
0.14898258447647095
0.04384589567780495
0.1330394595861435
0.10812940448522568
0.042546264827251434
0.08197059482336044
0.07897750288248062
0.03417891636490822
0.1117667406797409
0.07350441068410873
0.14307019114494324
0.06389342248439789
0.04254225641489029
0.10647796094417572
0.04917148873209953
0.06859926879405975
0.06277172267436981
0.06902209669351578
0.13868741691112518
0.07101359963417053
0.04834320768713951
0.06039655581116676
0.09552253782749176
0.04561891406774521
0.1314220130443573
0.08681121468544006
0.06634602695703506
0.08460964262485504
0.08182995021343231
0.0742720440030098
0.1327725499868393
0.04435643553733826
0.09791218489408493
0.1180180162191391
0.023857302963733673
0.09368075430393219
0.11330842226743698
0.08252648264169693
0.046086087822914124
0.10808788239955902
0.0606779120862484
0.13164226710796356
0.06536431610584259
0.05634159594774246
0.07774259150028229
0.03980343043804169
0.05413643270730972
0.15036825835704803
0.11783355474472046
0.09627246856689453
0.04944200813770294
0.12152960151433945
0.1762281358242035
0.10570031404495239
0.10043952614068985
0.09959306567907333
0.08879992365837097
0.040906697511672974
0.13441763818264008
0.07855023443698883
0.08201226592063904
0.04456617683172226
0.03575211018323898
0.05562761425971985
0.1821514219045639
0.044433437287807465
0.09432552754878998
0.1778261959552765
0.13906081020832062
0.08175617456436157
0.03435409441590309
0.05782940611243248
0.14970076084136963
0.08571138232946396
0.08413873612880707
0.03237362578511238
0.10279964655637741
0.08473698794841766
0.07288958132266998
0.09831999242305756
0.062406208366155624
0.08225221186876297
0.10087176412343979
0.071786068379879
0.08606594800949097
0.10320757329463959
0.03143296763300896
0.0802149847149849
0.06250880658626556
0.15218479931354523
0.05588094890117645
0.1478850245475769
0.06139093264937401
0.1340997815132141
0.06272450089454651
0.1418636292219162
0.1379033476114273
0.09806833416223526
0.0653306394815445
0.15796571969985962
0.0617571659386158
0.06246841326355934
0.09122113138437271
0.045375756919384
0.03507087752223015
0.07002370804548264
0.06359022110700607
0.057377543300390244
0.042767494916915894
0.08457861840724945
0.0511237233877182
0.09349332749843597
0.12136038392782211
0.09786906093358994
0.050139740109443665
0.09572429209947586
0.14666056632995605
0.10372656583786011
0.06769629567861557
0.0573444664478302
0.033546220511198044
0.018129616975784302
0.09064007550477982
0.18329328298568726
0.08954469114542007
0.06433411687612534
0.09907179325819016
0.03758201748132706
0.07487761974334717
0.03574709966778755
0.057358305901288986
0.06301456689834595
0.13366372883319855
0.03871380165219307
0.03762779012322426
0.14313578605651855
0.11017384380102158
0.05339382216334343
0.09108513593673706
0.09665842354297638
0.06451931595802307
0.10896662622690201
0.0890192911028862
0.05621558800339699
0.09028232097625732
0.03802977502346039
0.043565042316913605
0.03755348175764084
0.12138152122497559
0.059711091220378876
0.1152142807841301
0.1358749121427536
0.12427351623773575
0.07234808802604675
0.11764702200889587
0.04010239243507385
0.07710616290569305
0.04543541371822357
0.049980346113443375
0.06330794841051102
0.11331557482481003
0.12793287634849548
0.028446568176150322
0.06946701556444168
0.06047535315155983
0.09975209087133408
0.04406289756298065
0.10588203370571136
0.044595975428819656
0.057822950184345245
0.05525316298007965
0.048831429332494736
0.058134738355875015
0.10685610771179199
0.06482243537902832
0.06661655008792877
0.0308777317404747
0.12175717204809189
0.07525312155485153
0.12767012417316437
0.055326733738183975
0.0789717584848404
0.0749744400382042
0.08198308199644089
0.07951769977807999
0.12580148875713348
0.1548965871334076
0.05669012293219566
0.11776434630155563
0.002760503673925996
0.03747906535863876
0.1406211256980896
0.09233717620372772
0.06398936361074448
0.08053487539291382
0.2026694118976593
0.06426407396793365
0.161068394780159
0.06073043867945671
0.11360765248537064
0.15777850151062012
0.09340807795524597
0.10769577324390411
0.06823524832725525
0.07209393382072449
0.04683985933661461
0.0544210746884346
0.11567314714193344
0.1479155719280243
0.03686922788619995
0.026389380916953087
0.1059415265917778
0.07810153067111969
0.030043121427297592
0.10993529856204987
0.01321505382657051
0.10067006200551987
0.11414805054664612
0.17789265513420105
0.08075496554374695
0.09958096593618393
0.1187935546040535
0.07894977927207947
0.1333632469177246
0.199468195438385
0.06482924520969391
0.07719434797763824
0.0812574103474617
0.03952934592962265
0.09416210651397705
0.09124600142240524
0.12680529057979584
0.06603126227855682
0.09369432926177979
0.09067221730947495
0.08665192872285843
0.05972086638212204
0.06521440297365189
0.13237076997756958
0.01582496613264084
0.11721844226121902
0.0835762470960617
0.0982138067483902
0.062191084027290344
0.08258263021707535
0.05995624139904976
0.06810088455677032
0.05375010520219803
0.14631906151771545
0.0527743399143219
0.061700835824012756
0.05590349808335304
0.14471209049224854
0.05400141701102257
0.08984098583459854
0.09346909821033478
0.034252215176820755
0.06000177562236786
0.04155764356255531
0.0751902237534523
0.09134234488010406
0.08698976784944534
0.1044788733124733
0.06255673617124557
0.08452232927083969
0.07726316154003143
0.0910567194223404
0.06612744182348251
0.1383669376373291
0.033789295703172684
0.06795299798250198
0.06609981507062912
0.020807666704058647
0.026690661907196045
0.09959578514099121
0.0969843864440918
0.0761384665966034
0.08579090982675552
0.0393340177834034
0.04341066628694534
0.06527310609817505
0.08495257049798965
0.012345336377620697
0.03617318719625473
0.059861380606889725
0.03235430270433426
0.036537107080221176
0.059862859547138214
0.0661429837346077
0.07844787836074829
0.06159912049770355
0.049939073622226715
0.07412119954824448
0.048847079277038574
0.0522264689207077
0.05935114994645119
0.04138633981347084
0.07763578742742538
0.03623603656888008
0.09665798395872116
0.1337365359067917
0.06209428235888481
0.09816207736730576
0.11782731115818024
0.09541827440261841
