1.3028792142868042
0.4875529110431671
0.18099266290664673
0.14053072035312653
0.24477645754814148
0.21825970709323883
0.261885404586792
0.3028269112110138
0.20273596048355103
0.19732308387756348
0.33453598618507385
0.20933698117733002
0.2818385660648346
0.24883663654327393
0.20221541821956635
0.11856570839881897
0.18785305321216583
0.20489604771137238
0.20796933770179749
0.1611335426568985
0.1897900253534317
0.09063248336315155
0.2773791253566742
0.16546928882598877
0.10072187334299088
0.129957914352417
0.12648947536945343
0.10947821289300919
0.1264098733663559
0.1759210079908371
0.1657164990901947
0.1271134465932846
0.12067759037017822
0.23380811512470245
0.1636725813150406
0.1665511131286621
0.10734358429908752
0.14372725784778595
0.1225547268986702
0.1593662053346634
0.15410342812538147
0.13524895906448364
0.16434678435325623
0.19070623815059662
0.1299813836812973
0.13206197321414948
0.15429440140724182
0.12944334745407104
0.12623043358325958
0.14583419263362885
0.07812957465648651
0.14932797849178314
0.13273198902606964
0.1293407827615738
0.1717960238456726
0.12176650017499924
0.15084609389305115
0.17168651521205902
0.19115346670150757
0.12713246047496796
0.1971435695886612
0.17049957811832428
0.13260243833065033
0.12800072133541107
0.17679773271083832
0.17792940139770508
0.18897125124931335
0.17003458738327026
0.17752322554588318
0.15461774170398712
0.10757047683000565
0.20287254452705383
0.11206810176372528
0.18847452104091644
0.23982645571231842
0.17159678041934967
0.17956866323947906
0.08196674287319183
0.16138935089111328
0.10985589027404785
0.18963761627674103
0.07566943764686584
0.18176984786987305
0.1350400149822235
0.152708500623703
0.12957817316055298
0.14849315583705902
0.1377151757478714
0.15898124873638153
0.26380467414855957
0.13557183742523193
0.14659440517425537
0.09817694127559662
0.14564071595668793
0.14797237515449524
0.10705672204494476
0.15656433999538422
0.19875255227088928
0.17049896717071533
0.11945591866970062
0.1155647411942482
0.13310988247394562
0.15670481324195862
0.18139082193374634
0.20974963903427124
0.27519845962524414
0.15612906217575073
0.17997390031814575
0.1980811208486557
0.13049094378948212
0.1680319756269455
0.11079229414463043
0.15931619703769684
0.15574541687965393
0.24653154611587524
0.11052967607975006
0.15887634456157684
0.16741341352462769
0.1949254870414734
0.22392287850379944
0.1586165875196457
0.16634097695350647
0.166621595621109
0.29392075538635254
0.18981903791427612
0.22174346446990967
0.1876724809408188
0.1614321917295456
0.21136252582073212
0.16686685383319855
0.27651846408843994
0.14236770570278168
0.14526313543319702
0.1575194001197815
0.20723497867584229
0.20864170789718628
0.17344698309898376
0.24634848535060883
0.1534721404314041
0.23854371905326843
0.13521690666675568
0.16297823190689087
0.14603079855442047
0.17579786479473114
0.20261164009571075
0.20233260095119476
0.11080519109964371
0.15828587114810944
0.14237453043460846
0.16570886969566345
0.2096039205789566
0.14259493350982666
0.19663147628307343
0.19772152602672577
0.10045856237411499
0.30786603689193726
0.16246508061885834
0.14452417194843292
0.17668721079826355
0.1993936002254486
0.1305214911699295
0.1926451027393341
0.14390166103839874
0.13863226771354675
0.1551985740661621
0.24771615862846375
0.1898699551820755
0.22136184573173523
0.1533258557319641
0.1662074625492096
0.14409980177879333
0.23559817671775818
0.18269820511341095
0.21945202350616455
0.21661046147346497
0.13415223360061646
0.21142473816871643
0.1379999816417694
0.17975705862045288
0.10303002595901489
0.22978228330612183
0.265584796667099
0.1949193924665451
0.10842761397361755
0.16898825764656067
0.1560821682214737
0.22629593312740326
0.18715441226959229
0.17203474044799805
0.20341424643993378
0.1343984305858612
0.1931220144033432
0.1371975690126419
0.1639992743730545
0.22100234031677246
0.1426674723625183
0.1958823949098587
0.2049361616373062
0.1703839749097824
0.16693204641342163
0.27064430713653564
0.10062379390001297
0.16208644211292267
0.15038761496543884
0.14834773540496826
0.19834767282009125
0.21136079728603363
0.1119789183139801
0.25118333101272583
0.20535463094711304
0.18029433488845825
0.1989559680223465
0.20733006298542023
0.2288573980331421
0.17961563169956207
0.1757526397705078
0.17824691534042358
0.1728326678276062
0.1314147263765335
0.23443396389484406
0.12700091302394867
0.25799232721328735
0.1494164764881134
0.1542440950870514
0.10415592789649963
0.16475272178649902
0.2072208672761917
0.17067958414554596
0.14456753432750702
0.26936274766921997
0.15023468434810638
0.19778425991535187
0.23006127774715424
0.18971547484397888
0.21577326953411102
0.14827822148799896
0.18333867192268372
0.1935552954673767
0.14392444491386414
0.1691245436668396
0.19853205978870392
0.15279331803321838
0.10962418466806412
0.15795384347438812
0.14542058110237122
0.17434972524642944
0.1994357407093048
0.2016104757785797
0.17900647222995758
0.20773042738437653
0.17559707164764404
0.19780202209949493
0.1468411535024643
0.205678790807724
0.17745240032672882
0.08745218813419342
0.19417604804039001
0.22136962413787842
0.19546706974506378
0.45906758308410645
0.14910587668418884
0.14982807636260986
0.17288975417613983
0.14864405989646912
0.14601103961467743
0.1578611433506012
0.16142922639846802
0.19082583487033844
0.11732058227062225
0.1764150857925415
0.10287060588598251
0.20070070028305054
0.1512359380722046
0.14116136729717255
0.15910126268863678
0.17278175055980682
0.14983193576335907
0.12370268255472183
0.16546304523944855
0.1878858059644699
0.14259102940559387
0.15359115600585938
0.11374509334564209
0.12022782862186432
0.16077925264835358
0.13511547446250916
0.1981191486120224
0.1988644003868103
0.20429840683937073
0.17095847427845
0.22545945644378662
0.19024646282196045
0.1287769079208374
0.12386266887187958
0.1756567358970642
0.12233187258243561
0.1116158589720726
0.129638671875
0.1742919385433197
0.16496410965919495
0.21198008954524994
0.1326712816953659
0.24555067718029022
0.16887089610099792
0.15559600293636322
0.18584634363651276
0.1658439189195633
0.15104492008686066
0.1315683126449585
0.15493227541446686
0.1341715008020401
0.19383691251277924
0.17581769824028015
0.20348523557186127
0.20831170678138733
0.21357358992099762
0.18572160601615906
0.19877363741397858
0.165691077709198
0.16731856763362885
0.18058231472969055
0.12205478549003601
0.18707506358623505
0.14340689778327942
0.17720726132392883
0.2315141260623932
0.11833260953426361
0.13441984355449677
0.19555477797985077
0.10466517508029938
0.21731574833393097
0.13674597442150116
0.13264672458171844
0.12450632452964783
0.1703682243824005
0.17519743740558624
0.23033137619495392
0.2742292881011963
0.16974817216396332
0.13496264815330505
0.12036798149347305
0.23690176010131836
0.20172783732414246
0.17599615454673767
0.15575909614562988
0.18755485117435455
0.19710677862167358
0.15514899790287018
0.21471086144447327
0.1380862444639206
0.15295086801052094
0.22039063274860382
0.1099056825041771
0.19800639152526855
0.20017030835151672
0.24046236276626587
0.20220571756362915
0.1877947896718979
0.1539010852575302
0.12370096147060394
0.25010597705841064
0.14048177003860474
0.12155275791883469
0.2935835123062134
0.21901391446590424
0.15611842274665833
0.149738609790802
0.10086401551961899
0.15178458392620087
0.15422995388507843
0.21766208112239838
0.13353104889392853
0.2494593858718872
0.11237187683582306
0.15197592973709106
0.20549660921096802
0.1722339689731598
0.2441883236169815
0.1977282464504242
0.05555317923426628
0.14733053743839264
0.19300372898578644
0.18867962062358856
0.09675075858831406
0.2336147427558899
0.16371403634548187
0.20745785534381866
0.18069395422935486
0.1665356159210205
0.1957731544971466
0.12052484601736069
0.125607430934906
0.14652365446090698
0.1734340935945511
0.22092688083648682
0.1461326777935028
0.17446938157081604
0.14254766702651978
0.11815733462572098
0.1629542112350464
0.24885010719299316
0.17315712571144104
0.13937044143676758
0.09924186766147614
0.11010465770959854
0.14721471071243286
0.14283189177513123
0.12261834740638733
0.11535312980413437
0.15990056097507477
0.1523294895887375
0.2438233345746994
0.30323612689971924
0.156936913728714
0.12968187034130096
0.17742107808589935
0.21090738475322723
0.14853940904140472
0.1795373260974884
0.2049390822649002
0.11002378910779953
0.13967330753803253
0.17249739170074463
0.228971466422081
0.1389375925064087
0.16115163266658783
0.20615091919898987
0.15314659476280212
0.1690061390399933
0.15469257533550262
0.14199981093406677
0.18227902054786682
0.17127878963947296
0.15336599946022034
0.15537187457084656
0.14401103556156158
0.19400028884410858
0.22768571972846985
0.09380246698856354
0.19656506180763245
0.15071946382522583
0.16893523931503296
0.1964995414018631
0.18977928161621094
0.15170007944107056
0.19991418719291687
0.13569368422031403
0.12537983059883118
0.14544042944908142
0.13113825023174286
0.14342164993286133
0.12506122887134552
0.11033304035663605
0.11816485226154327
0.19831256568431854
0.19681696593761444
0.15347743034362793
0.2208082675933838
0.17181496322155
0.12345319986343384
0.1987321823835373
0.12137293815612793
0.13031159341335297
0.13320861756801605
0.17153064906597137
0.18361280858516693
0.09809546917676926
0.17788392305374146
0.17928501963615417
0.14496605098247528
0.12814153730869293
0.10443112999200821
0.13931041955947876
0.1354854255914688
0.19036540389060974
0.19151611626148224
0.08010976016521454
0.13940651714801788
0.12200858443975449
0.20382148027420044
0.16393601894378662
0.1627574861049652
0.15203699469566345
0.17375881969928741
0.16322456300258636
0.14932206273078918
0.23526045680046082
0.13228768110275269
0.13671571016311646
0.1684354692697525
0.19982166588306427
0.09036315977573395
0.1496836245059967
0.15394528210163116
0.1758885383605957
0.19804146885871887
0.17329701781272888
0.10451774299144745
0.17633818089962006
0.17132259905338287
0.1302601397037506
0.14838574826717377
0.25087693333625793
0.12297473102807999
0.17222334444522858
0.15395966172218323
0.20830559730529785
0.10613228380680084
0.12257383018732071
0.10783049464225769
0.10979732871055603
0.17965248227119446
0.1117694154381752
0.1332998126745224
0.1361127644777298
0.18264739215373993
0.13901826739311218
0.08837951719760895
0.12634779512882233
0.14435559511184692
0.14521348476409912
0.13894812762737274
0.15879477560520172
0.15459300577640533
0.19056443870067596
0.10905556380748749
0.1449950784444809
0.1140795573592186
0.14016929268836975
0.21928314864635468
0.16369843482971191
0.16524069011211395
0.12684310972690582
0.11486129462718964
0.15109281241893768
0.16530147194862366
0.14961186051368713
0.12103568762540817
0.10243691504001617
0.13153721392154694
0.19616104662418365
0.18268777430057526
0.13793891668319702
0.1952907145023346
0.10556796193122864
0.2033897042274475
0.19045305252075195
0.16198797523975372
0.14707155525684357
0.12869621813297272
0.18329134583473206
0.14920751750469208
0.1008516401052475
0.14458107948303223
0.1488393396139145
0.1433335244655609
0.13488170504570007
0.19587495923042297
0.15358886122703552
0.19404304027557373
0.22501240670681
0.14044198393821716
0.10747455060482025
0.16313254833221436
0.17219381034374237
0.1668076068162918
0.17667701840400696
0.1805889904499054
0.1284107267856598
0.10915052145719528
0.18449154496192932
0.16002444922924042
0.17077341675758362
0.1531153917312622
0.18564283847808838
0.19740426540374756
0.18902552127838135
0.13092751801013947
0.19590911269187927
0.1665371060371399
0.1304382085800171
0.14124824106693268
0.081088587641716
0.14559419453144073
0.12792138755321503
0.13814114034175873
0.11218739300966263
0.12905403971672058
0.17235597968101501
0.13997219502925873
0.13485100865364075
0.2146424800157547
0.18915270268917084
0.08103583753108978
0.190677672624588
0.12546859681606293
0.17662787437438965
0.13070423901081085
0.13875357806682587
0.14875692129135132
0.10754963755607605
0.18393142521381378
0.25645285844802856
0.11474441736936569
0.16695038974285126
0.12818482518196106
0.14427882432937622
0.12238427251577377
0.1070285513997078
0.1442391276359558
0.14735108613967896
0.12777316570281982
0.16410169005393982
0.20292246341705322
0.15434680879116058
0.16442209482192993
0.15491293370723724
0.09529991447925568
0.158788800239563
0.11424684524536133
0.14225095510482788
0.09862849861383438
0.20129674673080444
0.1588675081729889
0.16864226758480072
0.16541548073291779
0.09455301612615585
0.16411042213439941
0.1266258955001831
0.09572053700685501
0.12696711719036102
0.14433391392230988
0.22169288992881775
0.08271536976099014
0.18732017278671265
0.11822567880153656
0.15943151712417603
0.11353372782468796
0.21548014879226685
0.15317311882972717
0.17045876383781433
0.15189965069293976
0.15124648809432983
0.090668685734272
0.13656385242938995
0.07753477245569229
0.13934482634067535
0.1517820656299591
0.14148640632629395
0.13018201291561127
0.13459327816963196
0.13494497537612915
0.10378686338663101
0.16589145362377167
0.10108979046344757
0.1526932418346405
0.11963877826929092
0.12011795490980148
0.09176750481128693
0.16789808869361877
0.09170157462358475
0.1523783653974533
0.14977411925792694
0.15072192251682281
0.19667699933052063
0.11319871991872787
0.16021358966827393
0.11096300184726715
0.13099554181098938
0.17971408367156982
0.20818160474300385
0.14329268038272858
0.11771629750728607
0.130930095911026
0.18765248358249664
0.16040213406085968
0.1281072199344635
0.13656647503376007
0.14637644588947296
0.20706050097942352
0.13971935212612152
0.22222448885440826
0.1982560157775879
0.19763535261154175
0.15299168229103088
0.1137368232011795
0.19630703330039978
0.07578093558549881
0.16942216455936432
0.2933184504508972
0.12467996776103973
0.15839973092079163
0.23761138319969177
0.1778721809387207
0.2641201317310333
0.18343399465084076
0.11830394715070724
0.10280095040798187
0.13454896211624146
0.09682980924844742
0.14787019789218903
0.1373637616634369
0.15211264789104462
0.13942188024520874
0.15268436074256897
0.08159936964511871
0.16110503673553467
0.1774941086769104
0.11782713979482651
0.17439408600330353
0.08021420240402222
0.17328941822052002
0.15590696036815643
0.15981759130954742
0.16541197896003723
0.18347443640232086
0.10588066279888153
0.1374073028564453
0.19731920957565308
0.09269420057535172
0.14312709867954254
0.1718944013118744
0.1404343694448471
0.1461198627948761
0.13334932923316956
0.20566631853580475
0.15494796633720398
0.15911604464054108
0.12794847786426544
0.12354675680398941
0.09394470602273941
0.12251769751310349
0.11796872317790985
0.14433126151561737
0.17124144732952118
0.1666983813047409
0.11067746579647064
0.22225618362426758
0.14426729083061218
0.09370051324367523
0.16319899260997772
0.16594095528125763
0.14590413868427277
0.1233241930603981
0.11169399321079254
0.24827514588832855
0.09596468508243561
0.16847842931747437
0.12612032890319824
0.13372310996055603
0.1279536783695221
0.204424649477005
0.11934280395507812
0.13847379386425018
0.1761721521615982
0.08695947378873825
0.10819737613201141
0.1314767301082611
0.12475983798503876
0.10299327969551086
0.14488562941551208
0.12199969589710236
0.12628209590911865
0.14012396335601807
0.09058047831058502
0.12058556824922562
0.16932125389575958
0.17253552377223969
0.1828245371580124
0.22781983017921448
0.09160830825567245
0.14504902064800262
0.12239371985197067
0.11760924011468887
0.11208835244178772
0.1830512434244156
0.1280956268310547
0.09842657297849655
0.1764376014471054
0.12359894812107086
0.1332705169916153
0.14407074451446533
0.10930197685956955
0.16462188959121704
0.1509895920753479
0.16503840684890747
0.20371490716934204
0.12776677310466766
0.11493654549121857
0.1979147493839264
0.19891221821308136
0.15832388401031494
0.11877071857452393
0.13670790195465088
0.16828347742557526
0.1514580100774765
0.20243382453918457
0.0987272709608078
0.12163738906383514
0.19257529079914093
0.16037015616893768
0.12930138409137726
0.184207946062088
0.16452965140342712
0.1302834451198578
0.10928380489349365
0.12637034058570862
0.10313329845666885
0.19350402057170868
0.12131591141223907
0.19073697924613953
0.16927410662174225
0.14875057339668274
0.15735295414924622
0.1423846334218979
0.1336110383272171
0.10144682973623276
0.11553910374641418
0.13159547746181488
0.11881756782531738
0.16600453853607178
0.1582864671945572
0.14424000680446625
0.15649843215942383
0.16771724820137024
0.14787501096725464
0.13825194537639618
0.1334455907344818
0.16197527945041656
0.07264105975627899
0.147863507270813
0.17181962728500366
0.13093483448028564
0.1650288850069046
0.16539020836353302
0.13551509380340576
0.1135300025343895
0.12928622961044312
0.08457085490226746
0.1345047950744629
0.1292034089565277
0.14926041662693024
0.11902828514575958
0.165711909532547
0.16295994818210602
0.09234865009784698
0.10984811931848526
0.11535310745239258
0.1520344614982605
0.14440368115901947
0.11406268924474716
0.1274801790714264
0.17686282098293304
0.15079286694526672
0.10883577913045883
0.09600232541561127
0.15641389787197113
0.12280979007482529
0.12989284098148346
0.09772118926048279
0.14597898721694946
0.13304699957370758
0.17603512108325958
0.10089841485023499
0.1809360533952713
0.18825681507587433
0.11856922507286072
0.15864251554012299
0.09536309540271759
0.22812962532043457
0.14228127896785736
0.10522286593914032
0.1058998554944992
0.1420118659734726
0.1712447851896286
0.08938644081354141
0.14720013737678528
0.1336597502231598
0.13201752305030823
0.14138825237751007
0.14050988852977753
0.19312381744384766
0.1622786968946457
0.24640117585659027
0.14013612270355225
0.1659650355577469
0.1132960170507431
0.1809786558151245
0.1470954418182373
0.1137392669916153
0.1547599881887436
0.11947690695524216
0.24276363849639893
0.1426808089017868
0.21379896998405457
0.1952616423368454
0.1448003500699997
0.14082477986812592
0.1517222821712494
0.20051118731498718
0.11513568460941315
0.18133988976478577
0.1724744588136673
0.12065336108207703
0.05549369752407074
0.07941614836454391
0.0699813961982727
0.18680627644062042
0.1583845317363739
0.13920430839061737
0.1439933031797409
0.17976856231689453
0.20242635905742645
0.1845199465751648
0.2408958077430725
0.1271379142999649
0.10383781045675278
0.13706985116004944
0.16766345500946045
0.16082344949245453
0.1357979029417038
0.12771128118038177
0.13959939777851105
0.1325390636920929
0.12496859580278397
0.12204437702894211
0.1019820049405098
0.07694683223962784
0.16113831102848053
0.14825141429901123
0.1323835700750351
0.15895706415176392
0.11767850071191788
0.1389359086751938
0.14025577902793884
0.14577244222164154
0.16385506093502045
0.12537534534931183
0.06513529270887375
0.09510073810815811
0.08639778196811676
0.2599596083164215
0.11670169234275818
0.10413677990436554
0.12683255970478058
0.1351751685142517
0.11553098261356354
0.13744354248046875
0.18955355882644653
0.2162846177816391
0.15143954753875732
0.18714818358421326
0.10315240174531937
0.17648594081401825
0.16635268926620483
0.12728676199913025
0.13642969727516174
0.19974882900714874
0.17008571326732635
0.10010964423418045
0.09312015026807785
0.1772921085357666
0.16008785367012024
0.16784340143203735
0.09589007496833801
0.13998554646968842
0.13008195161819458
0.15745462477207184
0.12605226039886475
0.15529678761959076
0.21638892590999603
0.12670546770095825
0.09448413550853729
0.2293303906917572
0.16541688144207
0.17458821833133698
0.21379375457763672
0.1883505880832672
0.16874414682388306
0.12676499783992767
0.14093245565891266
0.12367768585681915
0.13697730004787445
0.1361583173274994
0.1046711653470993
0.14058341085910797
0.22894813120365143
0.15342672169208527
0.18810726702213287
0.09209638088941574
0.12523342669010162
0.13047923147678375
0.10117623209953308
0.12962767481803894
0.10206075012683868
0.12285971641540527
0.16474546492099762
0.11260921508073807
0.13409428298473358
0.13125088810920715
0.11437218636274338
0.09435606002807617
0.09213799983263016
0.2406199723482132
0.15020209550857544
0.11671332269906998
0.1856662482023239
0.17863856256008148
0.10222207754850388
0.11616816371679306
0.13381905853748322
0.10397322475910187
0.07125531136989594
0.1288798749446869
0.12208234518766403
0.17023062705993652
0.13186410069465637
0.1609940379858017
0.1989421844482422
0.14024485647678375
0.09972291439771652
0.17305023968219757
0.10032258927822113
0.16311417520046234
0.2371726781129837
0.20934653282165527
0.09747612476348877
0.1594550460577011
0.15769284963607788
0.13002745807170868
0.1457410305738449
0.14080363512039185
0.1479780375957489
0.13122543692588806
0.12606066465377808
0.25833553075790405
0.11512349545955658
0.13887831568717957
0.17193298041820526
0.11968065053224564
0.11988066881895065
0.10729487240314484
0.19446749985218048
0.09000455588102341
0.13091523945331573
0.1480175256729126
0.15323187410831451
0.09156619012355804
0.1435547173023224
0.09353677928447723
0.09488692134618759
0.1595422923564911
0.22271031141281128
0.06747739017009735
0.13479898869991302
0.13204863667488098
0.1099611222743988
0.12997718155384064
0.14040736854076385
0.09411519020795822
0.16105535626411438
0.1341829150915146
0.25991514325141907
0.129776269197464
0.12535789608955383
0.0921296775341034
0.10809171199798584
0.07789576798677444
0.16056962311267853
0.12228932976722717
0.1258549839258194
0.1646040678024292
0.1689419448375702
0.14312826097011566
0.13106763362884521
0.1114812046289444
0.10806314647197723
0.12337656319141388
0.15312978625297546
0.150436669588089
0.18537352979183197
0.1390349268913269
0.21681417524814606
0.12565527856349945
0.16595327854156494
0.1879732757806778
0.11269058287143707
0.1572149246931076
0.16040366888046265
0.11761858314275742
0.1942850798368454
0.15317808091640472
0.24914486706256866
0.15268276631832123
0.13093897700309753
0.11350525170564651
0.1701844185590744
0.15285451710224152
0.14392207562923431
0.16687430441379547
0.1428665816783905
0.19725283980369568
0.07534585893154144
0.0699862390756607
0.12713311612606049
0.12897279858589172
0.2064424455165863
0.179550439119339
0.23566725850105286
0.12562087178230286
0.13570725917816162
0.16388951241970062
0.09878265857696533
0.14889900386333466
0.1468212753534317
0.14449508488178253
0.10965853184461594
0.1709492802619934
0.11067411303520203
0.1599224954843521
0.11515773087739944
0.10232023894786835
0.13908223807811737
0.11454992741346359
0.12431613355875015
0.14631348848342896
0.24614837765693665
0.12630975246429443
0.12864594161510468
0.13015657663345337
0.18675407767295837
0.14470241963863373
0.12515674531459808
0.12304075062274933
0.2700043320655823
0.09018593281507492
0.22164127230644226
0.13908402621746063
0.13960185647010803
0.12881004810333252
0.16023552417755127
0.12437135726213455
0.13024984300136566
0.12581735849380493
0.09444628655910492
0.11556986719369888
0.17343659698963165
0.14196765422821045
0.11330609023571014
0.16478297114372253
0.1169077455997467
0.15142419934272766
0.13328634202480316
0.1793673187494278
0.16621915996074677
0.19388626515865326
0.09038994461297989
0.14987558126449585
0.07468482106924057
0.04228023439645767
0.1261746883392334
0.18734198808670044
0.12880581617355347
0.08452990651130676
0.1259765774011612
0.12860460579395294
0.1419067531824112
0.1590171456336975
0.14578431844711304
0.1368897557258606
0.09896577149629593
0.13668511807918549
0.16065195202827454
0.13777917623519897
0.11874381452798843
0.16317611932754517
0.17887265980243683
0.1332327425479889
0.13108697533607483
0.10518785566091537
0.10916052013635635
0.16862288117408752
0.10841367393732071
0.12204812467098236
0.13240572810173035
0.1221693903207779
0.13960091769695282
0.21226438879966736
0.123865507543087
0.11681387573480606
0.13929177820682526
0.10489971190690994
0.1645512878894806
0.13844484090805054
0.09536056220531464
0.17943228781223297
0.17539560794830322
0.11473582684993744
0.12696151435375214
0.09717319160699844
0.11498039215803146
0.19442860782146454
0.08259356766939163
0.14301937818527222
0.12936939299106598
0.14025980234146118
0.09606174379587173
0.10525810718536377
0.13416309654712677
0.1425381302833557
0.18573524057865143
0.07168461382389069
0.15127907693386078
0.12111413478851318
0.1531473994255066
0.1662646234035492
0.15816709399223328
0.1665867567062378
0.09634026139974594
0.07440540194511414
0.12756352126598358
0.1705562323331833
0.15616503357887268
0.19178560376167297
0.13681291043758392
0.20229262113571167
0.08171364665031433
0.16875000298023224
0.1081327423453331
0.11206057667732239
0.12584903836250305
0.16409249603748322
0.11312426626682281
0.14179633557796478
0.04615547135472298
0.10302210599184036
0.2301863431930542
0.09107654541730881
0.26427310705184937
0.16501609981060028
0.10828601568937302
0.1820603460073471
0.23835399746894836
0.1333390176296234
0.24899426102638245
0.13168245553970337
0.13493824005126953
0.1635381132364273
0.10065263509750366
0.129123255610466
0.09629037976264954
0.13211177289485931
0.09034235775470734
0.08566976338624954
0.0789545401930809
0.11859741061925888
0.09764685481786728
0.15290606021881104
0.14496196806430817
0.14294305443763733
0.1575881987810135
0.14482490718364716
0.16710986196994781
0.12953528761863708
0.13730552792549133
0.19579392671585083
0.13840360939502716
0.17151233553886414
0.13590681552886963
0.11455594748258591
0.19016419351100922
0.08430848270654678
0.1287039965391159
0.1713925302028656
0.08557642251253128
0.12292643636465073
0.2126043289899826
0.11900055408477783
0.12785783410072327
0.1159088984131813
0.12502408027648926
0.09213981032371521
0.1716201901435852
0.09307269752025604
0.11422987282276154
0.11704184859991074
0.14161847531795502
0.08389325439929962
0.13114894926548004
0.1384962946176529
0.16535581648349762
0.1337178498506546
0.11287998408079147
0.16871510446071625
0.1794506162405014
0.16564424335956573
0.11148639023303986
0.18108169734477997
0.11894547939300537
0.1921890825033188
0.07632039487361908
0.08770322799682617
0.14816352725028992
0.16624346375465393
0.12793977558612823
0.13178129494190216
0.1391526609659195
0.13358844816684723
0.09137769788503647
0.15592928230762482
0.12525589764118195
0.0766000896692276
0.0835457295179367
0.09156028926372528
0.12542806565761566
0.10124097764492035
0.14813478291034698
0.09944809228181839
0.09909741580486298
0.08933685719966888
0.13036158680915833
0.12822143733501434
0.14886252582073212
0.12330829352140427
0.14884844422340393
0.13458243012428284
0.10705012828111649
0.12657874822616577
0.09471873939037323
0.12227793037891388
0.12439900636672974
0.20672442018985748
0.08531440794467926
0.13209672272205353
0.17377594113349915
0.07262347638607025
0.1325557976961136
0.21760791540145874
0.07661502063274384
0.16686472296714783
0.10377765446901321
0.15734127163887024
0.12863633036613464
0.13471627235412598
0.04524260386824608
0.11126048117876053
0.1522674709558487
0.08024872094392776
0.12019894272089005
0.1303544044494629
0.11831502616405487
0.0740780457854271
0.13071532547473907
0.14857766032218933
0.20705929398536682
0.09531022608280182
0.20464977622032166
0.07224529981613159
0.09590611606836319
0.16634267568588257
0.10521522909402847
0.17056384682655334
0.11102958768606186
0.10925786197185516
0.11722590029239655
0.2025241255760193
0.22216789424419403
0.09489379823207855
0.11590266227722168
0.12103021144866943
0.09680163860321045
0.19117821753025055
0.15697558224201202
0.11048533767461777
0.13387686014175415
0.12157907336950302
0.11132875829935074
0.11790890246629715
0.12612690031528473
0.11509741097688675
0.11658822000026703
0.09017938375473022
0.14301292598247528
0.10962773859500885
0.15471340715885162
0.13395987451076508
0.11440234631299973
0.13674776256084442
0.1359516978263855
0.16448314487934113
0.13197645545005798
0.12112239748239517
0.13773426413536072
0.12664462625980377
0.1189187541604042
0.11225588619709015
0.1288837045431137
0.1208963394165039
0.1824398785829544
0.0818706527352333
0.10550931841135025
0.13717173039913177
0.22230441868305206
0.10188059508800507
0.14244529604911804
0.16588346660137177
0.12212290614843369
0.1428423672914505
0.12104452401399612
0.1660691499710083
0.19522586464881897
0.09771986305713654
0.1550016552209854
0.09031746536493301
0.15254022181034088
0.1306438446044922
0.1518571376800537
0.25187191367149353
0.10965204983949661
0.12962165474891663
0.12014537304639816
0.08989621698856354
0.13835109770298004
0.10002000629901886
0.22195327281951904
0.12544390559196472
0.16466909646987915
0.1360110342502594
0.20334754884243011
0.11400896310806274
0.17074382305145264
0.13357609510421753
0.1956772655248642
0.150944784283638
0.1476622372865677
0.12783020734786987
0.11823856085538864
0.08785133063793182
0.1710231453180313
0.12417808175086975
0.12239080667495728
0.09686897695064545
0.1994689404964447
0.14897093176841736
0.091767318546772
0.19589442014694214
0.10061454027891159
0.15031996369361877
0.2717350125312805
0.22430114448070526
0.13669586181640625
0.1735886186361313
0.16739802062511444
0.1305188238620758
0.1566208153963089
0.16267555952072144
0.12597978115081787
0.1293518841266632
0.13215436041355133
0.1063866838812828
0.09411810338497162
0.15849345922470093
0.11296085268259048
0.10798860341310501
0.1452891081571579
0.18795515596866608
0.1450934112071991
0.15051449835300446
0.163499116897583
0.1135592982172966
0.19123893976211548
0.11804866045713425
0.12749573588371277
0.25976237654685974
0.09850051254034042
0.14787983894348145
0.10730588436126709
0.1160137876868248
0.15134605765342712
0.1131194606423378
0.10217343270778656
0.1107625737786293
0.21470801532268524
0.13001799583435059
0.16555486619472504
0.07536757737398148
0.11924360692501068
0.09123291075229645
0.0817909687757492
0.1322965770959854
0.1252688467502594
0.09162376075983047
0.16238264739513397
0.08429696410894394
0.13398323953151703
0.15378372371196747
0.1739201843738556
0.16278348863124847
0.1279231756925583
0.08721138536930084
0.11671289801597595
0.11299680173397064
0.12253622710704803
0.07725575566291809
0.10299524664878845
0.08458052575588226
0.10075975209474564
0.18750545382499695
0.17813485860824585
0.10521829128265381
0.14572535455226898
0.14020420610904694
0.11235099285840988
0.08993314206600189
0.17352256178855896
0.1672658622264862
0.0939575657248497
0.13755463063716888
0.15833930671215057
0.174210324883461
0.1086207777261734
0.11387382447719574
0.10413872450590134
0.10829417407512665
0.140146866440773
0.09207748621702194
0.08808346837759018
0.15689946711063385
0.06297017633914948
0.2501554787158966
0.14916600286960602
0.1210625171661377
0.15604262053966522
0.19363100826740265
0.13928315043449402
0.14403294026851654
0.12826570868492126
0.1563074290752411
0.1678543984889984
0.1452292650938034
0.20077022910118103
0.1111125722527504
0.13387174904346466
0.14289067685604095
0.13542373478412628
0.110207200050354
0.16066426038742065
0.1345037966966629
0.15239696204662323
0.1356971710920334
0.12104740738868713
0.11281155049800873
0.15536648035049438
0.18382872641086578
0.11581802368164062
0.11202231049537659
0.13315661251544952
0.12210462987422943
0.138187438249588
0.11406977474689484
0.18810006976127625
0.12448287755250931
0.12459305673837662
0.18636508285999298
0.06568580120801926
0.0790933221578598
0.16913573443889618
0.163055881857872
0.1309804469347
0.2973856031894684
0.13431349396705627
0.16709046065807343
0.17334763705730438
0.14794808626174927
0.147783562541008
0.13264690339565277
0.08761774748563766
0.16749605536460876
0.16444705426692963
0.06473370641469955
0.10352163016796112
0.12140876054763794
0.17305339872837067
0.11575637012720108
0.1466318815946579
0.07659643888473511
0.12494293600320816
0.1333123743534088
0.14103423058986664
0.09252180904150009
0.12252166122198105
0.2014407217502594
0.1167360320687294
0.16276143491268158
0.1318499594926834
0.09045986831188202
0.15503989160060883
0.15922056138515472
0.09535728394985199
0.16267018020153046
0.10121454298496246
0.11040749400854111
0.15843704342842102
0.11085169017314911
0.16795212030410767
0.10179627686738968
0.12581251561641693
0.10601955652236938
0.1231866329908371
0.11437880247831345
0.222734272480011
0.10541293025016785
0.12170685082674026
0.08689609169960022
0.11970873177051544
0.0960957482457161
0.12031683325767517
0.15631306171417236
0.11840645223855972
0.14859049022197723
0.14136524498462677
0.10929026454687119
0.10818534344434738
0.12651242315769196
0.12464915961027145
0.17621393501758575
0.1015719622373581
0.12924320995807648
0.08637431263923645
0.10812162607908249
0.30532199144363403
0.14038941264152527
0.11910204589366913
0.09855234622955322
0.12090069055557251
0.18527622520923615
0.18083526194095612
0.21883240342140198
0.09153638780117035
0.09940661489963531
0.1312135010957718
0.14009901881217957
0.14314112067222595
0.1108088567852974
0.1495591253042221
0.14899294078350067
0.18201446533203125
0.10722269117832184
0.18567246198654175
0.1494561731815338
0.23074893653392792
0.20045357942581177
0.12914270162582397
0.18865394592285156
0.06870102137327194
0.07354094088077545
0.13845142722129822
0.13323524594306946
0.11759387701749802
0.19177678227424622
0.20680248737335205
0.2352914810180664
0.1292755901813507
0.12226361036300659
0.17674152553081512
0.21551118791103363
0.1357753425836563
0.1585419476032257
0.17838570475578308
0.10947339981794357
0.1562916487455368
0.19384658336639404
0.11299595981836319
0.1706722229719162
0.1034901961684227
0.13559581339359283
0.16678157448768616
0.17580491304397583
0.1440214067697525
0.13797998428344727
0.06722672283649445
0.1450924575328827
0.18099212646484375
0.10674113035202026
0.14298422634601593
0.14646247029304504
0.0996636226773262
0.22519832849502563
0.1400837004184723
0.14913426339626312
0.12716612219810486
0.17316964268684387
0.10098910331726074
0.10157066583633423
0.13627317547798157
0.10855431854724884
0.050905726850032806
0.12099584937095642
0.17112526297569275
0.08204030990600586
0.13369068503379822
0.14715643227100372
0.13890111446380615
0.09248509258031845
0.11787331849336624
0.16374410688877106
0.09538989514112473
0.09337186068296432
0.1420871615409851
0.11430913209915161
0.14629966020584106
0.07674521207809448
0.13688258826732635
0.14677588641643524
0.08909441530704498
0.14218232035636902
0.13269782066345215
0.1567954272031784
0.08399572223424911
0.1269620805978775
0.16889742016792297
0.12824882566928864
0.14839814603328705
0.14542129635810852
0.0918622687458992
0.13212309777736664
0.08086053282022476
0.10381104797124863
0.15157365798950195
0.12669765949249268
0.19406062364578247
0.20716939866542816
0.13338039815425873
0.12464451044797897
0.10793446749448776
0.17006437480449677
0.10787637531757355
0.1377878040075302
0.07003477215766907
0.0870361402630806
0.20455898344516754
0.14196345210075378
0.15865354239940643
0.12013810127973557
0.14241242408752441
0.10217974334955215
0.11460070312023163
0.13681428134441376
0.14672395586967468
0.13407747447490692
0.12734632194042206
0.11527431011199951
0.16289326548576355
0.11331120878458023
0.08901897817850113
0.17980580031871796
0.15870343148708344
0.12508253753185272
0.1291087567806244
0.09269887953996658
0.10202071070671082
0.1806042641401291
0.15249231457710266
0.10930997133255005
0.1267739087343216
0.08808542788028717
0.14119723439216614
0.1357000768184662
0.09772903472185135
0.16497251391410828
0.22336606681346893
0.14116671681404114
0.09909012168645859
0.12768135964870453
0.1710233837366104
0.13680395483970642
0.1652185618877411
0.18580956757068634
0.12464059144258499
0.1221240684390068
0.18788671493530273
0.15499600768089294
0.2414001077413559
0.11720822751522064
0.1260741502046585
0.16826415061950684
0.17141945660114288
0.1082119345664978
0.13964705169200897
0.16835343837738037
0.09819276630878448
0.16688194870948792
0.11042293161153793
0.19152845442295074
0.1440369039773941
0.19103200733661652
0.13998663425445557
0.13358260691165924
0.1784798502922058
0.07987558841705322
0.10836797207593918
0.12135287374258041
0.10364878177642822
0.16611531376838684
0.09695575386285782
0.10339239239692688
0.13886159658432007
0.1676148623228073
0.23010289669036865
0.08990771323442459
0.16739892959594727
0.1491052210330963
0.12680509686470032
0.1578032374382019
0.1878000795841217
0.11869869381189346
0.1111970767378807
0.12483949959278107
0.1683962494134903
0.10755655914545059
0.126716747879982
0.07830872386693954
0.13948439061641693
0.14910008013248444
0.09536544978618622
0.12797239422798157
0.14632432162761688
0.0970427393913269
0.06981345266103745
0.13101235032081604
0.0947328582406044
0.11866332590579987
0.08859606087207794
0.12925399839878082
0.1489056795835495
0.06036376953125
0.18943096697330475
0.1596195101737976
0.08264447003602982
0.11531779170036316
0.12423386424779892
0.10240784287452698
0.11447310447692871
0.14314018189907074
0.11685681343078613
0.1522371768951416
0.14002063870429993
0.12093068659305573
0.11868447065353394
0.11065232008695602
0.12223200500011444
0.15449169278144836
0.1045609787106514
0.05220842733979225
0.08797889947891235
0.16543543338775635
0.11500445753335953
0.11378972232341766
0.18114642798900604
0.14357921481132507
0.18545183539390564
0.11456890404224396
0.09878428280353546
0.12349560111761093
0.16488102078437805
0.11127685755491257
0.14872050285339355
0.12025998532772064
0.12506604194641113
0.11231271177530289
0.11651584506034851
0.14776672422885895
0.10891066491603851
0.13706059753894806
0.1352367401123047
0.13208436965942383
0.16994887590408325
0.10418978333473206
0.14408622682094574
0.1798575073480606
0.142991840839386
0.18971765041351318
0.16072817146778107
0.24371862411499023
0.10570394992828369
0.1892152726650238
0.1492050737142563
0.1248650923371315
0.10090001672506332
0.13174551725387573
0.12147237360477448
0.05990438163280487
0.07965576648712158
0.13244017958641052
0.10398279130458832
0.09109547734260559
0.07051268965005875
0.14281727373600006
0.11816728860139847
0.13613562285900116
0.15170171856880188
0.09113574028015137
0.09889873117208481
0.0886121317744255
0.2273925542831421
0.14403361082077026
0.08947639167308807
0.13223600387573242
0.14242510497570038
0.1436610221862793
0.12196121364831924
0.10338808596134186
0.2024524062871933
0.2234419286251068
0.10709463804960251
0.10792004317045212
0.13367967307567596
0.13274499773979187
0.14600037038326263
0.1248331218957901
0.2194157838821411
0.09999499469995499
0.1331493854522705
0.12094229459762573
0.11875506490468979
0.1820889264345169
0.2173074632883072
0.10413071513175964
0.09197189658880234
0.203892320394516
0.16066400706768036
0.20221808552742004
0.07605791091918945
0.2088124006986618
0.0878375843167305
0.16931135952472687
0.12083501368761063
0.11051245033740997
0.11255738139152527
0.20695820450782776
0.1373164802789688
0.16246286034584045
0.15140579640865326
0.10658587515354156
0.09444892406463623
0.1464586704969406
0.11829153448343277
0.08557974547147751
0.11526232957839966
0.1560135781764984
0.12548016011714935
0.11094213277101517
0.09612484276294708
0.12538503110408783
0.12828634679317474
0.1366008073091507
0.07932025194168091
0.20592468976974487
0.13385209441184998
0.19534191489219666
0.11169871687889099
0.13653434813022614
0.0987018495798111
0.10341174155473709
0.16582588851451874
0.15622203052043915
0.10363122075796127
0.12413866072893143
0.1681690216064453
0.14011090993881226
0.13025443255901337
0.16128705441951752
0.16855531930923462
0.11710964143276215
0.1095079630613327
0.16726502776145935
0.10174476355314255
0.1361401528120041
0.0820474848151207
0.14765144884586334
0.14126384258270264
0.13246484100818634
0.140199676156044
0.15044404566287994
0.12596721947193146
0.1360160857439041
0.06884932518005371
0.1910848319530487
0.1666632443666458
0.16328924894332886
0.1654854118824005
0.1542927622795105
0.16584694385528564
0.15506619215011597
0.09782571345567703
0.13274556398391724
0.11915263533592224
0.13362735509872437
0.1089363545179367
0.12156649678945541
0.12856337428092957
0.08199165761470795
0.10420597344636917
0.12721292674541473
0.12933963537216187
0.15997031331062317
0.16843780875205994
0.12156416475772858
0.13678184151649475
0.1173158809542656
0.06418237835168839
0.11500708013772964
0.09497565031051636
0.2099565714597702
0.12112049013376236
0.13807770609855652
0.11061064153909683
0.08617528527975082
0.13020026683807373
0.16689158976078033
0.24643509089946747
0.12633314728736877
0.05947776883840561
0.12306042015552521
0.16449347138404846
0.12447953969240189
0.13684909045696259
0.10431451350450516
0.12777362763881683
0.12387546896934509
0.09671397507190704
0.07894184440374374
0.1289157122373581
0.14531463384628296
0.1233687549829483
0.1273874044418335
0.10299880802631378
0.13465391099452972
0.13762612640857697
0.0786188393831253
0.15927644073963165
0.1033783107995987
0.1783948838710785
0.07923153787851334
0.14965938031673431
0.12343370914459229
0.1804453432559967
0.10104667395353317
0.1345648169517517
0.11532256007194519
0.11011277139186859
0.12298819422721863
0.1945650279521942
0.15198202431201935
0.10320574790239334
0.14156688749790192
0.18698470294475555
0.13514894247055054
0.10689648240804672
0.11942116171121597
0.13448622822761536
0.19543223083019257
0.23170766234397888
0.16052182018756866
0.11208446323871613
0.07975845783948898
0.07610221952199936
0.17321747541427612
0.08030673861503601
0.07491424679756165
0.16183264553546906
0.11161517351865768
0.11817885935306549
0.15550166368484497
0.09004460275173187
0.11332076042890549
0.36735379695892334
0.11095602065324783
0.1440567672252655
0.11347795277833939
0.10628916323184967
0.1494324952363968
0.11735236644744873
0.14070196449756622
0.10827546566724777
0.12776340544223785
0.14499247074127197
0.19967685639858246
0.12787717580795288
0.23263469338417053
0.13257646560668945
0.1471685916185379
0.143514022231102
0.12003771960735321
0.1088356003165245
0.1652429848909378
0.1304524540901184
0.125367671251297
0.15264709293842316
0.12572570145130157
0.11919749528169632
0.13569800555706024
0.12058096379041672
0.10985934734344482
0.09689206629991531
0.15325161814689636
0.1945188045501709
0.16183316707611084
0.1033761203289032
0.15486861765384674
0.1337650567293167
0.09840220212936401
0.14352592825889587
0.11989261209964752
0.13289988040924072
0.11552741378545761
0.15250703692436218
0.13130493462085724
0.10735411942005157
0.18782857060432434
0.1499667912721634
0.15582016110420227
0.14606471359729767
0.16889746487140656
0.12589100003242493
0.12034649401903152
0.08856288343667984
0.15866942703723907
0.16414524614810944
0.13757747411727905
0.09910165518522263
0.0915898010134697
0.10804082453250885
0.1285925954580307
0.11453273147344589
0.05991043150424957
0.0731377825140953
0.13834026455879211
0.1576354205608368
0.1634247750043869
0.11099348217248917
0.14841900765895844
0.18851712346076965
0.1053461804986
0.09036391228437424
0.14306287467479706
0.12740550935268402
0.14279165863990784
0.137279212474823
0.08558523654937744
0.12983056902885437
0.09168895334005356
0.09346725046634674
0.1033300831913948
0.13552631437778473
0.1957005113363266
0.1593511700630188
0.1755729466676712
0.12544967234134674
0.08138839155435562
0.18190868198871613
0.12190641462802887
0.15838247537612915
0.16509948670864105
0.08257510513067245
0.15405020117759705
0.14125028252601624
0.1786273568868637
0.12116961181163788
0.15757639706134796
0.09094130992889404
0.17943750321865082
0.24456092715263367
0.11328314989805222
0.12258251756429672
0.1620919555425644
0.20453254878520966
0.11871542036533356
0.13432012498378754
0.14865493774414062
0.16061222553253174
0.13241195678710938
0.1341889500617981
0.1532910019159317
0.09744393080472946
0.20817512273788452
0.07027250528335571
0.10021776705980301
0.13683278858661652
0.10451805591583252
0.15890714526176453
0.1107364371418953
0.13474349677562714
0.19380661845207214
0.11712171882390976
0.07926972955465317
0.1499907374382019
0.12291231751441956
0.15765249729156494
0.14811256527900696
0.10037777572870255
0.14345987141132355
0.11292888224124908
0.1263071745634079
0.24733105301856995
0.17287074029445648
0.11735038459300995
0.14189353585243225
0.16194134950637817
0.14706063270568848
0.08244791626930237
0.13195565342903137
0.23535633087158203
0.19243521988391876
0.24323974549770355
0.1523372232913971
0.1356772631406784
0.12258841097354889
0.09416476637125015
0.08914059400558472
0.1923350840806961
0.15026620030403137
0.17353768646717072
0.15994755923748016
0.1545325666666031
0.1345689445734024
0.13070619106292725
0.14401547610759735
0.1825837790966034
0.191459059715271
0.14508628845214844
0.11917684227228165
0.19837330281734467
0.13734319806098938
0.15448856353759766
0.11905962228775024
0.19258493185043335
0.13005994260311127
0.11649348586797714
0.1399812400341034
0.2923171818256378
0.10869082808494568
0.14002133905887604
0.13841979205608368
0.06869442760944366
0.18641959130764008
0.18106302618980408
0.18658733367919922
0.13031527400016785
0.13955220580101013
0.0858246237039566
0.07966474443674088
0.13055464625358582
0.0921207070350647
0.10284259170293808
0.13008198142051697
0.13248634338378906
0.08670907467603683
0.18960392475128174
0.14748333394527435
0.10576394945383072
0.13395723700523376
0.14918507635593414
0.20695555210113525
0.15690146386623383
0.1427270472049713
0.15571680665016174
0.1437266319990158
0.12233877927064896
0.1621537208557129
0.15267522633075714
0.11977613717317581
0.1096387580037117
0.14072757959365845
0.1330261528491974
0.15875516831874847
0.10633785277605057
0.23674698173999786
0.1284412443637848
0.14266587793827057
0.20579935610294342
0.16243188083171844
0.18461857736110687
0.1577879786491394
0.09234641492366791
0.09389406442642212
0.1579204946756363
0.08803705126047134
0.07567358016967773
0.14440329372882843
0.09119166433811188
0.09974130988121033
0.11774415522813797
0.21573540568351746
0.055065784603357315
0.079615518450737
0.10237825661897659
0.1437522917985916
0.15060749650001526
0.12711124122142792
0.12246561795473099
0.15265725553035736
0.15093621611595154
0.10207745432853699
0.1823187619447708
0.12549470365047455
0.11151888221502304
0.06615971028804779
0.19689317047595978
0.14744120836257935
0.08053463697433472
0.11951368302106857
0.15411117672920227
0.23953762650489807
0.12068689614534378
0.10601438581943512
0.11512508243322372
0.12142619490623474
0.1118711456656456
0.13715286552906036
0.12067894637584686
0.09992638975381851
0.15774016082286835
0.1438329815864563
0.16525445878505707
0.0601278655230999
0.14747576415538788
0.13687941431999207
0.11283193528652191
0.1678353101015091
0.17027735710144043
0.26706159114837646
0.1382904201745987
0.16474781930446625
0.08031722903251648
0.14743438363075256
0.2049812227487564
0.16062641143798828
0.14499028027057648
0.23749396204948425
0.14681290090084076
0.11813635379076004
0.18311947584152222
0.1430707424879074
0.16230177879333496
0.19403387606143951
0.14132139086723328
0.14014722406864166
0.14376942813396454
0.1525968462228775
0.12059374153614044
0.14753741025924683
0.23666615784168243
0.09614772349596024
0.18169718980789185
0.15321321785449982
0.1461898386478424
0.16350507736206055
0.11330246925354004
0.1681007295846939
0.13782790303230286
0.07905612885951996
0.13380277156829834
0.10559404641389847
0.16532570123672485
0.1343621015548706
0.13537368178367615
0.20023533701896667
0.10193369537591934
0.0904429703950882
0.24063794314861298
0.0950394719839096
0.2406400442123413
0.11896798759698868
0.13923411071300507
0.09660392254590988
0.10829631984233856
0.15944240987300873
0.29687628149986267
0.13282589614391327
0.1464555561542511
0.1228410080075264
0.15361927449703217
0.13186898827552795
0.1171899288892746
0.18131417036056519
0.16296686232089996
0.13672906160354614
0.1088811382651329
0.11309056729078293
0.13197898864746094
0.12958863377571106
0.08487896621227264
0.09572560340166092
0.12658604979515076
0.1131167933344841
0.21341903507709503
0.1385248601436615
0.15186424553394318
0.15471716225147247
0.09707145392894745
0.1174251139163971
0.09932756423950195
0.11786741018295288
0.2227470427751541
0.1289786994457245
0.07366261631250381
0.12365750223398209
0.15942956507205963
0.18470150232315063
0.16571879386901855
0.15437372028827667
0.12369851768016815
0.13180950284004211
0.17341971397399902
0.08316950500011444
0.12762407958507538
0.07484769821166992
0.17416299879550934
0.09806770086288452
0.19736884534358978
0.15708522498607635
0.11804511398077011
0.17477130889892578
0.12453421205282211
0.1780153065919876
0.07630585134029388
0.18236272037029266
0.1323765516281128
0.12093596905469894
0.10218710452318192
0.11967066675424576
0.1682579666376114
0.20130972564220428
0.17187298834323883
0.14341431856155396
0.12039362639188766
0.19345197081565857
0.10650752484798431
0.23160895705223083
0.1329924613237381
0.12139658629894257
0.15352953970432281
0.052228864282369614
0.1512824445962906
0.20913968980312347
0.2541966736316681
0.11382664740085602
0.1379971206188202
0.1098441630601883
0.12852144241333008
0.12269869446754456
0.19594329595565796
0.15134480595588684
0.14266230165958405
0.07876846194267273
0.14654912054538727
0.10963741689920425
0.19611114263534546
0.14209876954555511
0.08295901119709015
0.22361496090888977
0.12477312982082367
0.10786885023117065
0.1882714331150055
0.12880253791809082
0.12663325667381287
0.1271880567073822
0.11506952345371246
0.23117534816265106
0.14434823393821716
0.17646285891532898
0.14695751667022705
0.3310978412628174
0.1180255338549614
0.06917496025562286
0.1354980617761612
0.12388628721237183
0.09193609654903412
0.1912260353565216
0.10272317379713058
0.1332012265920639
0.09693199396133423
0.20578522980213165
0.0856279730796814
0.12105023115873337
0.0921591967344284
0.13310295343399048
0.16915041208267212
0.11600928753614426
0.27457886934280396
0.13081613183021545
0.16708853840827942
0.12423808127641678
0.11335747689008713
0.1840130090713501
0.0991341695189476
0.15975435078144073
0.15652793645858765
0.13432687520980835
0.08214528858661652
0.10521838814020157
0.10953415185213089
0.1484173685312271
0.14578813314437866
0.08252713829278946
0.12061148881912231
0.1350126415491104
0.14689792692661285
0.07532794028520584
0.10829319804906845
0.17565788328647614
0.10375171899795532
0.135965958237648
0.1377386599779129
0.09733894467353821
0.06743717938661575
0.17302921414375305
0.09437907487154007
0.09848152846097946
0.09788582473993301
0.16403479874134064
0.06723508983850479
0.19681264460086823
0.1982182413339615
0.15140271186828613
0.09430207312107086
0.10623955726623535
0.13258659839630127
0.18711136281490326
0.11461544036865234
0.10709929466247559
0.0677010640501976
0.14097552001476288
0.21036574244499207
0.0828886479139328
0.0921611562371254
0.12116695195436478
0.17960673570632935
0.17286641895771027
0.1746142953634262
0.11718610674142838
0.20869728922843933
0.0979996770620346
0.15955457091331482
0.13018132746219635
0.0823189914226532
0.09700968861579895
0.12979939579963684
0.11019513756036758
0.24645443260669708
0.1558493971824646
0.14576447010040283
0.11169499903917313
0.1828049272298813
0.0829983577132225
0.09166499227285385
0.1825527399778366
0.14399877190589905
0.19698134064674377
0.11567077040672302
0.10398012399673462
0.12472732365131378
0.1620347946882248
0.17887455224990845
0.1171976625919342
0.16468441486358643
0.13003645837306976
0.09072297811508179
0.12051224708557129
0.0763583704829216
0.14978942275047302
0.15272709727287292
0.09678773581981659
0.13125650584697723
0.10267823934555054
0.16137631237506866
0.09614250808954239
0.23451286554336548
0.22013506293296814
0.1413724720478058
0.1852690726518631
0.09801246225833893
0.12210851907730103
0.10740825533866882
0.07068881392478943
0.09126853942871094
0.27920693159103394
0.1622268259525299
0.13555993139743805
0.22940580546855927
0.11153291165828705
0.11839710175991058
0.13186015188694
0.13673916459083557
0.20789112150669098
0.18009968101978302
0.1671784669160843
0.1078106015920639
0.17060989141464233
0.11116886138916016
0.19071167707443237
0.15224620699882507
0.16849224269390106
0.18025171756744385
0.18721424043178558
0.10352905094623566
0.20106880366802216
0.07262397557497025
0.10019885003566742
0.2264503538608551
0.13164818286895752
0.18021000921726227
0.18821163475513458
0.10317147523164749
0.1079649031162262
0.21315838396549225
0.1131991595029831
0.13489879667758942
0.09996441751718521
0.1377832144498825
0.20126760005950928
0.1460452526807785
0.20209570229053497
0.09870650619268417
0.21614046394824982
0.1276671439409256
0.17855626344680786
0.15130265057086945
0.20903782546520233
0.18902990221977234
0.16792351007461548
0.052246369421482086
0.12291350215673447
0.13879187405109406
0.13300135731697083
0.08002932369709015
0.16692034900188446
0.06664396077394485
0.19735994935035706
0.12732663750648499
0.15304729342460632
0.12084183841943741
0.17294739186763763
0.14379891753196716
0.1165141835808754
0.08978896588087082
0.1552567481994629
0.13044559955596924
0.08907152712345123
0.11820557713508606
0.2623710036277771
0.12897534668445587
0.19986668229103088
0.09742826223373413
0.13756778836250305
0.13267476856708527
0.14771206676959991
0.18151713907718658
0.22060412168502808
0.16040578484535217
0.1837194859981537
0.17535419762134552
0.151663675904274
0.16763338446617126
0.11520376056432724
0.0925174430012703
0.1371837854385376
0.18986062705516815
0.074442557990551
0.15810973942279816
0.11853465437889099
0.10309690237045288
0.11870194226503372
0.15772441029548645
0.15844818949699402
0.1350930631160736
0.13782691955566406
0.17363062500953674
0.20908403396606445
0.11096283048391342
0.1618255227804184
0.12893211841583252
0.11774241924285889
0.10265248268842697
0.17262230813503265
0.17775581777095795
0.1975688934326172
0.11739718168973923
0.262277752161026
0.13060399889945984
0.10636969655752182
0.11728084832429886
0.10087882727384567
0.07668137550354004
0.25393736362457275
0.15807291865348816
0.15583057701587677
0.14360974729061127
0.0783955380320549
0.23371635377407074
0.15543590486049652
0.10898767411708832
0.1541825383901596
0.1137038841843605
0.13646200299263
0.10900010168552399
0.13845892250537872
0.2024916410446167
0.15652896463871002
0.05435867980122566
0.1550534963607788
0.15746799111366272
0.12382467091083527
0.08467264473438263
0.12872090935707092
0.07140687853097916
0.15817877650260925
0.08491986989974976
0.09623470902442932
0.08184455335140228
0.16517262160778046
0.17474772036075592
0.09734905511140823
0.11533898115158081
0.1201535239815712
0.11423713713884354
0.11515596508979797
0.13436836004257202
0.18754932284355164
0.11473458260297775
0.11787799745798111
0.17264771461486816
0.13794469833374023
0.11098919808864594
0.10899507254362106
0.1518869251012802
0.17406243085861206
0.09679973125457764
0.07902755588293076
0.09498685598373413
0.2118883579969406
0.2011125534772873
0.11228732764720917
0.10264800488948822
0.1253574937582016
0.12116138637065887
0.17484693229198456
0.16065897047519684
0.10189639031887054
0.07991558313369751
0.11721999943256378
0.20262517035007477
0.13678814470767975
0.2113780379295349
0.18467320501804352
0.1124933511018753
0.1791636198759079
0.16680271923542023
0.1089719608426094
0.1437029093503952
0.13071072101593018
0.15030816197395325
0.12685053050518036
0.0848616287112236
0.13990123569965363
0.11931963264942169
0.07181907445192337
0.18491065502166748
0.1707760989665985
0.1719820499420166
0.15366677939891815
0.1118893176317215
0.10955902934074402
0.09715357422828674
0.134942427277565
0.1355113685131073
0.1216236799955368
0.14061003923416138
0.1348128765821457
0.08973762392997742
0.1321651190519333
0.17307431995868683
0.16848038136959076
0.14033101499080658
0.10694888234138489
0.12794229388237
0.11527416110038757
0.09910496324300766
0.11637240648269653
0.13700632750988007
0.10333700478076935
0.18274937570095062
0.11465008556842804
0.1768631935119629
0.11500169336795807
0.099933922290802
0.1802254170179367
0.09859732538461685
0.09998398274183273
0.11845487356185913
0.15413683652877808
0.17028844356536865
0.16003967821598053
0.11432980746030807
0.11328831315040588
0.20405906438827515
0.12501828372478485
0.0905098244547844
0.11955335736274719
0.10161953419446945
0.08036564290523529
0.16705463826656342
0.1346581131219864
0.06152364984154701
0.13930177688598633
0.10926121473312378
0.11490950733423233
0.12817217409610748
0.0882454514503479
0.15985935926437378
0.1768082082271576
0.19770924746990204
0.16763761639595032
0.1351187527179718
0.2008468061685562
0.1419280618429184
0.1378871351480484
0.1454184353351593
0.13924919068813324
0.09889523684978485
0.19363898038864136
0.1813584417104721
0.1505875140428543
0.13293693959712982
0.13513830304145813
0.15000496804714203
0.2031869888305664
0.1295033097267151
0.11876702308654785
0.17211519181728363
0.10104364156723022
0.1144772619009018
0.08767727017402649
0.09849362075328827
0.13538020849227905
0.10842294245958328
0.08381742984056473
0.11236489564180374
0.13360366225242615
0.13500511646270752
0.1006588265299797
0.13433289527893066
0.09883925318717957
0.20954281091690063
0.09474450349807739
0.15620988607406616
0.11378677189350128
0.20201508700847626
0.11749257147312164
0.18410910665988922
0.13236573338508606
0.10107319056987762
0.16481128334999084
0.17090743780136108
0.15271051228046417
0.15832525491714478
0.16256853938102722
0.07422009855508804
0.11865303665399551
0.09935685992240906
0.15017901360988617
0.14115725457668304
0.13230709731578827
0.19677269458770752
0.14714527130126953
0.10199752449989319
0.13882450759410858
0.09108655899763107
0.15278814733028412
0.17924170196056366
0.2557899057865143
0.10704417526721954
0.16963908076286316
0.1298595815896988
0.14627787470817566
0.12674644589424133
0.14708764851093292
0.12191712856292725
0.18983906507492065
0.17214304208755493
0.16556793451309204
0.11876670271158218
0.20646990835666656
0.2022424042224884
0.14985814690589905
0.121287040412426
0.09924051910638809
0.18258395791053772
0.08372265100479126
0.36333802342414856
0.1740681380033493
0.11542443931102753
0.08820503950119019
0.1504582315683365
0.128032386302948
0.22314675152301788
0.15874457359313965
0.19172386825084686
0.06322523206472397
0.1669091433286667
0.08677849173545837
0.12687253952026367
0.15390339493751526
0.18109449744224548
0.15060168504714966
0.12533354759216309
0.16819387674331665
0.1571386158466339
0.10113973915576935
0.1112225130200386
0.1733897179365158
0.1405308097600937
0.16759555041790009
0.11458013206720352
0.12052473425865173
0.1225665807723999
0.12427732348442078
0.2024022787809372
0.16257289052009583
0.0782918632030487
0.13280010223388672
0.1438433676958084
0.18178683519363403
0.16251370310783386
0.10277107357978821
0.13730116188526154
0.11214052885770798
0.18690717220306396
0.26382094621658325
0.10899574309587479
0.1443653702735901
0.20440493524074554
0.09366246312856674
0.1296306848526001
0.07751130312681198
0.18555162847042084
0.17322799563407898
0.13483290374279022
0.18153326213359833
0.12159563601016998
0.13350939750671387
0.13226208090782166
0.1611960083246231
0.1697801947593689
0.10771125555038452
0.09771433472633362
0.16473343968391418
0.1401340216398239
0.15809829533100128
0.10228792577981949
0.14272527396678925
0.1672082394361496
0.1642359048128128
0.12515079975128174
0.16853627562522888
0.13607865571975708
0.2692860960960388
0.14919006824493408
0.13110941648483276
0.12396644800901413
0.11929577589035034
0.11440819501876831
0.17177727818489075
0.16259565949440002
0.15777358412742615
0.0861150473356247
0.10977217555046082
0.17880290746688843
0.09030426293611526
0.14659860730171204
0.13037419319152832
0.13400514423847198
0.1420867145061493
0.12599259614944458
0.12722428143024445
0.10765697807073593
0.1522771418094635
0.13529056310653687
0.13274411857128143
0.13421274721622467
0.0968753769993782
0.13908487558364868
0.0697084367275238
0.09114997088909149
0.10071679949760437
0.24509257078170776
0.1700485348701477
0.143943190574646
0.1159430667757988
0.1748609095811844
0.13009430468082428
0.15199138224124908
0.09824078530073166
0.2007276564836502
0.2133273482322693
0.12230262905359268
0.1634213626384735
0.19913169741630554
0.1275685429573059
0.12795233726501465
0.09693931043148041
0.18220841884613037
0.114975206553936
0.08287245780229568
0.1706465631723404
0.15623906254768372
0.1270538717508316
0.19452017545700073
0.22267557680606842
0.13365259766578674
0.20097322762012482
0.1092526838183403
0.051254577934741974
0.1528523862361908
0.20426781475543976
0.09341420978307724
0.14935852587223053
0.12633006274700165
0.150488942861557
0.17305243015289307
0.17199158668518066
0.1726212203502655
0.16406600177288055
0.2507852613925934
0.1312766969203949
0.1290774941444397
0.11035885661840439
0.1498280018568039
0.17130574584007263
0.15702858567237854
0.1404002606868744
0.12206099182367325
0.15026219189167023
0.18609334528446198
0.10384496301412582
0.11173175275325775
0.1505649983882904
0.11942832916975021
0.151622474193573
0.17742399871349335
0.10118262469768524
0.12336475402116776
0.18135108053684235
0.16553938388824463
0.14775121212005615
0.10491625219583511
0.14124001562595367
0.17293080687522888
0.1123567670583725
0.12043752521276474
0.09949718415737152
0.13283602893352509
0.20566226541996002
0.15959672629833221
0.14027485251426697
0.15594349801540375
0.12726378440856934
0.17771169543266296
0.14741282165050507
0.1164502501487732
0.15467628836631775
0.14429223537445068
0.05741441622376442
0.10498891770839691
0.1832760125398636
0.21358293294906616
0.074886254966259
0.20498941838741302
0.15085411071777344
0.15312562882900238
0.12590955197811127
0.17149971425533295
0.19148781895637512
0.13476502895355225
0.09530844539403915
0.13403628766536713
0.1422239989042282
0.21171271800994873
0.1832883656024933
0.07621786743402481
0.16311752796173096
0.10866124927997589
0.12159861624240875
0.1480105072259903
0.12818031013011932
0.1059456393122673
0.13456633687019348
0.12833328545093536
0.10683683305978775
0.13358135521411896
0.1482945829629898
0.13059496879577637
0.1883375644683838
0.1575467735528946
0.131663978099823
0.19630713760852814
0.15710274875164032
0.15723544359207153
0.1655762642621994
0.14836546778678894
0.10630244016647339
0.15010873973369598
0.25283846259117126
0.099007748067379
0.15638720989227295
0.1825275868177414
0.10413730144500732
0.11461653560400009
0.10345073789358139
0.14527003467082977
0.1481187790632248
0.12022829055786133
0.13445746898651123
0.08790276944637299
0.17695878446102142
0.1322713941335678
0.13943736255168915
0.15851101279258728
0.13329367339611053
0.1626681089401245
0.11233264207839966
0.1110977828502655
0.1654616743326187
0.1598658710718155
0.26355981826782227
0.1147916316986084
0.18214784562587738
0.1331738531589508
0.18673263490200043
0.10041103512048721
0.12043873220682144
0.15520666539669037
0.16934460401535034
0.19108515977859497
0.15060144662857056
0.1483139842748642
0.2576046586036682
0.16583436727523804
0.17769309878349304
0.1271333545446396
0.22548767924308777
0.15276043117046356
0.14925602078437805
0.11995727568864822
0.1256466954946518
0.14168597757816315
0.18424226343631744
0.21577805280685425
0.13992981612682343
0.10046079009771347
0.08601558208465576
0.12619207799434662
0.09691625833511353
0.10986150056123734
0.13171079754829407
0.18854035437107086
0.18955326080322266
0.1487559676170349
0.14159254729747772
0.22048820555210114
0.10073116421699524
0.10163427889347076
0.11892488598823547
0.15262657403945923
0.1749960035085678
0.18271756172180176
0.11642267554998398
0.1721014678478241
0.1336536556482315
0.1216258630156517
0.15519355237483978
0.1469719409942627
0.1388774961233139
0.08565880358219147
0.160474494099617
0.197347953915596
0.127562016248703
0.19691938161849976
0.15722186863422394
0.14834199845790863
0.155419260263443
0.1361262947320938
0.2168269157409668
0.1770176887512207
0.17338578402996063
0.2433670163154602
0.14161549508571625
0.18563561141490936
0.15722310543060303
0.08691158145666122
0.1419362723827362
0.10320056229829788
0.14493970572948456
0.19952771067619324
0.10991032421588898
0.17741553485393524
0.10860645771026611
0.11867827922105789
0.07342211902141571
0.18734042346477509
0.13103623688220978
0.16289839148521423
0.13921910524368286
0.1322900503873825
0.11126925051212311
0.12522870302200317
0.1803177297115326
0.13253530859947205
0.15889960527420044
0.14879031479358673
0.18452557921409607
0.1539217084646225
0.14611516892910004
0.12902669608592987
0.18406113982200623
0.1348733752965927
0.11717897653579712
0.13911890983581543
0.1841772049665451
0.1449662297964096
0.1480565369129181
0.1530887931585312
0.13029658794403076
0.12140337377786636
0.1298982948064804
0.14033390581607819
0.11861572414636612
0.09610261023044586
0.1755039244890213
0.1160363182425499
0.11305144429206848
0.11713336408138275
0.07423083484172821
0.07836240530014038
0.14719833433628082
0.17087382078170776
0.13717342913150787
0.15323370695114136
0.19497302174568176
0.16361813247203827
0.14639830589294434
0.20518550276756287
0.1581563502550125
0.1446826457977295
0.08470003306865692
0.07013332843780518
0.15056777000427246
0.18390439450740814
0.17813880741596222
0.2270437628030777
0.1854015737771988
0.1620037704706192
0.2249968945980072
0.15395337343215942
0.12345621734857559
0.09803416579961777
0.12048966437578201
0.15370243787765503
0.17991423606872559
0.10785166174173355
0.15616999566555023
0.10614323616027832
0.11318442225456238
0.11646145582199097
0.19149698317050934
0.13668560981750488
0.18088504672050476
0.07193291932344437
0.13751134276390076
0.2228887677192688
0.16176661849021912
0.08885867148637772
0.12138618528842926
0.16183078289031982
0.11322105675935745
0.0946623757481575
0.05838658660650253
0.11235488951206207
0.19754986464977264
0.14017057418823242
0.1712823510169983
0.10776259005069733
0.14458109438419342
0.16244922578334808
0.2259994000196457
0.14089615643024445
0.14675648510456085
0.1264684498310089
0.12882409989833832
0.11938063055276871
0.16009846329689026
0.18961389362812042
0.11919941008090973
0.14197325706481934
0.12347229570150375
0.15337017178535461
0.14504475891590118
0.12034084647893906
0.16486960649490356
0.1677134484052658
0.1521066278219223
0.16003470122814178
0.17789211869239807
0.1645847111940384
0.13885270059108734
0.16727294027805328
0.13526323437690735
0.11043739318847656
0.14044703543186188
0.12639158964157104
0.09989239275455475
0.14158177375793457
0.18238234519958496
0.16410240530967712
0.08712660521268845
0.15711212158203125
0.1784755438566208
0.10455615818500519
0.15855708718299866
0.1372768133878708
0.15631431341171265
0.1635151207447052
0.08520890772342682
0.1683431714773178
0.09777931123971939
0.0635172501206398
0.11521036922931671
0.13156695663928986
0.14172379672527313
0.13220003247261047
0.0970657542347908
0.15850329399108887
0.0920276790857315
0.18506446480751038
0.16731250286102295
0.1579166203737259
0.07600852847099304
0.14867334067821503
0.14852553606033325
0.09887529164552689
0.11720558255910873
0.13461345434188843
0.13084152340888977
0.12123890966176987
0.12145136296749115
0.12427294254302979
0.14968708157539368
0.12718793749809265
0.14932166039943695
0.13565465807914734
0.0705096647143364
0.13775217533111572
0.1612587869167328
0.09723299741744995
0.07336249947547913
0.12174362689256668
0.10408332198858261
0.1539013683795929
0.2255219668149948
0.14789797365665436
0.11832296848297119
0.15926337242126465
0.16262611746788025
0.2399442493915558
0.09678561240434647
0.1354718953371048
0.28512126207351685
0.1525268852710724
0.15739001333713531
0.10389166325330734
0.13412967324256897
0.15327449142932892
0.12666411697864532
0.14980506896972656
0.07145340740680695
0.1804070621728897
0.1926870048046112
0.10218445956707001
0.168279230594635
0.18745382130146027
0.1525585949420929
0.20172810554504395
0.13727501034736633
0.2231520414352417
0.09931468963623047
0.1745983064174652
0.11766087263822556
0.18739157915115356
0.16687144339084625
0.08263146877288818
0.07341692596673965
0.13300231099128723
0.13159534335136414
0.1868671029806137
0.16604478657245636
0.18396838009357452
0.13247986137866974
0.1952091008424759
0.13401667773723602
0.1521712839603424
0.10305889695882797
0.2578316032886505
0.1019345372915268
0.09846106171607971
0.10648653656244278
0.13817766308784485
0.15807223320007324
0.16364701092243195
0.16416460275650024
0.09894338995218277
0.11470595747232437
0.15116342902183533
0.11500084400177002
0.20516599714756012
0.20863601565361023
0.15957045555114746
0.13066229224205017
0.10411179065704346
0.1338832527399063
0.14640961587429047
0.1748034805059433
0.13738735020160675
0.18508988618850708
0.12157831341028214
0.09617972373962402
0.1659371554851532
0.19014792144298553
0.17616410553455353
0.08510264754295349
0.1296379119157791
0.14291884005069733
0.1533275842666626
0.13357485830783844
0.20904122292995453
0.1349896639585495
0.12899556756019592
0.1259259134531021
0.0929763987660408
0.13422928750514984
0.08914158493280411
0.09037023037672043
0.21748794615268707
0.11344645172357559
0.11602560430765152
0.1793566644191742
0.12435287237167358
0.19360125064849854
0.0754610076546669
0.16362206637859344
0.3305298388004303
0.17880955338478088
0.20773079991340637
0.1415511667728424
0.0744016021490097
0.13136537373065948
0.11015266180038452
0.13478505611419678
0.07213637232780457
0.14814895391464233
0.15274712443351746
0.15928076207637787
0.20138244330883026
0.14677166938781738
0.11908956617116928
0.11222706735134125
0.10184362530708313
0.13459232449531555
0.11107733100652695
0.09704282134771347
0.15891841053962708
0.047781381756067276
0.16537632048130035
0.16531454026699066
0.2529561221599579
0.1876312792301178
0.17187389731407166
0.12173400819301605
0.19822223484516144
0.08412830531597137
0.12494536489248276
0.14265328645706177
0.14151565730571747
0.09563100337982178
0.17693056166172028
0.21743090450763702
0.1995803713798523
0.07421693950891495
0.16287219524383545
0.09477073699235916
0.15088394284248352
0.09802703559398651
0.3383917510509491
0.13928425312042236
0.13641035556793213
0.15864433348178864
0.10670816898345947
0.22633641958236694
0.2492910772562027
0.13212190568447113
0.19328203797340393
0.11078565567731857
0.18115444481372833
0.13809463381767273
0.11977075785398483
0.1033971756696701
0.2046171873807907
0.14499680697917938
0.25832706689834595
0.18850360810756683
0.10631075501441956
0.15833263099193573
0.09241022914648056
0.15873990952968597
0.19282035529613495
0.17078933119773865
0.14471806585788727
0.16109365224838257
0.20367971062660217
0.11092402786016464
0.14214590191841125
0.1330002397298813
0.12258532643318176
0.09834110736846924
0.11623269319534302
0.16938987374305725
0.16533909738063812
0.10741355270147324
0.1522233933210373
0.13690905272960663
0.10231408476829529
0.15525352954864502
0.14529889822006226
0.17384445667266846
0.14560581743717194
0.1465979367494583
0.12177936732769012
0.1289507895708084
0.15837787091732025
0.11921519041061401
0.17792022228240967
0.22610321640968323
0.18940652906894684
0.1666565090417862
0.13382494449615479
0.12114623188972473
0.15030086040496826
0.10964269936084747
0.11506512761116028
0.09551550447940826
0.17957338690757751
0.10185141861438751
0.1490725427865982
0.11792351305484772
0.1358257234096527
0.14428527653217316
0.1418965607881546
0.14487524330615997
0.20573221147060394
0.1450699418783188
0.11680810153484344
0.10515419393777847
0.06628063321113586
0.16943834722042084
0.1537475287914276
0.10238233208656311
0.12855574488639832
0.1679382026195526
0.1327553540468216
0.16822831332683563
0.14849931001663208
0.08698806911706924
0.12637947499752045
0.14068348705768585
0.11213582754135132
0.1340552568435669
0.1270599365234375
0.14905479550361633
0.08328741788864136
0.1306859850883484
0.19046413898468018
0.15206626057624817
0.15429149568080902
0.22267277538776398
0.11477863788604736
0.255898654460907
0.13571560382843018
0.14696049690246582
0.10827257484197617
0.11060250550508499
0.11616433411836624
0.0673581138253212
0.1470152586698532
0.19734391570091248
0.08393476903438568
0.17363455891609192
0.10378587245941162
0.13779126107692719
0.11620739102363586
0.11919276416301727
0.1274358481168747
0.13708408176898956
0.047098308801651
0.09799308329820633
0.08537136018276215
0.2645520269870758
0.1488640010356903
0.10179588943719864
0.13911747932434082
0.3203144967556
0.18448080122470856
0.15302686393260956
0.1515839695930481
0.12641403079032898
0.15757454931735992
0.1884446144104004
0.15300358831882477
0.12770593166351318
0.14296938478946686
0.1547221541404724
0.1226189061999321
0.11586678773164749
0.1414598524570465
0.17673100531101227
0.1671176254749298
0.13066868484020233
0.14674855768680573
0.12939970195293427
0.14820733666419983
0.15048573911190033
0.15675857663154602
0.12522092461585999
0.15397511422634125
0.1108565628528595
0.1798974722623825
0.14941513538360596
0.17488577961921692
0.13293951749801636
0.09634655714035034
0.15124119818210602
0.17162387073040009
0.15511828660964966
0.22718971967697144
0.17507755756378174
0.171560138463974
0.16233371198177338
0.17264965176582336
0.16057786345481873
0.12314581125974655
0.10478077828884125
0.13702574372291565
0.1861296147108078
0.16340914368629456
0.13161487877368927
0.1331242322921753
0.14153128862380981
0.1880629062652588
0.1376749575138092
0.09169406443834305
0.1276002824306488
0.1823514997959137
0.08623434603214264
0.10649482160806656
0.14829719066619873
0.12983670830726624
0.11944980174303055
0.11843650788068771
0.18904873728752136
0.16202685236930847
0.12335874140262604
0.22472485899925232
0.1583227962255478
0.23014608025550842
0.12344307452440262
0.1713564693927765
0.09702151268720627
0.14064107835292816
0.09202180057764053
0.09372185170650482
0.20575711131095886
0.09357716888189316
0.1385953724384308
0.10692788660526276
0.1586472988128662
0.11089634150266647
0.19204263389110565
0.16944721341133118
0.14716652035713196
0.1975666731595993
0.16232798993587494
0.15824483335018158
0.1856125295162201
0.16850580275058746
0.15077747404575348
0.10704013705253601
0.1346934288740158
0.1593436747789383
0.17648732662200928
0.16543325781822205
0.12713629007339478
0.15401700139045715
0.1284085363149643
0.10671492666006088
0.1464318335056305
0.091205894947052
0.12115199118852615
0.11747090518474579
0.16434819996356964
0.1742784082889557
0.1227031946182251
0.11578990519046783
0.19608011841773987
0.12319951504468918
0.12371674925088882
0.08487498760223389
0.1373092532157898
0.10351411253213882
0.09818258881568909
0.15178991854190826
0.20809708535671234
0.15033084154129028
0.19030272960662842
0.19290153682231903
0.1632670909166336
0.18685206770896912
0.16505299508571625
0.116226427257061
0.17582538723945618
0.13788467645645142
0.10903973132371902
0.1308162957429886
0.10945750027894974
0.2564101815223694
0.1233430728316307
0.16623471677303314
0.12573711574077606
0.18175466358661652
0.1451621800661087
0.22334808111190796
0.12444821745157242
0.15806251764297485
0.1370319128036499
0.180486798286438
0.25607168674468994
0.129603311419487
0.09864689409732819
0.17219877243041992
0.17484217882156372
0.08479885011911392
0.204031839966774
0.146124005317688
0.20076832175254822
0.1488305777311325
0.10412876307964325
0.08500722050666809
0.16430902481079102
0.07423865050077438
0.11144828796386719
0.13120558857917786
0.11210039258003235
0.21371042728424072
0.15162737667560577
0.10777758061885834
0.10110881179571152
0.2005888968706131
0.12024392932653427
0.15662334859371185
0.1834750473499298
0.15518446266651154
0.13878197968006134
0.16057375073432922
0.09520231932401657
0.16162170469760895
0.1357816755771637
0.09543118625879288
0.18722639977931976
0.08991862088441849
0.15701138973236084
0.18908046185970306
0.09538862109184265
0.18336845934391022
0.2177143096923828
0.14164184033870697
0.0792800784111023
0.11511208117008209
0.09866837412118912
0.16310319304466248
0.2331068217754364
0.12435921281576157
0.07187780737876892
0.12843917310237885
0.06818585842847824
0.14453408122062683
0.09491389989852905
0.17189018428325653
0.12536484003067017
0.05400441586971283
0.13023029267787933
0.07252737879753113
0.16375157237052917
0.12383563071489334
0.16221195459365845
0.1610240489244461
0.10887711495161057
0.15665937960147858
0.11393629759550095
0.14231997728347778
0.09640242904424667
0.25929760932922363
0.1894717961549759
0.20207451283931732
0.13066700100898743
0.1527276635169983
0.13194778561592102
0.1738627403974533
0.12026884406805038
0.15992958843708038
0.13974884152412415
0.23231035470962524
0.1761731058359146
0.13285423815250397
0.11466845124959946
0.19259114563465118
0.16456815600395203
0.11961232125759125
0.1536354273557663
0.10045827180147171
0.08726858347654343
0.15437713265419006
0.1944848895072937
0.10210565477609634
0.14478589594364166
0.17286860942840576
0.13411280512809753
0.1302163451910019
0.1272086799144745
0.2245052307844162
0.10000616312026978
0.12677311897277832
0.18078123033046722
0.13313594460487366
0.16776373982429504
0.12475623190402985
0.252650648355484
0.13719172775745392
0.15954510867595673
0.10313019901514053
0.13743439316749573
0.1100684404373169
0.10218675434589386
0.11209502816200256
0.11752622574567795
0.21449822187423706
0.12146632373332977
0.1674887090921402
0.13213372230529785
0.2139175534248352
0.17293782532215118
0.16090445220470428
0.09186401218175888
0.15549513697624207
0.20499590039253235
0.27698931097984314
0.14097386598587036
0.19428254663944244
0.168331578373909
0.13805125653743744
0.1370319128036499
0.17176248133182526
0.16766829788684845
0.17077109217643738
0.10710176080465317
0.15730229020118713
0.2803584039211273
0.13492129743099213
0.15884847939014435
0.18318389356136322
0.14509831368923187
0.17297357320785522
0.13739250600337982
0.23729707300662994
0.11360082775354385
0.17462259531021118
0.128692626953125
0.11232354491949081
0.09363400936126709
0.16545845568180084
0.12373261153697968
0.15800751745700836
0.15304656326770782
0.14559762179851532
0.1850142478942871
0.1213713064789772
0.14074474573135376
0.09240276366472244
0.16100794076919556
0.14640431106090546
0.15791302919387817
0.1258683204650879
0.15517617762088776
0.17827150225639343
0.17166131734848022
0.1812952756881714
0.18711355328559875
0.18918472528457642
0.12554146349430084
0.18599383533000946
0.06577558815479279
0.07247060537338257
0.15331313014030457
0.14198288321495056
0.13473501801490784
0.16652138531208038
0.10929401218891144
0.14035341143608093
0.11627232283353806
0.13757361471652985
0.10332188010215759
0.1469743549823761
0.0728781595826149
0.1408875733613968
0.20778241753578186
0.23745889961719513
0.14886103570461273
0.22440791130065918
0.10896248370409012
0.15656769275665283
0.14886538684368134
0.11014068871736526
0.16341470181941986
0.1507311910390854
0.1789238452911377
0.1353674978017807
0.14371980726718903
0.13173073530197144
0.14700669050216675
0.11253710091114044
0.1260259598493576
0.16227810084819794
0.1664898693561554
0.18917210400104523
0.17623578011989594
0.22925782203674316
0.17621585726737976
0.17324474453926086
0.11002364009618759
0.10790038853883743
0.1713590770959854
0.13252109289169312
0.1430548131465912
0.1623244732618332
0.1629631221294403
0.15716248750686646
0.15283474326133728
0.15620902180671692
0.1349966824054718
0.140529602766037
0.1319996416568756
0.13932982087135315
0.14742685854434967
0.15167595446109772
0.1720961034297943
0.2032591700553894
0.1508394330739975
0.1748330295085907
0.17479290068149567
0.19936592876911163
0.15614336729049683
0.11870135366916656
0.12545174360275269
0.15424564480781555
0.2231702357530594
0.12066958844661713
0.17915351688861847
0.12990020215511322
0.1750819981098175
0.06136729195713997
0.10811091959476471
0.2553333640098572
0.2085222750902176
0.17271775007247925
0.09780392795801163
0.20822924375534058
0.12860195338726044
0.0940462276339531
0.11964453011751175
0.13219888508319855
0.17134211957454681
0.12799082696437836
0.08869633823633194
0.14890363812446594
0.1140574961900711
0.17961926758289337
0.24780374765396118
0.1886010468006134
0.20494946837425232
0.13648244738578796
0.14831526577472687
0.1469908058643341
0.12582381069660187
0.1802370399236679
0.10290348529815674
0.14816763997077942
0.1502441018819809
0.10955844074487686
0.12958770990371704
0.11112888902425766
0.12507888674736023
0.11851073801517487
0.17846408486366272
0.1447298377752304
0.127411350607872
0.19394102692604065
0.1400395631790161
0.14382018148899078
0.08850045502185822
0.16430440545082092
0.22678972780704498
0.17356786131858826
0.13083240389823914
0.11117707192897797
0.18936830759048462
0.13875940442085266
0.1923799216747284
0.15300145745277405
0.1880730241537094
0.1660056710243225
0.11168404668569565
0.11811856925487518
0.12213145196437836
0.14472584426403046
0.0883789137005806
0.12009458243846893
0.16277408599853516
0.19366078078746796
0.11324124783277512
0.1813487857580185
0.07947081327438354
0.1312415599822998
0.19587531685829163
0.14856208860874176
0.18027010560035706
0.13686302304267883
0.1859559416770935
0.21381092071533203
0.13710951805114746
0.15623839199543
0.1600058227777481
0.11159956455230713
0.11936764419078827
0.09620854258537292
0.11446545273065567
0.12542714178562164
0.10832414031028748
0.17585940659046173
0.19807587563991547
0.14980220794677734
0.15576623380184174
0.16130319237709045
0.12750773131847382
0.1799217164516449
0.09561014175415039
0.13383522629737854
0.14576326310634613
0.13291317224502563
0.17805570363998413
0.19146741926670074
0.20332621037960052
0.13145948946475983
0.14486163854599
0.15326309204101562
0.14424273371696472
0.09260624647140503
0.13465723395347595
0.07206961512565613
0.14783698320388794
0.11273643374443054
0.2209075689315796
0.16032487154006958
0.09688685089349747
0.14786183834075928
0.15668797492980957
0.16488948464393616
0.10474304854869843
0.09772580116987228
0.13906599581241608
0.11399287730455399
0.10280512273311615
0.15840208530426025
0.1364012360572815
0.15811511874198914
0.17138493061065674
0.10293713957071304
0.0951886922121048
0.15715870261192322
0.09078161418437958
0.1495368629693985
0.10689611732959747
0.2200729250907898
0.1212882325053215
0.1498182713985443
0.1520705670118332
0.12736110389232635
0.12239733338356018
0.1219804659485817
0.1473216563463211
0.18519550561904907
0.17851972579956055
0.14678356051445007
0.1542893946170807
0.1996571570634842
0.16488264501094818
0.14217901229858398
0.15411175787448883
0.07565493136644363
0.052731953561306
0.06791181862354279
0.12279621511697769
0.18677259981632233
0.12323836237192154
0.10010115057229996
0.15014788508415222
0.12945666909217834
0.12971530854701996
0.11873841285705566
0.1174289807677269
0.1671837419271469
0.23643971979618073
0.20289483666419983
0.1485673189163208
0.10117512941360474
0.1480853110551834
0.19155918061733246
0.12471342831850052
0.15873347222805023
0.11368884146213531
0.10027018189430237
0.17235229909420013
0.1258334368467331
0.11564546823501587
0.20512717962265015
0.20334197580814362
0.08073091506958008
0.12076874077320099
0.08963798731565475
0.15617771446704865
0.0806303322315216
0.12218546122312546
0.17390041053295135
0.09563363343477249
0.13069716095924377
0.07382271438837051
0.12371471524238586
0.12208665162324905
0.1487685889005661
0.11579734832048416
0.17506377398967743
0.13221967220306396
0.24007707834243774
0.15230146050453186
0.17446449398994446
0.12703214585781097
0.17274898290634155
0.13844840228557587
0.07789827138185501
0.16614747047424316
0.1332354098558426
0.09122979640960693
0.2149094194173813
0.0928114727139473
0.11939695477485657
0.1072588786482811
0.07590540498495102
0.1172734946012497
0.24793002009391785
0.12206245213747025
0.2525029182434082
0.12972936034202576
0.07049068808555603
0.07611826062202454
0.1309804618358612
0.08981911838054657
0.16266340017318726
0.11577483266592026
0.0976804792881012
0.15033620595932007
0.11775603890419006
0.1197793185710907
0.13590127229690552
0.11941775679588318
0.12466894835233688
0.12108154594898224
0.20901177823543549
0.15704810619354248
0.18273714184761047
0.12879790365695953
0.08185023814439774
0.12764686346054077
0.09480553865432739
0.1377965211868286
0.08801478892564774
0.14560146629810333
0.07553859055042267
0.13945579528808594
0.1610337495803833
0.1149914339184761
0.11136489361524582
0.08076172322034836
0.09295779466629028
0.24535298347473145
0.18754442036151886
0.13218852877616882
0.16737303137779236
0.1719740778207779
0.24761751294136047
0.08772283792495728
0.17383244633674622
0.11972807347774506
0.19166341423988342
0.13032746315002441
0.1461266577243805
0.1541428565979004
0.18533283472061157
0.10609360784292221
0.198464035987854
0.14780278503894806
0.106622114777565
0.07356049120426178
0.12208440899848938
0.1318320631980896
0.09914901107549667
0.13880376517772675
0.14529670774936676
0.1330137550830841
0.11784530431032181
0.12147795408964157
0.1568394899368286
0.14428046345710754
0.13554297387599945
0.22474834322929382
0.15994058549404144
0.14688566327095032
0.10947329550981522
0.19237102568149567
0.15474312007427216
0.08088894188404083
0.12399031966924667
0.06126658618450165
0.272074431180954
0.1596640646457672
0.12014975398778915
0.11590372025966644
0.12725244462490082
0.17938268184661865
0.13288168609142303
0.13922607898712158
0.10794232785701752
0.12951314449310303
0.10915808379650116
0.14475086331367493
0.11194952577352524
0.08578849583864212
0.11453606188297272
0.14950640499591827
0.15103770792484283
0.13699880242347717
0.10312958061695099
0.16743986308574677
0.15662257373332977
0.14640964567661285
0.12738212943077087
0.16814406216144562
0.2068958878517151
0.19947409629821777
0.1370607167482376
0.10068824887275696
0.10151585936546326
0.13802681863307953
0.17624887824058533
0.14184196293354034
0.11300664395093918
0.08602563291788101
0.17197288572788239
0.1548929661512375
0.14790546894073486
0.21001023054122925
0.1578642725944519
0.07662621885538101
0.14895668625831604
0.24858751893043518
0.1714867353439331
0.14195005595684052
0.12033925950527191
0.13206572830677032
0.13018956780433655
0.17074209451675415
0.11041563749313354
0.06820563226938248
0.14230118691921234
0.1826115846633911
0.15167760848999023
0.12632498145103455
0.12791010737419128
0.176212340593338
0.1849052906036377
0.15397906303405762
0.16348884999752045
0.1375567615032196
0.1432514786720276
0.18454855680465698
0.15177978575229645
0.19309890270233154
0.16709664463996887
0.15433061122894287
0.22391961514949799
0.1886185109615326
0.16945302486419678
0.16865791380405426
0.1541595160961151
0.12627340853214264
0.22593973577022552
0.17410610616207123
0.15850500762462616
0.20065642893314362
0.25496211647987366
0.12517032027244568
0.18267107009887695
0.10021965205669403
0.1949557662010193
0.1480632871389389
0.15478704869747162
0.17463131248950958
0.13167022168636322
0.1639186292886734
0.1393984854221344
0.13824614882469177
0.19344444572925568
0.10462886840105057
0.1581166535615921
0.1614510715007782
0.150640606880188
0.07128672301769257
0.16109660267829895
0.11960580199956894
0.16072902083396912
0.09922720491886139
0.10558672994375229
0.1740279644727707
0.1228838786482811
0.2224757969379425
0.11353304237127304
0.09367959201335907
0.1878708451986313
0.12628786265850067
0.15539902448654175
0.14605478942394257
0.15539470314979553
0.1554974913597107
0.09410994499921799
0.20233838260173798
0.0707855373620987
0.1710696667432785
0.08494388312101364
0.11156254261732101
0.13398794829845428
0.13880252838134766
0.13670839369297028
0.07801561802625656
0.18464013934135437
0.13012094795703888
0.17156417667865753
0.1966886967420578
0.2177899181842804
0.16604924201965332
0.17983272671699524
0.1190674901008606
0.13457857072353363
0.18021608889102936
0.12965722382068634
0.09535013139247894
0.14528368413448334
0.1504485160112381
0.12964299321174622
0.1754913330078125
0.14710375666618347
0.10791013389825821
0.15076684951782227
0.1475885510444641
0.18252147734165192
0.19613932073116302
0.1801050752401352
0.10252438485622406
0.09907025843858719
0.1541016846895218
0.15443985164165497
0.13342860341072083
0.12093285471200943
0.11748558282852173
0.1486636847257614
0.2415684461593628
0.1730727255344391
0.10810000449419022
0.13907942175865173
0.18262679874897003
0.11583399027585983
0.14550814032554626
0.09515153616666794
0.11619575321674347
0.12034304440021515
0.16444049775600433
0.19261182844638824
0.17579536139965057
0.12142834067344666
0.22474835813045502
0.19484001398086548
0.15315257012844086
0.1641750931739807
0.11116350442171097
0.1483098864555359
0.1616198867559433
0.10055947303771973
0.1212460994720459
0.1288987547159195
0.16590054333209991
0.12817052006721497
0.10362112522125244
0.21678566932678223
0.10980114340782166
0.15251542627811432
0.1281309276819229
0.14660562574863434
0.2138483077287674
0.09736452996730804
0.11914344877004623
0.19303172826766968
0.17659977078437805
0.13402198255062103
0.1140325516462326
0.16429919004440308
0.14336182177066803
0.15188685059547424
0.11863492429256439
0.1282188594341278
0.11506512016057968
0.1512741893529892
0.15136130154132843
0.192518949508667
0.19653283059597015
0.1295892596244812
0.0693424865603447
0.18276265263557434
0.16338104009628296
0.1319984346628189
0.22764699161052704
0.1380809247493744
0.11622903496026993
0.13052241504192352
0.06775467842817307
0.15936176478862762
0.1597847044467926
0.1947890669107437
0.13804475963115692
0.1267937868833542
0.0713212788105011
0.12611770629882812
0.16046637296676636
0.1866372525691986
0.12157486379146576
0.1607111692428589
0.098326176404953
0.1846119463443756
0.15524667501449585
0.15668150782585144
0.1152312308549881
0.15863631665706635
0.29278504848480225
0.1828141212463379
0.16745296120643616
0.11776281893253326
0.13098597526550293
0.15261271595954895
0.17094962298870087
0.11654391884803772
0.14257262647151947
0.21696455776691437
0.1590588241815567
0.11268925666809082
0.18038073182106018
0.17124128341674805
0.1754750907421112
0.11528929322957993
0.191526859998703
0.18357190489768982
0.11852040886878967
0.15974873304367065
0.16573981940746307
0.17844247817993164
0.14184294641017914
0.1282828003168106
0.14443829655647278
0.12889686226844788
0.24998070299625397
0.16367654502391815
0.16728578507900238
0.12727920711040497
0.13277393579483032
0.2000150829553604
0.14246919751167297
0.11773694306612015
0.1299404352903366
0.13675951957702637
0.21706324815750122
0.15874707698822021
0.15992052853107452
0.09171028435230255
0.1265415996313095
0.12973813712596893
0.16205665469169617
0.22732038795948029
0.23818083107471466
0.22490264475345612
0.16486968100070953
0.12026558816432953
0.1648881882429123
0.14569874107837677
0.13405336439609528
0.09491479396820068
0.16120943427085876
0.13801643252372742
0.10020845383405685
0.23043842613697052
0.2033112496137619
0.22362762689590454
0.1235911101102829
0.09198367595672607
0.1862681359052658
0.10164076089859009
0.14911679923534393
0.26373445987701416
0.12778891623020172
0.14189355075359344
0.36501869559288025
0.1905459612607956
0.16436287760734558
0.17906692624092102
0.1288936734199524
0.20803044736385345
0.10445936024188995
0.18399767577648163
0.16665582358837128
0.15657491981983185
0.1611189991235733
0.15057846903800964
0.24014773964881897
0.21417368948459625
0.18749402463436127
0.14429984986782074
0.18111853301525116
0.1126769483089447
0.15020319819450378
0.11476348340511322
0.13676318526268005
0.11783378571271896
0.21927519142627716
0.14322388172149658
0.16347314417362213
0.1409878134727478
0.1945507675409317
0.14808936417102814
0.11028622090816498
0.14251326024532318
0.18725040555000305
0.1311628520488739
0.1385919153690338
0.12654773890972137
0.11301928758621216
0.26892444491386414
0.11226668953895569
0.20199760794639587
0.14779604971408844
0.08873714506626129
0.21114271879196167
0.1085209771990776
0.14584724605083466
0.2685996890068054
0.1495296210050583
0.18070729076862335
0.14218631386756897
0.09783750027418137
0.2162521779537201
0.10657311975955963
0.08651075512170792
0.10905176401138306
0.15612131357192993
0.1326158046722412
0.14657734334468842
0.16657871007919312
0.1540268361568451
0.11776398122310638
0.11740405112504959
0.12739402055740356
0.18260963261127472
0.1844361573457718
0.19767259061336517
0.13057395815849304
0.13301922380924225
0.13424599170684814
0.15194478631019592
0.14604707062244415
0.11487182974815369
0.1377658247947693
0.1921011507511139
0.19627165794372559
0.13195347785949707
0.09888657182455063
0.16977034509181976
0.13322634994983673
0.14072687923908234
0.11310338228940964
0.13528938591480255
0.15229107439517975
0.14175203442573547
0.1685985028743744
0.1499178111553192
0.25262880325317383
0.14880970120429993
0.19829149544239044
0.139937162399292
0.19766531884670258
0.15803764760494232
0.15716886520385742
0.09086011350154877
0.1379784345626831
0.22027450799942017
0.09166308492422104
0.11764601618051529
0.1958436369895935
0.1704418957233429
0.15211939811706543
0.11821102350950241
0.08482222259044647
0.15966100990772247
0.17786642909049988
0.07436317205429077
0.14832304418087006
0.1619848608970642
0.19222156703472137
0.17501945793628693
0.17836284637451172
0.10839377343654633
0.15714603662490845
0.1582801789045334
0.1410059928894043
0.19433826208114624
0.1536717265844345
0.19880631566047668
0.14824575185775757
0.1414792388677597
0.19775892794132233
0.1454615741968155
0.11409613490104675
0.1547657996416092
0.1508665829896927
0.13373588025569916
0.15726852416992188
0.1454201191663742
0.12635371088981628
0.1845526248216629
0.23944693803787231
0.11535455286502838
0.1600768268108368
0.11149607598781586
0.1388285607099533
0.1451835185289383
0.21762868762016296
0.15821756422519684
0.10084294527769089
0.15923359990119934
0.09698720276355743
0.15919432044029236
0.1866690069437027
0.12733735144138336
0.2866806983947754
0.09836777299642563
0.14191466569900513
0.17459671199321747
0.14040297269821167
0.16053543984889984
0.18232941627502441
0.21018943190574646
0.13990867137908936
0.22055630385875702
0.15224197506904602
0.2083791345357895
0.09533551335334778
0.19787997007369995
0.19777806103229523
0.16769354045391083
0.12860265374183655
0.12747670710086823
0.1714901626110077
0.1514662504196167
0.19255881011486053
0.1874777227640152
0.16188746690750122
0.17282110452651978
0.1562521755695343
0.08431132882833481
0.17959266901016235
0.1387217789888382
0.13564978539943695
0.10810191184282303
0.159854456782341
0.10607060045003891
0.11206786334514618
0.1293116807937622
0.12034483999013901
0.15725411474704742
0.07574274390935898
0.19242078065872192
0.18848848342895508
0.17442302405834198
0.15152586996555328
0.12848134338855743
0.09137233346700668
0.1540473848581314
0.16452144086360931
0.1373029351234436
0.15123389661312103
0.10215487331151962
0.14759555459022522
0.1118076741695404
0.14108514785766602
0.1912674456834793
0.13037362694740295
0.15416575968265533
0.10196597129106522
0.037469249218702316
0.11405226588249207
0.20748142898082733
0.17537327110767365
0.16643591225147247
0.04625839740037918
0.09755808860063553
0.18769985437393188
0.1604168713092804
0.14213180541992188
0.1379374861717224
0.177135169506073
0.20612645149230957
0.17803071439266205
0.1325138360261917
0.14568789303302765
0.14336137473583221
0.1423671692609787
0.15561982989311218
0.18220247328281403
0.15997080504894257
0.12894119322299957
0.16401781141757965
0.22748306393623352
0.17088492214679718
0.15910938382148743
0.14185813069343567
0.15994800627231598
0.18921546638011932
0.11325307935476303
0.15100181102752686
0.2033095508813858
0.1818961203098297
0.18669915199279785
0.24617551267147064
0.16777010262012482
0.1791735142469406
0.15997284650802612
0.1407252699136734
0.17942285537719727
0.1513114720582962
0.15060068666934967
0.1334792971611023
0.16841629147529602
0.28710678219795227
0.18701055645942688
0.13339534401893616
0.14061547815799713
0.14104598760604858
0.15107548236846924
0.11368955671787262
0.14235040545463562
0.21459512412548065
0.22512128949165344
0.19316837191581726
0.21001291275024414
0.2989191710948944
0.16394707560539246
0.2870365381240845
0.0855044573545456
0.17409884929656982
0.12182068824768066
0.10895376652479172
0.12807422876358032
0.11864064633846283
0.105276919901371
0.12360996752977371
0.14594492316246033
0.14322912693023682
0.17513461410999298
0.1680067628622055
0.20446419715881348
0.12805885076522827
0.18495452404022217
0.1745305359363556
0.10355120897293091
0.13267530500888824
0.19871380925178528
0.18510934710502625
0.14812634885311127
0.12488710135221481
0.17514494061470032
0.1392076015472412
0.07551666349172592
0.15110573172569275
0.18355557322502136
0.13055731356143951
0.14018218219280243
0.22341594099998474
0.1582513153553009
0.18767611682415009
0.2015930414199829
0.11982356756925583
0.1267729103565216
0.172389417886734
0.10487371683120728
0.17516502737998962
0.16492122411727905
0.1770198941230774
0.0850033164024353
0.13692106306552887
0.09648314863443375
0.1284746676683426
0.16387711465358734
0.09195828437805176
0.16459307074546814
0.13450759649276733
0.2081252932548523
0.16372911632061005
0.11113984882831573
0.1105550080537796
0.15324126183986664
0.17419147491455078
0.09371978044509888
0.1461755633354187
0.11896058917045593
0.1482456922531128
0.21130631864070892
0.10781778395175934
0.11859241127967834
0.18682533502578735
0.16426320374011993
0.1915901154279709
0.11298687011003494
0.1606820970773697
0.16751457750797272
0.1734137088060379
0.14710241556167603
0.18088699877262115
0.13572388887405396
0.08994217216968536
0.09243175387382507
0.13765442371368408
0.15320678055286407
0.10730532556772232
0.21000432968139648
0.1237146258354187
0.1524474024772644
0.08515671640634537
0.1800728589296341
0.11910416185855865
0.09977438300848007
0.09916403144598007
0.1713676154613495
0.0732603371143341
0.16953735053539276
0.12858395278453827
0.14922566711902618
0.11197695881128311
0.07389325648546219
0.09084252268075943
0.10426099598407745
0.0634147897362709
0.15830887854099274
0.12135390192270279
0.10131984204053879
0.15208569169044495
0.07228969037532806
0.24002495408058167
0.10758610814809799
0.1077040284872055
0.17313984036445618
0.153164342045784
0.12416388094425201
0.10936925560235977
0.17478755116462708
0.09625708311796188
0.09077968448400497
0.17881976068019867
0.12184293568134308
0.20860400795936584
0.16201716661453247
0.15867169201374054
0.14962796866893768
0.19507665932178497
0.1656603068113327
0.15047407150268555
0.15759633481502533
0.15235944092273712
0.16015808284282684
0.16086360812187195
0.1377759575843811
0.10804279893636703
0.1248035579919815
0.14648306369781494
0.28515467047691345
0.2215133011341095
0.24809236824512482
0.12125173211097717
0.145782008767128
0.09910917282104492
0.1568598598241806
0.1592002660036087
0.17806610465049744
0.12172837555408478
0.14890260994434357
0.118724524974823
0.11969523876905441
0.1197367012500763
0.15234556794166565
0.17370936274528503
0.139108344912529
0.1122632846236229
0.1517091691493988
0.19504214823246002
0.11884856224060059
0.17366382479667664
0.22804662585258484
0.15047064423561096
0.18935538828372955
0.2030380368232727
0.21750904619693756
0.17751894891262054
0.152059867978096
0.15517976880073547
0.21737810969352722
0.1454954743385315
0.13795796036720276
0.2734443247318268
0.10998101532459259
0.15812209248542786
0.14639264345169067
0.1592244654893875
0.23133790493011475
0.2081068903207779
0.08893159031867981
0.14214009046554565
0.14494538307189941
0.16064229607582092
0.16054604947566986
0.2287893444299698
0.12879636883735657
0.15743732452392578
0.16542190313339233
0.06364158540964127
0.14999450743198395
0.14213453233242035
0.2298128306865692
0.1347416192293167
0.1769176870584488
0.08989965170621872
0.17862722277641296
0.2006586492061615
0.1506238430738449
0.15344400703907013
0.1569221019744873
0.14921708405017853
0.16100484132766724
0.2220640629529953
0.15631653368473053
0.16612695157527924
0.14383576810359955
0.1564575582742691
0.13771715760231018
0.09422171860933304
0.1396033614873886
0.16373880207538605
0.14318691194057465
0.1484362781047821
0.14347049593925476
0.13826413452625275
0.12654507160186768
0.24446354806423187
0.10808473080396652
0.11939472705125809
0.08312717825174332
0.14753836393356323
0.12908700108528137
0.13929925858974457
0.1564972698688507
0.10943470895290375
0.14521370828151703
0.14195893704891205
0.14694781601428986
0.11919523775577545
0.16235488653182983
0.14488492906093597
0.10163260251283646
0.16564171016216278
0.19861513376235962
0.27399420738220215
0.13982252776622772
0.19113333523273468
0.13837049901485443
0.15635594725608826
0.10173039138317108
0.12579603493213654
0.1286582052707672
0.125600665807724
0.2400250881910324
0.15605391561985016
0.11175771802663803
0.14441676437854767
0.1463267207145691
0.1454119086265564
0.2055923044681549
0.0786472037434578
0.14564380049705505
0.11611931771039963
0.1710580289363861
0.1515941619873047
0.12273804843425751
0.18128667771816254
0.16556036472320557
0.08843120187520981
0.15014901757240295
0.14229890704154968
0.191107839345932
0.1411009132862091
0.2143566608428955
0.15191753208637238
0.24676360189914703
0.1543698012828827
0.19982941448688507
0.17228831350803375
0.14038538932800293
0.1587735116481781
0.14147847890853882
0.09306653589010239
0.1113453283905983
0.1414649784564972
0.15189652144908905
0.1612967699766159
0.1832076609134674
0.21755701303482056
0.13906964659690857
0.21393483877182007
0.19285938143730164
0.1602572798728943
0.1676584631204605
0.13707518577575684
0.11355055123567581
0.2411758452653885
0.09823232144117355
0.10895664989948273
0.1228613406419754
0.16228049993515015
0.18760815262794495
0.12379026412963867
0.12112883478403091
0.32288220524787903
0.15819770097732544
0.15170714259147644
0.1385251134634018
0.14890994131565094
0.15262284874916077
0.19603879749774933
0.11812692135572433
0.19100767374038696
0.1880083531141281
0.1646239459514618
0.15542657673358917
0.17131009697914124
0.21472913026809692
0.1349737048149109
0.15071585774421692
0.10964792966842651
0.21700350940227509
0.1483852118253708
0.15914779901504517
0.18233424425125122
0.14146378636360168
0.08806473016738892
0.1100529134273529
0.16825664043426514
0.0948609858751297
0.19538530707359314
0.22146238386631012
0.19561010599136353
0.167715921998024
0.134674534201622
0.19071277976036072
0.1262044608592987
0.13903917372226715
0.1461443156003952
0.13853810727596283
0.13292841613292694
0.09840095043182373
0.11886636912822723
0.11513049155473709
0.21996000409126282
0.22078490257263184
0.1253870278596878
0.1441182792186737
0.21955636143684387
0.181319460272789
0.09067850559949875
0.16100001335144043
0.19951331615447998
0.1367286890745163
0.18055936694145203
0.10606835782527924
0.09967716783285141
0.2969132363796234
0.14289875328540802
0.1007462814450264
0.13136334717273712
0.09235542267560959
0.13041028380393982
0.11403176188468933
0.1467566192150116
0.13396203517913818
0.1327822059392929
0.12866432964801788
0.1713801473379135
0.13888424634933472
0.09255865961313248
0.13647644221782684
0.0808880403637886
0.1880899965763092
0.10396290570497513
0.16291062533855438
0.15567509829998016
0.1612841784954071
0.1304270476102829
0.16168241202831268
0.19618231058120728
0.17654435336589813
0.20952898263931274
0.22441056370735168
0.116541288793087
0.09416583925485611
0.14185623824596405
0.13100360333919525
0.1325351893901825
0.14686991274356842
0.08293670415878296
0.10337568074464798
0.10942880809307098
0.1261601448059082
0.1971222311258316
0.14841419458389282
0.1379871517419815
0.20599006116390228
0.1650875359773636
0.18655350804328918
0.15173006057739258
0.16815055906772614
0.2055315524339676
0.12202703207731247
0.13319499790668488
0.16662763059139252
0.12526652216911316
0.14436542987823486
0.171311616897583
0.1672731190919876
0.16865958273410797
0.24219977855682373
0.12430047243833542
0.17796029150485992
0.1335299164056778
0.15845155715942383
0.14560317993164062
0.15726175904273987
0.09925276786088943
0.27750280499458313
0.10072185099124908
0.13072025775909424
0.21619866788387299
0.1265961080789566
0.1275252252817154
0.1324460506439209
0.1688447743654251
0.171467587351799
0.13902367651462555
0.17536717653274536
0.12466458231210709
0.18242323398590088
0.09510435163974762
0.13239742815494537
0.2189599573612213
0.12020322680473328
0.14507286250591278
0.13594472408294678
0.1537269800901413
0.1413467526435852
0.12571783363819122
0.0762820765376091
0.15029850602149963
0.112581767141819
0.14115354418754578
0.06894596666097641
0.1471710056066513
0.21468140184879303
0.15696342289447784
0.18344071507453918
0.19764107465744019
0.20222672820091248
0.20087897777557373
0.15831585228443146
0.16909107565879822
0.10109024494886398
0.15390141308307648
0.14832784235477448
0.19430038332939148
0.18257643282413483
0.16739903390407562
0.09822981059551239
0.1002206802368164
0.14536789059638977
0.15478548407554626
0.17742866277694702
0.0889667272567749
0.11096061021089554
0.12191301584243774
0.1513271927833557
0.11106590926647186
0.13317513465881348
0.168124720454216
0.13717615604400635
0.14807112514972687
0.11312612891197205
0.17822468280792236
0.17274229228496552
0.11524539440870285
0.11436845362186432
0.19075395166873932
0.18269191682338715
0.20316281914710999
0.1507371962070465
0.15217529237270355
0.12929169833660126
0.0997694581747055
0.166482612490654
0.12209983915090561
0.23722252249717712
0.195366770029068
0.17171630263328552
0.2225242257118225
0.07834972441196442
0.12612022459506989
0.1426447480916977
0.18606796860694885
0.1435130387544632
0.15808545053005219
0.1705896407365799
0.1687288135290146
0.16278348863124847
0.15973490476608276
0.15064990520477295
0.16783979535102844
0.16892001032829285
0.14899882674217224
0.14883176982402802
0.11439628154039383
0.15542805194854736
0.29848140478134155
0.15258647501468658
0.19535818696022034
0.14908839762210846
0.09516938030719757
0.17322182655334473
0.15684081614017487
0.146139994263649
0.12326101958751678
0.1601819097995758
0.21161286532878876
0.18198822438716888
0.10369394719600677
0.14590740203857422
0.14768171310424805
0.08845408260822296
0.15891914069652557
0.06766225397586823
0.16310670971870422
0.09130775928497314
0.22541029751300812
0.15615582466125488
0.1534869223833084
0.15449965000152588
0.13158193230628967
0.1065782904624939
0.13677501678466797
0.13154083490371704
0.15781109035015106
0.16469593346118927
0.12730881571769714
0.10790707170963287
0.10297821462154388
0.13208690285682678
0.12914331257343292
0.16834962368011475
0.1172109916806221
0.13961565494537354
0.11655256897211075
0.15646114945411682
0.15501457452774048
0.15961885452270508
0.21035921573638916
0.15185445547103882
0.12560389935970306
0.1295168399810791
0.11366045475006104
0.09860362112522125
0.1710323542356491
0.15014788508415222
0.08930595219135284
0.15610527992248535
0.10349925607442856
0.07471225410699844
0.09975239634513855
0.15386319160461426
0.16295650601387024
0.15530413389205933
0.12037300318479538
0.21398891508579254
0.16990965604782104
0.1976756751537323
0.17945276200771332
0.12937197089195251
0.18383340537548065
0.12890540063381195
0.16694018244743347
0.16242381930351257
0.2042543888092041
0.12269403040409088
0.1725330352783203
0.14391110837459564
0.1906224638223648
0.12127093970775604
0.1452329307794571
0.11339607834815979
0.13078054785728455
0.15078289806842804
0.17995622754096985
0.13610482215881348
0.16875675320625305
0.19874778389930725
0.1289583444595337
0.19509482383728027
0.0842958465218544
0.14171862602233887
0.18433484435081482
0.09163418412208557
0.1410527229309082
0.16270294785499573
0.11124558001756668
0.08993193507194519
0.0885000228881836
0.09605012834072113
0.16963137686252594
0.13992427289485931
0.15372665226459503
0.14192569255828857
0.1189274862408638
0.133671373128891
0.1436983346939087
0.14500799775123596
0.11962828040122986
0.11054443567991257
0.12981046736240387
0.07277006655931473
0.1348431557416916
0.17118370532989502
0.21646864712238312
0.14961668848991394
0.19134391844272614
0.12184330821037292
0.21700364351272583
0.18278031051158905
0.2035675048828125
0.1376357525587082
0.17123110592365265
0.06655292212963104
0.10290741175413132
0.11691063642501831
0.1183745339512825
0.10466932505369186
0.17458711564540863
0.17299240827560425
0.1952846795320511
0.14779625833034515
0.12001706659793854
0.1328825056552887
0.1905936896800995
0.1447761356830597
0.11797717213630676
0.15653355419635773
0.11859221011400223
0.14554044604301453
0.22965776920318604
0.14751499891281128
0.14109289646148682
0.08491909503936768
0.07418660074472427
0.16722837090492249
0.22291049361228943
0.14671127498149872
0.11845789104700089
0.15880843997001648
0.23625506460666656
0.12087548524141312
0.10091352462768555
0.14937962591648102
0.1267630010843277
0.08761730045080185
0.18940958380699158
0.15813952684402466
0.16634781658649445
0.20032435655593872
0.12622684240341187
0.127838596701622
0.17350727319717407
0.1532561033964157
0.08758172392845154
0.15482564270496368
0.2601501941680908
0.15479128062725067
0.13835696876049042
0.11589458584785461
0.18588998913764954
0.18571849167346954
0.16883987188339233
0.10260152071714401
0.09773837774991989
0.11369744688272476
0.19948475062847137
0.10036115348339081
0.11267592012882233
0.13046348094940186
0.1746145486831665
0.1364751160144806
0.18444715440273285
0.17581789195537567
0.18333730101585388
0.22880053520202637
0.16532285511493683
0.10143482685089111
0.2035587728023529
0.10766227543354034
0.1377677023410797
0.1008957102894783
0.17100109159946442
0.2008189857006073
0.11159459501504898
0.17411121726036072
0.11867019534111023
0.22274735569953918
0.1664869338274002
0.09164861589670181
0.18996082246303558
0.17234385013580322
0.17413441836833954
0.18304254114627838
0.1463208943605423
0.20075999200344086
0.15229448676109314
0.1638839691877365
0.13421013951301575
0.10857522487640381
0.11359040439128876
0.21606799960136414
0.14506949484348297
0.08880841732025146
0.22278444468975067
0.12808112800121307
0.17506228387355804
0.11105922609567642
0.24010570347309113
0.19333729147911072
0.15759025514125824
0.13500840961933136
0.11941397190093994
0.1321270763874054
0.1622595489025116
0.14830617606639862
0.08007432520389557
0.08435869216918945
0.08814872801303864
0.1309794932603836
0.16165420413017273
0.18820300698280334
0.11305136233568192
0.09855640679597855
0.19896486401557922
0.2718353569507599
0.06378341466188431
0.11127413809299469
0.10030332952737808
0.191909521818161
0.16530583798885345
0.15294216573238373
0.10291369259357452
0.18600013852119446
0.14967063069343567
0.16422152519226074
0.19707293808460236
0.11535043269395828
0.10523863136768341
0.14164093136787415
0.18901653587818146
0.10776840150356293
0.11662198603153229
0.13787846267223358
0.15807375311851501
0.10017431527376175
0.09912150353193283
0.13881468772888184
0.1605311781167984
0.1888887584209442
0.14098016917705536
0.13936679065227509
0.1820063591003418
0.1589515656232834
0.20051278173923492
0.1915922909975052
0.14316891133785248
0.20741833746433258
0.16089516878128052
0.14608991146087646
0.12567520141601562
0.19042618572711945
0.19551603496074677
0.1542416661977768
0.1442127823829651
0.09744341671466827
0.12049730867147446
0.15244156122207642
0.1729438304901123
0.09578908979892731
0.15507879853248596
0.1643451750278473
0.09767575562000275
0.14742200076580048
0.10997054725885391
0.12099757045507431
0.21225346624851227
0.14145663380622864
0.1663285493850708
0.17760543525218964
0.18553420901298523
0.16190336644649506
0.18007121980190277
0.17804095149040222
0.10612980276346207
0.18632861971855164
0.2690763771533966
0.12058234214782715
0.11364112049341202
0.1262417733669281
0.13262510299682617
0.13136744499206543
0.1397542804479599
0.16762788593769073
0.11403247714042664
0.15721863508224487
0.16248415410518646
0.13083167374134064
0.21592600643634796
0.14487870037555695
0.12281446158885956
0.1372000277042389
0.15685375034809113
0.12764054536819458
0.16281618177890778
0.17706383764743805
0.1812950223684311
0.1448773741722107
0.1803792119026184
0.17068907618522644
0.13828229904174805
0.10655977576971054
0.12012692540884018
0.14486108720302582
0.18588069081306458
0.13671176135540009
0.22053715586662292
0.11264900118112564
0.17221026122570038
0.1439027637243271
0.11953318119049072
0.1838361769914627
0.14059071242809296
0.1411622017621994
0.16895785927772522
0.2063388079404831
0.18833458423614502
0.27515289187431335
0.15091468393802643
0.18647201359272003
0.12522612512111664
0.17394408583641052
0.14277708530426025
0.14067861437797546
0.3365005552768707
0.07600633054971695
0.12177617847919464
0.12453294545412064
0.2662773132324219
0.14552591741085052
0.06006292626261711
0.10323639214038849
0.1695052981376648
0.08169475197792053
0.17604805529117584
0.1572209745645523
0.12090201675891876
0.20305705070495605
0.10895984619855881
0.11770964413881302
0.14831121265888214
0.11375605314970016
0.20156772434711456
0.19489780068397522
0.15342219173908234
0.16726522147655487
0.0923827663064003
0.13358156383037567
0.11452464759349823
0.11946843564510345
0.11176228523254395
0.19475458562374115
0.15473827719688416
0.1299959123134613
0.11236152052879333
0.1529950499534607
0.09572859108448029
0.11243153363466263
0.12879565358161926
0.0770779624581337
0.16612450778484344
0.1559104174375534
0.14077115058898926
0.1611722856760025
0.1072421744465828
0.10525871813297272
0.18824917078018188
0.1320405900478363
0.14158634841442108
0.1660749614238739
0.18432189524173737
0.15786604583263397
0.2106911540031433
0.1755865514278412
0.15496495366096497
0.19641900062561035
0.15199574828147888
0.20826435089111328
0.18439631164073944
0.17462748289108276
0.1313609629869461
0.15277157723903656
0.178781658411026
0.15567924082279205
0.17105062305927277
0.15057604014873505
0.1255912035703659
0.1939309984445572
0.14413650333881378
0.15012118220329285
0.10790163278579712
0.12288953363895416
0.13694387674331665
0.13341066241264343
0.12383168190717697
0.1504170298576355
0.15562517940998077
0.09740706533193588
0.150790274143219
0.12263565510511398
0.18938738107681274
0.17302551865577698
0.1294611245393753
0.14120031893253326
0.1434476673603058
0.19356471300125122
0.1238391101360321
0.13405002653598785
0.11740505695343018
0.1798684149980545
0.20401591062545776
0.19626332819461823
0.09812404960393906
0.1366589516401291
0.19381844997406006
0.16587838530540466
0.13130031526088715
0.16842038929462433
0.09692350029945374
0.16197751462459564
0.14086996018886566
0.11218225210905075
0.1282992660999298
0.13259516656398773
0.13856758177280426
0.11767523735761642
0.16199442744255066
0.21140432357788086
0.1791228950023651
0.15006384253501892
0.12656673789024353
0.15205606818199158
0.2330782562494278
0.12421353161334991
0.12538081407546997
0.2134537249803543
0.12312612682580948
0.16963182389736176
0.13035404682159424
0.18839962780475616
0.19935230910778046
0.17247529327869415
0.1940726488828659
0.1195983737707138
0.2151828557252884
0.1061808243393898
0.12031524628400803
0.16324862837791443
0.247843936085701
0.19849222898483276
0.2212173491716385
0.17014756798744202
0.21348251402378082
0.11804709583520889
0.17067435383796692
0.1604747176170349
0.19426698982715607
0.1437516063451767
0.1380031853914261
0.1521162986755371
0.15176574885845184
0.1352727860212326
0.15726342797279358
0.12936308979988098
0.14977438747882843
0.0792047306895256
0.1383834332227707
0.13096633553504944
0.14400412142276764
0.18019407987594604
0.14154694974422455
0.1410008817911148
0.16481545567512512
0.1368771344423294
0.11091314256191254
0.14000838994979858
0.10152871161699295
0.23216992616653442
0.18637391924858093
0.2266303300857544
0.173705592751503
0.18039003014564514
0.18932029604911804
0.17540143430233002
0.13319818675518036
0.12095914781093597
0.15439073741436005
0.14046595990657806
0.18084964156150818
0.17742303013801575
0.15319208800792694
0.11984965950250626
0.15654213726520538
0.1473943591117859
0.13965319097042084
0.17310220003128052
0.1604796051979065
0.13350555300712585
0.20707201957702637
0.13035187125205994
0.11965702474117279
0.15452925860881805
0.1313105970621109
0.19517862796783447
0.1457224041223526
0.15055646002292633
0.1414254903793335
0.13702844083309174
0.25081855058670044
0.2164670079946518
0.14214986562728882
0.17142906785011292
0.22208529710769653
0.1565830409526825
0.18982571363449097
0.18356776237487793
0.12793299555778503
0.22958099842071533
0.16467103362083435
0.1197245866060257
0.18049173057079315
0.15115845203399658
0.18079043924808502
0.19991646707057953
0.15988734364509583
0.15984860062599182
0.09443000704050064
0.1534043252468109
0.1986674964427948
0.1913570761680603
0.18135374784469604
0.19350488483905792
0.09357552230358124
0.13053348660469055
0.1289375126361847
0.1592593789100647
0.10683738440275192
0.0920276865363121
0.16187125444412231
0.14786867797374725
0.1145467460155487
0.17164909839630127
0.17212386429309845
0.16999325156211853
0.2129826545715332
0.11643875390291214
0.1039549857378006
0.14542584121227264
0.15382516384124756
0.24468094110488892
0.11144118010997772
0.24445506930351257
0.20848718285560608
0.13668203353881836
0.13580484688282013
0.1556389480829239
0.1999828815460205
0.12392990291118622
0.1843581199645996
0.14053858816623688
0.1373627930879593
0.12695355713367462
0.10410099476575851
0.2084379941225052
0.09875628352165222
0.17708377540111542
0.16639408469200134
0.1290052980184555
0.12489588558673859
0.24424752593040466
0.21693801879882812
0.1680530607700348
0.09527618438005447
0.11337302625179291
0.09876947104930878
0.21841281652450562
0.0765390619635582
0.16434405744075775
0.24034644663333893
0.13688096404075623
0.22693657875061035
0.16529330611228943
0.08733934164047241
0.09934042394161224
0.0858694389462471
0.21325524151325226
0.13180992007255554
0.1996183693408966
0.1232377365231514
0.13954240083694458
0.16801761090755463
0.15115731954574585
0.1368977129459381
0.18859177827835083
0.13941778242588043
0.14609098434448242
0.14262709021568298
0.14209803938865662
0.10428528487682343
0.18173332512378693
0.19190025329589844
0.151897132396698
0.11697641760110855
0.13902071118354797
0.19277779757976532
0.15057817101478577
0.14768697321414948
0.22884732484817505
0.14347440004348755
0.19122549891471863
0.16958899796009064
0.19190014898777008
0.20411907136440277
0.21693792939186096
0.17020536959171295
0.1348167359828949
0.1511223465204239
0.17237365245819092
0.13464273512363434
0.17904795706272125
0.21707236766815186
0.21213959157466888
0.155083566904068
0.1798725128173828
0.19994862377643585
0.20116809010505676
0.15243472158908844
0.19487960636615753
0.1260802000761032
0.16394278407096863
0.172530397772789
0.12478572130203247
0.20269784331321716
0.17983931303024292
0.17840155959129333
0.1661861389875412
0.1304921805858612
0.11570100486278534
0.14668229222297668
0.1477450728416443
0.17683154344558716
0.13776209950447083
0.18128086626529694
0.12679071724414825
0.15269708633422852
0.15787069499492645
0.06495223939418793
0.16508600115776062
0.24876908957958221
0.14075836539268494
0.1709785908460617
0.13354989886283875
0.12426184862852097
0.21993659436702728
0.15478502213954926
0.1518697738647461
0.09181758016347885
0.1201866865158081
0.1763617843389511
0.0884048342704773
0.1383763551712036
0.10062823444604874
0.14129412174224854
0.18395887315273285
0.1158708855509758
0.1102445125579834
0.16774842143058777
0.21288609504699707
0.28804054856300354
0.15746234357357025
0.18966694176197052
0.15149731934070587
0.14363707602024078
0.1558462530374527
0.14849571883678436
0.21397541463375092
0.27196162939071655
0.15289203822612762
0.2303704470396042
0.14844350516796112
0.1944640576839447
0.1071266159415245
0.1100282371044159
0.16641974449157715
0.1531647890806198
0.13851302862167358
0.33524438738822937
0.14649906754493713
0.15229585766792297
0.12619397044181824
0.1491106003522873
0.1987043172121048
0.15485572814941406
0.17187954485416412
0.1441940814256668
0.2253492921590805
0.1435186117887497
0.1270717829465866
0.16059762239456177
0.1574813723564148
0.16855747997760773
0.1632949262857437
0.17536799609661102
0.19174250960350037
0.16127502918243408
0.21522340178489685
0.14050740003585815
0.18218623101711273
0.16904595494270325
0.15431974828243256
0.1820659041404724
0.24529151618480682
0.10739105939865112
0.16766735911369324
0.17516925930976868
0.14046131074428558
0.14891524612903595
0.21400518715381622
0.12557536363601685
0.11660034954547882
0.13004469871520996
0.1968662291765213
0.15483273565769196
0.1838604211807251
0.2331516146659851
0.21178282797336578
0.19205833971500397
0.14456585049629211
0.1451578289270401
0.1643894612789154
0.17467942833900452
0.13221077620983124
0.16787928342819214
0.17145167291164398
0.08986952900886536
0.19212140142917633
0.12473630160093307
0.206623375415802
0.16323363780975342
0.16015642881393433
0.10492107272148132
0.140181303024292
0.2075098603963852
0.1979120671749115
0.23717288672924042
0.19992993772029877
0.18302752077579498
0.15539202094078064
0.12912480533123016
0.22050735354423523
0.1294441819190979
0.09115996956825256
0.17495806515216827
0.18469703197479248
0.19526880979537964
0.1233660876750946
0.15136148035526276
0.13937018811702728
0.12535254657268524
0.13638576865196228
0.1407737135887146
0.12174487113952637
0.12135565280914307
0.15012206137180328
0.1465449333190918
0.10439269989728928
0.17611052095890045
0.1427086889743805
0.12339970469474792
0.13746485114097595
0.15213748812675476
0.08026579767465591
0.14383745193481445
0.121928870677948
0.26760050654411316
0.1923440396785736
0.1551985889673233
0.12184903770685196
0.19639195501804352
0.07719844579696655
0.1361904889345169
0.15111014246940613
0.1976231187582016
0.2107214480638504
0.11997784674167633
0.16880284249782562
0.13633619248867035
0.13564512133598328
0.14304307103157043
0.19079068303108215
0.09153784066438675
0.10473789274692535
0.1799011379480362
0.12802881002426147
0.10131662338972092
0.14215996861457825
0.17836666107177734
0.18737150728702545
0.12984350323677063
0.11763573437929153
0.16878686845302582
0.1181521862745285
0.13242745399475098
0.11622040718793869
0.1829562485218048
0.1593295782804489
0.14270412921905518
0.17006516456604004
0.13543835282325745
0.11534585803747177
0.1469423770904541
0.19516724348068237
0.19195011258125305
0.1568642407655716
0.15083302557468414
0.15501399338245392
0.1542157381772995
0.19788266718387604
0.16955026984214783
0.13387838006019592
0.13712871074676514
0.30764657258987427
0.1309601068496704
0.20837131142616272
0.16889095306396484
0.10116207599639893
0.15438367426395416
0.16239899396896362
0.21247869729995728
0.1168733462691307
0.23528921604156494
0.15715768933296204
0.1759117692708969
0.13074497878551483
0.19432702660560608
0.11022136360406876
0.1422583907842636
0.08224363625049591
0.18003509938716888
0.2213308960199356
0.21055440604686737
0.1859879344701767
0.15213555097579956
0.13490629196166992
0.12576508522033691
0.20564129948616028
0.16801662743091583
0.09548219293355942
0.1696268767118454
0.1348545104265213
0.12181971222162247
0.1753353476524353
0.13087376952171326
0.1491718590259552
0.12356153130531311
0.2414289116859436
0.17772969603538513
0.18744048476219177
0.16721601784229279
0.12248381227254868
0.1316404789686203
0.20947228372097015
0.18326716125011444
0.16700921952724457
0.16242088377475739
0.11616106331348419
0.14833813905715942
0.13508157432079315
0.23780059814453125
0.13529768586158752
0.208394855260849
0.11336768418550491
0.08155172318220139
0.1744537651538849
0.1669609248638153
0.15730848908424377
0.09642636775970459
0.1684958040714264
0.1255388855934143
0.2829243540763855
0.11197498440742493
0.16863904893398285
0.15447908639907837
0.10006380081176758
0.09433819353580475
0.2400573492050171
0.1758151650428772
0.15877723693847656
0.12435773760080338
0.08977101743221283
0.11713292449712753
0.19905851781368256
0.15273620188236237
0.12499529123306274
0.2071499079465866
0.21600764989852905
0.21669608354568481
0.1562374234199524
0.2579660415649414
0.1598517745733261
0.19580331444740295
0.16685479879379272
0.24545462429523468
0.1204056665301323
0.13556528091430664
0.10765590518712997
0.11290626227855682
0.17388540506362915
0.15852533280849457
0.13964608311653137
0.11468413472175598
0.12366972118616104
0.15624845027923584
0.2179310917854309
0.16803158819675446
0.1001511812210083
0.14096258580684662
0.1170337051153183
0.12187142670154572
0.18305827677249908
0.19284996390342712
0.16618546843528748
0.15282019972801208
0.20223237574100494
0.13114033639431
0.18017259240150452
0.19113899767398834
0.1497678905725479
0.17214281857013702
0.1276473104953766
0.1680365949869156
0.2240791618824005
0.15551701188087463
0.1784694641828537
0.1561218500137329
0.1477440893650055
0.08577123284339905
0.14131052792072296
0.12600569427013397
0.17717325687408447
0.1845589280128479
0.17693835496902466
0.23070482909679413
0.1635316163301468
0.13184599578380585
0.10012365132570267
0.16222788393497467
0.14938457310199738
0.12830252945423126
0.1535114198923111
0.11308054625988007
0.14372973144054413
0.17431668937206268
0.2802973985671997
0.16453838348388672
0.2043854296207428
0.12086092680692673
0.16230788826942444
0.12207145988941193
0.16120882332324982
0.19423317909240723
0.09103086590766907
0.23113761842250824
0.1951623558998108
0.13472405076026917
0.13149967789649963
0.18804971873760223
0.1280946135520935
0.14248529076576233
0.2682083249092102
0.11413872241973877
0.2159615308046341
0.24447479844093323
0.24547097086906433
0.16996431350708008
0.17289063334465027
0.20530498027801514
0.15260276198387146
0.176060289144516
0.11786467581987381
0.1258493959903717
0.10516050457954407
0.14695477485656738
0.12899303436279297
0.11355874687433243
0.1638089269399643
0.252434104681015
0.16124628484249115
0.13948780298233032
0.15559251606464386
0.2508566677570343
0.14112642407417297
0.1172180101275444
0.06446483731269836
0.2340003401041031
0.16372421383857727
0.17501114308834076
0.13016603887081146
0.15145806968212128
0.1651369035243988
0.20103195309638977
0.11568433791399002
0.13877740502357483
0.22881001234054565
0.15764933824539185
0.15787361562252045
0.21441882848739624
0.1285952776670456
0.10330002754926682
0.14583072066307068
0.15776662528514862
0.1573256105184555
0.08443806320428848
0.10910829901695251
0.11388681828975677
0.1871999353170395
0.11211344599723816
0.07052264362573624
0.11712004989385605
0.12298550456762314
0.13755880296230316
0.11419608443975449
0.11608283221721649
0.1453595906496048
0.12893761694431305
0.15288959443569183
0.16174820065498352
0.15063142776489258
0.1421646922826767
0.18578583002090454
0.11493837088346481
0.10308757424354553
0.16554559767246246
0.15224024653434753
0.17415751516819
0.15369217097759247
0.20119772851467133
0.0836549624800682
0.17757651209831238
0.09675821661949158
0.16449572145938873
0.10824468731880188
0.1946241408586502
0.17768594622612
0.1225379928946495
0.0682997778058052
0.11116594821214676
0.13361306488513947
0.16561394929885864
0.107500359416008
0.16591811180114746
0.153779998421669
0.08009248226881027
0.1797311007976532
0.21720193326473236
0.14430882036685944
0.12402058392763138
0.15053339302539825
0.18435116112232208
0.17101158201694489
0.15341199934482574
0.1627538800239563
0.10440543293952942
0.12500989437103271
0.11914831399917603
0.1875513345003128
0.1993386298418045
0.12081888318061829
0.1101461797952652
0.10889415442943573
0.1133122593164444
0.15949146449565887
0.20552991330623627
0.10716771334409714
0.1025385707616806
0.12109029293060303
0.11484788358211517
0.19919288158416748
0.14679202437400818
0.10068097710609436
0.2555268406867981
0.22442381083965302
0.15757067501544952
0.19567541778087616
0.10378996282815933
0.18808524310588837
0.16695614159107208
0.1787721812725067
0.10729310661554337
0.16564306616783142
0.13772974908351898
0.2405286580324173
0.16659361124038696
0.1943390965461731
0.12406039983034134
0.22604966163635254
0.16968916356563568
0.12987375259399414
0.15734387934207916
0.166188046336174
0.09134461730718613
0.1844152957201004
0.14409491419792175
0.08806252479553223
0.06498049199581146
0.09578809142112732
0.22057798504829407
0.17750807106494904
0.16196319460868835
0.14835608005523682
0.13962823152542114
0.08645237237215042
0.16439050436019897
0.1488477885723114
0.07576297223567963
0.12273943424224854
0.16257259249687195
0.14052867889404297
0.17653463780879974
0.19398969411849976
0.20682430267333984
0.18091152608394623
0.2507172226905823
0.1250627487897873
0.11957264691591263
0.10797211527824402
0.16445335745811462
0.04223903641104698
0.12439502030611038
0.1128469854593277
0.13286660611629486
0.12236923724412918
0.16506870090961456
0.12304307520389557
0.19981776177883148
0.1307590901851654
0.1495814323425293
0.11676625162363052
0.10063258558511734
0.132516548037529
0.1311834156513214
0.13220471143722534
0.12568670511245728
0.13856692612171173
0.10806696861982346
0.2147168219089508
0.2193237841129303
0.1709536612033844
0.16775046288967133
0.23703351616859436
0.11273439973592758
0.10899368673563004
0.1771981567144394
0.1919325739145279
0.21330946683883667
0.15323689579963684
0.1566675752401352
0.1492219865322113
0.1402304321527481
0.11917023360729218
0.20846255123615265
0.15740090608596802
0.1389627903699875
0.125107541680336
0.20313642919063568
0.11027985066175461
0.138681560754776
0.09233702719211578
0.1285812109708786
0.18573851883411407
0.12962733209133148
0.10693220794200897
0.11849557608366013
0.1399630308151245
0.1690332591533661
0.1103435680270195
0.11882595717906952
0.11527428030967712
0.14219465851783752
0.1461426317691803
0.10408072173595428
0.1369653046131134
0.1499725729227066
0.16415774822235107
0.12304343283176422
0.08596032112836838
0.13003461062908173
0.16510774195194244
0.09050700068473816
0.17563146352767944
0.15171802043914795
0.10814927518367767
0.14588837325572968
0.13985365629196167
0.20369042456150055
0.11209031939506531
0.23074302077293396
0.2099260687828064
0.1626293659210205
0.11071285605430603
0.2617480754852295
0.09838007390499115
0.16990242898464203
0.1818566620349884
0.1900053769350052
0.11653532832860947
0.1651502102613449
0.18150264024734497
0.2558305859565735
0.14759351313114166
0.10138851404190063
0.13714799284934998
0.21721725165843964
0.08155003935098648
0.13351218402385712
0.13300129771232605
0.2138376235961914
0.15334001183509827
0.09336479008197784
0.1235937848687172
0.12602028250694275
0.10455332696437836
0.16862742602825165
0.1263909488916397
0.12569908797740936
0.1338733434677124
0.14676357805728912
0.1788015216588974
0.21735677123069763
0.18300779163837433
0.21633388102054596
0.1348973512649536
0.19239501655101776
0.1452701836824417
0.12545111775398254
0.15398119390010834
0.15727052092552185
0.11277581006288528
0.13848890364170074
0.09711416065692902
0.13641943037509918
0.15304817259311676
0.18421275913715363
0.1731070578098297
0.16658459603786469
0.16510458290576935
0.09623077511787415
0.09708196669816971
0.1324724555015564
0.1784464418888092
0.09999256581068039
0.09843402355909348
0.12979073822498322
0.11810801178216934
0.10238870233297348
0.18932418525218964
0.17133760452270508
0.15402968227863312
0.18317154049873352
0.10919559001922607
0.14645922183990479
0.13459616899490356
0.24131597578525543
0.22326511144638062
0.19469156861305237
0.10787472128868103
0.1750456541776657
0.14264479279518127
0.16897670924663544
0.13042069971561432
0.1971629410982132
0.16588234901428223
0.17374348640441895
0.13255269825458527
0.0673963725566864
0.14446957409381866
0.13344424962997437
0.12952682375907898
0.14117875695228577
0.0869695171713829
0.09318886697292328
0.22721637785434723
0.13282139599323273
0.2595213055610657
0.12788625061511993
0.15511861443519592
0.148896262049675
0.17033962905406952
0.10086975246667862
0.148562490940094
0.2005586326122284
0.17789019644260406
0.1603539139032364
0.17126210033893585
0.1452261358499527
0.14109186828136444
0.1413324475288391
0.1386890858411789
0.10828197002410889
0.20438705384731293
0.1938893347978592
0.26899510622024536
0.12472980469465256
0.08992945402860641
0.11096253246068954
0.07472065091133118
0.12270127981901169
0.1515200287103653
0.1329086720943451
0.15784703195095062
0.21408338844776154
0.16289319097995758
0.16345347464084625
0.18325026333332062
0.16248703002929688
0.12592734396457672
0.2531094551086426
0.1888631135225296
0.20120643079280853
0.10897576808929443
0.12728500366210938
0.1135818138718605
0.15492410957813263
0.18274706602096558
0.14256048202514648
0.12172184884548187
0.13368003070354462
0.1628391146659851
0.20706193149089813
0.13020017743110657
0.11099209636449814
0.21260112524032593
0.15766341984272003
0.18051409721374512
0.10796070098876953
0.13855870068073273
0.20621155202388763
0.1629796028137207
0.16071553528308868
0.20337286591529846
0.18272842466831207
0.20917543768882751
0.1856900006532669
0.1497865468263626
0.22523780167102814
0.14891278743743896
0.16377146542072296
0.20491647720336914
0.17601226270198822
0.23071880638599396
0.1623425930738449
0.15453407168388367
0.1437625288963318
0.1657743602991104
0.14036375284194946
0.1395401656627655
0.20605750381946564
0.14880479872226715
0.1442171037197113
0.19126318395137787
0.14911091327667236
0.134324848651886
0.16660134494304657
0.15602275729179382
0.14252497255802155
0.12445279210805893
0.17500042915344238
0.12146701663732529
0.185286283493042
0.15681080520153046
0.16391639411449432
0.12812146544456482
0.16562333703041077
0.11196684837341309
0.2119297832250595
0.12264013290405273
0.1830470710992813
0.15590393543243408
0.2650778293609619
0.20039288699626923
0.16142790019512177
0.18307262659072876
0.21485750377178192
0.14821790158748627
0.20594467222690582
0.17454110085964203
0.1737823188304901
0.10989142209291458
0.1892489641904831
0.17027278244495392
0.1635991483926773
0.13598914444446564
0.15705329179763794
0.22572976350784302
0.22801512479782104
0.1616089940071106
0.1499357521533966
0.12898334860801697
0.09916985780000687
0.1397850662469864
0.14398173987865448
0.18923400342464447
0.1410004198551178
0.1295471489429474
0.10734827071428299
0.1750854104757309
0.10419231653213501
0.09955567121505737
0.17795616388320923
0.15343619883060455
0.14355970919132233
0.12398302555084229
0.10679750889539719
0.1217561885714531
0.14026916027069092
0.13718156516551971
0.1954345405101776
0.1761939823627472
0.13421908020973206
0.09207703173160553
0.12372393906116486
0.12855222821235657
0.16612674295902252
0.1552097350358963
0.14333243668079376
0.11150291562080383
0.11773083359003067
0.12517932057380676
0.1394631266593933
0.12452442944049835
0.1748872548341751
0.1351286917924881
0.09036856889724731
0.15539413690567017
0.140971377491951
0.07087976485490799
0.12922413647174835
0.12011456489562988
0.1659228354692459
0.18151773512363434
0.18049529194831848
0.16676481068134308
0.10549835115671158
0.24157902598381042
0.15062235295772552
0.20918233692646027
0.20127157866954803
0.16402305662631989
0.1641194373369217
0.15035276114940643
0.10266213119029999
0.13039590418338776
0.12377668917179108
0.12369135767221451
0.14081619679927826
0.11446322500705719
0.20547781884670258
0.10611790418624878
0.10067629814147949
0.24509191513061523
0.18111301958560944
0.08912122994661331
0.08103100210428238
0.1231468990445137
0.16322734951972961
0.17953401803970337
0.1435680389404297
0.13173939287662506
0.16790850460529327
0.1177230104804039
0.1734301596879959
0.19210383296012878
0.21041259169578552
0.13886018097400665
0.11381445080041885
0.19996678829193115
0.1488959789276123
0.11754511296749115
0.27974382042884827
0.15823377668857574
0.1814049929380417
0.14684338867664337
0.1118273138999939
0.10834721475839615
0.1524563431739807
0.1317884922027588
0.19206421077251434
0.13741588592529297
0.13806898891925812
0.1585380584001541
0.17034587264060974
0.10994251072406769
0.18228067457675934
0.176290825009346
0.22128713130950928
0.13605381548404694
0.15762948989868164
0.15824094414710999
0.15682628750801086
0.09707573056221008
0.25174230337142944
0.15766270458698273
0.18162281811237335
0.15819604694843292
0.1753794401884079
0.12971141934394836
0.22238841652870178
0.10970660299062729
0.10603310167789459
0.16160573065280914
0.2228662222623825
0.19470015168190002
0.1754770278930664
0.12331423163414001
0.12230633199214935
0.1492324322462082
0.16031888127326965
0.2086220383644104
0.12504403293132782
0.16923817992210388
0.14425773918628693
0.18732066452503204
0.10765454173088074
0.14683076739311218
0.09996626526117325
0.10069619864225388
0.12055692076683044
0.15547287464141846
0.11772115528583527
0.1573084592819214
0.09811942279338837
0.1687491089105606
0.14870232343673706
0.10803437978029251
0.1518239974975586
0.19062134623527527
0.1361086517572403
0.13725021481513977
0.1726081669330597
0.1596149355173111
0.1146341860294342
0.16259323060512543
0.1413191854953766
0.13437047600746155
0.19670483469963074
0.19037386775016785
0.14410938322544098
0.15561118721961975
0.14685989916324615
0.11376423388719559
0.12012343108654022
0.11671566218137741
0.1420673280954361
0.18616440892219543
0.15571436285972595
0.14982564747333527
0.19713951647281647
0.12188749760389328
0.10701660066843033
0.1859920769929886
0.18178686499595642
0.10244958102703094
0.14340627193450928
0.19043008983135223
0.20723660290241241
0.1522267460823059
0.12338510155677795
0.16401177644729614
0.20034797489643097
0.13459157943725586
0.13035620748996735
0.11300114542245865
0.21367047727108002
0.12127725780010223
0.12652593851089478
0.19880686700344086
0.11853381991386414
0.1868458241224289
0.12149631977081299
0.09038814157247543
0.13720940053462982
0.14047718048095703
0.10701358318328857
0.2134544998407364
0.08876390755176544
0.11134372651576996
0.08447863161563873
0.12785179913043976
0.12110835313796997
0.143366277217865
0.12655799090862274
0.13033026456832886
0.11765233427286148
0.14581875503063202
0.09314867109060287
0.11052624881267548
0.11838551610708237
0.15847815573215485
0.16559672355651855
0.1339111328125
0.15725722908973694
0.10383767634630203
0.10316167771816254
0.16552294790744781
0.11952004581689835
0.20643571019172668
0.19018755853176117
0.17516382038593292
0.10163810849189758
0.11941191554069519
0.15235404670238495
0.16529297828674316
0.12412057816982269
0.19368989765644073
0.15508200228214264
0.06744265556335449
0.17126694321632385
0.19222179055213928
0.21502064168453217
0.17364130914211273
0.19086024165153503
0.17999111115932465
0.1886192113161087
0.19403164088726044
0.08829474449157715
0.1284359246492386
0.09682968258857727
0.13249120116233826
0.11137986183166504
0.08786033093929291
0.1475616842508316
0.1332012265920639
0.1523750275373459
0.18811991810798645
0.14254815876483917
0.18272459506988525
0.1427135169506073
0.21591106057167053
0.10931544750928879
0.1612207293510437
0.13402946293354034
0.18602271378040314
0.2290927767753601
0.2054801732301712
0.16533814370632172
0.17743757367134094
0.17145070433616638
0.09962912648916245
0.24389734864234924
0.12306205928325653
0.08224314451217651
0.0842016339302063
0.15569186210632324
0.11680518835783005
0.14380347728729248
0.1305658370256424
0.0686596930027008
0.1819554716348648
0.22036197781562805
0.09251222759485245
0.12806211411952972
0.18407434225082397
0.2286592721939087
0.20867179334163666
0.162105530500412
0.18851685523986816
0.0927630066871643
0.10628224909305573
0.14914555847644806
0.14132486283779144
0.1279435157775879
0.16841742396354675
0.14032447338104248
0.08674348890781403
0.1403074711561203
0.1527348756790161
0.17302754521369934
0.1745602935552597
0.15016105771064758
0.1444331258535385
0.13474111258983612
0.12411930412054062
0.20103566348552704
0.15178583562374115
0.13600042462348938
0.17369778454303741
0.12700030207633972
0.15533344447612762
0.1284976303577423
0.14129188656806946
0.15631650388240814
0.08428473025560379
0.12766823172569275
0.16136479377746582
0.18275099992752075
0.14096403121948242
0.1579737365245819
0.15580476820468903
0.25684812664985657
0.18330501019954681
0.16131258010864258
0.08685830980539322
0.14048290252685547
0.13657212257385254
0.11226197332143784
0.24077671766281128
0.15322692692279816
0.14494487643241882
0.11823207139968872
0.15405626595020294
0.19993168115615845
0.141976460814476
0.18076670169830322
0.08436991274356842
0.1716814935207367
0.1754114031791687
0.13680192828178406
0.1129835695028305
0.18874230980873108
0.13495375216007233
0.11002703756093979
0.1746664196252823
0.16066548228263855
0.14132215082645416
0.1957562416791916
0.1857745200395584
0.17973630130290985
0.10985780507326126
0.08136577159166336
0.0786023810505867
0.15864107012748718
0.14127156138420105
0.13442745804786682
0.1502947062253952
0.10124795138835907
0.11174523085355759
0.08572670072317123
0.11541678756475449
0.07418351620435715
0.19762298464775085
0.19512449204921722
0.15227484703063965
0.18963462114334106
0.1346338391304016
0.14694833755493164
0.12232962250709534
0.1523931622505188
0.11948653310537338
0.11488483101129532
0.12911204993724823
0.15597304701805115
0.13809387385845184
0.14896903932094574
0.12195190042257309
0.10996953397989273
0.12275167554616928
0.15360569953918457
0.17623953521251678
0.1615089774131775
0.15590423345565796
0.16222655773162842
0.0990540012717247
0.15844938158988953
0.11975257098674774
0.12396740168333054
0.12923374772071838
0.17286008596420288
0.16464513540267944
0.14919213950634003
0.14863957464694977
0.13957500457763672
0.0956232026219368
0.2048243135213852
0.1669664978981018
0.15545137226581573
0.17959044873714447
0.08835247904062271
0.12101849913597107
0.10119376331567764
0.20308451354503632
0.11430656909942627
0.21234840154647827
0.11105012148618698
0.20630334317684174
0.11929061263799667
0.16413657367229462
0.18450507521629333
0.16848483681678772
0.24972406029701233
0.18619129061698914
0.19817420840263367
0.2032044231891632
0.18081171810626984
0.1165047138929367
0.13760875165462494
0.16372241079807281
0.19124972820281982
0.16787593066692352
0.15310555696487427
0.17287297546863556
0.1712018847465515
0.2052178680896759
0.1374354362487793
0.14139284193515778
0.19004221260547638
0.16489912569522858
0.15155276656150818
0.12352296710014343
0.1762908399105072
0.1687077134847641
0.18857848644256592
0.1337486207485199
0.17297877371311188
0.2152252048254013
0.21699701249599457
0.16235098242759705
0.22253566980361938
0.12499409168958664
0.22572699189186096
0.14010019600391388
0.0993218645453453
0.12202214449644089
0.16757282614707947
0.1170664057135582
0.14046832919120789
0.09017066657543182
0.12732861936092377
0.11808055639266968
0.10537415742874146
0.18682049214839935
0.14885295927524567
0.1522650569677353
0.21863406896591187
0.14704008400440216
0.14107368886470795
0.17359717190265656
0.10909032821655273
0.0976831391453743
0.21950675547122955
0.2287617325782776
0.16432969272136688
0.12651805579662323
0.19351375102996826
0.12432264536619186
0.08292081952095032
0.17052029073238373
0.1336814910173416
0.11444589495658875
0.15512239933013916
0.17292019724845886
0.2358051836490631
0.1830085664987564
0.21130844950675964
0.18270938098430634
0.16666921973228455
0.12525419890880585
0.1664467602968216
0.1583172082901001
0.17062480747699738
0.20383980870246887
0.0791325718164444
0.27443936467170715
0.14377407729625702
0.15793998539447784
0.12240560352802277
0.11546708643436432
0.13591371476650238
0.19698980450630188
0.09652018547058105
0.1702151894569397
0.12324856966733932
0.10151391476392746
0.08804818987846375
0.0723959282040596
0.12387356162071228
0.1605752855539322
0.16389797627925873
0.12818878889083862
0.1308683305978775
0.12248753756284714
0.1406964361667633
0.1202915608882904
0.18219919502735138
0.17754335701465607
0.2607022821903229
0.16208748519420624
0.13615910708904266
0.16323411464691162
0.14899323880672455
0.17918646335601807
0.12352773547172546
0.19687972962856293
0.11620881408452988
0.10192438215017319
0.20153293013572693
0.23208746314048767
0.19021528959274292
0.10664462298154831
0.18119321763515472
0.15760676562786102
0.14075171947479248
0.15082451701164246
0.16428333520889282
0.13580740988254547
0.14463546872138977
0.13133902847766876
0.12894049286842346
0.15048803389072418
0.2415456771850586
0.1748753786087036
0.22780688107013702
0.22114841639995575
0.1108015924692154
0.1705809235572815
0.15205253660678864
0.1119769886136055
0.1459825485944748
0.1647193431854248
0.14523038268089294
0.11530980467796326
0.15653438866138458
0.17183905839920044
0.16578790545463562
0.11272063106298447
0.09995163232088089
0.15919919312000275
0.14607621729373932
0.2362634539604187
0.18319071829319
0.17793670296669006
0.13408991694450378
0.2138584852218628
0.15584102272987366
0.13434693217277527
0.15382619202136993
0.18291889131069183
0.14029844105243683
0.16521133482456207
0.14369969069957733
0.2732399106025696
0.13149015605449677
0.19210238754749298
0.1384623646736145
0.17266368865966797
0.1623927652835846
0.17366932332515717
0.10988358408212662
0.09300831705331802
0.10676315426826477
0.15401731431484222
0.15089692175388336
0.08998000621795654
0.14257799088954926
0.06744682043790817
0.19285491108894348
0.294143944978714
0.15978415310382843
0.17549912631511688
0.1521846354007721
0.06651673465967178
0.14797930419445038
0.13637150824069977
0.3091908097267151
0.15047521889209747
0.22950387001037598
0.16823968291282654
0.1378602385520935
0.10378419607877731
0.16151760518550873
0.09047158807516098
0.09732633829116821
0.190292626619339
0.13132548332214355
0.17325332760810852
0.13834507763385773
0.14224103093147278
0.12233543395996094
0.21193572878837585
0.19966408610343933
0.10933512449264526
0.14927572011947632
0.12870442867279053
0.2534521520137787
0.1173558160662651
0.14484643936157227
0.1978999525308609
0.14728042483329773
0.1035965159535408
0.11554316431283951
0.1757529228925705
0.08926352113485336
0.15591131150722504
0.08361124992370605
0.10781466960906982
0.10344590991735458
0.16716954112052917
0.2262287437915802
0.1024065762758255
0.13538645207881927
0.29440510272979736
0.09669482707977295
0.10071368515491486
0.09293483942747116
0.1739320009946823
0.1274111270904541
0.11114965379238129
0.18268899619579315
0.14341768622398376
0.1864667534828186
0.17942054569721222
0.13142387568950653
0.23880459368228912
0.15716901421546936
0.09147600084543228
0.13783667981624603
0.15892133116722107
0.09465031325817108
0.1537308394908905
0.14343401789665222
0.09785939753055573
0.1967916190624237
0.29630836844444275
0.09674656391143799
0.25076907873153687
0.17801281809806824
0.23476800322532654
0.1344757080078125
0.11333838850259781
0.1776609718799591
0.18365103006362915
0.18293491005897522
0.06848029047250748
0.21397651731967926
0.17956329882144928
0.1501845419406891
0.10194426029920578
0.1741204708814621
0.12299147248268127
0.13528433442115784
0.2528075575828552
0.13769415020942688
0.14574074745178223
0.19795078039169312
0.18423937261104584
0.1248946264386177
0.12754708528518677
0.16977635025978088
0.15225869417190552
0.1437666416168213
0.14501501619815826
0.13724872469902039
0.1124630942940712
0.1371135711669922
0.1335381269454956
0.16494277119636536
0.09784385561943054
0.17295131087303162
0.12976260483264923
0.18536706268787384
0.16612836718559265
0.1963760256767273
0.09280664473772049
0.1606959104537964
0.15348990261554718
0.11897861212491989
0.154215469956398
0.1326497346162796
0.10998421162366867
0.12731638550758362
0.09499560296535492
0.10752552002668381
0.12501779198646545
0.15397612750530243
0.1771177053451538
0.10128015279769897
0.12363218516111374
0.14136216044425964
0.16534282267093658
0.21448780596256256
0.15113797783851624
0.2282426953315735
0.15447038412094116
0.25202035903930664
0.1623675674200058
0.15476840734481812
0.1414576917886734
0.15310153365135193
0.21822910010814667
0.1482142210006714
0.10040993988513947
0.1681022197008133
0.13491828739643097
0.10875414311885834
0.15214306116104126
0.15127059817314148
0.11380872875452042
0.1641387641429901
0.25168517231941223
0.13953638076782227
0.14351531863212585
0.1552082598209381
0.13054020702838898
0.13023386895656586
0.16525357961654663
0.09496815502643585
0.1655675768852234
0.1613611876964569
0.2119818776845932
0.15213817358016968
0.09246842563152313
0.16486072540283203
0.15111909806728363
0.12516851723194122
0.17906764149665833
0.18389691412448883
0.12576605379581451
0.2218165397644043
0.15057946741580963
0.12526042759418488
0.16527052223682404
0.1584094911813736
0.20737415552139282
0.2242879569530487
0.20436348021030426
0.16381153464317322
0.1481451541185379
0.12653884291648865
0.12058001011610031
0.1411934196949005
0.17039629817008972
