4.583738327026367
6.467690467834473
6.914397239685059
6.2615861892700195
7.04146671295166
7.413759708404541
6.8195953369140625
9.107165336608887
7.801117897033691
7.931537628173828
9.431062698364258
8.596057891845703
11.742979049682617
9.574014663696289
11.803779602050781
9.625448226928711
13.020349502563477
10.469139099121094
11.624249458312988
10.306711196899414
17.048908233642578
15.307069778442383
8.292159080505371
23.738157272338867
26.134662628173828
21.411270141601562
12.348397254943848
11.020723342895508
14.578112602233887
12.078643798828125
10.657049179077148
17.394136428833008
15.71080207824707
8.965400695800781
24.84255599975586
27.678239822387695
24.828079223632812
17.19129180908203
7.156170845031738
26.14642333984375
30.246639251708984
30.29784393310547
28.092439651489258
23.908039093017578
14.934453964233398
6.15172815322876
25.510623931884766
30.33419418334961
30.09773063659668
27.84990882873535
23.186847686767578
16.128005981445312
7.18657922744751
27.24660873413086
32.12299346923828
32.9533805847168
32.01704406738281
29.61602020263672
25.517261505126953
17.789794921875
9.067987442016602
17.139869689941406
17.01374053955078
12.216005325317383
5.885623931884766
21.303945541381836
23.055105209350586
18.988433837890625
12.716232299804688
7.108315467834473
13.392507553100586
12.305962562561035
8.230266571044922
10.287883758544922
8.479541778564453
9.533002853393555
9.59958553314209
7.598073959350586
10.441244125366211
6.873175144195557
9.046903610229492
7.551487445831299
7.945099353790283
7.282481670379639
7.791162490844727
4.872584342956543
16.846378326416016
10.247133255004883
6.707404613494873
10.456342697143555
5.25881290435791
11.002789497375488
9.370777130126953
5.445781707763672
9.998907089233398
8.070480346679688
4.119028568267822
14.408018112182617
9.784730911254883
5.20419979095459
9.229188919067383
8.263833045959473
4.4954328536987305
11.444424629211426
7.975276947021484
3.58457612991333
10.70638370513916
10.284262657165527
5.821871280670166
6.732966899871826
9.030780792236328
7.932695388793945
6.020892143249512
7.084038734436035
5.118139266967773
8.665186882019043
7.598909854888916
5.391575813293457
6.53395414352417
7.54545783996582
4.888370513916016
6.125871658325195
7.745694637298584
3.323179244995117
14.627121925354004
6.7223920822143555
3.835089683532715
10.296828269958496
7.431574821472168
4.443885803222656
5.120515823364258
6.13906192779541
5.0295000076293945
3.082759380340576
9.201862335205078
4.1707024574279785
7.459697723388672
6.0965471267700195
4.955616474151611
5.665160179138184
4.462141990661621
5.6012773513793945
3.576275587081909
7.732826232910156
2.244265556335449
9.618884086608887
4.3852739334106445
2.8496623039245605
9.965826034545898
3.0353775024414062
6.521190643310547
5.761307716369629
3.8893871307373047
4.7178635597229
4.35244607925415
5.433788299560547
3.196859836578369
7.369044303894043
2.834606409072876
6.419862747192383
5.8745622634887695
2.186880588531494
10.767206192016602
5.246193885803223
2.7147560119628906
8.79288387298584
4.9679059982299805
3.4800353050231934
4.733790397644043
5.065936088562012
2.5884580612182617
5.4712066650390625
3.090981960296631
5.903832912445068
3.8125505447387695
4.187534332275391
4.929747581481934
2.2971482276916504
9.700859069824219
3.6757335662841797
4.414124965667725
6.765365123748779
3.967151403427124
4.657289028167725
6.8408074378967285
2.5233354568481445
9.819086074829102
6.083580493927002
2.9440653324127197
10.409923553466797
4.489551544189453
4.158511161804199
9.667562484741211
3.2238235473632812
6.806765556335449
4.705270290374756
4.06809663772583
6.258168697357178
3.1899657249450684
9.436882019042969
3.5588440895080566
5.240061283111572
5.086211204528809
4.349835395812988
6.5663957595825195
1.8829045295715332
11.791421890258789
7.118022918701172
2.048004627227783
9.745893478393555
8.142601013183594
4.150445938110352
11.020365715026855
7.367129802703857
3.9361939430236816
7.129793643951416
5.798315048217773
2.653247356414795
9.550342559814453
3.722337484359741
3.3184432983398438
7.53359842300415
4.586944103240967
3.3546032905578613
7.341379165649414
3.5966858863830566
5.061578750610352
4.55293083190918
4.118101119995117
6.020907878875732
3.0977253913879395
6.8833112716674805
6.401953220367432
4.156680583953857
5.5481414794921875
4.035600185394287
6.390897750854492
3.1903867721557617
7.187733173370361
3.7773945331573486
7.907765865325928
3.9884865283966064
7.0352783203125
4.0015869140625
6.86841344833374
3.0133161544799805
9.8580322265625
4.62039852142334
4.649256229400635
6.8503851890563965
4.964461326599121
3.8820302486419678
7.844659805297852
3.017853021621704
6.425537586212158
4.243835926055908
5.570901870727539
4.404247283935547
5.160743713378906
3.8471078872680664
7.366697788238525
2.7660956382751465
7.1177778244018555
5.484400749206543
4.159551620483398
5.194934844970703
3.7397735118865967
6.568448066711426
1.9085547924041748
8.225301742553711
5.687532424926758
2.826767683029175
7.264549732208252
4.403069496154785
3.7519545555114746
6.013657569885254
2.665804147720337
5.257031440734863
4.491737365722656
3.0594425201416016
5.624495506286621
3.9185190200805664
4.254485607147217
4.414987564086914
3.2557761669158936
7.221426963806152
2.2987170219421387
8.706503868103027
4.623774528503418
5.307231426239014
5.272967338562012
2.3467321395874023
9.6974515914917
3.5943756103515625
5.3948469161987305
5.108236312866211
3.3824353218078613
6.04032564163208
1.7580804824829102
7.9161176681518555
4.586820602416992
3.356597900390625
5.670384407043457
4.607765197753906
4.204949378967285
5.117248058319092
3.1211438179016113
6.773530960083008
3.1242237091064453
6.927003860473633
4.003624439239502
4.324574947357178
5.795724868774414
3.0707180500030518
7.968751907348633
3.177351951599121
5.845273971557617
5.215929985046387
4.334901809692383
4.401212215423584
2.803074598312378
5.617770195007324
2.268399238586426
4.9867401123046875
3.967496871948242
3.6307241916656494
4.303341388702393
3.5179221630096436
3.775650978088379
5.829748630523682
2.393592357635498
6.647023677825928
4.1374969482421875
3.5955796241760254
6.05254602432251
2.879861831665039
7.135765075683594
1.8925189971923828
8.325432777404785
4.4887495040893555
4.39754581451416
5.963362216949463
1.8993794918060303
6.646070957183838
4.643210411071777
3.3661060333251953
5.222548484802246
4.105406284332275
3.2184243202209473
4.788090705871582
3.0349578857421875
4.555708885192871
3.6031036376953125
4.237819671630859
3.495840072631836
4.974861145019531
2.086354970932007
7.943538665771484
4.7422871589660645
2.7266602516174316
7.114294052124023
2.0625388622283936
10.487056732177734
4.671844482421875
1.8626253604888916
7.440620422363281
3.248378276824951
4.540201187133789
3.935925006866455
3.5309488773345947
5.113462448120117
2.6444051265716553
6.505910873413086
5.202366828918457
3.3637712001800537
6.2258100509643555
2.749387264251709
8.55237102508545
7.187400817871094
4.274496078491211
6.120832443237305
4.679308891296387
4.504460334777832
3.934842586517334
3.786013603210449
4.962040424346924
3.1265082359313965
5.7940802574157715
3.647904872894287
4.886098861694336
3.683410882949829
5.069645404815674
3.6742849349975586
4.429848670959473
5.034915924072266
3.766143321990967
3.7066359519958496
5.924333095550537
3.2341973781585693
4.615664958953857
5.263817310333252
4.204045295715332
4.507251739501953
4.931637287139893
4.12302303314209
4.504364013671875
5.194721221923828
4.136815071105957
6.812068462371826
3.3833260536193848
6.391181945800781
4.89405632019043
8.421520233154297
4.106435775756836
7.446761131286621
6.229800224304199
3.3333778381347656
7.7433905601501465
1.8784358501434326
12.484082221984863
2.2327992916107178
6.683386325836182
5.827498435974121
2.0954227447509766
8.396524429321289
3.0701470375061035
4.087083339691162
6.926478385925293
3.851034164428711
5.3221330642700195
5.026697158813477
4.028238773345947
5.830218315124512
2.6515183448791504
7.268032550811768
3.322730541229248
6.672266006469727
4.165210247039795
3.934516429901123
5.3941850662231445
4.371438980102539
3.9242606163024902
4.580002784729004
2.882028579711914
5.288213729858398
3.335113763809204
4.841461181640625
3.9527862071990967
4.562273025512695
3.975327491760254
4.667965412139893
3.024735689163208
5.043946266174316
4.015903949737549
4.075127601623535
3.992384433746338
4.222446441650391
4.002303600311279
4.461941719055176
3.7522547245025635
4.948148250579834
3.552455186843872
8.122641563415527
2.20518159866333
8.199106216430664
5.102394104003906
3.8579258918762207
6.537865161895752
3.6299214363098145
6.0252275466918945
3.085017442703247
8.10887336730957
2.3689420223236084
8.806684494018555
5.968195915222168
2.9268617630004883
8.659738540649414
2.7129528522491455
6.965132236480713
2.20487904548645
7.232369422912598
1.7869601249694824
8.246980667114258
3.823974132537842
2.8533310890197754
6.887765884399414
2.9582443237304688
4.182325839996338
4.57950496673584
4.383387565612793
3.1006853580474854
5.760290145874023
3.9591403007507324
4.088140964508057
4.990699768066406
4.353206157684326
4.790735721588135
4.452176570892334
4.727418422698975
4.250721454620361
6.002732276916504
1.7933084964752197
9.609830856323242
6.8266167640686035
3.527235507965088
6.205371379852295
5.697784900665283
3.95361328125
4.911090850830078
4.5076751708984375
3.959907293319702
4.762341499328613
4.373686790466309
3.5862364768981934
5.434479236602783
3.3762664794921875
4.819721221923828
2.664485454559326
4.788680076599121
4.447384834289551
3.5048909187316895
4.668668746948242
3.0674233436584473
6.222723960876465
4.082954406738281
4.404253005981445
4.222002029418945
4.435536861419678
4.749088764190674
4.085749626159668
6.0352277755737305
2.2485175132751465
9.749410629272461
4.209715843200684
6.000450611114502
5.339313507080078
5.8659467697143555
3.2960901260375977
9.666685104370117
3.283405065536499
9.287345886230469
1.3704757690429688
12.915950775146484
4.2373046875
2.1406333446502686
7.799274444580078
2.4111738204956055
6.8944549560546875
4.348980903625488
3.590521812438965
5.712184429168701
3.0951898097991943
5.786568641662598
2.7995924949645996
6.575131893157959
3.3953747749328613
4.283936500549316
4.815529823303223
3.939622163772583
5.1423540115356445
3.034684658050537
7.345541954040527
3.4215149879455566
5.52133846282959
5.309509754180908
3.836829900741577
4.848254203796387
3.317445755004883
4.843072891235352
3.7054295539855957
6.129583358764648
3.1392874717712402
5.824326515197754
4.194490432739258
5.665960311889648
4.653415203094482
6.445371150970459
3.0711734294891357
8.356645584106445
4.6260223388671875
3.5893828868865967
5.758783340454102
5.142443656921387
3.3905210494995117
5.149329662322998
3.672452449798584
4.72767972946167
4.189506530761719
4.845430850982666
4.259734153747559
6.227560997009277
2.8445894718170166
9.054107666015625
4.819633960723877
2.654470682144165
8.490739822387695
5.254508018493652
3.6533331871032715
5.17142915725708
3.900782585144043
5.169226169586182
4.372699737548828
3.7298364639282227
4.19096565246582
4.075318813323975
5.176782131195068
3.000509023666382
5.527565002441406
3.433546304702759
5.099968910217285
3.677361488342285
5.133790969848633
3.648913621902466
3.824362277984619
5.001123905181885
2.8341665267944336
8.115314483642578
3.1999740600585938
5.501762390136719
4.923897743225098
4.410064697265625
4.0450825691223145
4.802830696105957
2.8857264518737793
8.117410659790039
4.1168293952941895
5.165349006652832
5.522369384765625
3.417736053466797
6.890646934509277
4.210483551025391
5.471631050109863
3.6064610481262207
5.068978309631348
4.729885578155518
3.827103614807129
5.112024307250977
3.7148613929748535
3.7428700923919678
5.793407440185547
2.32902193069458
7.424884796142578
3.50515079498291
4.928822994232178
6.169486999511719
3.131190299987793
7.4986572265625
2.4753434658050537
7.9721221923828125
3.98795485496521
5.209564685821533
4.862235069274902
4.434412956237793
2.8246641159057617
7.913908958435059
1.4889440536499023
8.073637008666992
6.293155670166016
1.3448452949523926
8.434686660766602
4.449701309204102
3.2667508125305176
5.458562850952148
4.236588478088379
3.3956782817840576
4.273024559020996
4.277706623077393
3.9519407749176025
4.773926258087158
3.0537848472595215
6.690666198730469
3.2581934928894043
8.977272033691406
2.871168851852417
8.8087797164917
2.247723340988159
10.760114669799805
5.447793960571289
2.8130416870117188
7.878318786621094
4.204763412475586
3.5136516094207764
6.084026336669922
3.9740030765533447
3.519211769104004
6.1900553703308105
3.1061081886291504
5.366987228393555
4.107952117919922
4.458399772644043
5.195741653442383
3.828974962234497
4.667254447937012
4.031254291534424
3.904735565185547
4.177031517028809
4.263402938842773
4.245883941650391
4.175901412963867
4.001519203186035
4.465987205505371
3.9360170364379883
4.334108352661133
4.385601043701172
4.279186248779297
4.518176555633545
4.498724937438965
4.650827407836914
3.586150884628296
7.2460126876831055
3.5529816150665283
4.5977325439453125
5.960277557373047
5.553338527679443
4.251959323883057
4.589451313018799
5.211812496185303
3.9439220428466797
6.84270715713501
4.454055309295654
5.415108680725098
7.179504871368408
2.8893630504608154
5.873271942138672
4.958856582641602
4.09660530090332
5.377706527709961
4.2941155433654785
3.9462356567382812
4.730918884277344
4.253751754760742
4.2954254150390625
4.876193046569824
4.191444396972656
4.618706703186035
3.929447650909424
5.250211715698242
2.2519478797912598
7.929206371307373
2.9779462814331055
6.515488624572754
3.2287240028381348
5.264690399169922
3.8642325401306152
5.045881271362305
3.0275211334228516
6.168530464172363
2.9359734058380127
5.832629203796387
3.535857677459717
3.85628080368042
4.837455749511719
4.1823344230651855
3.717527389526367
4.952110290527344
3.2835850715637207
5.844456195831299
1.9289361238479614
10.988750457763672
2.8373279571533203
5.397159576416016
4.976964950561523
3.1502928733825684
7.9564313888549805
0.25914186239242554
7.405379295349121
3.4770007133483887
3.437821626663208
6.030404090881348
4.642677307128906
3.462679147720337
4.360127925872803
4.215216636657715
1.7406424283981323
5.917984962463379
3.561124563217163
3.654507637023926
4.168840408325195
3.8177804946899414
3.4917378425598145
3.9487338066101074
2.9190585613250732
4.994960308074951
3.099740505218506
4.3799333572387695
4.3259735107421875
3.5365357398986816
5.706613540649414
2.2302753925323486
8.625659942626953
5.285473823547363
2.905381917953491
5.657543182373047
4.771208763122559
3.8478431701660156
3.825584888458252
2.9518909454345703
4.862471580505371
4.415053844451904
3.341205596923828
4.702070236206055
3.8632216453552246
3.8732352256774902
3.111255168914795
4.933741092681885
3.2705678939819336
3.4556617736816406
4.353187561035156
3.1188488006591797
4.76707649230957
1.928286075592041
8.700997352600098
2.441633701324463
5.085411548614502
4.548521041870117
4.146487236022949
4.208682060241699
3.2327723503112793
5.533236026763916
0.7884560823440552
12.505139350891113
4.247319221496582
2.830195903778076
7.084177017211914
2.3792147636413574
4.788160800933838
2.2239155769348145
4.511303901672363
3.4125478267669678
3.2197022438049316
3.7603847980499268
2.7516090869903564
4.559357643127441
4.139980316162109
3.303215265274048
4.705932140350342
4.064841270446777
3.815462589263916
3.8830440044403076
3.5793514251708984
3.6649839878082275
4.765429496765137
3.9258573055267334
4.507347106933594
4.526882171630859
2.4140634536743164
7.668665885925293
5.249397277832031
3.4101223945617676
6.285656452178955
5.203927993774414
2.662323474884033
6.885495662689209
5.28835391998291
3.289612054824829
6.975135803222656
3.04573130607605
6.792385101318359
3.292846202850342
5.698766708374023
4.501079559326172
3.5423641204833984
5.590963363647461
3.364386796951294
5.282890319824219
4.225335121154785
4.545240879058838
3.628901720046997
4.2833251953125
2.8870370388031006
7.36320686340332
2.9143245220184326
5.421623229980469
5.33629035949707
4.005691051483154
5.025609970092773
3.943096876144409
6.2848076820373535
1.4212915897369385
9.009675979614258
2.137863874435425
6.245152473449707
5.197148323059082
3.9381234645843506
6.624764442443848
1.7304439544677734
10.760395050048828
5.2573089599609375
2.462374687194824
8.754547119140625
2.833925724029541
7.492478370666504
4.150579452514648
3.991698741912842
5.515331268310547
3.9642183780670166
5.072885036468506
1.375429391860962
10.706430435180664
5.116633415222168
2.5976593494415283
9.684499740600586
6.55312442779541
3.1846823692321777
5.001687526702881
4.7147135734558105
2.470806121826172
6.975868225097656
3.5803780555725098
3.5255448818206787
5.774356842041016
5.146883487701416
2.456061363220215
6.857852935791016
4.760763645172119
2.979578971862793
4.183511257171631
4.852892875671387
3.903351068496704
3.3431360721588135
4.0015339851379395
4.027156352996826
3.288090229034424
4.457333564758301
3.0081515312194824
5.737427711486816
4.522907257080078
2.927121162414551
4.991983413696289
5.321232318878174
3.752448081970215
4.004082679748535
4.984314918518066
3.5807268619537354
4.189929008483887
4.693592071533203
4.760756492614746
3.018484592437744
5.496417999267578
4.734630584716797
3.105621576309204
4.504724502563477
4.13787841796875
3.953702926635742
3.2928829193115234
5.985528945922852
3.676058053970337
4.140513896942139
5.261350631713867
3.793626308441162
3.474945306777954
5.675023078918457
3.768688678741455
4.317477226257324
4.277705192565918
4.367640972137451
4.694585800170898
4.397359848022461
4.274280548095703
3.9672083854675293
5.217580795288086
3.9426252841949463
5.530228137969971
5.126989841461182
4.1907196044921875
4.703890323638916
4.488818645477295
4.060583591461182
5.6178998947143555
1.7927711009979248
8.427434921264648
4.498690605163574
3.740816354751587
5.823640823364258
3.8879828453063965
6.011994361877441
1.8610835075378418
6.559006690979004
4.886396884918213
2.961599588394165
5.752931594848633
3.375635862350464
3.9458823204040527
3.664473533630371
3.749194622039795
3.9597365856170654
4.61517858505249
2.1915769577026367
7.399750709533691
3.0917446613311768
5.674796104431152
5.183208465576172
4.392992973327637
3.3489818572998047
3.570082187652588
2.587634563446045
6.692390441894531
3.3688101768493652
3.183926582336426
5.150514125823975
5.05434513092041
2.3791985511779785
4.913293838500977
4.819741249084473
2.7926688194274902
3.818507194519043
4.820503234863281
2.13785457611084
6.332602500915527
2.9914989471435547
4.419554233551025
4.533158302307129
3.697532892227173
3.6141819953918457
4.1534647941589355
1.6955287456512451
7.393868446350098
3.428706645965576
3.0871176719665527
5.465610504150391
3.597323179244995
4.34396505355835
2.853952169418335
4.9244890213012695
3.2079949378967285
3.6576499938964844
4.696078300476074
3.1044983863830566
3.7648208141326904
4.080165863037109
4.514854431152344
4.75058126449585
1.0701881647109985
6.748284816741943
6.703479766845703
4.028428077697754
2.99348783493042
4.718592643737793
4.771646499633789
3.4438695907592773
3.7334718704223633
4.624112129211426
3.349006175994873
4.552956581115723
2.350851535797119
9.197917938232422
3.413120985031128
5.68990421295166
4.018683433532715
4.949984550476074
1.7337698936462402
7.463829517364502
2.6961398124694824
5.342522144317627
4.532793998718262
3.2884178161621094
5.095699310302734
2.46933650970459
5.895069122314453
3.492809295654297
3.759948492050171
5.437202453613281
3.036350727081299
4.232086658477783
3.156830072402954
3.54288911819458
4.286874771118164
3.2638041973114014
5.147794246673584
3.3375778198242188
4.668191432952881
3.803455114364624
4.268181800842285
3.770216941833496
4.540905952453613
3.4924960136413574
4.4956231117248535
3.0608463287353516
3.1398696899414062
6.065849781036377
3.4850873947143555
4.031710624694824
4.664602279663086
3.544675350189209
4.371087074279785
5.180260181427002
2.1624388694763184
7.793099880218506
1.2215173244476318
10.876510620117188
6.650349140167236
3.3516793251037598
5.5138468742370605
5.157253265380859
3.4763407707214355
8.039525985717773
3.6384544372558594
4.102541923522949
4.543354511260986
3.712749719619751
3.5976996421813965
4.1096415519714355
4.089718818664551
3.5110270977020264
3.6009092330932617
4.313440322875977
3.7619268894195557
4.336682319641113
2.981271505355835
6.00652551651001
1.9289175271987915
6.817002296447754
5.1056036949157715
2.934141159057617
7.207270622253418
1.8371330499649048
6.757801055908203
4.015946865081787
3.860098361968994
4.598573684692383
3.3166205883026123
6.295478820800781
2.026007652282715
6.564627647399902
2.5999398231506348
3.649209499359131
5.148477077484131
4.250958442687988
2.222607135772705
4.91486930847168
3.937469959259033
3.844977378845215
4.054621696472168
3.4972684383392334
4.069323539733887
2.627828598022461
5.370569705963135
3.247103452682495
3.7029128074645996
4.789731025695801
3.9937551021575928
2.7849907875061035
6.103455066680908
2.050093173980713
4.955894470214844
4.816943168640137
1.630603551864624
8.204538345336914
5.818304538726807
0.9913395643234253
7.940773010253906
6.618679046630859
3.3285491466522217
4.735177516937256
4.964437484741211
2.945966958999634
4.386128902435303
4.118731498718262
3.3586788177490234
6.089698791503906
2.9770193099975586
4.128069877624512
3.5255515575408936
4.859210968017578
3.5058560371398926
3.228400230407715
4.999239921569824
2.9093635082244873
3.6286890506744385
3.500445604324341
3.227952003479004
4.753466606140137
3.195072889328003
5.492439270019531
3.9269518852233887
3.2083725929260254
6.370291233062744
2.266916275024414
6.119256973266602
5.675806045532227
3.7004776000976562
3.9148435592651367
4.263742923736572
4.303407192230225
3.960203170776367
3.796842098236084
4.08210563659668
4.682150840759277
2.38289213180542
7.1841816902160645
1.1383525133132935
7.190617084503174
5.031946182250977
3.6155846118927
4.103147506713867
3.989699125289917
4.514288902282715
3.4570417404174805
3.8157382011413574
4.152691841125488
4.3081464767456055
4.124934196472168
4.573346138000488
2.7236576080322266
9.171643257141113
1.4315569400787354
7.212615013122559
4.50385856628418
3.917658805847168
6.048384666442871
2.32462739944458
7.059743881225586
3.7898519039154053
4.247344970703125
3.356598377227783
5.4617815017700195
1.2068977355957031
7.109152793884277
5.908703804016113
3.4106783866882324
3.952631950378418
4.780791282653809
2.8695993423461914
5.134261608123779
2.236628770828247
3.9019761085510254
3.908665180206299
3.229741334915161
2.848738431930542
4.79965877532959
2.260958671569824
4.506105422973633
4.316892623901367
2.4434731006622314
4.595525741577148
3.454235076904297
3.1589736938476562
4.007866382598877
3.4904210567474365
2.8349742889404297
4.930751323699951
2.508958101272583
4.922135829925537
4.226149559020996
2.69551944732666
5.416968822479248
3.1908082962036133
5.683137893676758
3.4705088138580322
5.455865859985352
2.0700371265411377
5.138256549835205
3.9075024127960205
4.966229438781738
4.45906925201416
2.979084014892578
6.201850891113281
4.01063871383667
4.081621170043945
6.956612586975098
1.815551996231079
8.269718170166016
3.186875581741333
6.719441890716553
3.573878288269043
5.97062873840332
3.523751974105835
4.6855363845825195
4.53209114074707
3.660564422607422
4.4947052001953125
3.197248697280884
5.099858283996582
3.482701539993286
2.336745023727417
7.168330192565918
3.68510103225708
2.595578193664551
7.0685648918151855
3.8176825046539307
3.8435535430908203
4.3382744789123535
3.886085033416748
4.302191257476807
3.88564133644104
3.583775043487549
4.095383644104004
5.416756629943848
2.048891305923462
4.685615539550781
4.457305908203125
4.295468330383301
3.8752031326293945
4.465585708618164
4.710205554962158
4.607515811920166
1.0336503982543945
10.41253662109375
4.161028861999512
2.9647016525268555
6.603480815887451
4.375946998596191
3.623110771179199
5.463470458984375
3.7457780838012695
5.459670066833496
1.9155627489089966
5.973568439483643
4.409938812255859
3.5420336723327637
4.270453453063965
3.0911760330200195
4.066330909729004
3.102684497833252
4.634716033935547
2.3054966926574707
6.831997394561768
1.263817310333252
7.332884788513184
0.6477005481719971
8.038165092468262
2.6267807483673096
4.865067481994629
4.248354911804199
3.6579408645629883
4.185562610626221
2.876770496368408
3.639253854751587
4.315069675445557
2.33916974067688
5.604226112365723
4.166949272155762
2.3131144046783447
5.480070114135742
2.9140684604644775
5.821498394012451
3.040741443634033
4.034237861633301
4.426509857177734
3.380405902862549
3.2866220474243164
6.708640098571777
3.203169584274292
4.273678779602051
5.843233108520508
4.096712112426758
2.9695539474487305
6.366390228271484
2.9891438484191895
3.6863112449645996
4.766948223114014
3.2085909843444824
4.493008136749268
4.075929164886475
3.433974266052246
4.345550537109375
3.595838785171509
4.665226936340332
3.15042781829834
4.827898979187012
2.878261089324951
6.113421440124512
4.5135498046875
2.7095625400543213
6.10883903503418
2.3935370445251465
5.133464336395264
4.590622901916504
3.282184362411499
4.430974960327148
3.4495396614074707
3.284247398376465
3.1417713165283203
3.7112643718719482
3.985049247741699
3.453378200531006
3.3974838256835938
3.917853832244873
3.18796968460083
4.125655651092529
3.9529781341552734
3.248671293258667
4.393522262573242
3.1296944618225098
5.077762126922607
2.7220497131347656
4.889505863189697
3.3361763954162598
4.622293472290039
2.7670812606811523
6.37422513961792
2.3029489517211914
5.3435468673706055
3.2105026245117188
4.603581428527832
3.701009750366211
3.724658966064453
4.066616058349609
2.9478886127471924
6.967746734619141
1.5579919815063477
7.791372299194336
1.3253114223480225
6.406193256378174
2.9003262519836426
4.755356788635254
3.973123550415039
2.811284065246582
5.549252510070801
2.4767415523529053
5.016683101654053
2.0559654235839844
5.1200852394104
3.744600296020508
3.2155489921569824
4.468855857849121
2.012014865875244
5.268529415130615
1.426478385925293
5.3146514892578125
2.443962812423706
4.409317970275879
3.105041980743408
3.4749186038970947
4.423940181732178
1.9892299175262451
5.773835182189941
3.499678611755371
3.426116466522217
4.4404191970825195
3.157256603240967
3.8910980224609375
3.7886271476745605
3.7573344707489014
2.566046714782715
3.8992388248443604
2.6914010047912598
4.103747367858887
3.9518892765045166
3.0364952087402344
4.9460954666137695
2.4802165031433105
5.312610626220703
4.067444324493408
2.874950408935547
6.3923234939575195
3.081606149673462
4.148377418518066
4.018093109130859
3.519714832305908
4.382428169250488
2.9208264350891113
4.357077598571777
2.997349739074707
4.873598098754883
3.2945938110351562
4.380435466766357
3.115520477294922
3.9664266109466553
2.2872540950775146
5.600193977355957
3.4534339904785156
3.8751072883605957
3.597067356109619
3.8192625045776367
3.7868027687072754
3.1265721321105957
4.072874069213867
1.846237301826477
6.793527126312256
1.678830623626709
5.930805206298828
3.4853732585906982
4.3912153244018555
4.955377101898193
3.1789073944091797
3.7394466400146484
4.72705602645874
1.8738141059875488
5.864404678344727
1.8993265628814697
6.999682903289795
2.5091137886047363
3.6021666526794434
4.138896465301514
2.42087459564209
4.637115478515625
2.4940810203552246
4.493546962738037
2.682234764099121
4.708523750305176
3.2806215286254883
3.1544055938720703
5.935149669647217
2.2397594451904297
6.841788291931152
2.2294931411743164
6.838112831115723
2.1918270587921143
4.787899494171143
3.2710938453674316
4.888105392456055
1.4958680868148804
5.327445983886719
0.668271005153656
8.924080848693848
4.860108852386475
1.9742515087127686
6.702186584472656
4.351719856262207
2.4828367233276367
4.941292762756348
3.111268997192383
4.229908466339111
3.517087697982788
3.856093406677246
2.5261058807373047
6.545088768005371
1.8351818323135376
5.157097339630127
3.6405160427093506
3.6355671882629395
3.6131045818328857
3.6413755416870117
3.743563175201416
3.2675483226776123
3.6691079139709473
3.4870824813842773
3.873134136199951
3.6147775650024414
2.8614892959594727
3.9988245964050293
4.160840034484863
3.1901564598083496
4.7281599044799805
2.8455820083618164
4.395852088928223
4.1986846923828125
2.7992212772369385
5.209029197692871
2.1603496074676514
5.894320964813232
2.9790964126586914
4.881258010864258
3.4590115547180176
4.000112533569336
3.5258913040161133
3.2369141578674316
5.127774238586426
2.4334561824798584
4.556304931640625
3.635674476623535
4.217081069946289
3.8608474731445312
3.4672889709472656
3.8958563804626465
3.6413958072662354
3.073526382446289
4.666713714599609
2.299506187438965
6.254355430603027
3.4001829624176025
3.3920695781707764
4.775620460510254
3.273104190826416
3.816495418548584
3.677518844604492
2.7688522338867188
4.589715003967285
2.4496798515319824
5.1311869621276855
2.6366164684295654
5.566219329833984
3.7628939151763916
3.7157018184661865
4.699564456939697
4.264075756072998
4.338420867919922
2.6502647399902344
5.399833679199219
3.4226670265197754
4.59561824798584
4.2140045166015625
3.7684218883514404
4.5000715255737305
2.3956046104431152
5.262287139892578
2.187504291534424
6.307831287384033
0.24469944834709167
8.349298477172852
2.7546000480651855
5.833033561706543
4.198148727416992
4.9354753494262695
1.3491661548614502
6.186317443847656
0.5422285795211792
7.619601249694824
4.107086181640625
2.2634787559509277
6.077490329742432
2.883589506149292
3.2245726585388184
3.762847423553467
2.6866443157196045
3.811642646789551
3.103651285171509
3.3486597537994385
2.802931785583496
4.0521345138549805
2.948990821838379
2.8423123359680176
3.852992057800293
3.082995891571045
3.5698695182800293
3.5306196212768555
4.544477939605713
3.239576578140259
3.984558343887329
4.393582344055176
3.4166407585144043
4.63743782043457
3.9735560417175293
4.009337902069092
4.36439847946167
3.885510206222534
4.044189929962158
5.033749103546143
3.1491923332214355
4.7099928855896
3.9605188369750977
4.604207515716553
3.7313640117645264
3.74052357673645
5.063322067260742
2.671581745147705
7.18882417678833
3.4968643188476562
4.385470390319824
4.0048723220825195
4.503067493438721
3.6453073024749756
4.713109016418457
3.246115207672119
3.8538784980773926
3.6231448650360107
4.78683614730835
2.7634520530700684
5.047384262084961
3.3198320865631104
3.2469325065612793
4.401142120361328
3.394378423690796
3.491607189178467
3.6950159072875977
3.410386562347412
5.563960552215576
2.1980526447296143
7.232292652130127
1.599342703819275
7.306059837341309
0.9030987024307251
9.24569320678711
1.210584282875061
5.668630123138428
2.5715906620025635
3.908295154571533
4.153026580810547
3.2798242568969727
3.7389583587646484
3.7840332984924316
3.007110834121704
3.692103624343872
3.8230655193328857
3.387051582336426
3.652250289916992
3.498805284500122
3.528813362121582
3.740067958831787
2.1522655487060547
6.127857208251953
3.4997951984405518
3.4861831665039062
4.280261993408203
4.615375995635986
3.460010528564453
4.076669692993164
3.3918282985687256
4.180638790130615
3.949739694595337
2.682027816772461
5.745462894439697
1.8446705341339111
8.148447036743164
1.8076488971710205
7.623417377471924
4.736387252807617
2.7849011421203613
6.477545738220215
1.7857420444488525
6.3585896492004395
1.796600103378296
6.118987083435059
3.270127773284912
3.140901565551758
4.838966369628906
1.8850605487823486
7.031378269195557
1.3720097541809082
5.943815231323242
2.266132116317749
5.905308723449707
2.1691946983337402
5.767857551574707
2.055318593978882
4.792230606079102
2.826915740966797
3.4387364387512207
2.944209098815918
3.128288507461548
3.3620409965515137
2.64262056350708
3.9707937240600586
2.259277820587158
4.110616683959961
2.7732553482055664
2.9577198028564453
3.812851667404175
3.066563129425049
3.277524948120117
2.947296619415283
3.319613456726074
3.247799873352051
3.938049554824829
2.802279233932495
3.7499747276306152
3.2978451251983643
3.851741075515747
3.1318788528442383
4.554088592529297
3.042264938354492
4.828272342681885
3.2618601322174072
3.689581871032715
3.7943389415740967
3.8262124061584473
3.0722923278808594
4.339677810668945
3.93717098236084
3.463146209716797
4.121807098388672
3.3764007091522217
4.852078437805176
3.0735790729522705
4.822154521942139
3.717154026031494
5.1537017822265625
3.9363508224487305
2.508134126663208
5.7311248779296875
1.6803382635116577
8.178784370422363
2.2376983165740967
7.0305495262146
4.839423179626465
1.6443932056427002
7.468846797943115
3.0187225341796875
5.58203649520874
1.3483421802520752
9.776840209960938
3.1203207969665527
2.9252734184265137
6.758370399475098
2.2342867851257324
5.115137100219727
3.941150188446045
1.9684600830078125
7.0106120109558105
0.3505631685256958
6.751401901245117
4.630579948425293
2.3467888832092285
6.361468315124512
2.301964282989502
4.640857696533203
1.169539451599121
6.6373982429504395
2.112508535385132
3.678257942199707
4.450092792510986
3.848332643508911
3.0536465644836426
3.8464126586914062
3.3691582679748535
3.088869094848633
3.171149253845215
3.2418408393859863
3.2445881366729736
4.21347188949585
2.6759486198425293
3.8061254024505615
3.7776191234588623
3.661513090133667
4.150586128234863
2.464608669281006
5.0239362716674805
2.022747755050659
4.2709221839904785
3.78572416305542
3.4580283164978027
3.1900248527526855
4.282719135284424
3.182159423828125
4.188035011291504
3.330228805541992
3.5315957069396973
3.9204390048980713
2.965005397796631
4.074412822723389
3.847362756729126
3.949892282485962
3.661916732788086
2.851506471633911
4.297475814819336
2.580399513244629
4.625663757324219
1.5086734294891357
7.156454086303711
0.7268240451812744
9.721257209777832
3.481250524520874
3.0318148136138916
5.6240692138671875
3.100400924682617
4.135080337524414
2.6756770610809326
4.349492073059082
2.8706607818603516
3.765092134475708
3.8753933906555176
3.142000436782837
4.439187049865723
3.0083327293395996
3.638335943222046
3.863738536834717
3.074321746826172
4.888979911804199
2.3364272117614746
4.697327613830566
3.3635506629943848
3.442336082458496
3.694474697113037
3.4477434158325195
2.9028801918029785
3.9249134063720703
3.2379860877990723
3.230926513671875
3.577617883682251
3.210700273513794
4.471593856811523
2.840543270111084
4.847332954406738
3.5660579204559326
2.923154592514038
6.07005500793457
2.6339826583862305
6.1203718185424805
3.6137540340423584
3.922611713409424
4.643167972564697
2.572127103805542
4.948699474334717
2.6392719745635986
4.11595344543457
2.6569266319274902
5.040809154510498
2.8382515907287598
4.221733093261719
3.468794822692871
4.867198467254639
1.6657524108886719
4.687650680541992
1.5318632125854492
9.195207595825195
0.7123278379440308
5.800199031829834
2.181178569793701
2.9258439540863037
4.642627716064453
2.3772449493408203
5.624183654785156
1.510786771774292
6.154565811157227
1.5021525621414185
5.51171875
2.7603254318237305
3.487056016921997
4.397085189819336
2.1919097900390625
5.398820400238037
1.7679399251937866
5.505545616149902
2.058922529220581
6.299293041229248
2.470538377761841
4.592644691467285
3.1548304557800293
3.299501895904541
4.0091233253479
2.879234790802002
4.150965690612793
3.549781322479248
3.88952898979187
3.7258806228637695
2.645451068878174
5.6126179695129395
1.2033568620681763
6.094388008117676
3.2428815364837646
3.7940385341644287
4.491919994354248
2.410921335220337
3.337789535522461
3.2822043895721436
3.1790904998779297
3.2937123775482178
3.193821430206299
2.2046282291412354
5.555904388427734
2.3666610717773438
3.5208325386047363
3.7476890087127686
2.81496000289917
3.8042163848876953
2.2002453804016113
4.805210113525391
2.9558522701263428
3.921152114868164
3.52376389503479
3.393202066421509
4.383633613586426
2.558063507080078
4.715752124786377
2.9976348876953125
3.4122207164764404
3.940702438354492
3.2284088134765625
3.420034170150757
3.7024078369140625
2.8569557666778564
3.9021143913269043
3.8410863876342773
3.3521108627319336
3.473146915435791
4.692831039428711
2.20721435546875
5.941127777099609
2.9598569869995117
2.6280813217163086
5.487417697906494
1.5890934467315674
6.583739757537842
1.4338266849517822
7.663619041442871
2.440891742706299
3.391476631164551
4.259880542755127
2.9024431705474854
5.004210472106934
2.236802577972412
4.894954681396484
1.6243375539779663
5.138994216918945
2.2047297954559326
4.404482841491699
2.626199722290039
4.003920078277588
3.607428789138794
3.0998458862304688
3.8499579429626465
2.7510032653808594
4.03508186340332
3.1744823455810547
3.7823517322540283
3.566303014755249
3.4716339111328125
2.9790494441986084
4.210481643676758
2.0485785007476807
5.285921573638916
3.3041000366210938
3.673804759979248
4.28759241104126
2.945374011993408
3.328582763671875
4.693342685699463
1.9210116863250732
5.970070838928223
0.7799586653709412
7.963481903076172
0.48732054233551025
6.4473772048950195
1.2405765056610107
6.186624526977539
2.477184295654297
4.675553321838379
2.128713607788086
7.29116678237915
0.6628445386886597
5.334397792816162
1.1400556564331055
6.430083274841309
1.2458058595657349
4.455444812774658
3.3945300579071045
2.530546188354492
4.433391094207764
1.24556303024292
5.575720310211182
0.49838054180145264
7.8454060554504395
4.701427459716797
2.2206263542175293
4.511701583862305
4.357575416564941
3.104365587234497
3.739880084991455
3.0608572959899902
2.8315532207489014
2.770552635192871
3.2633047103881836
2.876100778579712
3.1993260383605957
3.5739004611968994
2.2656545639038086
4.525677680969238
3.579739570617676
2.7520222663879395
4.9027814865112305
1.8487175703048706
6.500581741333008
3.7920501232147217
2.5771644115448
5.60004997253418
3.214968681335449
2.9013118743896484
4.11942720413208
2.407874822616577
4.663277626037598
2.9644529819488525
3.5374836921691895
3.883376359939575
3.253319263458252
3.4768147468566895
3.009920120239258
4.12225341796875
2.814600944519043
3.5733511447906494
3.8666858673095703
3.2386884689331055
4.099442958831787
3.048673152923584
3.5103797912597656
3.1104841232299805
3.299553394317627
4.062267303466797
2.4003872871398926
5.159672737121582
2.9276137351989746
3.0533692836761475
5.18241024017334
2.7347981929779053
4.543731689453125
3.645556688308716
3.8842780590057373
3.900503158569336
3.7846806049346924
3.084484577178955
4.010137557983398
2.9490268230438232
4.270358085632324
2.889315128326416
4.06715726852417
3.197288990020752
3.8083553314208984
2.4576144218444824
4.67606258392334
2.269036293029785
4.727148056030273
2.3406291007995605
4.768072128295898
2.16562557220459
5.9778876304626465
0.824476957321167
7.270777702331543
0.7608472108840942
7.502959728240967
2.7452034950256348
3.7646913528442383
4.589168071746826
3.299466133117676
4.865888595581055
2.2577686309814453
3.5381524562835693
3.34317946434021
2.590378999710083
4.031642913818359
1.6990472078323364
6.057531356811523
1.1927441358566284
6.0438642501831055
1.2046769857406616
7.20153284072876
2.298434257507324
3.8806777000427246
4.073958396911621
3.1065492630004883
4.20005989074707
1.795028805732727
6.266887664794922
2.339776039123535
4.124176979064941
3.797147274017334
4.013998985290527
3.3150811195373535
3.294724464416504
3.0562937259674072
3.7038345336914062
3.312452793121338
3.3592352867126465
3.200263023376465
3.612250328063965
3.6802568435668945
3.1188111305236816
3.8231730461120605
3.6234359741210938
2.8833048343658447
4.088027000427246
3.122448205947876
3.2504074573516846
4.22459077835083
2.790778160095215
4.53741455078125
2.6297223567962646
4.243093967437744
3.2986502647399902
3.331789016723633
3.4013805389404297
3.662783622741699
2.6502513885498047
4.980018615722656
2.884413242340088
4.439305305480957
3.7215280532836914
3.0895776748657227
5.213165760040283
1.8629515171051025
7.173879146575928
2.8423802852630615
5.513518333435059
4.484455585479736
3.5091748237609863
4.560823440551758
2.457782030105591
5.09416389465332
2.8085408210754395
3.7128872871398926
4.2433648109436035
2.364171266555786
4.384293079376221
2.3801767826080322
4.035813331604004
3.058708429336548
3.5945253372192383
2.4706344604492188
4.061277389526367
2.7002224922180176
3.9376158714294434
3.2571191787719727
3.835958480834961
3.3616509437561035
3.113633155822754
3.630528211593628
3.4473037719726562
2.8345136642456055
4.4892120361328125
1.1962592601776123
7.479213714599609
1.1310653686523438
7.638185501098633
3.233798027038574
3.30033540725708
4.914985656738281
1.8019280433654785
6.488319396972656
1.6246628761291504
5.305188179016113
3.264143705368042
2.2943453788757324
5.61222505569458
0.7026259899139404
6.841917037963867
1.0094971656799316
9.073270797729492
3.207028865814209
3.0983405113220215
3.5964112281799316
1.2976155281066895
8.144697189331055
1.4927722215652466
3.9731504917144775
4.586005210876465
2.820096015930176
3.9584550857543945
3.6085071563720703
3.07521915435791
3.3355047702789307
2.991492748260498
3.9276926517486572
2.86198353767395
3.9817638397216797
2.462486743927002
5.418708324432373
2.171834707260132
5.377213478088379
3.886234760284424
2.60280179977417
5.809205055236816
1.611093282699585
5.614279747009277
2.2155542373657227
4.751514434814453
3.2678990364074707
3.077333450317383
4.633889675140381
1.7622098922729492
5.352194786071777
2.748920202255249
3.8161027431488037
3.138392925262451
3.344477653503418
4.119470596313477
3.4741382598876953
2.915139675140381
4.316936492919922
2.601804256439209
4.100869178771973
2.0578231811523438
5.164684772491455
2.243338108062744
4.467202186584473
3.5751490592956543
2.822270393371582
4.658312797546387
2.0793685913085938
4.168981552124023
3.1748452186584473
3.082237958908081
3.902261257171631
1.6335608959197998
4.459012031555176
2.7617859840393066
3.5876121520996094
3.0430030822753906
3.533569812774658
2.920687437057495
2.9952850341796875
3.191074848175049
3.3714938163757324
2.1256885528564453
3.6469595432281494
2.965273857116699
2.6996681690216064
3.566178321838379
2.817544937133789
3.374274253845215
3.0943493843078613
3.3920722007751465
2.4299731254577637
4.395756721496582
2.175323486328125
3.476294755935669
2.7290685176849365
3.963554620742798
2.609658718109131
3.5118231773376465
3.689771890640259
2.7797789573669434
4.0081963539123535
2.294245958328247
4.513744831085205
2.2761878967285156
3.977283477783203
3.238239049911499
3.4846653938293457
3.2187881469726562
3.4010868072509766
2.6453628540039062
3.152712821960449
3.1579525470733643
3.178283214569092
2.830989360809326
2.884495735168457
3.9876174926757812
2.0435571670532227
4.99019193649292
0.37632036209106445
7.445981025695801
0.5602825880050659
6.348413467407227
0.8652545213699341
6.769257545471191
1.145904302597046
4.939291954040527
3.20215106010437
2.464923143386841
5.3621931076049805
1.1861916780471802
6.28580904006958
1.6427496671676636
6.451525688171387
2.390420436859131
4.1396484375
3.058795928955078
4.167106628417969
1.6868047714233398
5.768881797790527
1.192197561264038
7.22458553314209
1.8230249881744385
5.518034934997559
3.0862021446228027
2.9121437072753906
3.9355883598327637
2.6582508087158203
4.1129865646362305
1.9342906475067139
4.7380475997924805
3.387558937072754
2.95426082611084
4.244329452514648
3.1832082271575928
2.389439344406128
4.052878379821777
2.8676700592041016
3.4137697219848633
2.6891088485717773
3.7517659664154053
2.289639949798584
4.461373329162598
2.503742218017578
3.618955135345459
3.8597021102905273
2.8050789833068848
3.7767627239227295
2.785639762878418
3.1770482063293457
3.1281535625457764
3.549795627593994
2.1120529174804688
4.693656921386719
2.88801646232605
3.781994342803955
2.4326038360595703
3.982961654663086
2.5672502517700195
3.3598179817199707
3.136404037475586
3.29069447517395
2.7577741146087646
3.477025032043457
3.208829402923584
2.794783115386963
4.44190788269043
2.6536471843719482
3.808018684387207
2.267371416091919
4.541343688964844
2.576789379119873
3.245168924331665
3.0891661643981934
3.8732521533966064
1.686083436012268
5.165822505950928
0.7902474403381348
5.92429256439209
2.577049493789673
2.456707000732422
5.003726959228516
1.7997915744781494
4.893096923828125
1.6175477504730225
5.114880561828613
2.6818621158599854
2.4898595809936523
4.063422203063965
2.196169853210449
3.580303907394409
2.0632989406585693
4.1133317947387695
2.0295419692993164
3.6940224170684814
2.6353087425231934
2.675405740737915
3.3591644763946533
2.3856558799743652
4.391890525817871
0.9001246094703674
5.921972274780273
4.309674263000488
2.034299373626709
4.71455717086792
3.203648567199707
3.217302083969116
3.143259286880493
2.689619541168213
3.198387622833252
2.6244988441467285
3.683974027633667
1.485466480255127
5.045774936676025
1.330740213394165
6.061338424682617
1.0768399238586426
7.573707103729248
2.132202625274658
4.115352630615234
4.264744281768799
2.1246824264526367
4.272163391113281
3.5031824111938477
2.881739616394043
3.594621419906616
2.877455711364746
4.542209625244141
1.8731118440628052
4.937835693359375
0.9425561428070068
6.932831287384033
2.720141887664795
3.6746020317077637
4.354199409484863
2.436798334121704
4.8684492111206055
1.8044127225875854
5.2497477531433105
3.2496628761291504
3.5146331787109375
3.869119882583618
2.6694555282592773
4.839747428894043
2.5592217445373535
2.204881191253662
4.85129451751709
2.4413177967071533
4.163978099822998
2.283444881439209
4.447052001953125
1.9717921018600464
4.934807777404785
2.2126572132110596
4.338370323181152
3.0512735843658447
3.705990791320801
3.270904302597046
3.407803535461426
3.519890785217285
2.4385199546813965
4.227025032043457
2.6317429542541504
3.6642966270446777
1.9723283052444458
5.011328220367432
1.6989601850509644
5.525147438049316
1.4318453073501587
6.958222389221191
3.2723915576934814
4.145055770874023
2.5341744422912598
4.30947208404541
2.3364806175231934
2.8255927562713623
4.967168807983398
0.9306228160858154
7.629954814910889
0.7144994735717773
6.346020698547363
3.163214683532715
2.870871067047119
5.015746116638184
1.438152551651001
6.729930877685547
1.2661479711532593
4.050806999206543
3.0390379428863525
2.633324146270752
4.124907970428467
1.8458106517791748
4.418454170227051
2.6336357593536377
3.332501173019409
3.2607126235961914
3.2432613372802734
2.050389289855957
4.430695533752441
0.9258188009262085
6.741168022155762
2.9452404975891113
2.769558906555176
4.300762176513672
3.326151132583618
3.08443021774292
3.003011703491211
3.077345371246338
2.5712056159973145
3.3992302417755127
2.86360502243042
2.2338318824768066
4.1645307540893555
2.185138463973999
3.8068032264709473
3.207115411758423
2.3370919227600098
3.9010915756225586
1.7715166807174683
5.212409019470215
1.4538311958312988
5.474288463592529
1.5934224128723145
5.287014007568359
2.0385968685150146
3.579035997390747
3.2514100074768066
1.9956971406936646
3.7618799209594727
2.370098352432251
3.1927151679992676
2.6345319747924805
2.6672816276550293
2.416718006134033
3.6444969177246094
2.0966238975524902
3.3531343936920166
3.459096908569336
2.0824990272521973
4.070516586303711
2.39047908782959
3.385528087615967
2.609506845474243
4.430858612060547
1.438514232635498
4.822657585144043
3.2286376953125
2.956756114959717
3.5922226905822754
3.3709936141967773
2.1366958618164062
4.704290866851807
2.019265651702881
4.727688789367676
1.2995370626449585
5.583431243896484
1.9433043003082275
5.362358093261719
2.1514976024627686
3.957758903503418
3.0953240394592285
3.1165199279785156
2.434536933898926
3.432370662689209
2.7068734169006348
2.5348093509674072
2.847945213317871
1.4967459440231323
4.536180019378662
0.7872585654258728
4.808411598205566
0.33233267068862915
7.017329216003418
1.7916027307510376
1.9850670099258423
3.898878812789917
2.0063836574554443
4.660498142242432
0.8218838572502136
5.370522499084473
1.7359662055969238
3.792618989944458
3.594363212585449
2.754026412963867
2.5388071537017822
3.697756290435791
2.4476490020751953
2.1637330055236816
4.55583381652832
1.172935962677002
4.611327648162842
2.8213279247283936
2.771233558654785
4.551684379577637
1.6658296585083008
4.221011161804199
2.413543939590454
3.918067693710327
3.3098933696746826
2.7336347103118896
4.511025428771973
1.7813867330551147
5.097944259643555
1.964951753616333
4.432461738586426
2.7853775024414062
3.970597743988037
2.5021986961364746
3.4941368103027344
2.776124954223633
4.008070468902588
2.354031562805176
4.159073352813721
2.054952621459961
5.394082069396973
2.123305082321167
4.463491439819336
2.394338846206665
3.0397887229919434
3.0047202110290527
2.3176913261413574
4.254025459289551
1.5400086641311646
4.38784122467041
3.062516689300537
2.5713891983032227
3.2458229064941406
2.836336135864258
3.5035533905029297
1.5011365413665771
5.4842376708984375
0.9973515868186951
6.218866348266602
1.1291894912719727
4.714212417602539
2.586029291152954
3.2223758697509766
3.160385847091675
2.6737794876098633
3.76373291015625
1.355032205581665
6.2067975997924805
0.9740637540817261
5.386510848999023
3.7744572162628174
2.877882480621338
4.006028175354004
1.8071900606155396
5.8561882972717285
0.471386194229126
6.478804588317871
2.4185867309570312
3.817643404006958
2.8698482513427734
3.1847219467163086
3.2409305572509766
2.8732218742370605
2.625474691390991
3.6086878776550293
2.65149188041687
4.1817731857299805
2.226647138595581
4.235281944274902
2.041066884994507
4.509716987609863
3.0416533946990967
2.595752000808716
3.150418996810913
1.92437744140625
5.022086143493652
1.9023120403289795
4.331625938415527
1.4262562990188599
6.329534530639648
1.601157784461975
3.76572847366333
3.676161766052246
1.7541230916976929
4.681275367736816
1.6599565744400024
4.130212783813477
2.1892781257629395
3.299467086791992
1.8688323497772217
3.228522300720215
2.3200907707214355
3.056774139404297
2.885932207107544
2.610574245452881
3.111375570297241
2.2729668617248535
2.996565341949463
1.961085557937622
4.345697402954102
1.6829758882522583
3.898160696029663
2.6847281455993652
3.197737693786621
2.062246322631836
3.20892071723938
3.2045350074768066
2.53495454788208
2.3859033584594727
2.9977996349334717
2.4121806621551514
2.8215370178222656
2.478964328765869
2.5220909118652344
3.563581943511963
1.5867915153503418
4.101406097412109
1.8311529159545898
4.291033744812012
2.3803048133850098
3.2270116806030273
3.0226969718933105
1.8374269008636475
3.9021480083465576
2.8352315425872803
2.0566678047180176
3.808823823928833
2.4322822093963623
2.4967312812805176
3.53367280960083
1.6096227169036865
3.5385007858276367
3.0602636337280273
2.263432025909424
3.115175247192383
3.0642333030700684
2.8713278770446777
2.5948262214660645
3.075425624847412
2.5936965942382812
3.4804868698120117
1.4012421369552612
5.003277778625488
0.9392839074134827
5.828875541687012
0.8838179707527161
6.435058116912842
0.5131815671920776
6.025817394256592
0.38485395908355713
6.370433807373047
1.9752326011657715
3.6254515647888184
2.3109073638916016
3.4918360710144043
1.734052300453186
4.893660545349121
0.9696071743965149
4.132678031921387
3.127624273300171
2.2050957679748535
3.9101650714874268
1.8828151226043701
3.8399598598480225
1.6912784576416016
3.5978903770446777
2.235917806625366
3.8044111728668213
1.9865965843200684
3.4368631839752197
1.8773527145385742
3.9612369537353516
1.4678423404693604
4.476799964904785
1.6988756656646729
3.630608558654785
2.3400540351867676
3.2749767303466797
2.551535129547119
2.840019702911377
2.979689598083496
2.2648749351501465
3.229692220687866
2.9512510299682617
1.9540228843688965
3.360652208328247
2.369292736053467
3.5388643741607666
2.029371738433838
3.432084083557129
1.8611031770706177
4.140625
1.0639615058898926
5.04952335357666
1.604780912399292
3.544896125793457
2.750784397125244
2.497507095336914
2.912705898284912
2.4831857681274414
3.2719907760620117
2.126924514770508
3.6164255142211914
2.794426679611206
2.5401761531829834
2.7597157955169678
2.9120421409606934
2.655618190765381
2.44036865234375
3.4753904342651367
1.9343626499176025
3.7688961029052734
2.074519157409668
2.8821310997009277
2.991237163543701
1.9549493789672852
3.8753576278686523
1.4854896068572998
4.235665798187256
0.6019576787948608
5.606691360473633
1.3998922109603882
3.927266836166382
1.507512092590332
3.9302585124969482
1.1662013530731201
4.530402183532715
0.8088821768760681
5.6355767250061035
0.8149595856666565
5.3467841148376465
0.8912209272384644
5.44137716293335
1.8306010961532593
3.4410438537597656
3.26495361328125
1.263580560684204
3.937514305114746
3.0243980884552
1.5439109802246094
3.469094753265381
1.7810907363891602
3.047593116760254
2.476219654083252
3.058398962020874
2.542895793914795
3.162912368774414
2.838113307952881
2.855442523956299
3.8875536918640137
1.4153199195861816
4.37135124206543
1.3600115776062012
5.200231552124023
1.4024312496185303
4.91751766204834
1.210880160331726
4.777438640594482
2.2841291427612305
2.6423826217651367
3.6833834648132324
2.1702563762664795
2.903654098510742
2.299778461456299
2.9469094276428223
2.380256175994873
2.020078182220459
4.532082557678223
1.2336279153823853
4.003142356872559
2.6966464519500732
2.7523608207702637
2.6765124797821045
3.196305274963379
1.9605153799057007
3.844114303588867
1.5266318321228027
3.6667022705078125
1.4975329637527466
4.527054786682129
1.966342806816101
3.043187141418457
3.415029287338257
2.078885555267334
3.1661877632141113
2.6915385723114014
2.243163585662842
3.7301926612854004
2.4115614891052246
2.80488920211792
2.1642239093780518
3.1884801387786865
2.467355966567993
2.171980857849121
3.797203540802002
1.2422891855239868
4.325736999511719
1.7878830432891846
3.039919376373291
1.9350199699401855
3.9194250106811523
1.1186373233795166
5.073358058929443
0.6191835999488831
5.667052268981934
0.48277875781059265
5.504904747009277
2.271594285964966
2.2464122772216797
4.133037567138672
0.7963739037513733
5.328150749206543
1.7990443706512451
2.9403703212738037
3.080089569091797
2.2507996559143066
2.634279251098633
2.0407607555389404
3.7758331298828125
1.7624008655548096
3.9011940956115723
1.8363285064697266
3.311241388320923
1.9387892484664917
3.840841054916382
2.2598979473114014
2.954707622528076
2.5275213718414307
2.3372721672058105
3.3273463249206543
1.9521325826644897
3.4746408462524414
1.9541187286376953
3.1807305812835693
2.204124927520752
3.2450647354125977
2.5443053245544434
3.3961853981018066
1.4798839092254639
4.709648132324219
1.5490362644195557
4.117612838745117
1.9289398193359375
3.4376912117004395
2.195038080215454
3.6545658111572266
1.5409889221191406
4.6205596923828125
0.811769962310791
5.7508463859558105
1.2334411144256592
4.262001037597656
1.9662401676177979
3.310913562774658
2.6414074897766113
1.0577784776687622
5.1972270011901855
1.3564105033874512
4.248871803283691
2.142397403717041
3.4647111892700195
2.435452461242676
2.781318187713623
2.3085546493530273
2.890258312225342
2.7961926460266113
3.0173285007476807
2.1295456886291504
3.1370744705200195
1.9267494678497314
3.505702018737793
0.938313364982605
5.200959205627441
0.6831293702125549
5.579484939575195
1.014281988143921
5.940258026123047
0.5758375525474548
5.697699069976807
1.5910276174545288
3.224172592163086
2.456105947494507
2.9481306076049805
1.884055256843567
3.486665964126587
2.3451013565063477
2.647381544113159
2.181525230407715
5.571708679199219
1.2341673374176025
3.630650043487549
2.9871480464935303
2.8120884895324707
3.425236940383911
2.8094215393066406
2.781859874725342
2.0735204219818115
5.239113807678223
2.0253279209136963
3.364107608795166
3.171687126159668
3.4653143882751465
2.086317777633667
3.8644156455993652
2.4449896812438965
3.1673011779785156
2.1198391914367676
3.2955398559570312
2.040781021118164
4.350343704223633
1.489923357963562
3.219935417175293
3.4907121658325195
1.5558594465255737
4.678627967834473
0.9158287048339844
4.782496452331543
1.77071213722229
3.640399217605591
2.521965980529785
2.7050321102142334
2.5898141860961914
3.024301528930664
1.1623798608779907
4.326715469360352
2.3977694511413574
2.41803240776062
3.3471829891204834
1.8773462772369385
2.9052939414978027
2.796844959259033
2.3715357780456543
3.2934370040893555
1.7321033477783203
3.671314001083374
1.3086469173431396
3.8104653358459473
2.197274923324585
2.757063865661621
2.9021525382995605
2.4011316299438477
2.0242104530334473
3.0951731204986572
1.7169694900512695
3.5792508125305176
1.9042961597442627
3.4189658164978027
1.9371258020401
3.576033592224121
2.4893150329589844
1.6248736381530762
4.731424331665039
1.0706124305725098
4.567767143249512
1.9004788398742676
2.7314701080322266
3.258759021759033
2.770662784576416
2.570789337158203
2.9504430294036865
1.4392735958099365
4.433652877807617
1.933022141456604
2.6279168128967285
3.4748382568359375
2.387685775756836
2.926527500152588
3.4551355838775635
0.9024158716201782
5.286725044250488
0.687218427658081
6.443764686584473
0.6110172867774963
5.470937728881836
0.3242303133010864
4.588347911834717
2.8042826652526855
0.989500880241394
5.127857685089111
1.1325467824935913
2.7658352851867676
2.942079544067383
1.84602952003479
4.020851135253906
1.9554107189178467
2.8369412422180176
3.445383310317993
1.6448174715042114
4.344961166381836
1.8481686115264893
3.2031192779541016
2.4346861839294434
2.638888359069824
2.4116432666778564
2.71714448928833
2.56246280670166
2.3008475303649902
3.2367501258850098
1.9256832599639893
3.509915828704834
1.942915678024292
3.1772708892822266
2.2624924182891846
2.623291492462158
2.860888957977295
2.332334041595459
2.691389560699463
2.493475914001465
2.7467446327209473
1.772644281387329
3.3707146644592285
1.818062663078308
2.4707932472229004
3.7775049209594727
1.8387210369110107
2.825068235397339
2.3671340942382812
2.0702929496765137
3.5280957221984863
1.6792583465576172
3.3220105171203613
2.435091495513916
2.938405990600586
1.8514046669006348
3.9533162117004395
2.044145107269287
3.1567161083221436
2.0249321460723877
3.141746759414673
0.5705311298370361
5.682542324066162
1.020740032196045
4.708387851715088
1.4212734699249268
3.7695908546447754
2.838026523590088
0.9683142900466919
5.0335693359375
1.6977145671844482
1.764113187789917
4.648754119873047
0.6988600492477417
3.610194206237793
2.1545732021331787
1.253328561782837
4.741866588592529
0.9093996286392212
4.359597206115723
2.42880916595459
2.41780424118042
2.9792165756225586
2.372849702835083
3.0702781677246094
2.348445415496826
1.4718769788742065
4.547604560852051
1.4910356998443604
3.131868839263916
3.3124959468841553
2.35298490524292
3.2350642681121826
2.6922693252563477
2.914227247238159
2.869659423828125
2.0028936862945557
3.562209129333496
1.8753644227981567
3.3647334575653076
2.78078031539917
2.215528964996338
3.1223926544189453
1.884049415588379
3.363900661468506
1.3866931200027466
4.64180850982666
2.040743827819824
3.436173677444458
2.655118465423584
2.621225595474243
3.1939992904663086
2.508631706237793
2.720125675201416
3.2873754501342773
1.283876895904541
5.765402793884277
0.6014171242713928
5.090091228485107
0.9459142684936523
5.248535633087158
1.6288530826568604
3.614713430404663
3.1679506301879883
1.1789652109146118
6.0293121337890625
0.7177226543426514
4.862524509429932
2.302229881286621
1.7471163272857666
5.1454973220825195
0.9365564584732056
4.282561302185059
2.2745511531829834
1.761536955833435
4.342355251312256
1.7875170707702637
3.7039268016815186
1.435966968536377
3.8712844848632812
1.8895148038864136
3.3716578483581543
2.6899194717407227
2.314762830734253
2.3674488067626953
3.1167397499084473
1.8113744258880615
2.5709781646728516
2.6696457862854004
1.9604785442352295
3.589437961578369
2.012070417404175
2.825875759124756
2.3377254009246826
2.0974414348602295
3.9759280681610107
1.0167536735534668
4.138534069061279
2.506499767303467
1.7082204818725586
5.052469730377197
1.3228543996810913
3.0215511322021484
3.2135396003723145
1.847998857498169
3.7878456115722656
0.950928807258606
5.027463912963867
1.080145239830017
3.0623040199279785
3.4382104873657227
2.2307722568511963
2.2040483951568604
3.011471748352051
1.9838004112243652
2.2637743949890137
2.1905405521392822
3.1790943145751953
2.1139159202575684
2.5483956336975098
3.6703615188598633
1.8145946264266968
3.3484134674072266
2.9994277954101562
2.575690269470215
2.8653337955474854
2.999769687652588
0.8631482720375061
5.260165214538574
0.8968850374221802
4.235154151916504
1.7195160388946533
3.6235954761505127
2.459921360015869
1.9928956031799316
4.601766586303711
0.6793396472930908
4.413275718688965
2.1685919761657715
2.4320478439331055
3.067072868347168
2.1959686279296875
2.3292884826660156
2.5327887535095215
2.8816490173339844
2.35524845123291
2.781315803527832
2.1732749938964844
3.442561149597168
1.2873642444610596
3.8658409118652344
1.1461598873138428
4.168534755706787
0.8483322858810425
5.86115026473999
1.1885030269622803
3.643387794494629
2.464137077331543
2.7111692428588867
1.7884831428527832
4.0058488845825195
1.6316192150115967
3.6033618450164795
1.3888635635375977
4.86512565612793
0.8417080640792847
4.733864784240723
0.8684594631195068
4.886192798614502
1.2788280248641968
4.790591239929199
1.5356299877166748
3.1496315002441406
2.7363104820251465
2.577446937561035
3.2610366344451904
1.7525768280029297
4.091341018676758
2.545999526977539
2.41201114654541
2.8871781826019287
2.6186914443969727
2.320302724838257
2.79400634765625
2.414659261703491
3.1012797355651855
1.7138358354568481
4.484185218811035
1.4443550109863281
3.6972737312316895
2.2725791931152344
2.9356062412261963
1.7850234508514404
3.7730777263641357
1.918553352355957
3.760800361633301
2.3661599159240723
2.1520237922668457
2.8503575325012207
1.61977219581604
3.6505630016326904
1.7518970966339111
2.886949062347412
2.9799344539642334
1.6481056213378906
4.116389274597168
1.4091479778289795
3.8815553188323975
1.956139087677002
2.143430709838867
3.654956340789795
2.0363924503326416
3.112736225128174
2.549499034881592
2.375152826309204
2.766350269317627
2.440361499786377
2.4951424598693848
2.408111810684204
1.7561895847320557
3.350358009338379
1.966961145401001
2.0236148834228516
3.832216262817383
2.5099291801452637
2.636587381362915
3.4889228343963623
1.4708490371704102
3.243032693862915
1.999027967453003
3.1178829669952393
2.075593948364258
2.6753225326538086
3.102168083190918
1.8765287399291992
3.1058199405670166
2.7842185497283936
3.7008328437805176
1.9367189407348633
2.2648298740386963
2.973496437072754
2.0018088817596436
2.8283209800720215
2.4961209297180176
1.7865149974822998
3.3747825622558594
2.0596585273742676
3.0736756324768066
1.5538305044174194
3.952923059463501
2.2187693119049072
3.0687127113342285
2.6753931045532227
2.2171664237976074
3.4202816486358643
0.5412570834159851
5.490609169006348
0.2465822696685791
6.155363082885742
0.6874818205833435
4.201942443847656
0.573622465133667
5.317816257476807
1.7759337425231934
4.433462142944336
1.1531033515930176
4.301151275634766
1.8691972494125366
2.4967386722564697
2.33420991897583
3.9359889030456543
0.7634369730949402
4.244958877563477
0.6378880739212036
6.672338962554932
1.4790565967559814
3.344791889190674
2.8380236625671387
1.6581497192382812
3.7009522914886475
1.7881343364715576
2.7977442741394043
3.119805335998535
1.0859131813049316
4.480461120605469
0.7342087030410767
4.476963043212891
0.7867052555084229
4.865213871002197
1.7277228832244873
2.7887661457061768
2.741406202316284
2.3219540119171143
2.1043553352355957
3.86014461517334
0.9274992942810059
4.115117073059082
2.3306708335876465
2.27925968170166
2.5018255710601807
2.949885845184326
1.9223127365112305
3.402066946029663
1.6772761344909668
2.56178617477417
1.9649617671966553
2.8602840900421143
1.7274816036224365
3.2643051147460938
1.9232878684997559
2.7519924640655518
1.9920575618743896
2.949091911315918
1.736872911453247
3.2510604858398438
1.5516213178634644
3.3566107749938965
1.5193917751312256
4.396183013916016
1.7288613319396973
3.0108323097229004
2.3681278228759766
1.204803466796875
4.818525314331055
1.8589544296264648
2.647829532623291
3.0134501457214355
2.2119436264038086
2.2972965240478516
2.7988829612731934
2.5256171226501465
2.1093552112579346
2.312408208847046
2.9002082347869873
1.918379783630371
3.301213502883911
2.396230697631836
1.6989269256591797
3.6092562675476074
1.8104372024536133
3.631621837615967
0.9233914017677307
4.272510528564453
1.3750460147857666
3.0539515018463135
3.0977535247802734
1.5516647100448608
4.045439720153809
1.1380565166473389
4.514339447021484
1.2114263772964478
4.045399188995361
1.660176396369934
2.75850772857666
2.660114288330078
1.645437240600586
3.4810404777526855
1.9441158771514893
2.9312798976898193
2.067007541656494
3.3988046646118164
1.510667085647583
3.1796507835388184
1.4709781408309937
3.9704041481018066
1.685725212097168
2.7644667625427246
2.6222174167633057
1.7512282133102417
3.305367946624756
2.0680294036865234
2.018500328063965
2.679699659347534
2.299144744873047
2.9982104301452637
1.9635591506958008
3.1817033290863037
1.4390368461608887
3.4026479721069336
1.0785791873931885
4.774044513702393
0.47948354482650757
5.995800018310547
0.6751590371131897
5.901372909545898
0.19947372376918793
4.11521577835083
3.6492812633514404
0.6857246160507202
4.853498458862305
0.975772500038147
5.147353172302246
1.2662732601165771
3.4402763843536377
2.005166530609131
3.4801135063171387
2.6142578125
2.8739235401153564
2.1937828063964844
3.2475528717041016
1.9481940269470215
2.670499324798584
1.9394843578338623
3.604555606842041
1.4622629880905151
3.3560943603515625
2.5101189613342285
3.1053805351257324
2.4845645427703857
3.219907283782959
1.8492872714996338
3.4258177280426025
2.0775365829467773
2.3782734870910645
2.1082849502563477
2.5839245319366455
3.100095748901367
2.426788330078125
2.144568920135498
3.5770270824432373
1.8854095935821533
4.087645053863525
1.69551682472229
3.4931392669677734
2.8833203315734863
1.674818992614746
3.565178394317627
1.5059082508087158
4.548846244812012
0.8620404005050659
4.352245807647705
2.273956537246704
2.188981056213379
4.089299201965332
0.9462367296218872
4.287981986999512
0.688928484916687
5.1512675285339355
1.2440778017044067
2.738743782043457
3.5592682361602783
1.3038678169250488
3.8988986015319824
1.8533837795257568
2.305504560470581
3.0565943717956543
1.7898679971694946
3.106029987335205
1.6574854850769043
2.950320243835449
2.71063232421875
2.2964580059051514
2.8259778022766113
2.120149612426758
2.7284128665924072
2.6973907947540283
2.39628267288208
2.302239179611206
2.7463619709014893
2.3591012954711914
2.9084911346435547
1.9747684001922607
3.0962133407592773
2.2546281814575195
2.9794116020202637
2.577993392944336
1.569345474243164
4.566648483276367
1.4076768159866333
3.845921039581299
2.8696203231811523
1.66382896900177
4.370640277862549
0.9462201595306396
4.659006595611572
0.7495363354682922
5.169512748718262
1.0801489353179932
4.337899684906006
1.3615282773971558
3.456486225128174
2.2691309452056885
1.535390853881836
4.400371074676514
1.0638009309768677
3.4440317153930664
2.4848523139953613
2.7059192657470703
2.8627705574035645
1.7343952655792236
4.443953514099121
1.0293080806732178
5.154067039489746
1.7373086214065552
2.804783582687378
2.8157548904418945
2.625652313232422
2.2922515869140625
2.3044095039367676
2.6758978366851807
2.4574027061462402
1.825331211090088
3.1957437992095947
2.105694532394409
2.9489479064941406
2.3605709075927734
3.254697322845459
2.9493613243103027
1.716591238975525
4.231861114501953
2.3351826667785645
1.1675258874893188
4.77116584777832
0.8025588393211365
4.922226905822754
1.3361645936965942
3.5468361377716064
2.3252434730529785
2.375216007232666
2.780869483947754
1.841111183166504
3.109144687652588
1.470699667930603
3.907416343688965
1.5788688659667969
2.719088077545166
2.5349597930908203
1.6474802494049072
3.7180302143096924
1.446173906326294
3.210214614868164
1.8222308158874512
2.6683571338653564
3.1973400115966797
1.8970882892608643
2.7912817001342773
2.049992799758911
2.6364030838012695
2.3452401161193848
2.902522087097168
1.975448489189148
2.795118570327759
1.8505632877349854
2.3188366889953613
3.0116167068481445
1.8770580291748047
2.6727564334869385
2.9372382164001465
1.144254207611084
3.0915467739105225
1.1406829357147217
4.474586486816406
0.8227838277816772
4.048901081085205
1.532767415046692
2.908432960510254
2.6937427520751953
3.005077362060547
1.3689050674438477
3.8112587928771973
1.9445295333862305
2.119413375854492
3.211623191833496
1.9154173135757446
2.5342493057250977
2.2971222400665283
2.4097111225128174
1.8541020154953003
3.406437397003174
1.579188346862793
4.469725608825684
0.606203556060791
5.371273517608643
0.4579569101333618
4.551267147064209
0.6926290988922119
4.011260032653809
1.9057466983795166
2.858976364135742
2.1720781326293945
2.103538990020752
3.1560757160186768
2.0570788383483887
3.4919679164886475
1.2661176919937134
4.593844890594482
1.0976405143737793
4.854000091552734
0.6028997302055359
4.888826370239258
1.6021177768707275
3.089789867401123
2.7197511196136475
1.998940110206604
2.205240249633789
3.052518367767334
1.7587366104125977
3.102768898010254
2.7406187057495117
2.0209622383117676
2.605681896209717
2.999741315841675
2.3898961544036865
2.2346670627593994
3.029048442840576
0.8334994912147522
5.626727104187012
1.7307078838348389
2.9577314853668213
3.6860885620117188
1.2089296579360962
4.434298515319824
2.378112316131592
2.017742395401001
4.029130935668945
1.7733309268951416
3.3483455181121826
1.3220449686050415
4.786330223083496
0.9828044176101685
4.443170547485352
1.2778786420822144
3.8618931770324707
2.2128138542175293
2.7951533794403076
2.357063055038452
2.525498390197754
2.5252726078033447
2.6594996452331543
1.5214393138885498
3.642573356628418
1.4950183629989624
3.5171585083007812
2.1652915477752686
3.1391544342041016
1.8759620189666748
3.303666353225708
2.166717290878296
3.1691832542419434
1.3503079414367676
3.9993746280670166
0.6643248796463013
4.8934550285339355
0.6755951642990112
5.437661170959473
0.6568914651870728
3.9922406673431396
2.2652900218963623
2.329073905944824
2.8673620223999023
2.038393020629883
2.495089530944824
2.2165651321411133
3.051799774169922
1.099360704421997
3.9644713401794434
1.5285747051239014
3.5860681533813477
1.8201969861984253
2.9434924125671387
1.976798176765442
2.485211133956909
3.045598030090332
1.5594584941864014
4.1158599853515625
0.9836421012878418
3.474005937576294
3.072845935821533
1.6454479694366455
3.3124279975891113
1.9859216213226318
2.2575488090515137
1.8325693607330322
3.4385244846343994
1.4826207160949707
3.3765759468078613
1.7941257953643799
3.6980783939361572
1.395775318145752
2.86875581741333
1.7235089540481567
2.692223072052002
2.621908187866211
2.1742680072784424
2.6619057655334473
2.081096649169922
2.4197182655334473
2.207956314086914
2.078871250152588
2.9445767402648926
1.2603168487548828
3.795525074005127
1.4050438404083252
3.095928192138672
2.02288818359375
2.493760585784912
2.516169309616089
1.9280314445495605
3.373931884765625
1.5946733951568604
2.8575539588928223
2.504204273223877
1.6439176797866821
3.9424149990081787
1.001839518547058
3.8871254920959473
0.9620808959007263
4.571812629699707
1.2198045253753662
3.9462106227874756
1.8013156652450562
2.7856297492980957
2.9400217533111572
1.408325433731079
3.5666663646698
2.5593271255493164
1.8015949726104736
3.1508517265319824
2.555799722671509
1.944308876991272
3.389937400817871
1.4388571977615356
3.921485662460327
1.1179211139678955
4.0057525634765625
2.0219979286193848
2.693166971206665
2.821682929992676
2.021066665649414
2.90016508102417
1.5258938074111938
4.229630470275879
1.379042625427246
3.6530568599700928
1.5684840679168701
3.552456855773926
1.7632651329040527
3.127605676651001
2.4758973121643066
2.0527939796447754
2.2160933017730713
2.4444892406463623
2.9898416996002197
2.014500379562378
3.0981593132019043
2.160116672515869
2.2591357231140137
3.281120777130127
1.1179014444351196
4.999195575714111
0.3273264765739441
6.561578750610352
0.7672137022018433
5.256092071533203
0.3900805115699768
5.091669082641602
1.1636966466903687
3.820791006088257
1.5560448169708252
3.097043514251709
2.1314456462860107
2.791795015335083
2.440524101257324
2.110628604888916
3.2141189575195312
1.8922679424285889
2.7427313327789307
3.124551773071289
0.8158718943595886
4.770448684692383
0.5137735605239868
6.049591064453125
0.9748085737228394
3.5465426445007324
1.9617557525634766
2.466765880584717
2.6980679035186768
2.4942710399627686
2.3895201683044434
2.260468006134033
2.4249367713928223
1.8787155151367188
3.959926128387451
0.9937746524810791
3.6773276329040527
1.5140812397003174
3.3522329330444336
2.2700936794281006
2.2294564247131348
2.585648536682129
2.518648386001587
2.303340196609497
2.827101230621338
2.324016571044922
2.891378402709961
1.7150449752807617
3.2281758785247803
1.8916336297988892
2.61384916305542
2.914518356323242
1.7739379405975342
3.333966016769409
1.7097251415252686
2.831298589706421
2.6685984134674072
1.6048965454101562
3.477200746536255
1.246726155281067
3.3477978706359863
1.606801986694336
3.246920585632324
1.7709591388702393
3.4684455394744873
1.4526352882385254
3.5743980407714844
2.236942768096924
2.174456834793091
3.5322422981262207
0.8763058185577393
3.6070804595947266
1.405714511871338
3.1185343265533447
2.252807140350342
2.302164316177368
2.678511619567871
1.67327880859375
2.768284797668457
2.0283377170562744
2.6705543994903564
1.867990255355835
2.9197683334350586
1.1900100708007812
3.223139762878418
2.507314682006836
1.477508783340454
3.6114883422851562
1.8703463077545166
2.1080546379089355
2.765324115753174
1.9325166940689087
2.8082375526428223
2.035473346710205
2.997565746307373
1.8515610694885254
3.2387449741363525
0.7375375628471375
4.6131978034973145
0.8265409469604492
4.9238996505737305
0.6681114435195923
4.794078826904297
0.6719595193862915
4.00644063949585
1.7154083251953125
2.644906520843506
2.1277027130126953
3.0911221504211426
1.6783195734024048
3.5304465293884277
0.8601641654968262
3.8042690753936768
0.6800112724304199
4.800638675689697
1.2456282377243042
2.5941531658172607
3.3091635704040527
1.4444820880889893
3.031649589538574
1.9439903497695923
2.7161107063293457
1.4151649475097656
3.8010716438293457
2.020165205001831
2.410506248474121
2.7586374282836914
2.212886333465576
2.852781057357788
2.2447690963745117
2.142120599746704
2.736363410949707
2.320124387741089
2.9250645637512207
2.5893778800964355
1.7321763038635254
2.8401401042938232
3.3200082778930664
0.826250433921814
4.69931173324585
0.7845109701156616
5.313724517822266
0.14587943255901337
5.306288242340088
1.1297452449798584
2.474062919616699
2.717907428741455
1.003262996673584
4.34710693359375
0.9949495196342468
3.3563625812530518
2.335664987564087
1.298264741897583
4.289807319641113
1.4299291372299194
3.3915395736694336
2.6258809566497803
1.875483512878418
2.883993625640869
2.2174034118652344
3.2180581092834473
1.812910556793213
3.314122438430786
1.946277141571045
2.753685474395752
2.474547863006592
2.041952133178711
3.6308724880218506
1.7985923290252686
2.656470775604248
2.3900632858276367
2.2541887760162354
2.6339097023010254
1.8856594562530518
3.582855224609375
1.983201265335083
2.341200113296509
2.2435789108276367
2.8116588592529297
1.648891568183899
2.6457784175872803
2.483154773712158
1.7424602508544922
3.348902702331543
1.4736019372940063
3.2240805625915527
1.833534836769104
2.7885122299194336
2.342043399810791
2.4207870960235596
2.1566877365112305
2.6807947158813477
1.9465219974517822
2.4317588806152344
2.3910274505615234
2.3565893173217773
1.3863307237625122
3.5386905670166016
1.8282158374786377
2.0134048461914062
3.280198097229004
1.347815990447998
3.296689033508301
1.8823490142822266
3.336451530456543
2.154047966003418
2.11332106590271
1.9877945184707642
2.50508975982666
2.2017717361450195
2.5777781009674072
2.2289159297943115
2.429779529571533
2.9441604614257812
1.1015713214874268
4.599763870239258
0.5486042499542236
4.9836578369140625
0.996138334274292
4.141092300415039
1.9999359846115112
2.4987881183624268
1.4880657196044922
3.7254104614257812
1.332647442817688
3.641378402709961
2.627070426940918
1.8301451206207275
3.618293285369873
1.4085667133331299
3.8228302001953125
2.0349650382995605
2.4177823066711426
2.3021676540374756
2.2580795288085938
2.5476107597351074
2.0807297229766846
2.588789939880371
2.5729663372039795
2.5060784816741943
2.052741289138794
3.585190773010254
1.2865674495697021
4.588981628417969
1.0696814060211182
5.302002906799316
0.7683055400848389
5.937211990356445
1.591565728187561
3.0712931156158447
3.2163703441619873
1.9636168479919434
4.115675926208496
0.6111164093017578
5.506982803344727
1.2972064018249512
4.061136245727539
1.9363465309143066
3.9077389240264893
2.2712812423706055
1.399834156036377
4.618777275085449
1.101764440536499
4.18389368057251
0.9533283710479736
4.542131423950195
1.380385160446167
2.975154399871826
1.9320093393325806
2.6043858528137207
2.804227590560913
2.0591981410980225
3.115328073501587
1.9043142795562744
3.9253921508789062
1.1798064708709717
3.236396312713623
2.7552757263183594
2.0410733222961426
3.11012864112854
2.2565436363220215
2.7555642127990723
1.423890233039856
3.712413787841797
1.3222572803497314
3.6732115745544434
1.8892133235931396
2.4614808559417725
2.643866539001465
2.348250150680542
2.8323707580566406
2.409698009490967
2.2877283096313477
2.9527852535247803
1.2505276203155518
4.01295280456543
1.1353282928466797
3.622051239013672
1.5042314529418945
3.1829404830932617
1.5862846374511719
3.2702229022979736
1.5369733572006226
3.6479241847991943
1.408874273300171
3.848945379257202
2.393723487854004
2.1996662616729736
2.7634809017181396
1.4323629140853882
3.697421073913574
1.4410953521728516
3.0537281036376953
1.8391647338867188
3.0180952548980713
1.3925042152404785
3.5613651275634766
0.9776648879051208
3.6216204166412354
1.665255069732666
2.260481357574463
2.402801513671875
1.9854371547698975
2.989046812057495
1.8715866804122925
2.6755223274230957
1.9943037033081055
2.7525267601013184
1.6910717487335205
2.855238437652588
2.730620861053467
1.4524484872817993
2.7941441535949707
1.8912383317947388
3.1145477294921875
1.7760018110275269
3.3165345191955566
1.5477690696716309
3.3770270347595215
1.879076600074768
2.8560755252838135
2.4419143199920654
2.6352157592773438
2.045382022857666
3.6106226444244385
1.3217275142669678
3.1579933166503906
1.846503734588623
3.4661495685577393
1.9467922449111938
2.905019998550415
2.214069366455078
2.499309539794922
1.7408146858215332
3.2855799198150635
1.9132022857666016
2.7264020442962646
2.586752414703369
2.766610622406006
1.4904001951217651
3.638461112976074
0.5794919729232788
6.288363456726074
0.1602279096841812
6.14116096496582
0.3671046197414398
4.920543670654297
0.16570541262626648
5.881206512451172
0.3156873285770416
4.209295272827148
0.7478288412094116
3.3480277061462402
1.3396422863006592
2.444760799407959
1.4606106281280518
3.6454620361328125
1.28952956199646
3.8425025939941406
2.195920944213867
3.3137564659118652
2.326463222503662
1.5464844703674316
3.4934120178222656
1.681015968322754
3.8591866493225098
1.1383192539215088
4.727499961853027
0.871641993522644
4.315171241760254
1.416630506515503
3.6012775897979736
1.9739506244659424
2.5038366317749023
3.2001872062683105
2.146601438522339
2.1709015369415283
3.323786735534668
0.6513187885284424
4.644227027893066
1.3678467273712158
3.4071083068847656
2.0426299571990967
2.444544792175293
2.816014051437378
1.69585382938385
2.6335978507995605
1.8387837409973145
3.0367469787597656
1.3953046798706055
2.9720277786254883
2.5948638916015625
2.002800703048706
1.8483154773712158
3.2689757347106934
1.2986886501312256
3.051759719848633
1.7063579559326172
2.665924072265625
2.6163392066955566
1.9577043056488037
2.8019027709960938
2.2475271224975586
1.9865045547485352
2.9815773963928223
1.6962774991989136
2.6714229583740234
2.1753158569335938
2.3818612098693848
2.1475296020507812
2.5085747241973877
1.6961907148361206
2.9332292079925537
1.1774163246154785
2.9480645656585693
1.773794174194336
2.8220791816711426
1.852774739265442
2.7729039192199707
2.0090153217315674
2.833340644836426
1.649188756942749
3.0944342613220215
1.680678367614746
3.0625929832458496
1.2580604553222656
3.591001510620117
2.022789478302002
2.4374308586120605
2.2207329273223877
2.7035140991210938
2.0241384506225586
2.971491813659668
1.7023749351501465
2.7379674911499023
2.016428232192993
2.4019391536712646
1.9921824932098389
2.585463047027588
1.7690560817718506
3.5220112800598145
0.8307452201843262
4.2923502922058105
0.6165648698806763
4.144654273986816
1.3677284717559814
3.6588950157165527
0.9379820823669434
4.046823024749756
1.7471692562103271
2.945003032684326
2.145020008087158
2.5915751457214355
2.4013442993164062
2.4532177448272705
2.600454330444336
2.4287948608398438
2.621230125427246
1.837244987487793
4.609244346618652
0.827616274356842
4.265145778656006
1.8958793878555298
3.2363510131835938
2.333324432373047
2.3880834579467773
2.573324203491211
2.567589282989502
2.590737819671631
2.5078282356262207
2.250192642211914
2.556363821029663
2.2683019638061523
2.981154441833496
1.2402219772338867
4.223421096801758
1.2077455520629883
3.961418628692627
0.594310462474823
5.596707820892334
1.50535249710083
3.134697437286377
2.1091318130493164
4.458385467529297
0.2987246513366699
4.85869836807251
0.2795265018939972
5.9897003173828125
1.5806427001953125
2.1357967853546143
3.812676429748535
0.7796976566314697
3.8702521324157715
0.6017642617225647
4.5407280921936035
1.2595925331115723
2.3998186588287354
2.556558132171631
2.162605047225952
2.48317289352417
1.509908676147461
3.3111915588378906
1.8736822605133057
2.2377877235412598
2.4440219402313232
2.0553627014160156
2.585008144378662
2.2862789630889893
1.8814908266067505
2.6918327808380127
1.8523117303848267
3.145768642425537
1.650373935699463
3.5172743797302246
1.2682327032089233
3.232713222503662
2.1084704399108887
2.076310634613037
2.4958722591400146
1.8676574230194092
2.953151226043701
1.677894115447998
2.9254517555236816
1.597041130065918
2.975417375564575
2.233765125274658
2.4527781009674072
2.757885456085205
1.3376474380493164
2.9676308631896973
1.68788743019104
3.183591842651367
1.5944950580596924
2.914811134338379
2.3823959827423096
1.5365371704101562
3.5019588470458984
1.5922322273254395
2.5152220726013184
2.213738203048706
2.234032154083252
2.5805728435516357
2.270843505859375
2.051274538040161
2.8992695808410645
2.307245969772339
1.6906452178955078
2.8117997646331787
1.7604035139083862
3.386195421218872
0.6906402111053467
4.387574195861816
0.6900529861450195
4.664824485778809
0.9214921593666077
3.4760241508483887
2.1011977195739746
2.327859878540039
2.2687673568725586
2.26304292678833
2.0035533905029297
3.0606446266174316
1.812140941619873
2.72489333152771
2.034313201904297
2.3888187408447266
2.035463333129883
2.413702964782715
2.8979291915893555
0.8643141984939575
4.307610034942627
0.19354596734046936
5.687145233154297
0.5190974473953247
4.5849432945251465
0.27400684356689453
4.120551109313965
1.418853998184204
2.324998378753662
2.2374448776245117
0.9695858359336853
3.6396989822387695
1.11861252784729
2.786379098892212
2.913304567337036
1.2955505847930908
3.7152974605560303
1.2848933935165405
2.9566123485565186
2.316504716873169
2.734177589416504
2.458493232727051
2.807060956954956
2.0563108921051025
3.167985200881958
0.6757577657699585
4.629876136779785
0.24975988268852234
6.544773101806641
1.5110058784484863
3.980968475341797
0.8287418484687805
5.1272501945495605
0.6358203887939453
3.9578304290771484
0.9395458102226257
4.456209182739258
1.0881860256195068
3.5670313835144043
1.7472138404846191
2.145052433013916
3.2867250442504883
1.8937323093414307
3.2026641368865967
1.6492960453033447
3.240173578262329
1.3214681148529053
2.583320140838623
2.80751371383667
1.8206253051757812
2.8515100479125977
1.5536890029907227
3.2471330165863037
2.121626377105713
2.2397115230560303
2.890026807785034
1.7551236152648926
2.6490776538848877
2.293712854385376
1.2466673851013184
3.401132583618164
1.1373677253723145
3.828038454055786
2.5344691276550293
1.3788363933563232
3.2030389308929443
1.9786713123321533
1.8276344537734985
3.6625747680664062
1.3134419918060303
2.8082492351531982
1.7898457050323486
2.067894697189331
2.75653076171875
1.6407824754714966
3.2675223350524902
1.373708963394165
3.2855567932128906
1.1140480041503906
3.1243667602539062
1.900217890739441
1.9674078226089478
2.075183391571045
2.235243797302246
2.2265453338623047
1.7217483520507812
2.729278326034546
1.4231300354003906
2.769094944000244
2.0357401371002197
2.2932591438293457
1.3050215244293213
3.4671530723571777
2.565823793411255
1.5209472179412842
3.5440726280212402
0.8442306518554688
3.4944896697998047
1.47629976272583
2.9459927082061768
1.9265867471694946
2.5235347747802734
1.7866899967193604
2.5827598571777344
2.5035786628723145
1.7649600505828857
2.5984673500061035
1.901017189025879
1.9364020824432373
2.803825616836548
2.03690767288208
2.750653028488159
2.0402674674987793
2.728283643722534
1.4407737255096436
3.33986234664917
1.5973868370056152
2.842360734939575
2.1312859058380127
2.4732377529144287
2.0166049003601074
2.131664991378784
2.461426258087158
1.9664709568023682
2.7990787029266357
1.3034934997558594
3.5396480560302734
1.9991850852966309
1.6885839700698853
3.5732932090759277
1.4168972969055176
3.1695024967193604
1.743720293045044
1.929692029953003
4.059918403625488
0.387770414352417
4.700329780578613
0.8556084036827087
4.421456336975098
0.7871612310409546
4.517112731933594
1.2743566036224365
3.6371614933013916
2.058025598526001
2.8037195205688477
2.1488795280456543
1.6964211463928223
3.8373093605041504
0.8788189888000488
3.7493767738342285
0.9153734445571899
4.077280044555664
0.9057902097702026
3.4229722023010254
1.2170648574829102
3.7818830013275146
1.7162681818008423
2.8270978927612305
1.765283226966858
3.42073392868042
1.6702723503112793
3.3961567878723145
1.6141223907470703
2.4003758430480957
2.929807662963867
1.7877922058105469
2.7887189388275146
1.801061749458313
2.0406954288482666
2.987030506134033
2.0503690242767334
2.776402473449707
1.8732376098632812
2.762777328491211
2.3489022254943848
1.4848484992980957
3.4474127292633057
1.3366856575012207
3.516937494277954
1.5564823150634766
3.1032938957214355
1.3473026752471924
3.558892011642456
0.9977333545684814
4.256145000457764
0.8913421630859375
3.6600310802459717
1.1116783618927002
3.308014392852783
1.5405353307724
2.8082470893859863
2.317267894744873
2.3408315181732178
2.3652572631835938
2.13850998878479
2.8101465702056885
1.7615853548049927
3.5700697898864746
1.6592705249786377
2.805243968963623
2.312713146209717
2.262599468231201
2.86293625831604
1.892268180847168
2.283510208129883
3.288924217224121
1.3318521976470947
3.3258872032165527
2.132507801055908
2.705064535140991
2.0438249111175537
3.115616798400879
1.4996562004089355
3.1425483226776123
1.9381606578826904
3.118194103240967
2.5826306343078613
1.9116613864898682
3.3052215576171875
1.8642239570617676
3.1380863189697266
2.096421718597412
2.173799991607666
2.8831071853637695
1.3354823589324951
2.842304229736328
2.996617555618286
1.2173551321029663
4.188966274261475
1.0282245874404907
4.55545711517334
0.2218051254749298
5.94449520111084
0.33472907543182373
5.520175933837891
0.671286404132843
5.088996887207031
0.4649016261100769
4.4584269523620605
1.102137565612793
4.215503692626953
1.1466699838638306
2.8645946979522705
2.6696066856384277
1.6460142135620117
2.752347946166992
1.983469009399414
3.7883613109588623
1.049496054649353
3.7489874362945557
1.7971047163009644
3.0984935760498047
1.7667694091796875
2.7084875106811523
1.9780893325805664
3.1192662715911865
2.3648576736450195
1.6708385944366455
3.6074416637420654
1.631862998008728
2.1320691108703613
2.2609715461730957
1.9390177726745605
2.607451915740967
2.788968563079834
1.3153467178344727
3.475632667541504
1.6907954216003418
2.526216506958008
2.7780985832214355
2.029481887817383
2.698115825653076
1.8284116983413696
2.0650172233581543
2.511784553527832
2.146700382232666
2.698728084564209
1.461336612701416
3.163151502609253
1.8267418146133423
3.0837199687957764
2.3641536235809326
1.9401335716247559
2.9203834533691406
2.416013240814209
1.4044568538665771
3.9946603775024414
0.9083442091941833
3.5527071952819824
1.6538355350494385
3.025648593902588
2.3997066020965576
2.483222246170044
1.8041646480560303
4.276310443878174
0.7224202156066895
3.6261584758758545
2.1927647590637207
2.1919331550598145
1.5979485511779785
4.625450134277344
0.6033512353897095
3.8860459327697754
0.647121787071228
4.242925643920898
1.894270658493042
2.266359806060791
2.809615135192871
2.6647303104400635
1.4640607833862305
3.464282512664795
1.2334554195404053
3.8484320640563965
1.2491793632507324
3.311767101287842
1.6152596473693848
2.695228099822998
2.8539369106292725
1.8134605884552002
2.694521903991699
2.1959962844848633
2.9965224266052246
2.0215349197387695
2.438863754272461
2.58164644241333
1.962257981300354
2.218747615814209
3.1773722171783447
1.3456202745437622
3.9854674339294434
0.8038619756698608
5.019839763641357
1.475272297859192
2.840226173400879
1.8369414806365967
2.9514763355255127
1.7377538681030273
3.0891125202178955
1.6327564716339111
3.187875747680664
1.926945686340332
3.12542724609375
1.0584299564361572
3.755140781402588
1.9887313842773438
2.382333278656006
2.17547345161438
4.027876377105713
0.5621891021728516
4.430150508880615
0.35764074325561523
5.280747413635254
0.6306811571121216
3.919288158416748
0.39154329895973206
4.369855880737305
1.0210437774658203
2.3133280277252197
2.404365062713623
1.3563400506973267
3.9945249557495117
1.6471302509307861
2.8369431495666504
2.6185319423675537
1.0321595668792725
3.9340922832489014
0.9653816223144531
3.4644882678985596
2.147606372833252
2.1567468643188477
3.2742342948913574
1.2204554080963135
2.9877359867095947
2.382800340652466
1.5022732019424438
3.543348550796509
1.806213140487671
2.6360177993774414
2.196406602859497
2.0689351558685303
3.0294134616851807
2.2580013275146484
2.2433691024780273
2.8721370697021484
0.9163634181022644
4.381699562072754
0.7330504655838013
4.038208961486816
1.3202828168869019
3.7786078453063965
1.7006402015686035
3.0831918716430664
2.4041528701782227
1.6575593948364258
3.5396690368652344
0.792614221572876
4.29395055770874
0.8583372831344604
4.446937084197998
0.9009232521057129
4.154794692993164
1.125056505203247
3.346461296081543
1.4873459339141846
2.967573642730713
2.5242481231689453
2.0532262325286865
2.821744441986084
1.7772562503814697
2.8572819232940674
2.042083501815796
2.1509079933166504
2.494497776031494
2.381676435470581
1.9685413837432861
2.299801826477051
2.4840073585510254
2.1993308067321777
2.0152056217193604
2.7962212562561035
1.8528395891189575
3.014284372329712
2.041426420211792
1.984128475189209
2.6643142700195312
2.0011422634124756
2.4923923015594482
2.040649890899658
2.9059228897094727
1.3913218975067139
3.3438427448272705
1.2928993701934814
3.5606517791748047
1.406313180923462
3.2677431106567383
2.1576271057128906
1.8929529190063477
3.3168535232543945
0.8898730278015137
4.732728958129883
0.9516571164131165
4.117841720581055
1.9987319707870483
2.1519615650177
3.215254306793213
1.4431252479553223
3.752869129180908
1.5467121601104736
3.2625315189361572
1.8663427829742432
2.3653430938720703
2.639961004257202
2.1716394424438477
2.514650344848633
1.8839128017425537
2.984753370285034
1.3827333450317383
3.381990909576416
1.8141536712646484
2.373821496963501
2.571748971939087
1.57527756690979
2.999211311340332
2.0207252502441406
2.474727153778076
2.4158124923706055
1.9925096035003662
3.207827091217041
2.2874064445495605
2.0330920219421387
2.850281238555908
1.4411283731460571
2.6313161849975586
2.237272262573242
2.332683563232422
2.393728733062744
2.5190820693969727
1.761178970336914
3.087460994720459
1.632399082183838
2.7099215984344482
1.8725738525390625
2.471799850463867
3.166102409362793
1.3446519374847412
3.768791675567627
0.5590153336524963
4.3463053703308105
0.38269442319869995
6.350625038146973
0.5697218775749207
3.7695651054382324
1.1829941272735596
3.659254550933838
1.2704119682312012
3.4315366744995117
2.0972061157226562
2.25418758392334
2.2235512733459473
3.2996811866760254
0.986576497554779
3.8879666328430176
1.6410670280456543
2.9433958530426025
1.5304880142211914
3.9110944271087646
1.6728788614273071
3.135347843170166
1.9527885913848877
2.403461456298828
2.4788620471954346
2.5089540481567383
1.821150779724121
3.2015609741210938
1.4360394477844238
3.945923328399658
1.4132927656173706
3.4748878479003906
2.383352279663086
2.0721559524536133
3.4841837882995605
1.717298984527588
3.2868001461029053
1.1478145122528076
4.2748870849609375
0.6253336668014526
4.799863815307617
1.8526971340179443
2.4148142337799072
3.1194872856140137
2.695580005645752
2.0189080238342285
2.7204556465148926
1.1777160167694092
4.1395583152771
0.8382265567779541
5.194177150726318
1.1036649942398071
4.11264705657959
3.7544403076171875
1.7121210098266602
4.511621475219727
1.5180668830871582
1.9963092803955078
3.640669107437134
1.2201838493347168
3.220982551574707
1.9845372438430786
1.9087306261062622
3.7286102771759033
1.6339521408081055
3.328413724899292
1.9962427616119385
2.7157154083251953
1.1085379123687744
4.523525714874268
0.5935173034667969
6.107470512390137
1.1005786657333374
2.4537577629089355
1.9550646543502808
2.1109251976013184
1.9302291870117188
3.0290205478668213
1.2432849407196045
3.8545749187469482
1.6334419250488281
3.0018162727355957
2.074380397796631
2.364715099334717
1.9082391262054443
2.919085741043091
2.068434238433838
2.763087272644043
2.1945078372955322
2.325349807739258
2.1047987937927246
2.460987091064453
2.5798168182373047
3.4608097076416016
0.5882982015609741
5.023807525634766
1.243082046508789
3.3093039989471436
0.7497730851173401
4.502881050109863
1.3329174518585205
2.618300676345825
2.4287028312683105
2.0608439445495605
3.306940793991089
1.087134838104248
3.790804624557495
1.179568886756897
3.937551975250244
2.146791934967041
2.0848634243011475
3.025242805480957
1.6062755584716797
3.0754756927490234
2.1321158409118652
1.724138855934143
3.346041679382324
1.322011947631836
3.389326333999634
1.5055179595947266
3.1376540660858154
2.0526204109191895
2.9612889289855957
1.5578453540802002
3.2743539810180664
1.5380275249481201
3.2862367630004883
1.5250306129455566
3.8707356452941895
0.9737141728401184
4.29256010055542
1.7821629047393799
2.701747417449951
2.527280330657959
1.3576035499572754
4.412970542907715
1.2905783653259277
3.0866434574127197
2.232593059539795
2.406590461730957
3.0360398292541504
0.8422878384590149
4.64951229095459
1.8780688047409058
2.3979971408843994
2.9609007835388184
2.3920695781707764
2.4414987564086914
1.9196646213531494
3.2849366664886475
1.2244555950164795
4.162089824676514
1.6463266611099243
3.0303540229797363
2.516396999359131
2.6931533813476562
2.3865668773651123
1.9872543811798096
3.608567953109741
1.393568515777588
3.297628402709961
1.9306204319000244
3.0245437622070312
1.9950752258300781
3.315427303314209
1.6316964626312256
3.270853042602539
1.6254863739013672
2.9262239933013916
2.0602869987487793
2.3833746910095215
3.33255672454834
1.8277690410614014
2.679717540740967
1.7231438159942627
3.7732014656066895
1.2470042705535889
3.609225273132324
1.1520415544509888
3.852294921875
0.8502997159957886
4.4795427322387695
0.7458288669586182
4.971291542053223
0.8232420682907104
4.265255928039551
0.5117148160934448
5.131202697753906
0.226792111992836
5.3668012619018555
0.8431172966957092
3.6099085807800293
0.8846153020858765
3.460799217224121
1.3715431690216064
2.5442099571228027
1.8369922637939453
3.01796293258667
1.0820075273513794
3.5509276390075684
1.83266019821167
2.6964426040649414
3.1875076293945312
1.0778809785842896
4.118832111358643
0.9972143173217773
4.328742027282715
1.8012690544128418
2.8011972904205322
3.0894875526428223
1.7474485635757446
2.767335891723633
2.017327308654785
2.631213903427124
2.307509422302246
2.279919385910034
2.5697004795074463
2.990041971206665
0.8384078741073608
4.531315803527832
1.7025760412216187
2.6957907676696777
3.2789649963378906
2.0947694778442383
2.007720470428467
4.021900177001953
0.8895419836044312
3.8295273780822754
1.5788875818252563
3.288043260574341
2.2457590103149414
1.5258885622024536
4.328114986419678
0.7689751386642456
3.985795497894287
1.2626373767852783
2.433793544769287
3.3179214000701904
1.159867525100708
3.547632932662964
1.3991117477416992
2.834852457046509
2.069234609603882
1.9774112701416016
2.389641761779785
2.039663791656494
3.137725353240967
1.1972603797912598
3.1074953079223633
2.072268009185791
2.3028573989868164
2.350867748260498
1.6711156368255615
2.329165458679199
2.3672947883605957
2.6759488582611084
1.8831353187561035
2.584920883178711
1.7399282455444336
2.7296652793884277
1.9474680423736572
2.21240496635437
2.3531599044799805
2.491772174835205
1.7477912902832031
1.8288114070892334
3.5359487533569336
1.5520740747451782
3.638730764389038
1.1853673458099365
3.4183831214904785
1.9362125396728516
2.16035795211792
3.0903549194335938
0.8666412830352783
4.171041488647461
1.0120736360549927
3.2873377799987793
2.079017162322998
2.0386972427368164
2.4541261196136475
2.416907548904419
2.000983238220215
3.160299777984619
2.5965499877929688
0.8734241724014282
4.3495378494262695
0.8616255521774292
4.192937850952148
1.0289802551269531
3.284942626953125
2.4757018089294434
1.3404467105865479
4.065849304199219
0.9145299196243286
3.5341687202453613
1.1593704223632812
3.3644461631774902
2.5441386699676514
1.7619812488555908
2.722832202911377
1.963111162185669
2.228245258331299
3.186300754547119
1.5427489280700684
2.381016731262207
2.811539888381958
1.7188756465911865
3.2806272506713867
1.5571873188018799
3.20662260055542
0.6809183359146118
4.140518665313721
1.059309959411621
5.128649711608887
0.9845948219299316
4.109401702880859
1.2913503646850586
3.778947353363037
2.2053873538970947
2.441638469696045
1.6738080978393555
2.8433845043182373
1.9986920356750488
3.1731152534484863
1.8181250095367432
2.661133289337158
2.5292954444885254
2.418933868408203
2.2380895614624023
1.8784427642822266
3.045698642730713
1.6658217906951904
2.397319793701172
2.7896595001220703
1.72235906124115
2.8657777309417725
2.2710440158843994
1.9704310894012451
3.194514274597168
2.1379804611206055
2.9215354919433594
1.67352294921875
3.3247883319854736
1.5302035808563232
3.007232427597046
2.233736515045166
2.4744534492492676
2.0477476119995117
2.6925559043884277
2.152740478515625
2.8911285400390625
1.7722200155258179
3.231489419937134
1.4149794578552246
3.429393768310547
2.093684196472168
2.4043943881988525
2.885064125061035
1.2186541557312012
4.549721717834473
0.530604362487793
4.793746471405029
0.4827226996421814
4.980386734008789
0.2423381507396698
6.398948669433594
0.936382532119751
3.8749656677246094
0.7204993963241577
3.655825138092041
1.2332696914672852
3.2737693786621094
2.4925484657287598
2.84624981880188
1.5741379261016846
4.103640556335449
0.7943128347396851
4.3492255210876465
0.8197327852249146
4.6161370277404785
1.010279893875122
2.978220224380493
1.7737038135528564
2.886432647705078
2.4767184257507324
1.8830153942108154
2.63462233543396
2.200470447540283
2.600619316101074
1.6473734378814697
3.0291829109191895
1.696610689163208
3.9666364192962646
1.1769726276397705
3.481851100921631
2.2671284675598145
2.122591733932495
3.2162790298461914
1.8912310600280762
3.179879903793335
2.7922468185424805
2.150402545928955
2.4171924591064453
2.108837842941284
1.3979432582855225
4.207377910614014
1.336764931678772
2.8674509525299072
2.272897243499756
3.188704013824463
1.9796644449234009
3.114847183227539
1.1207380294799805
4.649681091308594
0.3521566092967987
5.651180267333984
0.4661524295806885
5.0285444259643555
0.9330253601074219
4.556291580200195
0.686111569404602
5.070282459259033
1.6570155620574951
2.0538244247436523
3.3949553966522217
1.70796799659729
3.3018996715545654
1.362108826637268
2.90315580368042
2.0108256340026855
1.6079097986221313
3.1706933975219727
1.713804006576538
2.7703049182891846
2.0170843601226807
3.180844306945801
2.241722583770752
2.7210516929626465
2.0329933166503906
2.553314685821533
1.7637529373168945
2.5992777347564697
2.806758165359497
1.3311049938201904
3.356307029724121
2.037149429321289
1.8093805313110352
3.247446298599243
1.8291137218475342
2.5394606590270996
2.5857038497924805
1.7847447395324707
3.2867441177368164
1.409928321838379
2.413686752319336
2.903262138366699
0.9157356023788452
4.049781799316406
2.000596046447754
1.7765778303146362
3.034386396408081
1.3352020978927612
3.3298182487487793
2.1387035846710205
1.876948356628418
2.6547727584838867
1.9101433753967285
2.017703056335449
2.6632630825042725
1.768012523651123
2.8331775665283203
1.4791288375854492
2.742668867111206
1.8223371505737305
2.9097182750701904
1.6515865325927734
2.3569512367248535
2.5358099937438965
2.232231378555298
1.7416490316390991
3.560274124145508
1.3585073947906494
3.71405029296875
1.5644948482513428
2.528648614883423
2.1492860317230225
1.8566925525665283
2.6726744174957275
1.7549078464508057
3.539803981781006
1.4812759160995483
2.695561408996582
2.406262159347534
2.4509763717651367
2.0113043785095215
2.422440767288208
2.7515244483947754
0.749656081199646
4.692290306091309
0.6878307461738586
3.2063233852386475
2.001828670501709
2.7491936683654785
1.9801462888717651
2.4811477661132812
2.432605743408203
2.329777717590332
2.0801312923431396
3.283879280090332
1.796051263809204
2.5595686435699463
2.746039867401123
1.804694652557373
2.265972852706909
2.4786524772644043
1.3579657077789307
3.7133419513702393
1.580146074295044
3.031658411026001
2.728485584259033
1.214903473854065
4.995119094848633
0.3469397723674774
5.189336776733398
0.32347384095191956
5.764377593994141
1.1150238513946533
2.964653253555298
1.9977092742919922
2.0683512687683105
2.178536891937256
1.9834328889846802
3.0429954528808594
0.8879701495170593
4.619293212890625
1.921388030052185
2.0767016410827637
2.800807237625122
2.184857130050659
3.1690597534179688
1.9403712749481201
2.9425909519195557
1.7103919982910156
3.466714859008789
1.0952550172805786
4.135756015777588
0.8559333086013794
4.2011237144470215
2.050863742828369
2.150949001312256
2.8649978637695312
2.0723178386688232
3.004380702972412
1.5470466613769531
3.1912052631378174
2.5620203018188477
1.6122236251831055
2.5688562393188477
2.7710413932800293
2.065127372741699
2.9094860553741455
2.2725448608398438
2.239553451538086
2.018472194671631
3.356300115585327
1.503308653831482
3.6236603260040283
0.4329584836959839
5.737008571624756
0.9853430986404419
4.112061500549316
1.1904264688491821
3.4162960052490234
1.9177638292312622
2.6413321495056152
1.4603362083435059
3.250019073486328
2.1557209491729736
2.2058422565460205
2.6009011268615723
2.161661148071289
2.040940046310425
2.674499988555908
2.3295345306396484
2.421161413192749
2.1076865196228027
1.9531890153884888
3.320600986480713
0.9227268099784851
3.766857624053955
2.2458252906799316
1.6894688606262207
3.98071551322937
0.7193637490272522
3.5593485832214355
1.8164646625518799
2.819674491882324
1.9893269538879395
2.8552255630493164
1.1936999559402466
3.4151885509490967
1.580364465713501
3.1263325214385986
1.6078739166259766
3.047187328338623
1.978377342224121
1.823681354522705
2.9908089637756348
1.6696422100067139
2.8193116188049316
1.8134227991104126
2.4374935626983643
2.720630407333374
1.6298658847808838
3.4494309425354004
1.453758716583252
4.110268592834473
1.5123670101165771
2.349369764328003
2.4895846843719482
1.6934304237365723
2.852325439453125
1.5333706140518188
3.7858259677886963
1.8019822835922241
1.815629482269287
3.3043928146362305
1.1969223022460938
3.411834239959717
1.3222752809524536
3.20986270904541
2.2624049186706543
2.0867409706115723
4.079833030700684
0.5914261341094971
5.667413234710693
0.7757001519203186
4.693633556365967
0.5354019999504089
5.21439790725708
0.8303183913230896
4.372951507568359
1.813223958015442
2.918391227722168
1.7706372737884521
3.4960200786590576
1.0645191669464111
3.9368972778320312
1.5053273439407349
2.942288637161255
1.7502923011779785
3.36164927482605
1.437540054321289
2.8992490768432617
2.318389892578125
2.2026896476745605
2.755711555480957
2.2888734340667725
2.309072494506836
2.199176788330078
2.1689348220825195
2.884368658065796
2.187626838684082
1.9508655071258545
3.5414700508117676
1.825722098350525
2.651273727416992
2.033651351928711
2.8925600051879883
2.137500762939453
1.7915018796920776
3.8629870414733887
1.1645923852920532
4.020033359527588
1.9861218929290771
1.7979340553283691
3.0617733001708984
2.136326789855957
2.4878172874450684
1.6368708610534668
4.095858573913574
0.9766439199447632
3.660308837890625
1.4572569131851196
3.6064302921295166
0.798816978931427
4.886969566345215
0.7958636283874512
3.6766371726989746
1.9328694343566895
2.7305493354797363
1.564130425453186
3.0436370372772217
2.213686943054199
2.173896312713623
2.8896756172180176
1.793126106262207
2.6347603797912598
1.8858685493469238
2.717729091644287
1.528167486190796
2.990299940109253
2.5437135696411133
1.4144246578216553
2.8699326515197754
2.6222705841064453
1.3311537504196167
4.428945541381836
0.6682264804840088
4.959647178649902
0.5997500419616699
4.7494659423828125
0.26878249645233154
4.5792317390441895
0.8431577682495117
3.6514225006103516
1.9538606405258179
2.1562013626098633
1.99838387966156
2.1796493530273438
2.5110645294189453
2.569688081741333
1.67927086353302
1.8739252090454102
3.235212802886963
1.6669654846191406
2.4523613452911377
3.0580055713653564
1.4689950942993164
2.8265838623046875
2.8246870040893555
1.3454952239990234
3.5259408950805664
1.624098300933838
3.055569648742676
1.9330806732177734
2.2940165996551514
2.7875876426696777
2.238661766052246
2.338268756866455
2.517340660095215
1.973214864730835
2.1869235038757324
3.8626012802124023
0.9165905714035034
3.9557883739471436
1.837585687637329
2.447272777557373
2.8232107162475586
1.8447680473327637
3.5832672119140625
2.127011775970459
2.436295986175537
1.8372117280960083
3.716841697692871
2.1126039028167725
1.3988322019577026
4.699523448944092
0.326312392950058
5.266142845153809
0.06229930371046066
5.668164253234863
0.7035613059997559
3.3505616188049316
1.3423848152160645
2.707223415374756
1.9741660356521606
3.169607162475586
1.8058319091796875
2.353947639465332
2.402202606201172
2.4484477043151855
2.413966178894043
2.424361228942871
1.3173362016677856
5.174103260040283
0.8076941967010498
3.4872748851776123
2.2027502059936523
1.7531824111938477
2.878514289855957
2.6661202907562256
1.5456743240356445
3.6696200370788574
1.5141737461090088
2.5465426445007324
3.1343894004821777
1.098525047302246
3.8965978622436523
1.2050673961639404
3.6315248012542725
1.7622737884521484
2.3269190788269043
2.92626953125
1.2673377990722656
3.3079545497894287
1.4361754655838013
2.3260271549224854
2.177668809890747
2.7187585830688477
1.9643170833587646
3.3273637294769287
1.6024831533432007
2.669384241104126
2.5980591773986816
1.861738681793213
3.2250077724456787
1.5282514095306396
3.1880786418914795
1.0585074424743652
4.210638999938965
1.3718101978302002
3.8011112213134766
1.354416012763977
3.261777877807617
2.0665194988250732
2.688023090362549
2.0911366939544678
2.124803066253662
2.0816543102264404
2.458070755004883
3.2814109325408936
0.8353504538536072
4.4080023765563965
0.9522085785865784
3.6008877754211426
1.1090837717056274
3.8895022869110107
1.7758371829986572
2.7178871631622314
1.4446320533752441
2.847315788269043
1.870640516281128
2.8855063915252686
1.7447457313537598
2.868325710296631
1.3334282636642456
2.73876690864563
2.628411293029785
1.5552644729614258
2.9590706825256348
1.9758293628692627
3.6535141468048096
0.6295880079269409
4.01774787902832
1.2596139907836914
3.921245574951172
1.461666464805603
3.0612292289733887
1.3685718774795532
3.401376247406006
1.2576225996017456
3.456331729888916
1.707580804824829
1.9086211919784546
3.0814740657806396
1.4612953662872314
3.21520733833313
1.3795849084854126
2.8355913162231445
2.2334117889404297
2.7890121936798096
1.2748292684555054
3.293022871017456
2.298184633255005
2.1273510456085205
2.1761908531188965
2.044372081756592
3.5226211547851562
1.2665308713912964
2.7000999450683594
2.8153700828552246
1.7849971055984497
2.200014114379883
2.6726739406585693
1.519589900970459
3.0797066688537598
1.7953593730926514
2.3169944286346436
2.613772392272949
1.7516322135925293
3.332052230834961
1.9061588048934937
2.504218339920044
2.2730565071105957
2.340024471282959
2.5753610134124756
2.1276512145996094
2.464468479156494
2.3621692657470703
1.8746130466461182
3.2831192016601562
1.561842679977417
3.2426228523254395
1.7328673601150513
3.038928985595703
1.1449339389801025
4.349082946777344
1.1952507495880127
3.5045480728149414
0.937262773513794
3.5044302940368652
2.4811506271362305
1.4916698932647705
3.862649917602539
1.122502088546753
4.350890159606934
0.4118442237377167
5.153643608093262
0.45859044790267944
4.806705474853516
0.9917892813682556
2.863924980163574
2.209322452545166
1.1110930442810059
5.081372261047363
0.7477379441261292
4.0648040771484375
1.2694004774093628
3.347315788269043
1.5071576833724976
2.510364055633545
2.563291549682617
2.4860730171203613
1.2969248294830322
4.252352714538574
0.5801103711128235
4.1438164710998535
1.3344416618347168
3.6727237701416016
1.000591516494751
4.020321369171143
1.6762923002243042
2.631936550140381
2.5858843326568604
2.259136199951172
2.049283027648926
2.0207087993621826
3.9127588272094727
0.7862409353256226
3.8432693481445312
1.0485279560089111
3.716662883758545
1.6168854236602783
3.8134729862213135
1.9898850917816162
1.7741878032684326
3.917376756668091
1.3177939653396606
3.624871253967285
1.4390716552734375
3.428603410720825
1.943955659866333
1.8381385803222656
3.3497629165649414
1.7301075458526611
2.875805377960205
1.2948585748672485
4.037991523742676
1.3996700048446655
2.7007274627685547
2.3991708755493164
2.4198169708251953
1.8733712434768677
2.3329272270202637
2.0942134857177734
2.540651798248291
1.7629365921020508
3.2913804054260254
1.59908127784729
2.539717435836792
2.5584280490875244
1.802126169204712
2.1666879653930664
3.0358009338378906
1.4288170337677002
3.339733362197876
1.6122387647628784
2.366492509841919
2.8997979164123535
1.4661707878112793
3.0288310050964355
2.3729372024536133
1.5635207891464233
3.5957322120666504
1.1578700542449951
3.111452102661133
2.483278512954712
1.93442702293396
3.141042709350586
1.8394427299499512
2.0557754039764404
3.2795636653900146
1.0311503410339355
4.169610977172852
0.515783429145813
5.874737739562988
0.29163897037506104
6.215925216674805
0.12713991105556488
4.187434673309326
0.951406717300415
2.2653653621673584
2.3351430892944336
1.8142311573028564
2.6822729110717773
1.0684151649475098
4.447790145874023
1.0552270412445068
3.93435001373291
1.3917150497436523
3.740833282470703
1.954280138015747
2.112061023712158
3.8072571754455566
1.4682488441467285
3.334671974182129
2.611790180206299
2.032301902770996
2.712982654571533
2.4364843368530273
2.735436201095581
1.5828447341918945
2.723782539367676
1.9897749423980713
2.3396692276000977
2.9477427005767822
1.5182608366012573
3.025895595550537
1.8223189115524292
2.3682827949523926
2.9728055000305176
1.9579193592071533
2.9861602783203125
1.3245470523834229
3.8869242668151855
1.223131537437439
3.146839141845703
1.7065536975860596
2.8782012462615967
2.1864066123962402
1.8052070140838623
3.0402684211730957
1.5751147270202637
2.8025131225585938
2.6767523288726807
2.264880418777466
1.649735927581787
3.5490684509277344
0.5122898817062378
4.6040849685668945
0.3139580488204956
5.342551231384277
1.0182580947875977
2.9280285835266113
2.3989830017089844
1.2026073932647705
3.4616572856903076
0.5987609624862671
3.854743242263794
1.3151301145553589
2.434378147125244
3.2534217834472656
1.757547378540039
2.2839126586914062
2.6853179931640625
1.9024696350097656
2.781736373901367
1.919350028038025
2.7554659843444824
2.1792209148406982
1.4603060483932495
3.382668972015381
0.960164487361908
3.5277397632598877
1.4844352006912231
2.8780558109283447
1.6536688804626465
2.8351898193359375
1.8982017040252686
2.212064266204834
2.586453914642334
1.9493050575256348
2.326338291168213
2.274341583251953
2.2120492458343506
2.6824448108673096
1.973285436630249
2.3669581413269043
2.276754856109619
2.2663731575012207
2.095855474472046
2.133572816848755
2.7584452629089355
1.698469638824463
3.2794337272644043
1.9386634826660156
2.4524731636047363
2.926137924194336
1.1862103939056396
4.3454270362854
0.7605947256088257
4.331700325012207
1.3375214338302612
3.5114388465881348
1.8382847309112549
1.6877546310424805
3.4594693183898926
2.0586190223693848
2.0568480491638184
2.534745216369629
1.8786137104034424
2.8101296424865723
1.630210041999817
2.9110841751098633
2.2744927406311035
1.7879856824874878
3.172354221343994
1.0777819156646729
3.677611827850342
1.6771090030670166
2.498706102371216
2.0688023567199707
1.8027338981628418
3.3789925575256348
1.499577522277832
2.911533832550049
2.6670567989349365
1.8696149587631226
2.4377694129943848
1.6735234260559082
3.8192434310913086
1.4648345708847046
2.0187792778015137
2.9714016914367676
2.3698315620422363
1.6241540908813477
3.4926552772521973
1.325470209121704
3.6046485900878906
1.2115740776062012
4.183226585388184
1.5387123823165894
2.654069185256958
2.161132574081421
2.0255234241485596
2.9312095642089844
1.8651633262634277
2.7697882652282715
1.150928258895874
3.9390978813171387
1.3315584659576416
2.9856579303741455
2.4540669918060303
2.00911808013916
3.275026321411133
1.6113624572753906
2.7276999950408936
2.226740598678589
1.998558759689331
2.8242335319519043
1.822019338607788
3.4810914993286133
1.6035348176956177
2.6803317070007324
2.0126590728759766
3.3089754581451416
1.3659223318099976
3.484393835067749
1.6508800983428955
2.6997785568237305
2.1648287773132324
2.586648941040039
2.3262367248535156
2.3048644065856934
2.2349376678466797
2.24751615524292
2.541227340698242
1.0714243650436401
4.390484809875488
0.4973810911178589
5.2685956954956055
0.04370228946208954
4.790584087371826
0.16244235634803772
4.317877769470215
1.0026317834854126
2.7054638862609863
1.7125091552734375
2.046480178833008
2.9782228469848633
1.3102366924285889
3.8303022384643555
1.3676633834838867
3.0020999908447266
3.1625099182128906
1.779942274093628
2.810940980911255
1.7063965797424316
2.337254047393799
1.9825540781021118
3.2323856353759766
1.0892488956451416
3.7833802700042725
2.2328405380249023
2.9314355850219727
1.336864709854126
3.3557181358337402
1.4904465675354004
3.77316951751709
1.5364339351654053
2.900068998336792
2.590689182281494
2.2575836181640625
2.5837223529815674
2.318812370300293
2.29215669631958
2.776211738586426
1.330867886543274
3.7770771980285645
1.3989267349243164
3.0311269760131836
2.0648679733276367
2.4490275382995605
2.4286437034606934
1.6995583772659302
3.2109580039978027
1.4668484926223755
3.436077833175659
1.2894588708877563
3.3661608695983887
1.2459771633148193
3.6500072479248047
0.9942640662193298
4.155188083648682
1.1385163068771362
4.06395149230957
1.0182512998580933
3.3094983100891113
1.9107335805892944
2.8565673828125
2.0324339866638184
2.305576801300049
2.4864535331726074
2.1701295375823975
2.03635835647583
2.644656181335449
2.567111015319824
2.096011161804199
2.8606414794921875
2.3894011974334717
2.492396116256714
2.7006733417510986
1.59724760055542
3.664884328842163
1.2929033041000366
4.220054626464844
1.2183762788772583
3.805215358734131
1.488675832748413
3.5624866485595703
2.6144540309906006
1.7658474445343018
3.3416104316711426
2.2638115882873535
0.9531402587890625
5.342220306396484
1.4574960470199585
2.311213731765747
3.769603729248047
0.47718989849090576
5.123528003692627
0.21705664694309235
5.398057460784912
0.7479945421218872
4.525576591491699
0.6321010589599609
5.238217830657959
0.9115915894508362
2.7310845851898193
2.2656877040863037
2.3537962436676025
1.7310001850128174
3.454552173614502
2.047651767730713
2.791564464569092
2.743856430053711
1.4185030460357666
3.8473007678985596
1.0600833892822266
3.1624274253845215
2.3813817501068115
1.7899565696716309
3.217923164367676
1.5267267227172852
2.6973485946655273
2.303952693939209
2.209989070892334
2.281266689300537
2.507089138031006
2.011174201965332
2.9175267219543457
2.2003908157348633
2.375824451446533
2.7242443561553955
1.3788738250732422
3.7297158241271973
0.485711008310318
5.714033126831055
0.464709997177124
4.645686149597168
0.3651132583618164
3.8351376056671143
1.0479284524917603
3.1682887077331543
1.5208051204681396
2.2011559009552
2.175947904586792
2.1250667572021484
2.538778781890869
1.465071439743042
3.313887357711792
0.9626575708389282
3.669482707977295
2.905500888824463
1.2802125215530396
3.369377851486206
1.5731817483901978
2.165745735168457
3.3204410076141357
1.5072693824768066
3.0456271171569824
1.905057668685913
2.288599967956543
2.461021661758423
1.6295186281204224
3.0667734146118164
1.5484027862548828
2.321958541870117
2.0127673149108887
2.8768959045410156
2.1802573204040527
2.2457847595214844
1.8321584463119507
3.239027738571167
2.0492660999298096
2.0514187812805176
1.7839477062225342
2.8204774856567383
1.7119762897491455
2.56133770942688
2.466820240020752
2.147197961807251
2.196300506591797
1.533186674118042
2.452601671218872
2.2002153396606445
2.5520882606506348
2.424034595489502
2.101253032684326
2.854644298553467
1.0166168212890625
4.002479553222656
0.8777840733528137
3.568037986755371
1.6068873405456543
1.7952220439910889
3.300990343093872
1.3399184942245483
3.666317939758301
1.5881990194320679
3.2952537536621094
1.702594518661499
2.628983974456787
2.0540120601654053
2.503081798553467
2.568039894104004
1.5188817977905273
3.3353753089904785
1.1727192401885986
3.4507198333740234
2.1451339721679688
2.162036895751953
2.9788169860839844
1.092017650604248
4.016408443450928
1.1045187711715698
3.521745204925537
1.2487231492996216
3.118960380554199
1.9240612983703613
1.8054134845733643
3.484586238861084
1.5361685752868652
2.760342836380005
1.4745864868164062
3.4891490936279297
1.2598490715026855
2.676163911819458
2.2480125427246094
2.0928356647491455
2.6203792095184326
2.3862714767456055
2.066329002380371
2.6001811027526855
2.0817737579345703
2.2792391777038574
2.45184588432312
1.9206905364990234
2.5005736351013184
2.1413209438323975
1.9938385486602783
3.346001625061035
1.3081694841384888
3.669393539428711
1.6203229427337646
3.30438494682312
2.067960739135742
1.7647618055343628
3.343264102935791
1.010529637336731
4.610135078430176
0.4246506690979004
4.636418342590332
0.34124135971069336
4.838329315185547
0.7735373377799988
4.114522933959961
1.8908647298812866
2.5803885459899902
2.3782572746276855
2.1553874015808105
2.6575613021850586
1.4141956567764282
3.522515296936035
1.5566812753677368
2.7932848930358887
2.340254545211792
2.5750820636749268
2.431246757507324
2.2754743099212646
2.660964012145996
2.758458375930786
1.7014834880828857
4.2334442138671875
2.286102056503296
1.8034095764160156
3.6498775482177734
0.9734663963317871
4.642495632171631
1.5712544918060303
2.3953795433044434
3.55751371383667
0.9919450283050537
4.160355091094971
1.4200161695480347
3.2012593746185303
1.6857686042785645
3.6210031509399414
2.0622222423553467
2.6291074752807617
1.9310295581817627
2.566159963607788
1.6156036853790283
3.5802345275878906
1.5865259170532227
3.9944119453430176
0.5824825167655945
4.884244441986084
0.7916735410690308
5.062542915344238
1.1112669706344604
3.999100685119629
1.6700057983398438
2.633302688598633
2.6618523597717285
1.6699905395507812
3.349672317504883
1.4487477540969849
3.6906023025512695
0.6483266353607178
5.623859405517578
1.241978645324707
2.9794764518737793
1.4539169073104858
2.8020215034484863
2.0892224311828613
2.6432652473449707
2.278557538986206
2.5258560180664062
1.9142647981643677
2.952883005142212
0.9997575283050537
4.553985118865967
1.186577320098877
3.3050479888916016
1.7191945314407349
3.487856864929199
1.600195050239563
2.4246044158935547
2.4989356994628906
2.543485641479492
1.9845876693725586
2.3688302040100098
2.3306400775909424
2.605132818222046
1.258070468902588
4.327114105224609
1.6065654754638672
1.8043503761291504
3.506877899169922
0.8407373428344727
4.344397068023682
1.279575228691101
3.6631221771240234
1.3787479400634766
2.802835464477539
2.52461576461792
1.754868507385254
2.0521557331085205
2.676182746887207
1.7077804803848267
3.7859277725219727
1.5892181396484375
2.606581211090088
2.2316718101501465
2.1490957736968994
2.2949252128601074
2.091886043548584
2.710481643676758
1.3631349802017212
3.7642600536346436
1.8627533912658691
2.229130268096924
2.9454503059387207
1.4451487064361572
3.705923557281494
1.5996224880218506
3.070267677307129
1.7059708833694458
2.8508694171905518
2.3438973426818848
1.8147199153900146
3.531491756439209
1.811788558959961
3.1601815223693848
0.6582648754119873
4.784600734710693
1.4361480474472046
2.7639451026916504
2.492499351501465
2.3263626098632812
1.7737135887145996
3.4740285873413086
1.8771904706954956
1.9022074937820435
3.5932745933532715
1.7584344148635864
2.7335622310638428
2.3301503658294678
2.4041738510131836
2.127546787261963
2.818007469177246
2.281697988510132
2.019603729248047
2.9338126182556152
1.5430233478546143
3.398219585418701
1.7821590900421143
2.728604793548584
1.486708402633667
3.571523666381836
1.0473520755767822
3.647134304046631
0.998041570186615
4.605693817138672
0.7795624732971191
4.3462629318237305
1.2168233394622803
3.5784616470336914
1.3609607219696045
3.188520908355713
2.0864975452423096
2.4381070137023926
2.2962985038757324
2.180142402648926
3.407045841217041
1.089065670967102
3.9958956241607666
0.659794807434082
4.567738056182861
0.9196733832359314
4.551501750946045
0.9732758402824402
4.027459144592285
1.5509172677993774
2.206833839416504
2.719470500946045
2.3638601303100586
1.1543798446655273
3.719329833984375
1.599367380142212
2.653169631958008
2.2670798301696777
2.583454132080078
1.7683160305023193
3.367579460144043
0.9712672233581543
3.9347925186157227
1.3254159688949585
3.942568302154541
1.3006960153579712
4.160219669342041
0.6151858568191528
4.56672477722168
1.1212129592895508
3.521183490753174
1.5889430046081543
3.96604585647583
0.7914333343505859
4.094185829162598
1.4176853895187378
3.286831855773926
1.759144902229309
2.723024845123291
1.829337477684021
3.37064528465271
0.9964343309402466
4.116921901702881
1.970170497894287
1.7502487897872925
3.140944004058838
2.13379168510437
2.0968775749206543
3.017202615737915
1.780085802078247
2.1850318908691406
3.016923427581787
1.827996015548706
2.869152307510376
2.3378748893737793
2.219284772872925
2.274168014526367
3.2471060752868652
1.1859824657440186
4.360982894897461
1.232863426208496
4.026081085205078
1.4298160076141357
3.3133373260498047
1.584900140762329
3.1838979721069336
1.5538949966430664
3.1960484981536865
2.4290997982025146
1.9460190534591675
2.6302380561828613
1.933545708656311
2.559691905975342
2.7056713104248047
2.451395273208618
1.845491886138916
3.5778565406799316
1.195359468460083
4.223089218139648
1.7500977516174316
2.9441792964935303
1.7849839925765991
2.8693385124206543
2.0839285850524902
2.4547245502471924
2.2120110988616943
2.021056652069092
3.1090168952941895
1.446075677871704
4.331242084503174
0.3904767334461212
4.634913444519043
0.6347948908805847
5.6937785148620605
0.9150454998016357
4.156221866607666
0.848623514175415
4.861019134521484
0.9347449541091919
3.9451608657836914
0.5873417854309082
4.695400238037109
0.7824493050575256
4.163390159606934
1.2348840236663818
4.324323654174805
1.2422202825546265
2.199662685394287
3.5878403186798096
1.2466657161712646
3.9022536277770996
2.2303109169006348
2.1048460006713867
2.9085121154785156
2.296509027481079
2.507232666015625
1.8348405361175537
2.8075034618377686
2.5173449516296387
1.8246872425079346
3.4025626182556152
1.783848762512207
3.063401460647583
2.00765323638916
3.095210075378418
2.351637363433838
2.1158547401428223
3.6617791652679443
1.6908671855926514
2.7936439514160156
2.119438886642456
2.29656982421875
2.568478584289551
2.454615592956543
2.865819215774536
1.6191105842590332
3.707181930541992
1.2260898351669312
3.1495094299316406
1.8558592796325684
2.205599784851074
3.248495101928711
0.7258517742156982
4.749748229980469
1.4671112298965454
4.287851333618164
1.0400819778442383
4.057101249694824
1.5512710809707642
2.8386991024017334
1.9191536903381348
2.520571231842041
1.8615636825561523
3.1753549575805664
1.591278314590454
3.6403961181640625
0.960574746131897
3.499627113342285
2.274538040161133
2.4421348571777344
1.2728344202041626
4.451197624206543
0.885127067565918
3.649683952331543
2.1568822860717773
0.9571508169174194
4.521507740020752
0.22211730480194092
6.243939399719238
0.2875763773918152
4.557217597961426
0.38026875257492065
4.650783538818359
0.608087420463562
3.2945215702056885
2.063762903213501
2.5396695137023926
1.1685580015182495
2.8943967819213867
1.614208459854126
2.3258872032165527
2.2221879959106445
2.5283761024475098
2.1054577827453613
2.0978317260742188
2.3588361740112305
3.1339566707611084
1.414411187171936
2.854767084121704
2.353407621383667
2.057783365249634
2.3028323650360107
2.408670663833618
1.818528652191162
2.674865245819092
1.8472737073898315
2.597886800765991
2.3736748695373535
2.0758347511291504
3.3923087120056152
0.9035784006118774
3.4849185943603516
1.5228180885314941
2.9156336784362793
1.7835941314697266
2.969679355621338
1.8523948192596436
2.503045082092285
1.8805484771728516
2.438995361328125
1.913564920425415
2.3915085792541504
2.3009133338928223
2.410393714904785
2.140352725982666
2.694145917892456
0.9359019994735718
3.5843286514282227
1.7612124681472778
2.130323886871338
2.7678256034851074
1.3111573457717896
3.8193788528442383
1.6766304969787598
2.7161333560943604
2.680082321166992
1.5056889057159424
3.6411733627319336
0.8257942199707031
4.09588623046875
1.0359928607940674
3.3894505500793457
1.7209993600845337
3.237231492996216
2.0129282474517822
2.403026580810547
2.1332809925079346
2.6033947467803955
1.1410877704620361
3.774216651916504
1.1878607273101807
3.15679669380188
2.360607624053955
1.7565275430679321
3.5448787212371826
1.4903299808502197
2.79830265045166
1.7085344791412354
3.961453914642334
0.6734380722045898
4.395073890686035
0.6717904210090637
3.8008933067321777
1.3224635124206543
2.5984973907470703
3.4221386909484863
1.748481035232544
2.6910667419433594
2.183659553527832
2.2613284587860107
2.4964590072631836
0.9191359281539917
4.127708435058594
1.7653474807739258
2.6720242500305176
3.1114604473114014
1.231916904449463
3.9499683380126953
0.5860791206359863
4.223176956176758
1.1360820531845093
3.3591151237487793
2.443593978881836
1.1966991424560547
3.951951265335083
1.0452591180801392
4.00938081741333
2.699385166168213
1.1720491647720337
2.645883798599243
3.1883766651153564
1.0933811664581299
3.9836928844451904
1.3254128694534302
3.740013599395752
1.8906481266021729
2.14132022857666
3.570974349975586
1.0287622213363647
3.7382125854492188
1.5481072664260864
2.982926368713379
1.403872013092041
3.2210352420806885
1.7701303958892822
2.029886245727539
3.219430446624756
1.9599601030349731
2.297557830810547
2.5082449913024902
2.5618414878845215
1.7012442350387573
2.530212879180908
2.1649935245513916
2.8087193965911865
1.7635914087295532
3.191349506378174
1.8909499645233154
1.740752935409546
3.107055187225342
1.9791991710662842
2.733844518661499
1.709337592124939
4.295932769775391
0.6023005843162537
5.400751113891602
0.727473258972168
3.5799853801727295
1.364096760749817
3.4400887489318848
1.5591747760772705
2.016080379486084
3.362898826599121
1.2995613813400269
3.781296491622925
1.444365382194519
3.6588168144226074
1.5353302955627441
2.9884860515594482
2.0913891792297363
2.570730686187744
2.266124963760376
2.4868509769439697
2.666612148284912
1.81856369972229
2.736253499984741
1.6512960195541382
2.929159164428711
1.3423854112625122
4.598200798034668
0.6592189073562622
4.035271644592285
0.7156373858451843
4.2442522048950195
1.894394040107727
3.689587116241455
1.0080469846725464
3.666736602783203
2.498344898223877
1.79302179813385
3.362272262573242
1.557718276977539
3.300968885421753
1.7862472534179688
2.9130544662475586
2.7323966026306152
1.7850031852722168
2.5466606616973877
2.3828001022338867
2.4350500106811523
2.2880806922912598
2.9585061073303223
0.7616891860961914
4.5037031173706055
1.7570838928222656
2.6103692054748535
2.6659984588623047
2.7496156692504883
1.2799499034881592
4.226878643035889
0.995698869228363
4.304928779602051
1.2875189781188965
3.3242242336273193
1.983142375946045
2.6035776138305664
2.704629898071289
1.8028228282928467
2.7055130004882812
1.6111645698547363
2.945943832397461
2.445117950439453
1.5464129447937012
4.0495805740356445
0.9041379690170288
3.4056296348571777
1.4352331161499023
3.564995765686035
1.7203495502471924
2.5413243770599365
1.4113521575927734
3.2231192588806152
1.736029028892517
2.4832282066345215
2.3411896228790283
1.7213525772094727
3.622659683227539
1.2214453220367432
3.184962272644043
1.2733533382415771
3.6999154090881348
1.870537519454956
2.9729907512664795
1.3653907775878906
3.473991632461548
1.970488429069519
2.4980721473693848
2.073146343231201
2.707256555557251
2.203859329223633
2.7292051315307617
1.6437029838562012
2.936523675918579
2.0435009002685547
2.1286613941192627
3.637528896331787
2.1483325958251953
1.3336459398269653
4.019628047943115
1.522996187210083
3.5155909061431885
1.7369248867034912
3.0341899394989014
2.0091819763183594
2.964268207550049
1.7948064804077148
2.9690117835998535
2.621426820755005
1.7528645992279053
4.031466484069824
0.9633045196533203
4.47914981842041
0.5952571630477905
5.71204137802124
0.5032442808151245
5.5679121017456055
0.24675527215003967
5.236410140991211
0.08796782791614532
5.12269401550293
0.501187264919281
4.161392688751221
0.30258893966674805
5.057317733764648
0.8298795819282532
2.774913787841797
1.8112194538116455
2.3067283630371094
1.7023793458938599
2.91717529296875
1.4085668325424194
3.0279312133789062
2.3305907249450684
1.8633370399475098
3.1523258686065674
1.630163311958313
2.76406192779541
1.4560528993606567
3.1534764766693115
1.6656548976898193
2.848407745361328
2.9947047233581543
1.527606725692749
2.6748132705688477
2.8523030281066895
1.8261420726776123
2.5783116817474365
2.3471226692199707
1.5933027267456055
3.563796043395996
1.3037714958190918
2.9894895553588867
2.8720779418945312
1.5931179523468018
2.574735164642334
2.8882670402526855
1.1956956386566162
3.5787057876586914
1.7520420551300049
1.4583144187927246
3.5333595275878906
1.4069998264312744
3.6066346168518066
2.0739502906799316
2.653473377227783
2.592430591583252
2.6828460693359375
1.1969465017318726
3.7769722938537598
1.320340871810913
2.9471826553344727
2.1900887489318848
1.8698883056640625
3.002948045730591
2.3031067848205566
1.8008190393447876
3.1510024070739746
1.7915436029434204
3.2831063270568848
1.2624921798706055
3.539527416229248
1.836002230644226
2.70495867729187
2.6691489219665527
1.8632526397705078
3.101700782775879
1.3596575260162354
3.636791944503784
2.178030490875244
1.9375073909759521
2.9082119464874268
2.0650508403778076
1.6079144477844238
3.374248504638672
2.0638928413391113
2.6415858268737793
2.705002546310425
1.4661073684692383
2.8578686714172363
2.7525858879089355
1.1488747596740723
3.825666904449463
0.6852153539657593
4.313602924346924
1.1737080812454224
3.2718253135681152
2.0700409412384033
2.804841995239258
2.1784186363220215
2.317887306213379
2.8067262172698975
1.5923335552215576
3.3485355377197266
1.6077172756195068
3.0205607414245605
1.6748149394989014
3.2511513233184814
2.4846673011779785
1.3790857791900635
4.420412063598633
1.153640627861023
3.488525152206421
1.6580679416656494
2.8954596519470215
2.4251418113708496
2.6192092895507812
2.596822500228882
1.7211185693740845
3.595417022705078
1.0147264003753662
4.291513442993164
0.21116885542869568
6.6695146560668945
0.6852959990501404
4.7560834884643555
0.2780326008796692
3.977710247039795
0.5957556962966919
3.8084378242492676
1.4829702377319336
2.8920130729675293
1.9055675268173218
2.511871337890625
2.815235137939453
2.50620698928833
2.010525941848755
1.826420545578003
2.325871467590332
2.583421230316162
1.6944905519485474
3.4456422328948975
1.5419375896453857
3.719616413116455
2.5290470123291016
1.5313514471054077
3.738712787628174
1.0462948083877563
3.679861068725586
2.1006765365600586
2.302987575531006
2.448655843734741
2.55753755569458
2.1820461750030518
2.866624593734741
1.9976000785827637
2.137293577194214
3.991755962371826
1.295641541481018
2.208193778991699
3.2001659870147705
1.6870057582855225
2.840273380279541
2.367175340652466
1.852947473526001
2.346574544906616
2.7598319053649902
1.674316167831421
3.3765714168548584
2.0439770221710205
2.15610671043396
2.8211636543273926
2.132709503173828
3.670419931411743
1.175645112991333
3.829793691635132
1.5714383125305176
2.8923845291137695
2.5396924018859863
2.351673126220703
2.061122179031372
2.892436981201172
1.3965935707092285
3.299088716506958
2.739086866378784
1.6557180881500244
3.325545310974121
1.2712700366973877
3.724647283554077
2.4045023918151855
1.8394955396652222
3.137544631958008
2.010786533355713
2.9853994846343994
1.82106614112854
3.092418909072876
1.6863621473312378
3.2537426948547363
2.167581796646118
2.6820895671844482
2.1899068355560303
3.4728565216064453
2.1028850078582764
3.0087180137634277
1.6879593133926392
3.0366644859313965
3.7286460399627686
0.7618987560272217
4.853814125061035
0.4022270739078522
5.12272310256958
0.5568747520446777
4.262904167175293
1.8716621398925781
1.861025094985962
3.5757508277893066
1.7286399602890015
2.7938995361328125
2.670600414276123
1.9097402095794678
3.5403330326080322
1.8104157447814941
2.419945478439331
2.8751893043518066
1.8970348834991455
3.3962438106536865
1.5752050876617432
3.591930866241455
2.0758819580078125
2.764530658721924
2.083439826965332
2.7442030906677246
1.6511858701705933
3.4975028038024902
1.6520137786865234
3.169617176055908
2.1946091651916504
1.9319791793823242
2.619666814804077
2.6915721893310547
1.4864848852157593
3.69916033744812
1.0001749992370605
4.283329963684082
1.7673686742782593
1.523127555847168
3.8332810401916504
1.7666971683502197
2.5140347480773926
3.198530912399292
1.0817893743515015
3.979264736175537
1.6193733215332031
3.237154006958008
1.5841763019561768
3.8148348331451416
1.3667762279510498
3.275254011154175
1.9213426113128662
3.8591012954711914
0.6535502672195435
5.238372802734375
0.621586799621582
4.108384132385254
0.8905763030052185
3.807767152786255
1.3578721284866333
2.6052844524383545
2.447551727294922
1.57722806930542
3.5495424270629883
1.4749071598052979
3.6621556282043457
1.3431649208068848
2.5297398567199707
2.8586840629577637
2.0458149909973145
2.672616481781006
2.016049385070801
2.8512964248657227
2.275984764099121
2.728182792663574
1.981947422027588
2.8842246532440186
1.642836332321167
3.4420151710510254
1.9488664865493774
3.5230679512023926
1.1963738203048706
4.207650184631348
1.4777133464813232
3.2445027828216553
1.815087080001831
2.9814329147338867
2.109800100326538
2.82212233543396
2.1059398651123047
2.311525344848633
2.457411766052246
3.0884501934051514
1.2342909574508667
3.9667038917541504
1.5744465589523315
3.255800247192383
1.7675631046295166
2.8443074226379395
1.8117191791534424
3.52687668800354
1.1576374769210815
4.055708885192871
1.7939083576202393
3.1016035079956055
1.76887845993042
2.888242244720459
2.0355284214019775
2.9250173568725586
2.7122702598571777
1.8384625911712646
3.4179153442382812
1.0666468143463135
4.127217769622803
1.3445594310760498
4.362778663635254
0.5865909457206726
4.493073463439941
0.7402845621109009
3.7316513061523438
1.9475231170654297
3.401740074157715
0.994857907295227
3.7560131549835205
0.8133677244186401
4.057629585266113
1.5024605989456177
3.2538156509399414
1.3019483089447021
3.914717197418213
1.7588549852371216
2.1916987895965576
3.1099295616149902
1.511793613433838
3.829608201980591
1.75075101852417
1.5613452196121216
3.588747978210449
1.745682954788208
2.088672161102295
3.4290075302124023
1.3385025262832642
3.8128273487091064
0.8707066774368286
5.143292427062988
0.5927166938781738
3.9854674339294434
0.9018286466598511
4.457858085632324
1.3446705341339111
2.9404044151306152
1.4869697093963623
3.920278549194336
1.3732142448425293
3.223116874694824
1.3307846784591675
3.633230209350586
1.3547742366790771
3.9240124225616455
0.7493343353271484
3.621978282928467
1.8549662828445435
1.9682865142822266
3.1685566902160645
1.3431220054626465
2.7485594749450684
2.1072964668273926
2.3059210777282715
2.4362058639526367
2.5501108169555664
2.254960060119629
2.4638357162475586
1.3177928924560547
3.6109938621520996
1.608418583869934
2.613089084625244
4.331997871398926
0.7354456186294556
3.7344810962677
1.526289463043213
2.9356226921081543
2.4101874828338623
2.326997756958008
3.0027804374694824
2.272775650024414
1.4256649017333984
3.942171096801758
2.037602424621582
1.3653430938720703
3.6589629650115967
2.3886070251464844
2.33241605758667
2.761399745941162
2.7021374702453613
2.18381404876709
2.535491466522217
2.7054951190948486
2.0119972229003906
2.8747873306274414
1.6447157859802246
4.072370529174805
0.9666101932525635
5.080670356750488
0.8965365886688232
4.089345455169678
0.48074573278427124
5.440313339233398
1.1474978923797607
2.5257959365844727
3.804487705230713
0.5260733366012573
4.678017616271973
0.8824172019958496
4.202708721160889
1.199014663696289
2.6644537448883057
2.114818572998047
2.284064531326294
3.2324490547180176
0.39487701654434204
5.336676120758057
2.307065010070801
2.2763848304748535
3.72125244140625
1.0269498825073242
3.963144063949585
0.7428679466247559
5.015215873718262
0.7526532411575317
3.730208158493042
0.8667275905609131
3.393098831176758
3.014922618865967
0.6732548475265503
4.61398983001709
1.435636281967163
2.842006206512451
2.6967225074768066
2.2288246154785156
1.3208736181259155
4.280524253845215
1.3632771968841553
2.6091251373291016
2.8628382682800293
1.6869337558746338
3.8063533306121826
1.4888819456100464
2.897439479827881
2.503018856048584
1.8477375507354736
3.8851592540740967
0.8392013907432556
4.357867240905762
2.4798245429992676
1.980176568031311
2.9252772331237793
1.7653374671936035
2.6130523681640625
2.545882225036621
1.204821228981018
3.9729864597320557
1.3158881664276123
2.890979290008545
2.212498664855957
2.4049558639526367
1.816425085067749
3.6049115657806396
1.6246004104614258
2.503410577774048
2.9282960891723633
2.263338565826416
2.0298686027526855
2.296968936920166
3.3158600330352783
1.0122466087341309
5.103878974914551
0.6431309580802917
3.5556817054748535
1.3963011503219604
3.8038597106933594
1.5863174200057983
2.800743579864502
3.2352356910705566
1.2925666570663452
3.200350284576416
2.873762845993042
1.312368392944336
4.397472381591797
1.1728670597076416
2.962193012237549
2.7557168006896973
1.373741865158081
4.006862640380859
1.41422438621521
2.7719950675964355
2.678762197494507
2.0276243686676025
2.8648295402526855
1.8756033182144165
2.961251735687256
2.010007858276367
2.4764137268066406
2.4986555576324463
2.1539759635925293
2.433336019515991
2.1862668991088867
2.6341938972473145
2.6656336784362793
0.8990230560302734
4.104894638061523
1.3970811367034912
2.9522156715393066
2.8844313621520996
1.2658376693725586
3.9450788497924805
2.377915859222412
1.272306203842163
4.325098991394043
0.46740230917930603
5.553586006164551
0.5349012613296509
4.003627777099609
0.6142571568489075
4.651886940002441
1.6750637292861938
2.1057493686676025
3.1038191318511963
1.9307031631469727
1.814603567123413
3.9656546115875244
0.7283528447151184
4.4228596687316895
1.1025454998016357
2.9774112701416016
2.813124418258667
2.442566394805908
3.0124456882476807
1.5343773365020752
4.054892063140869
2.593745470046997
1.4325889348983765
3.954376220703125
1.7207107543945312
2.792774200439453
2.654310941696167
2.176267623901367
2.9620184898376465
1.2265430688858032
3.8282105922698975
1.7959752082824707
2.32924222946167
2.313539981842041
2.0234060287475586
3.5741724967956543
1.7271543741226196
2.549006938934326
2.5761194229125977
1.9379717111587524
3.18103289604187
1.3746389150619507
3.4836716651916504
2.048947811126709
1.8033499717712402
3.3535735607147217
1.9213918447494507
2.4346091747283936
2.4705324172973633
2.0523576736450195
2.376911163330078
1.770509958267212
2.8288064002990723
2.190514087677002
2.1387643814086914
3.3876399993896484
0.9905146360397339
4.322928428649902
0.8805942535400391
4.056365966796875
0.753054141998291
4.854757308959961
1.2880316972732544
2.7424445152282715
3.5986905097961426
0.8713257312774658
4.37467098236084
1.8353338241577148
2.440308094024658
2.4087719917297363
1.7742620706558228
1.8102624416351318
4.0776214599609375
1.5838942527770996
3.522005319595337
1.7845864295959473
2.4724087715148926
2.2022299766540527
2.7295193672180176
1.8997058868408203
2.447373628616333
2.779388427734375
2.495863676071167
2.023366928100586
2.504579782485962
2.2269644737243652
2.103510856628418
3.625666618347168
1.6627310514450073
2.499802827835083
2.380723237991333
2.7569007873535156
2.152212619781494
1.843967318534851
3.8035309314727783
2.0051708221435547
3.2761712074279785
1.7236404418945312
2.9122254848480225
1.663021445274353
2.4004769325256348
2.8794708251953125
1.3383710384368896
3.4084582328796387
1.568632960319519
3.278160572052002
1.9211959838867188
2.9654531478881836
1.9215619564056396
2.670893669128418
2.568758964538574
1.9857797622680664
2.6737732887268066
2.1670780181884766
3.029285430908203
1.2833123207092285
3.384608268737793
2.0408596992492676
2.8502142429351807
2.550183057785034
1.7605085372924805
3.6919541358947754
0.8492473363876343
5.197566986083984
0.33313632011413574
5.623856067657471
0.16497977077960968
4.608766555786133
1.094563603401184
2.899049758911133
1.7175354957580566
2.543026924133301
2.57938814163208
1.526353120803833
3.3738083839416504
2.322650671005249
2.497340202331543
2.470351457595825
2.929713487625122
1.8590178489685059
2.3943581581115723
3.083599090576172
2.2271645069122314
2.7442898750305176
2.335874319076538
2.3460748195648193
2.630685329437256
2.2108094692230225
2.4743595123291016
1.941713809967041
4.073664665222168
1.0076005458831787
3.937657117843628
1.194901943206787
4.197859764099121
1.635138750076294
3.3827197551727295
2.590362071990967
2.4970085620880127
2.481564998626709
1.9946714639663696
2.673952102661133
2.1795878410339355
2.7087299823760986
2.025878429412842
2.7285308837890625
2.596846580505371
1.9913966655731201
3.1832070350646973
0.9231534600257874
5.135382652282715
0.7954195737838745
5.30015230178833
0.36471468210220337
4.395476341247559
0.9411982297897339
3.608182907104492
1.6820764541625977
2.4231910705566406
3.012585163116455
2.0722744464874268
2.432966709136963
2.1618499755859375
2.7863428592681885
2.942410469055176
1.7657196521759033
4.4003424644470215
0.5663554072380066
4.927213191986084
0.8117203712463379
3.606733798980713
1.888911485671997
2.4879367351531982
2.693915367126465
1.765079140663147
3.5198254585266113
1.1033947467803955
3.9350504875183105
1.8133857250213623
3.026371479034424
2.2678980827331543
2.3977465629577637
3.1879165172576904
2.541553020477295
1.956343173980713
3.7979354858398438
0.9080222845077515
3.825051784515381
1.5351765155792236
4.135471820831299
1.0751757621765137
4.315959930419922
1.782120704650879
3.3260657787323
2.3939108848571777
2.220259189605713
2.3911819458007812
3.0051136016845703
2.0888266563415527
2.7569961547851562
2.0705671310424805
3.3415932655334473
1.713222861289978
3.3100686073303223
2.1313838958740234
2.252105474472046
3.083284378051758
1.641280174255371
3.733215570449829
1.0328941345214844
4.834782123565674
0.7881191372871399
4.4503374099731445
1.4824256896972656
2.8016209602355957
1.8112372159957886
3.5673141479492188
1.6191632747650146
3.3618311882019043
1.4311141967773438
3.1667935848236084
2.3434414863586426
2.2579827308654785
3.4429078102111816
1.9231767654418945
3.176725149154663
1.992153286933899
2.9148762226104736
1.838958978652954
3.3482189178466797
1.7605555057525635
3.1819608211517334
2.093332290649414
2.7081379890441895
2.8205041885375977
2.4191391468048096
2.7214183807373047
2.262052297592163
2.904573917388916
1.9104214906692505
3.1000213623046875
2.467194080352783
2.2031054496765137
3.5937135219573975
0.9825912117958069
5.21968936920166
0.9914174675941467
4.466355323791504
0.4462308883666992
4.671483039855957
1.4833877086639404
3.556562900543213
2.8585286140441895
1.6573374271392822
3.9071269035339355
1.9043962955474854
3.120708465576172
2.1738686561584473
2.2048585414886475
2.8416147232055664
2.1541433334350586
3.4427881240844727
1.4864962100982666
3.3849449157714844
1.9741590023040771
2.964508533477783
2.0952277183532715
3.1207432746887207
1.2325482368469238
5.074313163757324
0.6009174585342407
4.150818347930908
0.8519730567932129
4.64494514465332
1.1277225017547607
4.0165605545043945
2.3155274391174316
2.348391532897949
2.7584636211395264
2.0385069847106934
2.349914312362671
2.2924509048461914
2.334484338760376
3.379323959350586
1.189298391342163
4.15131950378418
1.4591374397277832
3.1872477531433105
1.5766680240631104
3.589900016784668
2.6602652072906494
2.5236258506774902
2.3119447231292725
2.468663215637207
2.484654426574707
2.1935973167419434
3.060171127319336
2.004770517349243
3.122258186340332
2.089491844177246
2.5181312561035156
2.865694999694824
1.5321295261383057
3.008852958679199
1.7833757400512695
4.34853458404541
1.76308012008667
2.7189831733703613
2.1673073768615723
1.5487762689590454
4.448173522949219
1.0902546644210815
3.7183871269226074
2.0430843830108643
2.6608328819274902
2.592209815979004
2.063645362854004
3.066241502761841
2.292120933532715
2.5777573585510254
2.009014368057251
3.7193593978881836
1.0547823905944824
3.9047346115112305
1.319648265838623
3.2218375205993652
1.961713194847107
3.443065643310547
1.383382797241211
4.409783363342285
1.3687610626220703
3.7904229164123535
1.6962876319885254
4.104198932647705
1.7849879264831543
2.9863905906677246
2.0277438163757324
3.3519575595855713
2.2348620891571045
2.085415840148926
3.6885318756103516
1.5067565441131592
4.532412528991699
0.6291493773460388
5.5007171630859375
0.7362364530563354
5.900318145751953
0.46279382705688477
5.384580612182617
0.807291567325592
4.387927055358887
0.050607070326805115
6.430819988250732
0.6373150944709778
4.439841270446777
0.0577566996216774
4.512781143188477
0.8002489805221558
2.421752691268921
2.485059976577759
1.0171611309051514
3.8576736450195312
1.0439784526824951
2.661945104598999
2.592421531677246
1.7738975286483765
3.1026830673217773
1.4921705722808838
2.630521297454834
2.868741989135742
1.330113172531128
3.0791752338409424
2.187736988067627
1.425015926361084
3.081029176712036
1.709728479385376
2.6326866149902344
1.7285537719726562
3.0128173828125
1.9183354377746582
2.1058359146118164
2.4021944999694824
1.8638572692871094
2.8765130043029785
2.161065101623535
1.8410003185272217
2.8688411712646484
2.1550841331481934
2.1458206176757812
2.3213233947753906
2.925865411758423
1.7894389629364014
1.831891655921936
3.210340738296509
1.6737799644470215
2.578556537628174
1.277505874633789
3.9192888736724854
1.7099006175994873
